
╔══════════════════════════════════════════════════════════════════════════╗
║            经方方证 JUnit 测试套件 —— 串跑 + 结果汇总                    ║
╚══════════════════════════════════════════════════════════════════════════╝
测试类（5 个）：[DuliFangzhengTest, ShaoyangYangmingFangzhengTest, ShaoyinTaiyinFangzhengTest, TaiyangFangzhengTest, ZabingFangzhengTest]
执行模式：单 JVM 顺序串跑

√ Zeebe 网关 localhost:26500 可达
√ 本体推理 Worker localhost:9081 可达

SLF4J(W): Class path contains multiple SLF4J providers.
SLF4J(W): Found provider [ch.qos.logback.classic.spi.LogbackServiceProvider@61e3a1fd]
SLF4J(W): Found provider [org.apache.logging.slf4j.SLF4JServiceProvider@51abf713]
SLF4J(W): Found provider [org.slf4j.simple.SimpleServiceProvider@eadb475]
SLF4J(W): See https://www.slf4j.org/codes.html#multiple_bindings for an explanation.
SLF4J(I): Actual provider is of type [ch.qos.logback.classic.spi.LogbackServiceProvider@61e3a1fd]
? Deploying BPMN from: D:/work/Ontology/TraditionalChineseMedicineOntologyBasedonReasonerMiniBOxTBoxABox/ontology/Jingfang_Diagnosis.bpmn
09:07:18.861 [main] WARN io.camunda.zeebe.client.impl.ZeebeClientImpl -- ZeebeClient is deprecated and will be removed in version 8.10. Please migrate to io.camunda.client.CamundaClient.
WARNING: A terminally deprecated method in sun.misc.Unsafe has been called
WARNING: sun.misc.Unsafe::arrayBaseOffset has been called by com.google.protobuf.UnsafeUtil (file:/C:/Users/ocean/.m2/repository/com/google/protobuf/protobuf-java/4.34.2/protobuf-java-4.34.2.jar)
WARNING: Please consider reporting this to the maintainers of class com.google.protobuf.UnsafeUtil
WARNING: sun.misc.Unsafe::arrayBaseOffset will be removed in a future release
? 流程已部署，key=2251799813718125, version=1
? 已加载本体实例清单: 714 个（来源 D:\work\Ontology\TraditionalChineseMedicineOntologyBasedonReasonerMiniBOxTBoxABox\ontology）

===== 四逆散证 =====
八纲：{表里=[半表半里], 寒热=[], 虚实=[], 阴阳=[阳证], bagangTypes=[半表半里, 阳证, 阴证]}
六经：少阳厥阴合病
方证：四逆散证
推荐方剂：Sinisan加附子
药物组成：[附子]
六经列表：[厥阴病, 少阳病]
合病标记：少阳厥阴合病
候选方证：[四逆散证, 小柴胡汤证, 黄芩汤证, 白头翁加甘草阿胶汤证, 当归四逆汤证, 百合地黄汤证, 白头翁汤证, 黄芩加半夏生姜汤证, 黄连汤证, 当归四逆加吴茱萸生姜汤证]
候选方证打分：[Sinisanzheng(hits=5/7, gap=0, poss=0/0, prio=3), Xiaochaihutangzheng(hits=3/3, gap=0, poss=1/1, prio=3), Huangqintangzheng(hits=1/5, gap=1, poss=0/0, prio=3), Baitouwengjiagancaojiaotangzheng(hits=1/4, gap=1, poss=0/0, prio=3), Dangguisinitangzheng(hits=1/4, gap=1, poss=0/0, prio=3), Baihedihuangtangzheng(hits=1/4, gap=1, poss=0/0, prio=5), Baitouwengtangzheng(hits=1/4, gap=1, poss=0/2, prio=3), Huangqinjiabanxiashengjiangtangzheng(hits=1/6, gap=2, poss=0/0, prio=3), Huangliantangzheng(hits=1/5, gap=2, poss=0/0, prio=2), Dangguisinijiawuzhuyushengjiangtangzheng(hits=1/5, gap=2, poss=0/0, prio=3)]
兼夹证：[]
加味药物：[附子]
配伍禁忌警告：[]
[通过] DuliFangzhengTest                  t_sinisanzheng_test            「四逆散证」           1.38s

===== 己椒苈黄丸证 =====
八纲：{表里=[里证], 寒热=[], 虚实=[虚证], 阴阳=[阴证], bagangTypes=[里证, 虚证, 阴证]}
六经：太阴病
方证：己椒苈黄丸证
推荐方剂：己椒苈黄丸
药物组成：[大黄, 椒目, 木防己, 葶苈子]
六经列表：[太阴病]
合病标记：null
候选方证：[己椒苈黄丸证, 桂枝加芍药汤证, 厚朴生姜半夏甘草人参汤证, 甘遂半夏汤证, 理中汤证, 土瓜根散证, 大建中汤证, 大黄甘遂汤证]
候选方证打分：[Jijiaolihuangwanzheng(hits=2/4, gap=0, poss=0/0, prio=3), Guizhijiashaoyaotangzheng(hits=1/4, gap=1, poss=0/0, prio=3), Houposhengjiangbanxiagancaorenshentangzheng(hits=1/4, gap=1, poss=0/1, prio=3), Gansuibanxiatangzheng(hits=1/5, gap=2, poss=0/0, prio=2), Lizhongtangzheng(hits=1/5, gap=2, poss=0/0, prio=3), Tuguagensanzheng(hits=0/5, gap=3, poss=1/1, prio=5), Dajianzhongtangzheng(hits=0/6, gap=4, poss=1/1, prio=1), Dahuanggansuitangzheng(hits=0/6, gap=4, poss=1/2, prio=2)]
兼夹证：[]
加味药物：[]
配伍禁忌警告：[]
[通过] DuliFangzhengTest                  t_jijiaolihuangwan             「己椒苈黄丸证」         0.56s

===== 附子粳米汤（十八反：附子反半夏） =====
八纲：{表里=[里证], 寒热=[], 虚实=[虚证], 阴阳=[阴证], bagangTypes=[里证, 虚证, 阴证]}
六经：太阴病
方证：附子粳米汤证
推荐方剂：附子粳米汤
药物组成：[半夏, 大枣, 附子, 甘草, 粳米]
六经列表：[太阴病]
合病标记：null
候选方证：[附子粳米汤证, 排脓散证, 茯苓泽泻汤证, 桂枝加大黄汤证, 桂枝加芍药汤证, 己椒苈黄丸证, 红蓝花酒证, 厚朴生姜半夏甘草人参汤证, 小半夏加茯苓汤证, 内补当归建中汤证]
候选方证打分：[Fuzijingmitangzheng(hits=4/6, gap=0, poss=0/0, prio=3), Painongsanzheng(hits=1/3, gap=0, poss=0/0, prio=3), Fulingzexietangzheng(hits=1/4, gap=1, poss=0/0, prio=3), Guizhijiadahuangtangzheng(hits=1/4, gap=1, poss=0/0, prio=3), Guizhijiashaoyaotangzheng(hits=1/4, gap=1, poss=0/0, prio=3), Jijiaolihuangwanzheng(hits=1/4, gap=1, poss=0/0, prio=3), Honglanhuajiuzheng(hits=1/4, gap=1, poss=0/0, prio=5), Houposhengjiangbanxiagancaorenshentangzheng(hits=1/4, gap=1, poss=0/1, prio=3), Xiaobanxiajiafulingtangzheng(hits=1/5, gap=2, poss=0/1, prio=3), Neibudangguijianzhongtangzheng(hits=1/5, gap=2, poss=0/3, prio=3)]
兼夹证：[]
加味药物：[]
配伍禁忌警告：[十八反：半夏 反 附子]
[通过] DuliFangzhengTest                  shouldWarnOnFuziJingmiTangAntagonism 「附子粳米汤十八反警告检测」     0.61s

===== 薏苡附子散证 =====
八纲：{表里=[里证], 寒热=[寒证], 虚实=[虚证], 阴阳=[阴证], bagangTypes=[寒证, 里证, 虚证, 阴证]}
六经：太阴病
方证：薏苡附子散证
推荐方剂：薏苡附子散
药物组成：[附子, 薏苡仁]
六经列表：[太阴病]
合病标记：null
候选方证：[薏苡附子散证, 桂枝加芍药汤证, 己椒苈黄丸证, 厚朴生姜半夏甘草人参汤证, 理中汤证, 栝楼薤白白酒汤证, 大黄甘遂汤证]
候选方证打分：[Yiyifuzisanzheng(hits=1/3, gap=0, poss=0/0, prio=3), Guizhijiashaoyaotangzheng(hits=1/4, gap=1, poss=0/0, prio=3), Jijiaolihuangwanzheng(hits=1/4, gap=1, poss=0/0, prio=3), Houposhengjiangbanxiagancaorenshentangzheng(hits=1/4, gap=1, poss=0/1, prio=3), Lizhongtangzheng(hits=1/5, gap=2, poss=0/0, prio=3), Gualouxiebaibaijiutangzheng(hits=0/5, gap=3, poss=1/1, prio=3), Dahuanggansuitangzheng(hits=0/6, gap=4, poss=1/2, prio=2)]
兼夹证：[]
加味药物：[]
配伍禁忌警告：[]
[通过] DuliFangzhengTest                  t_yiyifuzisan                  「薏苡附子散证」         0.45s

===== 猪苓汤证 =====
八纲：{表里=[表证, 里证], 寒热=[热证], 虚实=[], 阴阳=[阳证], bagangTypes=[表证, 里证, 热证, 阳证]}
六经：太阳阳明合病
方证：猪苓汤证
推荐方剂：猪苓汤
药物组成：[阿胶, 茯苓, 滑石, 泽泻, 猪苓]
六经列表：[太阳病, 阳明病]
合病标记：太阳阳明合病
候选方证：[猪苓汤证, 茯苓戎盐汤证, 滑石白鱼散证, 蒲灰散证, 五苓散证, 茵陈蒿汤证, 栀子柏皮汤证, 桂枝去桂加茯苓白术汤证, 牡蛎泽泻散证, 杏子汤证]
候选方证打分：[Zhulingtangzheng(hits=3/5, gap=0, poss=0/0, prio=2), Fulingrongyantangzheng(hits=1/3, gap=0, poss=0/0, prio=3), Huashibaiyusanzheng(hits=1/3, gap=0, poss=0/0, prio=3), Puhuisanzheng(hits=1/3, gap=0, poss=0/0, prio=3), Wulingsanzheng(hits=3/8, gap=1, poss=0/0, prio=3), Yinchenhaotangzheng(hits=1/4, gap=1, poss=0/0, prio=2), Zhizibaipitangzheng(hits=1/4, gap=1, poss=0/0, prio=2), Guizhiquguijiafulingbaizhutangzheng(hits=1/4, gap=1, poss=0/0, prio=3), Mulizexiesanzheng(hits=1/4, gap=1, poss=0/0, prio=3), Xingzitangzheng(hits=1/4, gap=1, poss=0/0, prio=3)]
兼夹证：[]
加味药物：[]
配伍禁忌警告：[]
[通过] DuliFangzhengTest                  t_zhulingtang                  「猪苓汤证」           0.46s

===== 猪苓散证 =====
八纲：{表里=[表证, 里证], 寒热=[], 虚实=[虚证], 阴阳=[阴证], bagangTypes=[表证, 里证, 虚证, 阴证]}
六经：太阴少阴合病
方证：猪苓散证
推荐方剂：猪苓散
药物组成：[白术, 茯苓, 猪苓]
六经列表：[少阴病, 太阴病]
合病标记：太阴少阴合病
候选方证：[猪苓散证, 苓甘五味姜辛夏汤证, 厚朴生姜半夏甘草人参汤证, 桂枝加芍药汤证, 己椒苈黄丸证, 苓甘五味姜辛汤证, 半夏泻心汤证, 理中汤证, 猪肤汤证, 木防己汤证]
候选方证打分：[Zhulingsanzheng(hits=4/6, gap=0, poss=0/0, prio=3), Lingganwuweijiangxinxiatangzheng(hits=2/5, gap=1, poss=0/0, prio=3), Houposhengjiangbanxiagancaorenshentangzheng(hits=1/4, gap=1, poss=1/1, prio=3), Guizhijiashaoyaotangzheng(hits=1/4, gap=1, poss=0/0, prio=3), Jijiaolihuangwanzheng(hits=1/4, gap=1, poss=0/0, prio=3), Lingganwuweijiangxintangzheng(hits=1/4, gap=1, poss=0/0, prio=3), Banxiaxiexintangzheng(hits=1/5, gap=2, poss=0/0, prio=2), Lizhongtangzheng(hits=1/5, gap=2, poss=0/0, prio=3), Zhufutangzheng(hits=1/5, gap=2, poss=0/1, prio=5), Mufangjitangzheng(hits=1/6, gap=3, poss=0/0, prio=2)]
兼夹证：[]
加味药物：[]
配伍禁忌警告：[]
[通过] DuliFangzhengTest                  t_zhulingsan                   「猪苓散证」           0.42s

===== 泽泻汤证 =====
八纲：{表里=[里证], 寒热=[], 虚实=[虚证], 阴阳=[阴证], bagangTypes=[里证, 虚证, 阴证]}
六经：太阴病
方证：泽泻汤证
推荐方剂：泽泻汤
药物组成：[白术, 泽泻]
六经列表：[太阴病]
合病标记：null
候选方证：[泽泻汤证, 桂枝加芍药汤证, 己椒苈黄丸证, 厚朴生姜半夏甘草人参汤证, 甘遂半夏汤证, 茯苓杏仁甘草汤证, 理中汤证, 土瓜根散证, 大建中汤证, 大黄甘遂汤证]
候选方证打分：[Zexietangzheng(hits=2/4, gap=0, poss=0/0, prio=3), Guizhijiashaoyaotangzheng(hits=1/4, gap=1, poss=0/0, prio=3), Jijiaolihuangwanzheng(hits=1/4, gap=1, poss=0/0, prio=3), Houposhengjiangbanxiagancaorenshentangzheng(hits=1/4, gap=1, poss=0/1, prio=3), Gansuibanxiatangzheng(hits=1/5, gap=2, poss=0/0, prio=2), Fulingxingrengancaotangzheng(hits=1/5, gap=2, poss=0/0, prio=3), Lizhongtangzheng(hits=1/5, gap=2, poss=0/0, prio=3), Tuguagensanzheng(hits=0/5, gap=3, poss=1/1, prio=5), Dajianzhongtangzheng(hits=0/6, gap=4, poss=1/1, prio=1), Dahuanggansuitangzheng(hits=0/6, gap=4, poss=1/2, prio=2)]
兼夹证：[]
加味药物：[]
配伍禁忌警告：[]
[通过] DuliFangzhengTest                  t_zexietang                    「泽泻汤证」           0.48s

===== 茯苓杏仁甘草汤证 =====
八纲：{表里=[里证], 寒热=[], 虚实=[虚证], 阴阳=[阴证], bagangTypes=[里证, 虚证, 阴证]}
六经：太阴病
方证：茯苓杏仁甘草汤证
推荐方剂：茯苓杏仁汤
药物组成：[茯苓, 甘草, 杏仁]
六经列表：[太阴病]
合病标记：null
候选方证：[茯苓杏仁甘草汤证, 橘枳姜汤证, 桂枝加芍药汤证, 己椒苈黄丸证, 泽泻汤证, 厚朴生姜半夏甘草人参汤证, 理中汤证, 栝楼薤白白酒汤证, 大黄甘遂汤证]
候选方证打分：[Fulingxingrengancaotangzheng(hits=3/5, gap=0, poss=0/0, prio=3), Juzhijiangtangzheng(hits=2/5, gap=1, poss=0/0, prio=3), Guizhijiashaoyaotangzheng(hits=1/4, gap=1, poss=0/0, prio=3), Jijiaolihuangwanzheng(hits=1/4, gap=1, poss=0/0, prio=3), Zexietangzheng(hits=1/4, gap=1, poss=0/0, prio=3), Houposhengjiangbanxiagancaorenshentangzheng(hits=1/4, gap=1, poss=0/1, prio=3), Lizhongtangzheng(hits=1/5, gap=2, poss=0/0, prio=3), Gualouxiebaibaijiutangzheng(hits=1/5, gap=2, poss=0/1, prio=3), Dahuanggansuitangzheng(hits=0/6, gap=4, poss=1/2, prio=2)]
兼夹证：[]
加味药物：[]
配伍禁忌警告：[]
[通过] DuliFangzhengTest                  t_fulingxingrengancaotang      「茯苓杏仁甘草汤证」       0.44s

===== 防己茯苓汤证 =====
八纲：{表里=[表证], 寒热=[], 虚实=[], 阴阳=[阳证], bagangTypes=[表证, 阳证]}
六经：太阳病
方证：防己茯苓汤证
推荐方剂：防己茯苓汤
药物组成：[茯苓, 甘草, 桂枝, 黄芪, 木防己]
六经列表：[太阳病]
合病标记：null
候选方证：[防己茯苓汤证, 桂枝去芍药加附子汤证, 麻黄加术汤证, 杏子汤证, 厚朴麻黄汤证, 芍药甘草附子汤证, 麻黄连翘赤小豆汤证, 桂枝二麻黄一汤证, 桂枝麻黄各半汤证, 小青龙加石膏汤证]
候选方证打分：[Fangjifulingtangzheng(hits=1/3, gap=0, poss=0/0, prio=3), Guizhiqushaoyaojiafuzitangzheng(hits=1/4, gap=1, poss=0/0, prio=2), Mahuangjiazhutangzheng(hits=1/4, gap=1, poss=0/0, prio=3), Xingzitangzheng(hits=1/4, gap=1, poss=0/0, prio=3), Houpomahuangtangzheng(hits=1/4, gap=1, poss=0/4, prio=3), Shaoyaogancaofuzitangzheng(hits=1/5, gap=2, poss=0/1, prio=3), Mahuanglianqiaochixiaodoutangzheng(hits=1/7, gap=3, poss=0/0, prio=3), Guizhiermahuangyitangzheng(hits=1/6, gap=3, poss=0/0, prio=3), Guizhimahuanggebantangzheng(hits=1/6, gap=3, poss=0/0, prio=3), Xiaoqinglongjiashigaotangzheng(hits=1/6, gap=3, poss=0/0, prio=3)]
兼夹证：[]
加味药物：[]
配伍禁忌警告：[]
[通过] DuliFangzhengTest                  t_fangjifulingtang             「防己茯苓汤证」         0.33s

===== 木防己汤证 =====
八纲：{表里=[里证], 寒热=[], 虚实=[实证, 虚证], 阴阳=[阳证], bagangTypes=[里证, 实证, 虚证, 阳证, 阴证]}
六经：阳明太阴合病
方证：木防己汤证
推荐方剂：木防己汤
药物组成：[桂枝, 木防己, 人参, 石膏]
六经列表：[太阴病, 阳明病]
合病标记：阳明太阴合病
候选方证：[木防己汤证, 木防己去石膏加茯苓芒硝汤证, 桂枝加芍药汤证, 己椒苈黄丸证, 苓甘五味姜辛汤证, 厚朴生姜半夏甘草人参汤证, 葶苈大枣泻肺汤证, 栀子厚朴汤证, 苓甘五味姜辛夏汤证, 理中汤证]
候选方证打分：[Mufangjitangzheng(hits=4/6, gap=0, poss=0/0, prio=2), Mufangjiqushigaojiafulingmangxiaotangzheng(hits=2/4, gap=0, poss=0/0, prio=2), Guizhijiashaoyaotangzheng(hits=1/4, gap=1, poss=0/0, prio=3), Jijiaolihuangwanzheng(hits=1/4, gap=1, poss=0/0, prio=3), Lingganwuweijiangxintangzheng(hits=1/4, gap=1, poss=0/0, prio=3), Houposhengjiangbanxiagancaorenshentangzheng(hits=1/4, gap=1, poss=0/1, prio=3), Tinglidazaoxiefeitangzheng(hits=1/5, gap=2, poss=0/0, prio=2), Zhizihoupotangzheng(hits=1/5, gap=2, poss=0/0, prio=2), Lingganwuweijiangxinxiatangzheng(hits=1/5, gap=2, poss=0/0, prio=3), Lizhongtangzheng(hits=1/5, gap=2, poss=0/0, prio=3)]
兼夹证：[]
加味药物：[]
配伍禁忌警告：[]
[通过] DuliFangzhengTest                  t_mufangjitang                 「木防己汤证」          0.53s

===== 木防己去石膏加茯苓芒硝汤证 =====
八纲：{表里=[里证], 寒热=[], 虚实=[实证, 虚证], 阴阳=[阳证], bagangTypes=[里证, 实证, 虚证, 阳证, 阴证]}
六经：阳明太阴合病
方证：木防己去石膏加茯苓芒硝汤证
推荐方剂：木防己去石膏加茯苓芒硝汤
药物组成：[茯苓, 桂枝, 芒硝, 木防己, 人参]
六经列表：[太阴病, 阳明病]
合病标记：阳明太阴合病
候选方证：[木防己去石膏加茯苓芒硝汤证, 桂枝加芍药汤证, 己椒苈黄丸证, 厚朴生姜半夏甘草人参汤证, 木防己汤证, 栀子厚朴汤证, 理中汤证, 小承气汤证, 厚朴七物汤证, 大黄硝石汤证]
候选方证打分：[Mufangjiqushigaojiafulingmangxiaotangzheng(hits=2/4, gap=0, poss=0/0, prio=2), Guizhijiashaoyaotangzheng(hits=1/4, gap=1, poss=0/0, prio=3), Jijiaolihuangwanzheng(hits=1/4, gap=1, poss=0/0, prio=3), Houposhengjiangbanxiagancaorenshentangzheng(hits=1/4, gap=1, poss=0/1, prio=3), Mufangjitangzheng(hits=2/6, gap=2, poss=0/0, prio=2), Zhizihoupotangzheng(hits=1/5, gap=2, poss=0/0, prio=2), Lizhongtangzheng(hits=1/5, gap=2, poss=0/0, prio=3), Xiaochengqitangzheng(hits=1/5, gap=2, poss=0/2, prio=2), Houpoqiwutangzheng(hits=1/7, gap=3, poss=0/2, prio=2), Dahuangxiaoshitangzheng(hits=1/7, gap=4, poss=0/1, prio=2)]
兼夹证：[]
加味药物：[]
配伍禁忌警告：[]
[通过] DuliFangzhengTest                  t_Mufangjiqushigaojiafulingmangxiaotangzheng 「木防己去石膏加茯苓芒硝汤证」     0.49s

===== 甘遂半夏汤（十八反：甘遂反甘草） =====
八纲：{表里=[里证], 寒热=[], 虚实=[虚证], 阴阳=[阴证], bagangTypes=[里证, 虚证, 阴证]}
六经：太阴病
方证：甘遂半夏汤证
推荐方剂：甘遂半夏汤
药物组成：[半夏, 甘草, 甘遂, 芍药]
六经列表：[太阴病]
合病标记：null
候选方证：[甘遂半夏汤证, 半夏泻心汤证, 理中汤证, 桂枝加芍药汤证, 己椒苈黄丸证, 诃梨勒散证, 厚朴生姜半夏甘草人参汤证, 紫参汤证, 小半夏加茯苓汤证, 附子泻心汤证]
候选方证打分：[Gansuibanxiatangzheng(hits=3/5, gap=0, poss=0/0, prio=2), Banxiaxiexintangzheng(hits=2/5, gap=1, poss=0/0, prio=2), Lizhongtangzheng(hits=2/5, gap=1, poss=0/0, prio=3), Guizhijiashaoyaotangzheng(hits=1/4, gap=1, poss=0/0, prio=3), Jijiaolihuangwanzheng(hits=1/4, gap=1, poss=0/0, prio=3), Helilesanzheng(hits=1/4, gap=1, poss=0/1, prio=3), Houposhengjiangbanxiagancaorenshentangzheng(hits=1/4, gap=1, poss=0/1, prio=3), Zishentangzheng(hits=1/4, gap=1, poss=0/1, prio=3), Xiaobanxiajiafulingtangzheng(hits=1/5, gap=2, poss=0/1, prio=3), Fuzixiexintangzheng(hits=1/5, gap=2, poss=0/0, prio=2)]
兼夹证：[]
加味药物：[]
配伍禁忌警告：[十八反：甘遂 反 甘草]
[通过] DuliFangzhengTest                  shouldWarnOnGansuiBanxiaTangAntagonism 「甘遂半夏汤十八反警告检测」     0.88s

===== 防己黄芪汤证 =====
八纲：{表里=[表证], 寒热=[], 虚实=[], 阴阳=[阳证], bagangTypes=[表证, 阳证]}
六经：太阳病
方证：防己黄芪汤证
推荐方剂：防己黄芪汤
药物组成：[白术, 甘草, 黄芪, 木防己]
六经列表：[太阳病]
合病标记：null
候选方证：[防己黄芪汤证, 栝楼桂枝汤证, 桂枝加葛根汤证, 桂枝加厚朴杏子汤证, 桂枝去芍药加附子汤证, 麻黄加术汤证, 头风摩散证, 杏子汤证, 厚朴麻黄汤证, 桂枝汤证]
候选方证打分：[Fangjihuangqitangzheng(hits=3/5, gap=0, poss=0/0, prio=3), Gualouguizhitangzheng(hits=2/5, gap=1, poss=0/0, prio=3), Guizhijiagegentangzheng(hits=2/5, gap=1, poss=0/0, prio=3), Guizhijiahoupoxingzitangzheng(hits=2/5, gap=1, poss=0/0, prio=3), Guizhiqushaoyaojiafuzitangzheng(hits=1/4, gap=1, poss=0/0, prio=2), Mahuangjiazhutangzheng(hits=1/4, gap=1, poss=0/0, prio=3), Toufengmosanzheng(hits=1/4, gap=1, poss=0/0, prio=3), Xingzitangzheng(hits=1/4, gap=1, poss=0/0, prio=3), Houpomahuangtangzheng(hits=1/4, gap=1, poss=0/4, prio=3), Guizhitangzheng(hits=2/6, gap=2, poss=1/1, prio=3)]
兼夹证：[]
加味药物：[]
配伍禁忌警告：[]
[通过] DuliFangzhengTest                  t_fangjihuangqitang            「防己黄芪汤证」         0.68s

===== 瓜蒌牡蛎散证 =====
八纲：{表里=[半表半里], 寒热=[热证], 虚实=[虚证], 阴阳=[阳证], bagangTypes=[半表半里, 热证, 虚证, 阳证, 阴证]}
六经：少阳厥阴合病
方证：栝楼牡蛎散证
推荐方剂：瓜蒌牡蛎散
药物组成：[瓜蒌根, 牡蛎]
六经列表：[厥阴病, 少阳病]
合病标记：少阳厥阴合病
候选方证：[栝楼牡蛎散证, 百合洗方证, 百合地黄汤证, 小柴胡汤证, 百合滑石散证, 百合鸡子汤证, 百合知母汤证, 滑石代赭汤证, 柴胡去半夏加栝楼汤证, 柴胡桂枝干姜汤证]
候选方证打分：[Gualoumulisanzheng(hits=4/6, gap=0, poss=0/0, prio=5), Baihexifangzheng(hits=3/5, gap=0, poss=0/0, prio=5), Baihedihuangtangzheng(hits=2/4, gap=0, poss=0/0, prio=5), Xiaochaihutangzheng(hits=3/3, gap=0, poss=1/1, prio=3), Baihehuashisanzheng(hits=2/5, gap=1, poss=0/0, prio=5), Baihejizitangzheng(hits=2/5, gap=1, poss=0/0, prio=5), Baihezhimutangzheng(hits=2/5, gap=1, poss=0/0, prio=5), Huashidaizhetangzheng(hits=2/5, gap=1, poss=0/0, prio=5), Chaihuqubanxiajiagualoutangzheng(hits=1/4, gap=1, poss=0/0, prio=3), Chaihuguizhiganjiangtangzheng(hits=1/7, gap=3, poss=0/0, prio=3)]
兼夹证：[]
加味药物：[]
配伍禁忌警告：[]
[通过] DuliFangzhengTest                  t_gualoumulisan                「瓜蒌牡蛎散证」         0.52s

===== 十枣汤证 =====
八纲：{表里=[表证], 寒热=[], 虚实=[], 阴阳=[阳证], bagangTypes=[表证, 阳证]}
六经：太阳病
方证：十枣汤证
推荐方剂：十枣汤
药物组成：[大戟, 大枣, 甘遂, 芫花]
六经列表：[太阳病]
合病标记：null
候选方证：[十枣汤证, 桂枝去芍药加附子汤证, 麻黄加术汤证, 杏子汤证, 厚朴麻黄汤证, 芍药甘草附子汤证, 麻黄连翘赤小豆汤证, 桂枝二麻黄一汤证, 桂枝麻黄各半汤证, 小青龙加石膏汤证]
候选方证打分：[Shizaotangzheng(hits=2/4, gap=0, poss=2/3, prio=1), Guizhiqushaoyaojiafuzitangzheng(hits=1/4, gap=1, poss=0/0, prio=2), Mahuangjiazhutangzheng(hits=1/4, gap=1, poss=0/0, prio=3), Xingzitangzheng(hits=1/4, gap=1, poss=0/0, prio=3), Houpomahuangtangzheng(hits=1/4, gap=1, poss=0/4, prio=3), Shaoyaogancaofuzitangzheng(hits=1/5, gap=2, poss=0/1, prio=3), Mahuanglianqiaochixiaodoutangzheng(hits=1/7, gap=3, poss=0/0, prio=3), Guizhiermahuangyitangzheng(hits=1/6, gap=3, poss=0/0, prio=3), Guizhimahuanggebantangzheng(hits=1/6, gap=3, poss=0/0, prio=3), Xiaoqinglongjiashigaotangzheng(hits=1/6, gap=3, poss=0/0, prio=3)]
兼夹证：[]
加味药物：[]
配伍禁忌警告：[]
[通过] DuliFangzhengTest                  t_shizaotang                   「十枣汤证」           0.42s

===== 瓜蒂散证 =====
八纲：{表里=[表证], 寒热=[], 虚实=[虚证], 阴阳=[阳证], bagangTypes=[表证, 虚证, 阳证, 阴证]}
六经：太少两感
方证：瓜蒂散证
推荐方剂：瓜蒂散
药物组成：[赤小豆, 瓜蒂, 香豉]
六经列表：[少阴病, 太阳病]
合病标记：太少两感
候选方证：[瓜蒂散证, 芍药甘草附子汤证, 桂枝去芍药加附子汤证, 麻黄附子甘草汤证, 麻黄加术汤证, 杏子汤证, 厚朴麻黄汤证, 白通汤证, 桂枝二越婢一汤证, 麻黄连翘赤小豆汤证]
候选方证打分：[Guadisanzheng(hits=2/4, gap=0, poss=0/0, prio=2), Shaoyaogancaofuzitangzheng(hits=2/5, gap=1, poss=1/1, prio=3), Guizhiqushaoyaojiafuzitangzheng(hits=1/4, gap=1, poss=0/0, prio=2), Mahuangfuzigancaotangzheng(hits=1/4, gap=1, poss=0/0, prio=3), Mahuangjiazhutangzheng(hits=1/4, gap=1, poss=0/0, prio=3), Xingzitangzheng(hits=1/4, gap=1, poss=0/0, prio=3), Houpomahuangtangzheng(hits=1/4, gap=1, poss=0/4, prio=3), Baitongtangzheng(hits=1/5, gap=2, poss=0/0, prio=1), Guizhieryuebiyitangzheng(hits=2/7, gap=3, poss=0/0, prio=3), Mahuanglianqiaochixiaodoutangzheng(hits=1/7, gap=3, poss=0/0, prio=3)]
兼夹证：[]
加味药物：[]
配伍禁忌警告：[]
[通过] DuliFangzhengTest                  t_guadisan                     「瓜蒂散证」           0.42s

===== 蜜煎导方证 =====
八纲：{表里=[里证], 寒热=[], 虚实=[], 阴阳=[阳证], bagangTypes=[里证, 阳证]}
六经：阳明病
方证：蜜煎导方证
推荐方剂：蜜煎导方
药物组成：[蜜]
六经列表：[阳明病]
合病标记：null
候选方证：[蜜煎导方证, 猪胆汁方证, 麻子仁丸证, 猪苓汤证, 白虎加人参汤证, 白虎汤证, 五苓散证, 大柴胡汤证, 柴胡白虎汤证, 泻心汤证]
候选方证打分：[Mijiandaofangzheng(hits=3/5, gap=0, poss=0/0, prio=3), Zhudanzhifangzheng(hits=2/5, gap=1, poss=0/0, prio=3), Mazirenwanzheng(hits=1/4, gap=1, poss=0/0, prio=3), Zhulingtangzheng(hits=1/5, gap=2, poss=0/0, prio=2), Baihujiarenshentangzheng(hits=1/6, gap=3, poss=0/0, prio=2), Baihutangzheng(hits=1/6, gap=3, poss=0/0, prio=2), Wulingsanzheng(hits=1/8, gap=4, poss=0/0, prio=3), Dachaihutangzheng(hits=1/9, gap=5, poss=0/0, prio=2), Chaihubaihutangzheng(hits=1/12, gap=7, poss=0/0, prio=2), Xiexintangzheng(hits=0/5, gap=3, poss=1/1, prio=1)]
兼夹证：[]
加味药物：[]
配伍禁忌警告：[]
[通过] DuliFangzhengTest                  t_mijiandaofang                「蜜煎导方证」          0.34s

===== 猪胆汁方证 =====
八纲：{表里=[里证], 寒热=[], 虚实=[], 阴阳=[阳证], bagangTypes=[里证, 阳证]}
六经：阳明病
方证：猪胆汁方证
推荐方剂：猪胆汁方
药物组成：[猪胆汁]
六经列表：[阳明病]
合病标记：null
候选方证：[猪胆汁方证, 蜜煎导方证, 猪苓汤证, 栀子柏皮汤证, 麻子仁丸证, 麻杏石甘汤证, 麻黄连翘赤小豆汤证, 厚朴七物汤证, 白虎汤证, 五苓散证]
候选方证打分：[Zhudanzhifangzheng(hits=3/5, gap=0, poss=0/0, prio=3), Mijiandaofangzheng(hits=2/5, gap=1, poss=0/0, prio=3), Zhulingtangzheng(hits=2/5, gap=1, poss=0/0, prio=2), Zhizibaipitangzheng(hits=1/4, gap=1, poss=0/0, prio=2), Mazirenwanzheng(hits=1/4, gap=1, poss=0/0, prio=3), Maxingshigantangzheng(hits=1/5, gap=2, poss=1/2, prio=3), Mahuanglianqiaochixiaodoutangzheng(hits=1/7, gap=3, poss=0/0, prio=3), Houpoqiwutangzheng(hits=1/7, gap=3, poss=0/2, prio=2), Baihutangzheng(hits=1/6, gap=3, poss=0/0, prio=2), Wulingsanzheng(hits=1/8, gap=4, poss=0/0, prio=3)]
兼夹证：[]
加味药物：[]
配伍禁忌警告：[]
[通过] DuliFangzhengTest                  t_zhudanzhifang                「猪胆汁方证」          0.35s

===== 一物瓜蒂汤证 =====
八纲：{表里=[表证], 寒热=[], 虚实=[虚证], 阴阳=[阳证], bagangTypes=[表证, 虚证, 阳证, 阴证]}
六经：太少两感
方证：一物瓜蒂汤证
推荐方剂：一物瓜蒂汤
药物组成：[瓜蒂]
六经列表：[少阴病, 太阳病]
合病标记：太少两感
候选方证：[一物瓜蒂汤证, 芍药甘草附子汤证, 桂枝去芍药加附子汤证, 麻黄附子甘草汤证, 麻黄加术汤证, 杏子汤证, 厚朴麻黄汤证, 麻黄汤证, 白通汤证, 防己黄芪汤证]
候选方证打分：[Yiwuguaditangzheng(hits=4/6, gap=0, poss=0/0, prio=3), Shaoyaogancaofuzitangzheng(hits=2/5, gap=1, poss=1/1, prio=3), Guizhiqushaoyaojiafuzitangzheng(hits=1/4, gap=1, poss=0/0, prio=2), Mahuangfuzigancaotangzheng(hits=1/4, gap=1, poss=0/0, prio=3), Mahuangjiazhutangzheng(hits=1/4, gap=1, poss=0/0, prio=3), Xingzitangzheng(hits=1/4, gap=1, poss=0/0, prio=3), Houpomahuangtangzheng(hits=1/4, gap=1, poss=0/4, prio=3), Mahuangtangzheng(hits=1/5, gap=2, poss=1/4, prio=2), Baitongtangzheng(hits=1/5, gap=2, poss=0/0, prio=1), Fangjihuangqitangzheng(hits=1/5, gap=2, poss=0/0, prio=3)]
兼夹证：[]
加味药物：[]
配伍禁忌警告：[]
[通过] DuliFangzhengTest                  t_yiwuguaditang                「一物瓜蒂汤证」         0.34s

===== 猪膏发煎证 =====
八纲：{表里=[表证, 里证], 寒热=[热证], 虚实=[], 阴阳=[阳证], bagangTypes=[表证, 里证, 热证, 阳证]}
六经：太阳阳明合病
方证：猪膏发煎证
推荐方剂：猪膏发煎
药物组成：[乱发, 猪膏]
六经列表：[太阳病, 阳明病]
合病标记：太阳阳明合病
候选方证：[猪膏发煎证, 杏子汤证, 茵陈五苓散证, 厚朴麻黄汤证, 五苓散证, 猪苓汤证, 白虎汤证, 小青龙加石膏汤证, 桂枝二越婢一汤证, 大黄硝石汤证]
候选方证打分：[Zhugaofajianzheng(hits=2/4, gap=0, poss=0/0, prio=3), Xingzitangzheng(hits=1/4, gap=1, poss=0/0, prio=3), Yinchenwulingsanzheng(hits=1/4, gap=1, poss=0/0, prio=3), Houpomahuangtangzheng(hits=1/4, gap=1, poss=0/4, prio=3), Wulingsanzheng(hits=2/8, gap=2, poss=0/0, prio=3), Zhulingtangzheng(hits=1/5, gap=2, poss=0/0, prio=2), Baihutangzheng(hits=1/6, gap=3, poss=0/0, prio=2), Xiaoqinglongjiashigaotangzheng(hits=1/6, gap=3, poss=0/0, prio=3), Guizhieryuebiyitangzheng(hits=1/7, gap=4, poss=0/0, prio=3), Dahuangxiaoshitangzheng(hits=1/7, gap=4, poss=0/1, prio=2)]
兼夹证：[]
加味药物：[]
配伍禁忌警告：[]
[通过] DuliFangzhengTest                  t_zhugaofajian                 「猪膏发煎证」          0.42s

===== 硝石矾石散证 =====
八纲：{表里=[里证], 寒热=[], 虚实=[虚证], 阴阳=[阴证], bagangTypes=[里证, 虚证, 阳证, 阴证]}
六经：阳明太阴合病
方证：硝石矾石散证
推荐方剂：硝石矾石散
药物组成：[矾石, 硝石]
六经列表：[太阴病, 阳明病]
合病标记：阳明太阴合病
候选方证：[硝石矾石散证, 茵陈蒿汤证, 栀子柏皮汤证, 茯苓泽泻汤证, 栝楼瞿麦丸证, 猪苓汤证, 柴胡桂枝干姜汤证, 麻黄连翘赤小豆汤证, 白虎汤证, 文蛤汤证]
候选方证打分：[Xiaoshifanshisanzheng(hits=6/8, gap=0, poss=0/0, prio=3), Yinchenhaotangzheng(hits=1/4, gap=1, poss=0/0, prio=2), Zhizibaipitangzheng(hits=1/4, gap=1, poss=0/0, prio=2), Fulingzexietangzheng(hits=1/4, gap=1, poss=0/0, prio=3), Gualouqumaiwanzheng(hits=1/5, gap=2, poss=0/0, prio=3), Zhulingtangzheng(hits=1/5, gap=2, poss=0/0, prio=2), Chaihuguizhiganjiangtangzheng(hits=1/7, gap=3, poss=0/0, prio=3), Mahuanglianqiaochixiaodoutangzheng(hits=1/7, gap=3, poss=0/0, prio=3), Baihutangzheng(hits=1/6, gap=3, poss=0/0, prio=2), Wengetangzheng(hits=1/6, gap=3, poss=0/0, prio=3)]
兼夹证：[]
加味药物：[]
配伍禁忌警告：[]
[通过] DuliFangzhengTest                  t_xiaoshifanshisan             「硝石矾石散证」         0.45s

===== 橘皮竹茹汤证 =====
八纲：{表里=[里证], 寒热=[], 虚实=[虚证], 阴阳=[阴证], bagangTypes=[里证, 虚证, 阴证]}
六经：太阴病
方证：橘皮竹茹汤证
推荐方剂：Jupizhurutang
药物组成：[]
六经列表：[太阴病]
合病标记：null
候选方证：[橘皮竹茹汤证, 桂枝加芍药汤证, 己椒苈黄丸证, 橘皮汤证, 厚朴生姜半夏甘草人参汤证, 理中汤证, 胶艾汤证, 内补当归建中汤证, 甘草干姜汤证, 大黄甘遂汤证]
候选方证打分：[Jupizhurutangzheng(hits=3/5, gap=0, poss=0/0, prio=3), Guizhijiashaoyaotangzheng(hits=1/4, gap=1, poss=0/0, prio=3), Jijiaolihuangwanzheng(hits=1/4, gap=1, poss=0/0, prio=3), Jupitangzheng(hits=1/4, gap=1, poss=0/0, prio=3), Houposhengjiangbanxiagancaorenshentangzheng(hits=1/4, gap=1, poss=0/1, prio=3), Lizhongtangzheng(hits=1/5, gap=2, poss=0/0, prio=3), Jiaoaitangzheng(hits=0/4, gap=2, poss=1/1, prio=3), Neibudangguijianzhongtangzheng(hits=0/5, gap=3, poss=1/3, prio=3), Gancaoganjiangtangzheng(hits=0/6, gap=4, poss=1/1, prio=3), Dahuanggansuitangzheng(hits=0/6, gap=4, poss=1/2, prio=2)]
兼夹证：[]
加味药物：[]
配伍禁忌警告：[]
[通过] DuliFangzhengTest                  t_jupizhurutang                「橘皮竹茹汤证」         0.33s

===== 橘皮汤证 =====
八纲：{表里=[里证], 寒热=[], 虚实=[虚证], 阴阳=[阴证], bagangTypes=[里证, 虚证, 阴证]}
六经：太阴病
方证：橘皮汤证
推荐方剂：橘皮汤
药物组成：[陈皮, 生姜]
六经列表：[太阴病]
合病标记：null
候选方证：[橘皮汤证, 半夏干姜散证, 桂枝加芍药汤证, 己椒苈黄丸证, 厚朴生姜半夏甘草人参汤证, 橘皮竹茹汤证, 理中汤证, 生姜半夏汤证, 半夏麻黄丸证, 当归芍药散证]
候选方证打分：[Jupitangzheng(hits=2/4, gap=0, poss=0/0, prio=3), Banxiaganjiangsanzheng(hits=1/4, gap=1, poss=1/1, prio=3), Guizhijiashaoyaotangzheng(hits=1/4, gap=1, poss=0/0, prio=3), Jijiaolihuangwanzheng(hits=1/4, gap=1, poss=0/0, prio=3), Houposhengjiangbanxiagancaorenshentangzheng(hits=1/4, gap=1, poss=0/1, prio=3), Jupizhurutangzheng(hits=1/5, gap=2, poss=0/0, prio=3), Lizhongtangzheng(hits=1/5, gap=2, poss=0/0, prio=3), Shengjiangbanxiatangzheng(hits=0/3, gap=1, poss=1/1, prio=3), Banxiamahuangwanzheng(hits=0/3, gap=1, poss=1/3, prio=5), Dangguishaoyaosanzheng(hits=0/4, gap=2, poss=1/1, prio=3)]
兼夹证：[]
加味药物：[]
配伍禁忌警告：[]
[通过] DuliFangzhengTest                  t_jupitang                     「橘皮汤证」           0.33s

===== 橘枳姜汤证 =====
八纲：{表里=[里证], 寒热=[], 虚实=[虚证], 阴阳=[阴证], bagangTypes=[里证, 虚证, 阴证]}
六经：太阴病
方证：橘枳姜汤证
推荐方剂：橘枳姜汤
药物组成：[陈皮, 生姜, 枳实]
六经列表：[太阴病]
合病标记：null
候选方证：[橘枳姜汤证, 茯苓杏仁甘草汤证, 桂枝加芍药汤证, 己椒苈黄丸证, 厚朴生姜半夏甘草人参汤证, 理中汤证, 栝楼薤白白酒汤证, 人参汤证, 大黄甘遂汤证]
候选方证打分：[Juzhijiangtangzheng(hits=3/5, gap=0, poss=0/0, prio=3), Fulingxingrengancaotangzheng(hits=2/5, gap=1, poss=0/0, prio=3), Guizhijiashaoyaotangzheng(hits=1/4, gap=1, poss=0/0, prio=3), Jijiaolihuangwanzheng(hits=1/4, gap=1, poss=0/0, prio=3), Houposhengjiangbanxiagancaorenshentangzheng(hits=1/4, gap=1, poss=0/1, prio=3), Lizhongtangzheng(hits=1/5, gap=2, poss=0/0, prio=3), Gualouxiebaibaijiutangzheng(hits=1/5, gap=2, poss=0/1, prio=3), Renshentangzheng(hits=1/6, gap=3, poss=0/0, prio=3), Dahuanggansuitangzheng(hits=0/6, gap=4, poss=1/2, prio=2)]
兼夹证：[]
加味药物：[]
配伍禁忌警告：[]
[通过] DuliFangzhengTest                  t_juzhijiangtang               「橘枳姜汤证」          0.36s

===== 文蛤汤证 =====
八纲：{表里=[里证], 寒热=[], 虚实=[虚证], 阴阳=[阴证], bagangTypes=[里证, 虚证, 阴证]}
六经：太阴病
方证：文蛤汤证
推荐方剂：文蛤汤
药物组成：[大枣, 甘草, 麻黄, 生姜, 石膏, 文蛤, 杏仁]
六经列表：[太阴病]
合病标记：null
候选方证：[文蛤汤证, 茯苓泽泻汤证, 桂枝加芍药汤证, 己椒苈黄丸证, 厚朴生姜半夏甘草人参汤证, 栝楼瞿麦丸证, 理中汤证, 小半夏加茯苓汤证, 附子粳米汤证, 大建中汤证]
候选方证打分：[Wengetangzheng(hits=4/6, gap=0, poss=0/0, prio=3), Fulingzexietangzheng(hits=2/4, gap=0, poss=0/0, prio=3), Guizhijiashaoyaotangzheng(hits=1/4, gap=1, poss=0/0, prio=3), Jijiaolihuangwanzheng(hits=1/4, gap=1, poss=0/0, prio=3), Houposhengjiangbanxiagancaorenshentangzheng(hits=1/4, gap=1, poss=0/1, prio=3), Gualouqumaiwanzheng(hits=1/5, gap=2, poss=0/0, prio=3), Lizhongtangzheng(hits=1/5, gap=2, poss=0/0, prio=3), Xiaobanxiajiafulingtangzheng(hits=1/5, gap=2, poss=0/1, prio=3), Fuzijingmitangzheng(hits=1/6, gap=3, poss=0/0, prio=3), Dajianzhongtangzheng(hits=1/6, gap=3, poss=0/1, prio=1)]
兼夹证：[]
加味药物：[]
配伍禁忌警告：[]
[通过] DuliFangzhengTest                  t_wengetang                    「文蛤汤证」           0.35s

===== 紫参汤证 =====
八纲：{表里=[里证], 寒热=[], 虚实=[虚证], 阴阳=[阴证], bagangTypes=[里证, 虚证, 阴证]}
六经：太阴病
方证：紫参汤证
推荐方剂：紫参汤
药物组成：[甘草, 紫参]
六经列表：[太阴病]
合病标记：null
候选方证：[紫参汤证, 理中汤证, 诃梨勒散证, 桂枝加芍药汤证, 己椒苈黄丸证, 泽漆汤证, 厚朴生姜半夏甘草人参汤证, 半夏泻心汤证, 甘遂半夏汤证, 栝楼瞿麦丸证]
候选方证打分：[Zishentangzheng(hits=2/4, gap=0, poss=1/1, prio=3), Lizhongtangzheng(hits=2/5, gap=1, poss=0/0, prio=3), Helilesanzheng(hits=1/4, gap=1, poss=1/1, prio=3), Guizhijiashaoyaotangzheng(hits=1/4, gap=1, poss=0/0, prio=3), Jijiaolihuangwanzheng(hits=1/4, gap=1, poss=0/0, prio=3), Zeqitangzheng(hits=1/4, gap=1, poss=0/0, prio=3), Houposhengjiangbanxiagancaorenshentangzheng(hits=1/4, gap=1, poss=0/1, prio=3), Banxiaxiexintangzheng(hits=1/5, gap=2, poss=0/0, prio=2), Gansuibanxiatangzheng(hits=1/5, gap=2, poss=0/0, prio=2), Gualouqumaiwanzheng(hits=1/5, gap=2, poss=0/0, prio=3)]
兼夹证：[]
加味药物：[]
配伍禁忌警告：[]
[通过] DuliFangzhengTest                  t_zishentang                   「紫参汤证」           0.44s

===== 诃梨勒散证 =====
八纲：{表里=[里证], 寒热=[], 虚实=[虚证], 阴阳=[阴证], bagangTypes=[里证, 虚证, 阴证]}
六经：太阴病
方证：诃梨勒散证
推荐方剂：诃梨勒散
药物组成：[诃梨勒]
六经列表：[太阴病]
合病标记：null
候选方证：[诃梨勒散证, 桂枝加芍药汤证, 己椒苈黄丸证, 泽漆汤证, 厚朴生姜半夏甘草人参汤证, 栝楼瞿麦丸证, 理中汤证, 紫参汤证, 甘草干姜茯苓白术汤证, 黄土汤证]
候选方证打分：[Helilesanzheng(hits=1/4, gap=1, poss=1/1, prio=3), Guizhijiashaoyaotangzheng(hits=1/4, gap=1, poss=0/0, prio=3), Jijiaolihuangwanzheng(hits=1/4, gap=1, poss=0/0, prio=3), Zeqitangzheng(hits=1/4, gap=1, poss=0/0, prio=3), Houposhengjiangbanxiagancaorenshentangzheng(hits=1/4, gap=1, poss=0/1, prio=3), Gualouqumaiwanzheng(hits=1/5, gap=2, poss=0/0, prio=3), Lizhongtangzheng(hits=1/5, gap=2, poss=0/0, prio=3), Zishentangzheng(hits=0/4, gap=2, poss=1/1, prio=3), Gancaoganjiangfulingbaizhutangzheng(hits=0/4, gap=2, poss=1/2, prio=3), Huangtutangzheng(hits=0/4, gap=2, poss=1/3, prio=3)]
兼夹证：[]
加味药物：[]
配伍禁忌警告：[]
[通过] DuliFangzhengTest                  t_helilesan                    「诃梨勒散证」          0.43s

===== 升麻鳖甲汤证 =====
八纲：{表里=[半表半里, 表证], 寒热=[], 虚实=[虚证], 阴阳=[阴证], bagangTypes=[半表半里, 表证, 虚证, 阴证]}
六经：少阴厥阴合病
方证：升麻鳖甲汤证
推荐方剂：升麻鳖甲汤
药物组成：[鳖甲, 当归, 甘草, 升麻, 蜀椒, 雄黄]
六经列表：[厥阴病, 少阴病]
合病标记：少阴厥阴合病
候选方证：[升麻鳖甲汤证, 甘草汤证, 四逆汤证, 当归四逆汤证, 通脉四逆汤证, 桔梗汤证, 当归四逆加吴茱萸生姜汤证, 猪肤汤证, 茯苓甘草汤证, 大乌头煎证]
候选方证打分：[Shengmabiejiatangzheng(hits=3/5, gap=0, poss=0/0, prio=3), Gancaotangzheng(hits=1/3, gap=0, poss=0/0, prio=5), Sinitangzheng(hits=1/4, gap=1, poss=0/0, prio=1), Dangguisinitangzheng(hits=1/4, gap=1, poss=0/0, prio=3), Tongmaisinitangzheng(hits=2/6, gap=2, poss=0/1, prio=1), Jiegengtangzheng(hits=1/5, gap=2, poss=1/1, prio=5), Dangguisinijiawuzhuyushengjiangtangzheng(hits=1/5, gap=2, poss=0/0, prio=3), Zhufutangzheng(hits=1/5, gap=2, poss=0/1, prio=5), Fulinggancaotangzheng(hits=1/5, gap=2, poss=0/1, prio=3), Dawutoujianzheng(hits=1/6, gap=3, poss=0/0, prio=1)]
兼夹证：[]
加味药物：[]
配伍禁忌警告：[]
[通过] DuliFangzhengTest                  t_shengmabiejiatang            「升麻鳖甲汤证」         0.48s

===== 升麻鳖甲去雄黄蜀椒汤证 =====
八纲：{表里=[半表半里], 寒热=[], 虚实=[虚证], 阴阳=[阴证], bagangTypes=[半表半里, 虚证, 阴证]}
六经：厥阴病
方证：升麻鳖甲去雄黄蜀椒汤证
推荐方剂：升麻鳖甲去雄黄蜀椒汤
药物组成：[鳖甲, 当归, 甘草, 升麻]
六经列表：[厥阴病]
合病标记：null
候选方证：[升麻鳖甲去雄黄蜀椒汤证, 当归四逆汤证, 当归四逆加吴茱萸生姜汤证, 茯苓甘草汤证, 乌梅丸证]
候选方证打分：[Shengmabiejiaquxionghuangshujiaotangzheng(hits=2/4, gap=0, poss=0/0, prio=3), Dangguisinitangzheng(hits=1/4, gap=1, poss=0/0, prio=3), Dangguisinijiawuzhuyushengjiangtangzheng(hits=1/5, gap=2, poss=0/0, prio=3), Fulinggancaotangzheng(hits=1/5, gap=2, poss=0/1, prio=3), Wumeiwanzheng(hits=1/6, gap=3, poss=0/0, prio=2)]
兼夹证：[]
加味药物：[]
配伍禁忌警告：[]
[通过] DuliFangzhengTest                  t_shengmabiejiaquxionghuangshujiaotang 「升麻鳖甲去雄黄蜀椒汤证」     0.65s

===== 苦参汤证（狐惑） =====
八纲：{表里=[半表半里], 寒热=[], 虚实=[虚证], 阴阳=[阴证], bagangTypes=[半表半里, 虚证, 阴证]}
六经：厥阴病
方证：苦参汤证
推荐方剂：苦参汤
药物组成：[苦参]
六经列表：[厥阴病]
合病标记：null
候选方证：[苦参汤证, 雄黄熏方证, 当归四逆汤证, 当归四逆加吴茱萸生姜汤证, 茯苓甘草汤证, 乌梅丸证]
候选方证打分：[Kushentangzheng(hits=2/4, gap=0, poss=0/0, prio=3), Xionghuangxunfangzheng(hits=1/3, gap=0, poss=0/0, prio=3), Dangguisinitangzheng(hits=1/4, gap=1, poss=0/0, prio=3), Dangguisinijiawuzhuyushengjiangtangzheng(hits=1/5, gap=2, poss=0/0, prio=3), Fulinggancaotangzheng(hits=1/5, gap=2, poss=0/1, prio=3), Wumeiwanzheng(hits=1/6, gap=3, poss=0/0, prio=2)]
兼夹证：[]
加味药物：[]
配伍禁忌警告：[]
[通过] DuliFangzhengTest                  t_kushentang                   「苦参汤证（狐惑）」       0.44s

===== 雄黄熏方证 =====
八纲：{表里=[半表半里], 寒热=[], 虚实=[虚证], 阴阳=[阴证], bagangTypes=[半表半里, 虚证, 阴证]}
六经：厥阴病
方证：雄黄熏方证
推荐方剂：雄黄熏方
药物组成：[雄黄]
六经列表：[厥阴病]
合病标记：null
候选方证：[雄黄熏方证, 当归四逆汤证, 苦参汤证, 当归四逆加吴茱萸生姜汤证, 茯苓甘草汤证, 乌梅丸证]
候选方证打分：[Xionghuangxunfangzheng(hits=1/3, gap=0, poss=0/0, prio=3), Dangguisinitangzheng(hits=1/4, gap=1, poss=0/0, prio=3), Kushentangzheng(hits=1/4, gap=1, poss=0/0, prio=3), Dangguisinijiawuzhuyushengjiangtangzheng(hits=1/5, gap=2, poss=0/0, prio=3), Fulinggancaotangzheng(hits=1/5, gap=2, poss=0/1, prio=3), Wumeiwanzheng(hits=1/6, gap=3, poss=0/0, prio=2)]
兼夹证：[]
加味药物：[]
配伍禁忌警告：[]
[通过] DuliFangzhengTest                  t_xionghuangxunfang            「雄黄熏方证」          0.38s

===== 鳖甲煎丸证 =====
八纲：{表里=[半表半里], 寒热=[], 虚实=[], 阴阳=[阳证], bagangTypes=[半表半里, 阳证]}
六经：少阳病
方证：鳖甲煎丸证
推荐方剂：鳖甲煎丸
药物组成：[半夏, 鳖甲, 柴胡, 赤硝, 大黄, 阿胶, 蜂窠, 干姜, 桂枝, 厚朴, 黄芩, 牡丹皮, 蜣螂, 瞿麦, 人参, 芍药, 石韦, 鼠妇, 桃仁, 葶苈子, 乌扇, ?虫, 紫葳]
六经列表：[少阳病]
合病标记：null
候选方证：[鳖甲煎丸证, 小柴胡汤证, 柴胡加芒硝汤证, 四逆散证, 大柴胡汤证, 柴胡白虎汤证]
候选方证打分：[Biejiajianwanzheng(hits=2/4, gap=0, poss=0/0, prio=3), Xiaochaihutangzheng(hits=2/3, gap=0, poss=1/1, prio=3), Chaihujiamangxiaotangzheng(hits=1/7, gap=3, poss=0/0, prio=3), Sinisanzheng(hits=2/7, gap=3, poss=0/0, prio=3), Dachaihutangzheng(hits=2/9, gap=4, poss=0/0, prio=2), Chaihubaihutangzheng(hits=2/12, gap=6, poss=0/0, prio=2)]
兼夹证：[]
加味药物：[]
配伍禁忌警告：[]
[通过] DuliFangzhengTest                  t_biejiajianwan                「鳖甲煎丸证」          0.33s

===== 蜀漆散证 =====
八纲：{表里=[半表半里], 寒热=[], 虚实=[], 阴阳=[阳证], bagangTypes=[半表半里, 阳证]}
六经：少阳病
方证：蜀漆散证
推荐方剂：蜀漆散
药物组成：[龙骨, 蜀漆, 云母]
六经列表：[少阳病]
合病标记：null
候选方证：[蜀漆散证, 小柴胡汤证, 柴胡去半夏加栝楼汤证, 牡蛎汤证, 柴胡加芒硝汤证, 四逆散证, 大柴胡汤证, 柴胡白虎汤证]
候选方证打分：[Shuqisanzheng(hits=3/5, gap=0, poss=0/0, prio=3), Xiaochaihutangzheng(hits=2/3, gap=0, poss=1/1, prio=3), Chaihuqubanxiajiagualoutangzheng(hits=1/4, gap=1, poss=0/0, prio=3), Mulitangzheng(hits=1/4, gap=1, poss=0/0, prio=3), Chaihujiamangxiaotangzheng(hits=1/7, gap=3, poss=0/0, prio=3), Sinisanzheng(hits=2/7, gap=3, poss=0/0, prio=3), Dachaihutangzheng(hits=2/9, gap=4, poss=0/0, prio=2), Chaihubaihutangzheng(hits=2/12, gap=6, poss=0/0, prio=2)]
兼夹证：[]
加味药物：[]
配伍禁忌警告：[]
[通过] DuliFangzhengTest                  t_shuqisan                     「蜀漆散证」           0.41s

===== 牡蛎汤证 =====
八纲：{表里=[半表半里], 寒热=[], 虚实=[], 阴阳=[阳证], bagangTypes=[半表半里, 阳证]}
六经：少阳病
方证：牡蛎汤证
推荐方剂：牡蛎汤
药物组成：[甘草, 麻黄, 牡蛎, 蜀漆]
六经列表：[少阳病]
合病标记：null
候选方证：[牡蛎汤证, 小柴胡汤证, 蜀漆散证, 柴胡加芒硝汤证, 四逆散证, 大柴胡汤证, 柴胡白虎汤证]
候选方证打分：[Mulitangzheng(hits=2/4, gap=0, poss=0/0, prio=3), Xiaochaihutangzheng(hits=2/3, gap=0, poss=1/1, prio=3), Shuqisanzheng(hits=1/5, gap=2, poss=0/0, prio=3), Chaihujiamangxiaotangzheng(hits=1/7, gap=3, poss=0/0, prio=3), Sinisanzheng(hits=2/7, gap=3, poss=0/0, prio=3), Dachaihutangzheng(hits=2/9, gap=4, poss=0/0, prio=2), Chaihubaihutangzheng(hits=2/12, gap=6, poss=0/0, prio=2)]
兼夹证：[]
加味药物：[]
配伍禁忌警告：[]
[通过] DuliFangzhengTest                  t_mulitang                     「牡蛎汤证」           0.41s

===== 牡蛎泽泻散证 =====
八纲：{表里=[里证], 寒热=[], 虚实=[], 阴阳=[阳证], bagangTypes=[里证, 阳证]}
六经：阳明病
方证：牡蛎泽泻散证
推荐方剂：牡蛎泽泻散
药物组成：[瓜蒌根, 海藻, 牡蛎, 商陆, 蜀漆, 葶苈子, 泽泻]
六经列表：[阳明病]
合病标记：null
候选方证：[牡蛎泽泻散证, 茯苓戎盐汤证, 滑石白鱼散证, 蒲灰散证, 猪苓汤证, 茵陈蒿汤证, 茵陈五苓散证, 五苓散证, 白虎汤证, 柴胡加龙骨牡蛎汤证]
候选方证打分：[Mulizexiesanzheng(hits=2/4, gap=0, poss=0/0, prio=3), Fulingrongyantangzheng(hits=1/3, gap=0, poss=0/0, prio=3), Huashibaiyusanzheng(hits=1/3, gap=0, poss=0/0, prio=3), Puhuisanzheng(hits=1/3, gap=0, poss=0/0, prio=3), Zhulingtangzheng(hits=2/5, gap=1, poss=0/0, prio=2), Yinchenhaotangzheng(hits=1/4, gap=1, poss=0/0, prio=2), Yinchenwulingsanzheng(hits=1/4, gap=1, poss=0/0, prio=3), Wulingsanzheng(hits=2/8, gap=3, poss=0/0, prio=3), Baihutangzheng(hits=1/6, gap=3, poss=0/0, prio=2), Chaihujialonggumulitangzheng(hits=1/8, gap=4, poss=0/0, prio=2)]
兼夹证：[]
加味药物：[]
配伍禁忌警告：[]
[通过] DuliFangzhengTest                  t_mulizexiesan                 「牡蛎泽泻散证」         0.38s

===== 大黄甘遂汤证 =====
八纲：{表里=[里证], 寒热=[], 虚实=[虚证], 阴阳=[阴证], bagangTypes=[里证, 虚证, 阳证, 阴证]}
六经：阳明太阴合病
方证：大黄甘遂汤证
推荐方剂：大黄甘遂汤
药物组成：[大黄, 阿胶, 甘遂]
六经列表：[太阴病, 阳明病]
合病标记：阳明太阴合病
候选方证：[大黄甘遂汤证, 理中汤证, 茯苓泽泻汤证, 桂枝加芍药汤证, 己椒苈黄丸证, 当归贝母苦参丸证, 厚朴生姜半夏甘草人参汤证, 甘遂半夏汤证, 栀子厚朴汤证, 栝楼瞿麦丸证]
候选方证打分：[Dahuanggansuitangzheng(hits=4/6, gap=0, poss=1/2, prio=2), Lizhongtangzheng(hits=2/5, gap=1, poss=0/0, prio=3), Fulingzexietangzheng(hits=1/4, gap=1, poss=0/0, prio=3), Guizhijiashaoyaotangzheng(hits=1/4, gap=1, poss=0/0, prio=3), Jijiaolihuangwanzheng(hits=1/4, gap=1, poss=0/0, prio=3), Dangguibeimukushenwanzheng(hits=1/4, gap=1, poss=0/1, prio=3), Houposhengjiangbanxiagancaorenshentangzheng(hits=1/4, gap=1, poss=0/1, prio=3), Gansuibanxiatangzheng(hits=1/5, gap=2, poss=0/0, prio=2), Zhizihoupotangzheng(hits=1/5, gap=2, poss=0/0, prio=2), Gualouqumaiwanzheng(hits=1/5, gap=2, poss=0/0, prio=3)]
兼夹证：[]
加味药物：[]
配伍禁忌警告：[]
[通过] DuliFangzhengTest                  t_dahuanggansuitang            「大黄甘遂汤证」         0.37s

===== 薯蓣丸证 =====
八纲：{表里=[表证], 寒热=[], 虚实=[虚证], 阴阳=[阴证], bagangTypes=[表证, 虚证, 阴证]}
六经：少阴病
方证：薯蓣丸证
推荐方剂：薯蓣丸
药物组成：[败酱草, 白术, 柴胡, 川芎, 豆黄卷, 当归, 大枣, 干地黄, 阿胶, 防风, 茯苓, 甘草, 干姜, 桂枝, 桔梗, 麦门冬, 曲, 人参, 山药, 芍药, 杏仁]
六经列表：[少阴病]
合病标记：null
候选方证：[薯蓣丸证, 四逆汤证, 黄芪建中汤证, 麻黄附子甘草汤证, 桃花汤证]
候选方证打分：[Shuyuwanzheng(hits=2/4, gap=0, poss=0/0, prio=3), Sinitangzheng(hits=1/4, gap=1, poss=0/0, prio=1), Huangqijianzhongtangzheng(hits=1/4, gap=1, poss=0/0, prio=3), Mahuangfuzigancaotangzheng(hits=1/4, gap=1, poss=0/0, prio=3), Taohuatangzheng(hits=0/5, gap=3, poss=1/1, prio=1)]
兼夹证：[]
加味药物：[]
配伍禁忌警告：[]
[通过] DuliFangzhengTest                  t_shuyuwan                     「薯蓣丸证」           0.41s

===== 天雄散证 =====
八纲：{表里=[表证], 寒热=[], 虚实=[虚证], 阴阳=[阴证], bagangTypes=[表证, 虚证, 阴证]}
六经：少阴病
方证：天雄散证
推荐方剂：天雄散
药物组成：[白术, 桂枝, 龙骨, 天雄]
六经列表：[少阴病]
合病标记：null
候选方证：[天雄散证, 四逆汤证, 麻黄附子甘草汤证, 肾气丸证, 桃花汤证]
候选方证打分：[Tianxiongsanzheng(hits=3/5, gap=0, poss=0/0, prio=3), Sinitangzheng(hits=1/4, gap=1, poss=0/0, prio=1), Mahuangfuzigancaotangzheng(hits=1/4, gap=1, poss=0/0, prio=3), Shenqiwanzheng(hits=1/5, gap=2, poss=0/0, prio=3), Taohuatangzheng(hits=0/5, gap=3, poss=1/1, prio=1)]
兼夹证：[]
加味药物：[]
配伍禁忌警告：[]
[通过] DuliFangzhengTest                  t_tianxiongsan                 「天雄散证」           0.41s

===== 蛇床子散证 =====
八纲：{表里=[里证], 寒热=[], 虚实=[虚证], 阴阳=[阴证], bagangTypes=[里证, 虚证, 阴证]}
六经：太阴病
方证：蛇床子散证
推荐方剂：蛇床子散
药物组成：[蛇床子]
六经列表：[太阴病]
合病标记：null
候选方证：[蛇床子散证, 桂枝加芍药汤证, 己椒苈黄丸证, 厚朴生姜半夏甘草人参汤证, 理中汤证, 大黄甘遂汤证]
候选方证打分：[Shechuangzisanzheng(hits=1/3, gap=0, poss=0/0, prio=5), Guizhijiashaoyaotangzheng(hits=1/4, gap=1, poss=0/0, prio=3), Jijiaolihuangwanzheng(hits=1/4, gap=1, poss=0/0, prio=3), Houposhengjiangbanxiagancaorenshentangzheng(hits=1/4, gap=1, poss=0/1, prio=3), Lizhongtangzheng(hits=1/5, gap=2, poss=0/0, prio=3), Dahuanggansuitangzheng(hits=0/6, gap=4, poss=1/2, prio=2)]
兼夹证：[]
加味药物：[]
配伍禁忌警告：[]
[通过] DuliFangzhengTest                  t_shechuangzisan               「蛇床子散证」          0.43s

===== 狼牙汤证 =====
八纲：{表里=[里证], 寒热=[热证], 虚实=[虚证], 阴阳=[阳证], bagangTypes=[里证, 热证, 虚证, 阳证, 阴证]}
六经：阳明太阴合病
方证：狼牙汤证
推荐方剂：狼牙汤
药物组成：[生狼牙]
六经列表：[太阴病, 阳明病]
合病标记：阳明太阴合病
候选方证：[狼牙汤证, 桂枝加芍药汤证, 己椒苈黄丸证, 厚朴生姜半夏甘草人参汤证, 栀子厚朴汤证, 理中汤证, 小承气汤证, 厚朴七物汤证, 大黄硝石汤证, 大承气汤证]
候选方证打分：[Langyatangzheng(hits=1/3, gap=0, poss=0/0, prio=5), Guizhijiashaoyaotangzheng(hits=1/4, gap=1, poss=0/0, prio=3), Jijiaolihuangwanzheng(hits=1/4, gap=1, poss=0/0, prio=3), Houposhengjiangbanxiagancaorenshentangzheng(hits=1/4, gap=1, poss=0/1, prio=3), Zhizihoupotangzheng(hits=1/5, gap=2, poss=0/0, prio=2), Lizhongtangzheng(hits=1/5, gap=2, poss=0/0, prio=3), Xiaochengqitangzheng(hits=1/5, gap=2, poss=0/2, prio=2), Houpoqiwutangzheng(hits=1/7, gap=3, poss=0/2, prio=2), Dahuangxiaoshitangzheng(hits=1/7, gap=4, poss=0/1, prio=2), Dachengqitangzheng(hits=1/8, gap=5, poss=0/0, prio=1)]
兼夹证：[]
加味药物：[]
配伍禁忌警告：[]
[通过] DuliFangzhengTest                  t_langyatantang                「狼牙汤证」           0.38s

===== 蜘蛛散证 =====
八纲：{表里=[半表半里], 寒热=[], 虚实=[虚证], 阴阳=[阴证], bagangTypes=[半表半里, 虚证, 阴证]}
六经：厥阴病
方证：蜘蛛散证
推荐方剂：蜘蛛散
药物组成：[桂枝, 蜘蛛]
六经列表：[厥阴病]
合病标记：null
候选方证：[蜘蛛散证, 当归四逆汤证, 当归四逆加吴茱萸生姜汤证, 茯苓甘草汤证, 乌梅丸证]
候选方证打分：[Zhizhusanzheng(hits=3/5, gap=0, poss=0/1, prio=3), Dangguisinitangzheng(hits=1/4, gap=1, poss=0/0, prio=3), Dangguisinijiawuzhuyushengjiangtangzheng(hits=1/5, gap=2, poss=0/0, prio=3), Fulinggancaotangzheng(hits=1/5, gap=2, poss=0/1, prio=3), Wumeiwanzheng(hits=1/6, gap=3, poss=0/0, prio=2)]
兼夹证：[]
加味药物：[]
配伍禁忌警告：[]
[通过] DuliFangzhengTest                  t_zhizhusan                    「蜘蛛散证」           0.43s

===== 奔豚汤证 =====
八纲：{表里=[表证], 寒热=[], 虚实=[], 阴阳=[阳证], bagangTypes=[表证, 阳证]}
六经：太阳病
方证：奔豚汤证
推荐方剂：奔豚汤
药物组成：[半夏, 川芎, 当归, 甘草, 根白皮, 葛根, 黄芩, 芍药, 生姜]
六经列表：[太阳病]
合病标记：null
候选方证：[奔豚汤证, 桂枝去芍药加附子汤证, 麻黄加术汤证, 杏子汤证, 厚朴麻黄汤证, 茯苓桂枝白术甘草汤证, 芍药甘草附子汤证, 苓桂术甘汤证, 麻黄连翘赤小豆汤证, 桂枝二麻黄一汤证]
候选方证打分：[Bentuntangzheng(hits=3/5, gap=0, poss=0/0, prio=3), Guizhiqushaoyaojiafuzitangzheng(hits=1/4, gap=1, poss=0/0, prio=2), Mahuangjiazhutangzheng(hits=1/4, gap=1, poss=0/0, prio=3), Xingzitangzheng(hits=1/4, gap=1, poss=0/0, prio=3), Houpomahuangtangzheng(hits=1/4, gap=1, poss=0/4, prio=3), Fulingguizhibaizhugancaotangzheng(hits=1/5, gap=2, poss=0/0, prio=3), Shaoyaogancaofuzitangzheng(hits=1/5, gap=2, poss=0/1, prio=3), Lingguizhugantangzheng(hits=1/5, gap=2, poss=0/1, prio=3), Mahuanglianqiaochixiaodoutangzheng(hits=1/7, gap=3, poss=0/0, prio=3), Guizhiermahuangyitangzheng(hits=1/6, gap=3, poss=0/0, prio=3)]
兼夹证：[]
加味药物：[]
配伍禁忌警告：[]
[通过] DuliFangzhengTest                  t_bentuntang                   「奔豚汤证」           0.40s

===== 旋覆花汤证 =====
八纲：{表里=[里证], 寒热=[], 虚实=[虚证], 阴阳=[阴证], bagangTypes=[里证, 虚证, 阴证]}
六经：太阴病
方证：旋覆花汤证
推荐方剂：旋覆花汤
药物组成：[葱白, 新绛, 旋覆花]
六经列表：[太阴病]
合病标记：null
候选方证：[旋覆花汤证, 桂枝加芍药汤证, 己椒苈黄丸证, 厚朴生姜半夏甘草人参汤证, 理中汤证, 生姜半夏汤证, 半夏麻黄丸证, 半夏干姜散证, 当归芍药散证, 小半夏汤证]
候选方证打分：[Xuanfuhuatangzheng(hits=2/4, gap=0, poss=0/0, prio=3), Guizhijiashaoyaotangzheng(hits=1/4, gap=1, poss=0/0, prio=3), Jijiaolihuangwanzheng(hits=1/4, gap=1, poss=0/0, prio=3), Houposhengjiangbanxiagancaorenshentangzheng(hits=1/4, gap=1, poss=0/1, prio=3), Lizhongtangzheng(hits=1/5, gap=2, poss=0/0, prio=3), Shengjiangbanxiatangzheng(hits=0/3, gap=1, poss=1/1, prio=3), Banxiamahuangwanzheng(hits=0/3, gap=1, poss=1/3, prio=5), Banxiaganjiangsanzheng(hits=0/4, gap=2, poss=1/1, prio=3), Dangguishaoyaosanzheng(hits=0/4, gap=2, poss=1/1, prio=3), Xiaobanxiatangzheng(hits=0/4, gap=2, poss=1/1, prio=3)]
兼夹证：[]
加味药物：[]
配伍禁忌警告：[]
[通过] DuliFangzhengTest                  t_xuanfuhuatang                「旋覆花汤证」          0.37s

===== 皂荚丸证 =====
八纲：{表里=[里证], 寒热=[], 虚实=[虚证], 阴阳=[阴证], bagangTypes=[里证, 虚证, 阴证]}
六经：太阴病
方证：皂荚丸证
推荐方剂：皂荚丸
药物组成：[皂荚]
六经列表：[太阴病]
合病标记：null
候选方证：[皂荚丸证, 桂枝加芍药汤证, 己椒苈黄丸证, 厚朴生姜半夏甘草人参汤证, 理中汤证, 大黄甘遂汤证]
候选方证打分：[Zaojiawanzheng(hits=2/4, gap=0, poss=0/0, prio=2), Guizhijiashaoyaotangzheng(hits=1/4, gap=1, poss=0/0, prio=3), Jijiaolihuangwanzheng(hits=1/4, gap=1, poss=0/0, prio=3), Houposhengjiangbanxiagancaorenshentangzheng(hits=1/4, gap=1, poss=0/1, prio=3), Lizhongtangzheng(hits=1/5, gap=2, poss=0/0, prio=3), Dahuanggansuitangzheng(hits=0/6, gap=4, poss=1/2, prio=2)]
兼夹证：[]
加味药物：[]
配伍禁忌警告：[]
[通过] DuliFangzhengTest                  t_zaojiawan                    「皂荚丸证」           0.42s

===== 千金苇茎汤证 =====
八纲：{表里=[里证], 寒热=[], 虚实=[虚证], 阴阳=[阴证], bagangTypes=[里证, 虚证, 阴证]}
六经：太阴病
方证：千金苇茎汤证
推荐方剂：千金苇茎汤
药物组成：[瓜瓣, 桃仁, 苇茎, 薏苡仁]
六经列表：[太阴病]
合病标记：null
候选方证：[千金苇茎汤证, 桂枝加芍药汤证, 己椒苈黄丸证, 苓甘五味姜辛汤证, 泽漆汤证, 厚朴生姜半夏甘草人参汤证, 葶苈大枣泻肺汤证, 苓甘五味姜辛夏汤证, 越婢加半夏汤证, 枳实芍药散证]
候选方证打分：[Qianjinweijingtangzheng(hits=4/6, gap=0, poss=0/0, prio=2), Guizhijiashaoyaotangzheng(hits=1/4, gap=1, poss=0/0, prio=3), Jijiaolihuangwanzheng(hits=1/4, gap=1, poss=0/0, prio=3), Lingganwuweijiangxintangzheng(hits=1/4, gap=1, poss=0/0, prio=3), Zeqitangzheng(hits=1/4, gap=1, poss=0/0, prio=3), Houposhengjiangbanxiagancaorenshentangzheng(hits=1/4, gap=1, poss=0/1, prio=3), Tinglidazaoxiefeitangzheng(hits=1/5, gap=2, poss=0/0, prio=2), Lingganwuweijiangxinxiatangzheng(hits=1/5, gap=2, poss=0/0, prio=3), Yuebijiabanxiatangzheng(hits=1/5, gap=2, poss=0/1, prio=3), Zhishishaoyaosanzheng(hits=1/5, gap=2, poss=0/1, prio=3)]
兼夹证：[]
加味药物：[]
配伍禁忌警告：[]
[通过] DuliFangzhengTest                  t_qianjinweijingtang           「千金苇茎汤证」         0.34s

===== 葶苈大枣泻肺汤证 =====
八纲：{表里=[里证], 寒热=[], 虚实=[虚证], 阴阳=[阴证], bagangTypes=[里证, 虚证, 阴证]}
六经：太阴病
方证：葶苈大枣泻肺汤证
推荐方剂：葶苈大枣泻肺汤
药物组成：[大枣, 葶苈子]
六经列表：[太阴病]
合病标记：null
候选方证：[葶苈大枣泻肺汤证, 桂枝加芍药汤证, 己椒苈黄丸证, 苓甘五味姜辛汤证, 厚朴生姜半夏甘草人参汤证, 木防己汤证, 橘皮竹茹汤证, 苓甘五味姜辛夏汤证, 理中汤证, 栝楼薤白白酒汤证]
候选方证打分：[Tinglidazaoxiefeitangzheng(hits=3/5, gap=0, poss=0/0, prio=2), Guizhijiashaoyaotangzheng(hits=1/4, gap=1, poss=0/0, prio=3), Jijiaolihuangwanzheng(hits=1/4, gap=1, poss=0/0, prio=3), Lingganwuweijiangxintangzheng(hits=1/4, gap=1, poss=0/0, prio=3), Houposhengjiangbanxiagancaorenshentangzheng(hits=1/4, gap=1, poss=0/1, prio=3), Mufangjitangzheng(hits=2/6, gap=2, poss=0/0, prio=2), Jupizhurutangzheng(hits=1/5, gap=2, poss=0/0, prio=3), Lingganwuweijiangxinxiatangzheng(hits=1/5, gap=2, poss=0/0, prio=3), Lizhongtangzheng(hits=1/5, gap=2, poss=0/0, prio=3), Gualouxiebaibaijiutangzheng(hits=1/5, gap=2, poss=0/1, prio=3)]
兼夹证：[]
加味药物：[]
配伍禁忌警告：[]
[通过] DuliFangzhengTest                  t_tinglidazaoxiefeitang        「葶苈大枣泻肺汤证」       0.46s

===== 麦门冬汤证 =====
八纲：{表里=[里证], 寒热=[], 虚实=[虚证], 阴阳=[阴证], bagangTypes=[里证, 虚证, 阴证]}
六经：太阴病
方证：麦门冬汤证
推荐方剂：麦门冬汤
药物组成：[半夏, 大枣, 甘草, 粳米, 麦门冬, 人参]
六经列表：[太阴病]
合病标记：null
候选方证：[麦门冬汤证, 桂枝加芍药汤证, 己椒苈黄丸证, 厚朴生姜半夏甘草人参汤证, 橘皮竹茹汤证, 理中汤证, 胶艾汤证, 甘草干姜汤证, 大黄甘遂汤证]
候选方证打分：[Maimendongtangzheng(hits=2/4, gap=0, poss=0/0, prio=3), Guizhijiashaoyaotangzheng(hits=1/4, gap=1, poss=0/0, prio=3), Jijiaolihuangwanzheng(hits=1/4, gap=1, poss=0/0, prio=3), Houposhengjiangbanxiagancaorenshentangzheng(hits=1/4, gap=1, poss=0/1, prio=3), Jupizhurutangzheng(hits=1/5, gap=2, poss=0/0, prio=3), Lizhongtangzheng(hits=1/5, gap=2, poss=0/0, prio=3), Jiaoaitangzheng(hits=0/4, gap=2, poss=1/1, prio=3), Gancaoganjiangtangzheng(hits=0/6, gap=4, poss=1/1, prio=3), Dahuanggansuitangzheng(hits=0/6, gap=4, poss=1/2, prio=2)]
兼夹证：[]
加味药物：[]
配伍禁忌警告：[]
[通过] DuliFangzhengTest                  t_maimendongtang               「麦门冬汤证」          0.63s

===== 泽漆汤证 =====
八纲：{表里=[里证], 寒热=[], 虚实=[虚证], 阴阳=[阴证], bagangTypes=[里证, 虚证, 阴证]}
六经：太阴病
方证：泽漆汤证
推荐方剂：泽漆汤
药物组成：[白前, 半夏, 甘草, 桂枝, 黄芩, 人参, 生姜, 泽漆, 紫参]
六经列表：[太阴病]
合病标记：null
候选方证：[泽漆汤证, 越婢加半夏汤证, 桂枝加芍药汤证, 己椒苈黄丸证, 苓甘五味姜辛汤证, 厚朴生姜半夏甘草人参汤证, 葶苈大枣泻肺汤证, 栝楼瞿麦丸证, 苓甘五味姜辛夏汤证, 理中汤证]
候选方证打分：[Zeqitangzheng(hits=2/4, gap=0, poss=0/0, prio=3), Yuebijiabanxiatangzheng(hits=2/5, gap=1, poss=0/1, prio=3), Guizhijiashaoyaotangzheng(hits=1/4, gap=1, poss=0/0, prio=3), Jijiaolihuangwanzheng(hits=1/4, gap=1, poss=0/0, prio=3), Lingganwuweijiangxintangzheng(hits=1/4, gap=1, poss=0/0, prio=3), Houposhengjiangbanxiagancaorenshentangzheng(hits=1/4, gap=1, poss=0/1, prio=3), Tinglidazaoxiefeitangzheng(hits=1/5, gap=2, poss=0/0, prio=2), Gualouqumaiwanzheng(hits=1/5, gap=2, poss=0/0, prio=3), Lingganwuweijiangxinxiatangzheng(hits=1/5, gap=2, poss=0/0, prio=3), Lizhongtangzheng(hits=1/5, gap=2, poss=0/0, prio=3)]
兼夹证：[]
加味药物：[]
配伍禁忌警告：[]
[通过] DuliFangzhengTest                  t_zeqitang                     「泽漆汤证」           0.43s

===== 续命汤证 =====
八纲：{表里=[半表半里], 寒热=[], 虚实=[虚证], 阴阳=[阴证], bagangTypes=[半表半里, 虚证, 阴证]}
六经：厥阴病
方证：续命汤证
推荐方剂：续命汤
药物组成：[川芎, 当归, 甘草, 干姜, 桂枝, 麻黄, 人参, 石膏, 杏仁]
六经列表：[厥阴病]
合病标记：null
候选方证：[续命汤证, 当归四逆汤证, 当归四逆加吴茱萸生姜汤证, 茯苓甘草汤证, 乌梅丸证]
候选方证打分：[Xumingtangzheng(hits=3/5, gap=0, poss=0/0, prio=1), Dangguisinitangzheng(hits=1/4, gap=1, poss=0/0, prio=3), Dangguisinijiawuzhuyushengjiangtangzheng(hits=1/5, gap=2, poss=0/0, prio=3), Fulinggancaotangzheng(hits=1/5, gap=2, poss=0/1, prio=3), Wumeiwanzheng(hits=1/6, gap=3, poss=0/0, prio=2)]
兼夹证：[]
加味药物：[]
配伍禁忌警告：[]
[通过] DuliFangzhengTest                  t_xumingtang                   「续命汤证」           0.46s

===== 小柴胡汤证 =====
八纲：{表里=[半表半里], 寒热=[], 虚实=[], 阴阳=[阳证], bagangTypes=[半表半里, 阳证]}
六经：少阳病
方证：小柴胡汤证
推荐方剂：小柴胡汤
药物组成：[半夏, 柴胡, 大枣, 甘草, 黄芩, 人参, 生姜]
六经列表：[少阳病]
合病标记：null
候选方证：[小柴胡汤证, 百合知母汤证, 百合地黄汤证, 温胆汤证, 百合滑石散证, 百合鸡子汤证, 百合洗方证, 滑石代赭汤证, 柴胡加芒硝汤证, 四逆散证]
候选方证打分：[Xiaochaihutangzheng(hits=7/3, gap=0, poss=1/1, prio=3), Baihezhimutangzheng(hits=2/5, gap=1, poss=0/0, prio=5), Baihedihuangtangzheng(hits=1/4, gap=1, poss=0/0, prio=5), Wendantangzheng(hits=1/2, gap=1, poss=0/0, prio=3), Baihehuashisanzheng(hits=1/5, gap=2, poss=0/0, prio=5), Baihejizitangzheng(hits=1/5, gap=2, poss=0/0, prio=5), Baihexifangzheng(hits=1/5, gap=2, poss=0/0, prio=5), Huashidaizhetangzheng(hits=1/5, gap=2, poss=0/0, prio=5), Chaihujiamangxiaotangzheng(hits=1/7, gap=3, poss=0/0, prio=3), Sinisanzheng(hits=2/7, gap=3, poss=0/0, prio=3)]
兼夹证：[]
加味药物：[]
配伍禁忌警告：[]
[通过] ShaoyangYangmingFangzhengTest      shouldDiagnoseXiaoChaihuTangPattern 「小柴胡汤证诊断」        0.44s

===== 大柴胡汤证 =====
八纲：{表里=[半表半里, 里证], 寒热=[热证], 虚实=[实证], 阴阳=[阳证], bagangTypes=[半表半里, 里证, 热证, 实证, 阳证]}
六经：少阳阳明合病
方证：大柴胡汤证
推荐方剂：大柴胡汤加减
药物组成：[半夏, 柴胡, 大黄, 大枣, 黄芩, 芍药, 生姜, 枳实]
六经列表：[少阳病, 阳明病]
合病标记：少阳阳明合病
候选方证：[大柴胡汤证, 小承气汤证, 小柴胡汤证, 柴胡加芒硝汤证, 厚朴三物汤证, 麻子仁丸证, 百合地黄汤证, 大承气汤证, 四逆散证, 栀子厚朴汤证]
候选方证打分：[Dachaihutangzheng(hits=5/9, gap=0, poss=0/0, prio=2), Xiaochengqitangzheng(hits=3/5, gap=0, poss=1/2, prio=2), Xiaochaihutangzheng(hits=3/3, gap=0, poss=1/1, prio=3), Chaihujiamangxiaotangzheng(hits=2/7, gap=1, poss=0/0, prio=3), Houposanwutangzheng(hits=1/4, gap=1, poss=0/0, prio=2), Mazirenwanzheng(hits=1/4, gap=1, poss=0/0, prio=3), Baihedihuangtangzheng(hits=1/4, gap=1, poss=0/0, prio=5), Dachengqitangzheng(hits=4/8, gap=2, poss=0/0, prio=1), Sinisanzheng(hits=3/7, gap=2, poss=0/0, prio=3), Zhizihoupotangzheng(hits=1/5, gap=2, poss=0/0, prio=2)]
兼夹证：[]
加味药物：[]
配伍禁忌警告：[]
[通过] ShaoyangYangmingFangzhengTest      shouldDiagnoseDaChaihuTangPattern 「大柴胡汤证诊断（少阳阳明合病）」     0.35s

===== 柴胡加芒硝汤证 =====
八纲：{表里=[半表半里, 里证], 寒热=[], 虚实=[], 阴阳=[阳证], bagangTypes=[半表半里, 里证, 阳证]}
六经：少阳阳明合病
方证：柴胡加芒硝汤证
推荐方剂：柴胡加芒硝汤加减
药物组成：[半夏, 柴胡, 大枣, 甘草, 黄芩, 芒硝, 人参, 生姜]
六经列表：[少阳病, 阳明病]
合病标记：少阳阳明合病
候选方证：[柴胡加芒硝汤证, 小柴胡汤证, 黄芩加半夏生姜汤证, 百合洗方证, 黄芩汤证, 栀子生姜豉汤证, 柴胡去半夏加栝楼汤证, 百合地黄汤证, 大柴胡汤证, 四逆散证]
候选方证打分：[Chaihujiamangxiaotangzheng(hits=3/7, gap=0, poss=0/0, prio=3), Xiaochaihutangzheng(hits=3/3, gap=0, poss=1/1, prio=3), Huangqinjiabanxiashengjiangtangzheng(hits=2/6, gap=1, poss=0/0, prio=3), Baihexifangzheng(hits=2/5, gap=1, poss=0/0, prio=5), Huangqintangzheng(hits=1/5, gap=1, poss=0/0, prio=3), Zhizishengjiangchitangzheng(hits=1/4, gap=1, poss=0/0, prio=2), Chaihuqubanxiajiagualoutangzheng(hits=1/4, gap=1, poss=0/0, prio=3), Baihedihuangtangzheng(hits=1/4, gap=1, poss=0/0, prio=5), Dachaihutangzheng(hits=3/9, gap=2, poss=0/0, prio=2), Sinisanzheng(hits=3/7, gap=2, poss=0/0, prio=3)]
兼夹证：[]
加味药物：[]
配伍禁忌警告：[]
[通过] ShaoyangYangmingFangzhengTest      t_chaihujiamangxiaotang        「柴胡加芒硝汤证」        0.39s

===== 柴胡加龙骨牡蛎汤证 =====
八纲：{表里=[半表半里, 里证], 寒热=[热证], 虚实=[实证], 阴阳=[阳证], bagangTypes=[半表半里, 里证, 热证, 实证, 阳证]}
六经：少阳阳明合病
方证：柴胡加龙骨牡蛎汤证
推荐方剂：柴胡加龙骨牡蛎汤加减
药物组成：[半夏, 柴胡, 大黄, 大枣, 茯苓, 桂枝, 黄芩, 龙骨, 牡蛎, 铅丹, 人参, 生姜]
六经列表：[少阳病, 阳明病]
合病标记：少阳阳明合病
候选方证：[柴胡加龙骨牡蛎汤证, 小柴胡汤证, 茯苓戎盐汤证, 滑石白鱼散证, 蒲灰散证, 柴胡加芒硝汤证, 小承气汤证, 百合洗方证, 滑石代赭汤证, 猪苓汤证]
候选方证打分：[Chaihujialonggumulitangzheng(hits=4/8, gap=0, poss=0/0, prio=2), Xiaochaihutangzheng(hits=3/3, gap=0, poss=1/1, prio=3), Fulingrongyantangzheng(hits=1/3, gap=0, poss=0/0, prio=3), Huashibaiyusanzheng(hits=1/3, gap=0, poss=0/0, prio=3), Puhuisanzheng(hits=1/3, gap=0, poss=0/0, prio=3), Chaihujiamangxiaotangzheng(hits=2/7, gap=1, poss=0/0, prio=3), Xiaochengqitangzheng(hits=2/5, gap=1, poss=1/2, prio=2), Baihexifangzheng(hits=2/5, gap=1, poss=0/0, prio=5), Huashidaizhetangzheng(hits=2/5, gap=1, poss=0/0, prio=5), Zhulingtangzheng(hits=2/5, gap=1, poss=0/0, prio=2)]
兼夹证：[]
加味药物：[]
配伍禁忌警告：[]
[通过] ShaoyangYangmingFangzhengTest      t_chaihujialonggumulitang      「柴胡加龙骨牡蛎汤证」      0.41s

===== 柴胡桂枝干姜汤证（少阳太阴合病） =====
八纲：{表里=[半表半里, 里证], 寒热=[], 虚实=[虚证], 阴阳=[阴证], bagangTypes=[半表半里, 里证, 虚证, 阳证, 阴证]}
六经：少阳太阴合病
方证：柴胡桂枝干姜汤证
推荐方剂：柴胡桂枝干姜汤
药物组成：[柴胡, 甘草, 干姜, 瓜蒌根, 桂枝, 黄芩, 牡蛎]
六经列表：[少阳病, 太阴病]
合病标记：少阳太阴合病
候选方证：[柴胡桂枝干姜汤证, 小柴胡汤证, 茯苓戎盐汤证, 滑石白鱼散证, 蒲灰散证, 栝楼瞿麦丸证, 理中汤证, 百合洗方证, 百合知母汤证, 滑石代赭汤证]
候选方证打分：[Chaihuguizhiganjiangtangzheng(hits=3/7, gap=0, poss=0/0, prio=3), Xiaochaihutangzheng(hits=4/3, gap=0, poss=1/1, prio=3), Fulingrongyantangzheng(hits=1/3, gap=0, poss=0/0, prio=3), Huashibaiyusanzheng(hits=1/3, gap=0, poss=0/0, prio=3), Puhuisanzheng(hits=1/3, gap=0, poss=0/0, prio=3), Gualouqumaiwanzheng(hits=2/5, gap=1, poss=0/0, prio=3), Lizhongtangzheng(hits=2/5, gap=1, poss=0/0, prio=3), Baihexifangzheng(hits=2/5, gap=1, poss=0/0, prio=5), Baihezhimutangzheng(hits=2/5, gap=1, poss=0/0, prio=5), Huashidaizhetangzheng(hits=2/5, gap=1, poss=0/0, prio=5)]
兼夹证：[]
加味药物：[]
配伍禁忌警告：[]
[通过] ShaoyangYangmingFangzhengTest      shouldDiagnoseChaihuGuizhiGanjiangTangPattern_Taiyin 「柴胡桂枝干姜汤证诊断（少阳太阴合病）」     0.41s

===== 柴胡去半夏加栝蒌汤证 =====
八纲：{表里=[半表半里], 寒热=[], 虚实=[], 阴阳=[阳证], bagangTypes=[半表半里, 阳证]}
六经：少阳病
方证：柴胡去半夏加栝楼汤证
推荐方剂：柴胡去半夏加栝楼汤
药物组成：[柴胡, 大枣, 甘草, 瓜蒌根, 黄芩, 人参, 生姜]
六经列表：[少阳病]
合病标记：null
候选方证：[柴胡去半夏加栝楼汤证, 小柴胡汤证, 蜀漆散证, 百合洗方证, 柴胡加芒硝汤证, 四逆散证, 栝楼牡蛎散证, 大柴胡汤证, 柴胡桂枝干姜汤证, 柴胡白虎汤证]
候选方证打分：[Chaihuqubanxiajiagualoutangzheng(hits=2/4, gap=0, poss=0/0, prio=3), Xiaochaihutangzheng(hits=2/3, gap=0, poss=1/1, prio=3), Shuqisanzheng(hits=1/5, gap=2, poss=0/0, prio=3), Baihexifangzheng(hits=1/5, gap=2, poss=0/0, prio=5), Chaihujiamangxiaotangzheng(hits=1/7, gap=3, poss=0/0, prio=3), Sinisanzheng(hits=2/7, gap=3, poss=0/0, prio=3), Gualoumulisanzheng(hits=1/6, gap=3, poss=0/0, prio=5), Dachaihutangzheng(hits=2/9, gap=4, poss=0/0, prio=2), Chaihuguizhiganjiangtangzheng(hits=1/7, gap=4, poss=0/0, prio=3), Chaihubaihutangzheng(hits=3/12, gap=5, poss=0/0, prio=2)]
兼夹证：[]
加味药物：[]
配伍禁忌警告：[]
[通过] ShaoyangYangmingFangzhengTest      t_chaihuqubanxiajiagualoutang  「柴胡去半夏加栝蒌汤证」     0.33s

===== 柴胡白虎汤证（三阳合病） =====
八纲：{表里=[半表半里, 表证, 里证], 寒热=[热证], 虚实=[实证], 阴阳=[阳证], bagangTypes=[半表半里, 表证, 里证, 热证, 实证, 阳证]}
六经：三阳合病
方证：柴胡白虎汤证
推荐方剂：柴胡白虎汤
药物组成：[半夏, 柴胡, 大枣, 甘草, 黄芩, 人参, 生姜, 石膏, 知母]
六经列表：[少阳病, 太阳病, 阳明病]
合病标记：三阳合病
候选方证：[柴胡白虎汤证, 小柴胡汤证, 麻黄连翘赤小豆汤证, 厚朴七物汤证, 柴胡桂枝汤证, 百合滑石散证, 百合洗方证, 小承气汤证, 猪苓汤证, 桂枝去芍药加附子汤证]
候选方证打分：[Chaihubaihutangzheng(hits=6/12, gap=0, poss=0/0, prio=2), Xiaochaihutangzheng(hits=3/3, gap=0, poss=1/1, prio=3), Mahuanglianqiaochixiaodoutangzheng(hits=2/7, gap=1, poss=0/0, prio=3), Houpoqiwutangzheng(hits=2/7, gap=1, poss=0/2, prio=2), Chaihuguizhitangzheng(hits=1/6, gap=1, poss=0/0, prio=3), Baihehuashisanzheng(hits=2/5, gap=1, poss=0/0, prio=5), Baihexifangzheng(hits=2/5, gap=1, poss=0/0, prio=5), Xiaochengqitangzheng(hits=2/5, gap=1, poss=0/2, prio=2), Zhulingtangzheng(hits=2/5, gap=1, poss=0/0, prio=2), Guizhiqushaoyaojiafuzitangzheng(hits=1/4, gap=1, poss=0/0, prio=2)]
兼夹证：[]
加味药物：[]
配伍禁忌警告：[]
[通过] ShaoyangYangmingFangzhengTest      t_chaihubaihutang              「柴胡白虎汤证（三阳合病）」     0.42s

===== 小柴胡汤证夹瘀血 =====
八纲：{表里=[半表半里], 寒热=[], 虚实=[虚证], 阴阳=[阴证], bagangTypes=[半表半里, 虚证, 阳证, 阴证]}
六经：少阳厥阴合病
方证：小柴胡汤证
推荐方剂：小柴胡汤
药物组成：[半夏, 柴胡, 大枣, 甘草, 黄芩, 人参, 生姜]
六经列表：[厥阴病, 少阳病]
合病标记：少阳厥阴合病
候选方证：[小柴胡汤证, 百合地黄汤证, 百合滑石散证, 百合鸡子汤证, 百合洗方证, 百合知母汤证, 滑石代赭汤证, 柴胡加芒硝汤证, 四逆散证, 栝楼牡蛎散证]
候选方证打分：[Xiaochaihutangzheng(hits=3/3, gap=0, poss=1/1, prio=3), Baihedihuangtangzheng(hits=1/4, gap=1, poss=0/0, prio=5), Baihehuashisanzheng(hits=1/5, gap=2, poss=0/0, prio=5), Baihejizitangzheng(hits=1/5, gap=2, poss=0/0, prio=5), Baihexifangzheng(hits=1/5, gap=2, poss=0/0, prio=5), Baihezhimutangzheng(hits=1/5, gap=2, poss=0/0, prio=5), Huashidaizhetangzheng(hits=1/5, gap=2, poss=0/0, prio=5), Chaihujiamangxiaotangzheng(hits=1/7, gap=3, poss=0/0, prio=3), Sinisanzheng(hits=2/7, gap=3, poss=0/0, prio=3), Gualoumulisanzheng(hits=1/6, gap=3, poss=0/0, prio=5)]
兼夹证：[瘀血证]
加味药物：[桃仁, 丹参]
配伍禁忌警告：[]
[通过] ShaoyangYangmingFangzhengTest      shouldDetectYuXueJianJiaZhengWithXiaoChaihuTang 「小柴胡汤证夹瘀血检测」     0.40s

===== 小柴胡汤证夹痰饮 =====
八纲：{表里=[半表半里], 寒热=[], 虚实=[], 阴阳=[阳证], bagangTypes=[半表半里, 阳证]}
六经：少阳病
方证：小柴胡汤证
推荐方剂：小柴胡汤
药物组成：[半夏, 柴胡, 大枣, 甘草, 黄芩, 人参, 生姜]
六经列表：[少阳病]
合病标记：null
候选方证：[小柴胡汤证, 百合地黄汤证, 百合滑石散证, 百合鸡子汤证, 百合洗方证, 百合知母汤证, 滑石代赭汤证, 柴胡加芒硝汤证, 四逆散证, 栝楼牡蛎散证]
候选方证打分：[Xiaochaihutangzheng(hits=3/3, gap=0, poss=1/1, prio=3), Baihedihuangtangzheng(hits=1/4, gap=1, poss=0/0, prio=5), Baihehuashisanzheng(hits=1/5, gap=2, poss=0/0, prio=5), Baihejizitangzheng(hits=1/5, gap=2, poss=0/0, prio=5), Baihexifangzheng(hits=1/5, gap=2, poss=0/0, prio=5), Baihezhimutangzheng(hits=1/5, gap=2, poss=0/0, prio=5), Huashidaizhetangzheng(hits=1/5, gap=2, poss=0/0, prio=5), Chaihujiamangxiaotangzheng(hits=1/7, gap=3, poss=0/0, prio=3), Sinisanzheng(hits=2/7, gap=3, poss=0/0, prio=3), Gualoumulisanzheng(hits=1/6, gap=3, poss=0/0, prio=5)]
兼夹证：[痰饮证]
加味药物：[半夏, 茯苓]
配伍禁忌警告：[]
[通过] ShaoyangYangmingFangzhengTest      shouldDetectTanYinJianJiaZhengWithXiaoChaihuTang 「小柴胡汤证夹痰饮检测」     0.43s

===== 大柴胡汤证夹痰饮 =====
八纲：{表里=[半表半里, 里证], 寒热=[], 虚实=[], 阴阳=[阳证], bagangTypes=[半表半里, 里证, 阳证]}
六经：少阳阳明合病
方证：大柴胡汤证
推荐方剂：大柴胡汤加减
药物组成：[半夏, 柴胡, 大黄, 大枣, 黄芩, 芍药, 生姜, 枳实]
六经列表：[少阳病, 阳明病]
合病标记：少阳阳明合病
候选方证：[大柴胡汤证, 小柴胡汤证, 麻子仁丸证, 柴胡加芒硝汤证, 蜜煎导方证, 猪胆汁方证, 四逆散证, 柴胡白虎汤证, 小承气汤证]
候选方证打分：[Dachaihutangzheng(hits=5/9, gap=0, poss=0/0, prio=2), Xiaochaihutangzheng(hits=2/3, gap=0, poss=1/1, prio=3), Mazirenwanzheng(hits=1/4, gap=1, poss=0/0, prio=3), Chaihujiamangxiaotangzheng(hits=1/7, gap=2, poss=0/0, prio=3), Mijiandaofangzheng(hits=1/5, gap=2, poss=0/0, prio=3), Zhudanzhifangzheng(hits=1/5, gap=2, poss=0/0, prio=3), Sinisanzheng(hits=2/7, gap=3, poss=0/0, prio=3), Chaihubaihutangzheng(hits=2/12, gap=5, poss=0/0, prio=2), Xiaochengqitangzheng(hits=0/5, gap=3, poss=1/2, prio=2)]
兼夹证：[痰饮证]
加味药物：[半夏, 茯苓]
配伍禁忌警告：[]
[通过] ShaoyangYangmingFangzhengTest      shouldDetectTanYinJianJiaZhengWithDaChaihuTang 「大柴胡汤证夹痰饮检测」     0.37s

===== 小柴胡汤证夹气郁 =====
八纲：{表里=[半表半里], 寒热=[], 虚实=[], 阴阳=[阳证], bagangTypes=[半表半里, 阳证]}
六经：少阳病
方证：小柴胡汤证
推荐方剂：小柴胡汤
药物组成：[半夏, 柴胡, 大枣, 甘草, 黄芩, 人参, 生姜]
六经列表：[少阳病]
合病标记：null
候选方证：[小柴胡汤证, 百合知母汤证, 百合地黄汤证, 温胆汤证, 百合滑石散证, 百合鸡子汤证, 百合洗方证, 滑石代赭汤证, 柴胡加芒硝汤证, 四逆散证]
候选方证打分：[Xiaochaihutangzheng(hits=7/3, gap=0, poss=1/1, prio=3), Baihezhimutangzheng(hits=2/5, gap=1, poss=0/0, prio=5), Baihedihuangtangzheng(hits=1/4, gap=1, poss=0/0, prio=5), Wendantangzheng(hits=1/2, gap=1, poss=0/0, prio=3), Baihehuashisanzheng(hits=1/5, gap=2, poss=0/0, prio=5), Baihejizitangzheng(hits=1/5, gap=2, poss=0/0, prio=5), Baihexifangzheng(hits=1/5, gap=2, poss=0/0, prio=5), Huashidaizhetangzheng(hits=1/5, gap=2, poss=0/0, prio=5), Chaihujiamangxiaotangzheng(hits=1/7, gap=3, poss=0/0, prio=3), Sinisanzheng(hits=2/7, gap=3, poss=0/0, prio=3)]
兼夹证：[气郁证]
加味药物：[香附, 郁金]
配伍禁忌警告：[]
[通过] ShaoyangYangmingFangzhengTest      shouldDetectQiYuJianJiaZhengWithXiaoChaihuTang 「小柴胡汤证夹气郁检测」     0.40s

===== 白虎汤证 =====
八纲：{表里=[里证], 寒热=[], 虚实=[], 阴阳=[阳证], bagangTypes=[里证, 阳证]}
六经：阳明病
方证：白虎汤证
推荐方剂：白虎汤
药物组成：[甘草, 粳米, 石膏, 知母]
六经列表：[阳明病]
合病标记：null
候选方证：[白虎汤证, 白虎加桂枝汤证, 白虎加人参汤证, 猪苓汤证, 五苓散证, 柴胡白虎汤证, 泻心汤证, 麻杏石甘汤证]
候选方证打分：[Baihutangzheng(hits=4/6, gap=0, poss=0/0, prio=2), Baihujiaguizhitangzheng(hits=4/7, gap=1, poss=0/0, prio=3), Baihujiarenshentangzheng(hits=3/6, gap=1, poss=0/0, prio=2), Zhulingtangzheng(hits=1/5, gap=2, poss=0/0, prio=2), Wulingsanzheng(hits=1/8, gap=4, poss=0/0, prio=3), Chaihubaihutangzheng(hits=2/12, gap=6, poss=0/0, prio=2), Xiexintangzheng(hits=0/5, gap=3, poss=1/1, prio=1), Maxingshigantangzheng(hits=0/5, gap=3, poss=1/2, prio=3)]
兼夹证：[]
加味药物：[]
配伍禁忌警告：[]
[通过] ShaoyangYangmingFangzhengTest      shouldDiagnoseBaihuTangPattern 「白虎汤证诊断」         0.36s

===== 白虎加人参汤证 =====
八纲：{表里=[里证], 寒热=[], 虚实=[], 阴阳=[阳证], bagangTypes=[里证, 阳证]}
六经：阳明病
方证：白虎加人参汤证
推荐方剂：白虎加人参汤
药物组成：[甘草, 粳米, 人参, 石膏, 知母]
六经列表：[阳明病]
合病标记：null
候选方证：[白虎加人参汤证, 白虎汤证, 白虎加桂枝汤证, 蜜煎导方证, 猪苓汤证, 五苓散证, 柴胡白虎汤证, 泻心汤证, 麻杏石甘汤证]
候选方证打分：[Baihujiarenshentangzheng(hits=4/6, gap=0, poss=0/0, prio=2), Baihutangzheng(hits=4/6, gap=0, poss=0/0, prio=2), Baihujiaguizhitangzheng(hits=3/7, gap=2, poss=0/0, prio=3), Mijiandaofangzheng(hits=1/5, gap=2, poss=0/0, prio=3), Zhulingtangzheng(hits=1/5, gap=2, poss=0/0, prio=2), Wulingsanzheng(hits=1/8, gap=4, poss=0/0, prio=3), Chaihubaihutangzheng(hits=2/12, gap=6, poss=0/0, prio=2), Xiexintangzheng(hits=0/5, gap=3, poss=1/1, prio=1), Maxingshigantangzheng(hits=0/5, gap=3, poss=1/2, prio=3)]
兼夹证：[]
加味药物：[]
配伍禁忌警告：[]
[通过] ShaoyangYangmingFangzhengTest      t_baihujiarenshentang          「白虎加人参汤证」        0.39s

===== 白虎加桂枝汤证 =====
八纲：{表里=[里证], 寒热=[], 虚实=[], 阴阳=[阳证], bagangTypes=[里证, 阳证]}
六经：阳明病
方证：白虎加桂枝汤证
推荐方剂：白虎加桂枝汤
药物组成：[甘草, 桂枝, 粳米, 石膏, 知母]
六经列表：[阳明病]
合病标记：null
候选方证：[白虎加桂枝汤证, 白虎汤证, 白虎加人参汤证, 猪苓汤证, 五苓散证, 柴胡白虎汤证, 泻心汤证, 麻杏石甘汤证]
候选方证打分：[Baihujiaguizhitangzheng(hits=5/7, gap=0, poss=0/0, prio=3), Baihutangzheng(hits=4/6, gap=0, poss=0/0, prio=2), Baihujiarenshentangzheng(hits=3/6, gap=1, poss=0/0, prio=2), Zhulingtangzheng(hits=1/5, gap=2, poss=0/0, prio=2), Wulingsanzheng(hits=1/8, gap=4, poss=0/0, prio=3), Chaihubaihutangzheng(hits=2/12, gap=6, poss=0/0, prio=2), Xiexintangzheng(hits=0/5, gap=3, poss=1/1, prio=1), Maxingshigantangzheng(hits=0/5, gap=3, poss=1/2, prio=3)]
兼夹证：[]
加味药物：[]
配伍禁忌警告：[]
[通过] ShaoyangYangmingFangzhengTest      t_baihujiaguizhitang           「白虎加桂枝汤证」        0.76s

===== 白虎汤证（三阳合病） =====
八纲：{表里=[半表半里, 表证, 里证], 寒热=[热证], 虚实=[], 阴阳=[阳证], bagangTypes=[半表半里, 表证, 里证, 热证, 阳证]}
六经：三阳合病
方证：白虎汤证
推荐方剂：白虎汤
药物组成：[甘草, 粳米, 石膏, 知母]
六经列表：[少阳病, 太阳病, 阳明病]
合病标记：三阳合病
候选方证：[白虎汤证, 小柴胡汤证, 白虎加人参汤证, 柴胡去半夏加栝楼汤证, 头风摩散证, 杏子汤证, 厚朴麻黄汤证, 柴胡白虎汤证, 五苓散证, 柴胡加芒硝汤证]
候选方证打分：[Baihutangzheng(hits=4/6, gap=0, poss=0/0, prio=2), Xiaochaihutangzheng(hits=2/3, gap=0, poss=0/1, prio=3), Baihujiarenshentangzheng(hits=3/6, gap=1, poss=0/0, prio=2), Chaihuqubanxiajiagualoutangzheng(hits=1/4, gap=1, poss=0/0, prio=3), Toufengmosanzheng(hits=1/4, gap=1, poss=0/0, prio=3), Xingzitangzheng(hits=1/4, gap=1, poss=0/0, prio=3), Houpomahuangtangzheng(hits=1/4, gap=1, poss=0/4, prio=3), Chaihubaihutangzheng(hits=4/12, gap=2, poss=0/0, prio=2), Wulingsanzheng(hits=2/8, gap=2, poss=0/0, prio=3), Chaihujiamangxiaotangzheng(hits=1/7, gap=2, poss=0/0, prio=3)]
兼夹证：[]
加味药物：[]
配伍禁忌警告：[]
[通过] ShaoyangYangmingFangzhengTest      shouldDiagnoseBaihuTangPattern_SanYang 「白虎汤证诊断（三阳合病）」     0.45s

===== 竹叶石膏汤证 =====
八纲：{表里=[里证], 寒热=[热证], 虚实=[虚证], 阴阳=[阳证], bagangTypes=[里证, 热证, 虚证, 阳证, 阴证]}
六经：阳明太阴合病
方证：竹叶石膏汤证
推荐方剂：竹叶石膏汤
药物组成：[半夏, 甘草, 粳米, 麦门冬, 人参, 石膏, 竹叶]
六经列表：[太阴病, 阳明病]
合病标记：阳明太阴合病
候选方证：[竹叶石膏汤证, 橘皮竹茹汤证, 栀子甘草豉汤证, 茯苓泽泻汤证, 白虎汤证, 栝楼瞿麦丸证, 猪苓汤证, 柴胡桂枝干姜汤证, 白虎加人参汤证, 文蛤汤证]
候选方证打分：[Zhuyeshigaotangzheng(hits=3/5, gap=0, poss=0/0, prio=3), Jupizhurutangzheng(hits=2/5, gap=1, poss=0/0, prio=3), Zhizigancaochitangzheng(hits=1/4, gap=1, poss=0/0, prio=2), Fulingzexietangzheng(hits=1/4, gap=1, poss=0/0, prio=3), Baihutangzheng(hits=2/6, gap=2, poss=0/0, prio=2), Gualouqumaiwanzheng(hits=1/5, gap=2, poss=0/0, prio=3), Zhulingtangzheng(hits=1/5, gap=2, poss=0/0, prio=2), Chaihuguizhiganjiangtangzheng(hits=1/7, gap=3, poss=0/0, prio=3), Baihujiarenshentangzheng(hits=1/6, gap=3, poss=0/0, prio=2), Wengetangzheng(hits=1/6, gap=3, poss=0/0, prio=3)]
兼夹证：[]
加味药物：[]
配伍禁忌警告：[]
[通过] ShaoyangYangmingFangzhengTest      t_zhuyeshigaotang              「竹叶石膏汤证」         0.41s

===== 大承气汤证 =====
八纲：{表里=[里证], 寒热=[热证], 虚实=[实证], 阴阳=[阳证], bagangTypes=[里证, 热证, 实证, 阳证]}
六经：阳明病
方证：大承气汤证
推荐方剂：大承气汤
药物组成：[大黄, 厚朴, 芒硝, 枳实]
六经列表：[阳明病]
合病标记：null
候选方证：[大承气汤证, 小承气汤证, 厚朴三物汤证, 栀子厚朴汤证, 栀子大黄汤证, 猪苓汤证, 厚朴七物汤证, 柴胡加芒硝汤证, 柴胡加龙骨牡蛎汤证, 五苓散证]
候选方证打分：[Dachengqitangzheng(hits=6/8, gap=0, poss=0/0, prio=1), Xiaochengqitangzheng(hits=3/5, gap=0, poss=0/2, prio=2), Houposanwutangzheng(hits=1/4, gap=1, poss=0/0, prio=2), Zhizihoupotangzheng(hits=1/5, gap=2, poss=0/0, prio=2), Zhizidahuangtangzheng(hits=1/5, gap=2, poss=0/1, prio=2), Zhulingtangzheng(hits=1/5, gap=2, poss=0/0, prio=2), Houpoqiwutangzheng(hits=1/7, gap=3, poss=1/2, prio=2), Chaihujiamangxiaotangzheng(hits=1/7, gap=3, poss=0/0, prio=3), Chaihujialonggumulitangzheng(hits=1/8, gap=4, poss=0/0, prio=2), Wulingsanzheng(hits=1/8, gap=4, poss=0/0, prio=3)]
兼夹证：[]
加味药物：[]
配伍禁忌警告：[]
[通过] ShaoyangYangmingFangzhengTest      shouldDiagnoseDaChengqiTangPattern 「大承气汤证诊断」        0.42s

===== 小承气汤证 =====
八纲：{表里=[里证], 寒热=[热证], 虚实=[实证], 阴阳=[阳证], bagangTypes=[里证, 热证, 实证, 阳证]}
六经：阳明病
方证：小承气汤证
推荐方剂：小承气汤
药物组成：[大黄, 厚朴, 枳实]
六经列表：[阳明病]
合病标记：null
候选方证：[小承气汤证, 栀子厚朴汤证, 猪苓汤证, 大承气汤证, 柴胡加芒硝汤证, 厚朴七物汤证, 白虎汤证, 柴胡加龙骨牡蛎汤证, 五苓散证, 大黄硝石汤证]
候选方证打分：[Xiaochengqitangzheng(hits=3/5, gap=0, poss=0/2, prio=2), Zhizihoupotangzheng(hits=1/5, gap=2, poss=0/0, prio=2), Zhulingtangzheng(hits=1/5, gap=2, poss=0/0, prio=2), Dachengqitangzheng(hits=3/8, gap=3, poss=0/0, prio=1), Chaihujiamangxiaotangzheng(hits=1/7, gap=3, poss=0/0, prio=3), Houpoqiwutangzheng(hits=1/7, gap=3, poss=0/2, prio=2), Baihutangzheng(hits=1/6, gap=3, poss=0/0, prio=2), Chaihujialonggumulitangzheng(hits=1/8, gap=4, poss=0/0, prio=2), Wulingsanzheng(hits=1/8, gap=4, poss=0/0, prio=3), Dahuangxiaoshitangzheng(hits=1/7, gap=4, poss=0/1, prio=2)]
兼夹证：[]
加味药物：[]
配伍禁忌警告：[]
[通过] ShaoyangYangmingFangzhengTest      t_xiaochengqitang              「小承气汤证」          0.37s

===== 调胃承气汤证 =====
八纲：{表里=[里证], 寒热=[], 虚实=[实证], 阴阳=[阳证], bagangTypes=[里证, 实证, 阳证]}
六经：阳明病
方证：调胃承气汤证
推荐方剂：调胃承气汤
药物组成：[大黄, 甘草, 芒硝]
六经列表：[阳明病]
合病标记：null
候选方证：[调胃承气汤证, 栀子厚朴汤证, 小承气汤证, 猪苓汤证, 甘草泻心汤证, 厚朴七物汤证, 白虎汤证, 大承气汤证, 五苓散证, 大黄硝石汤证]
候选方证打分：[Tiaoweichengqitangzheng(hits=2/4, gap=0, poss=0/0, prio=2), Zhizihoupotangzheng(hits=2/5, gap=1, poss=0/0, prio=2), Xiaochengqitangzheng(hits=1/5, gap=2, poss=0/2, prio=2), Zhulingtangzheng(hits=1/5, gap=2, poss=0/0, prio=2), Gancaoxiexintangzheng(hits=1/4, gap=2, poss=0/0, prio=2), Houpoqiwutangzheng(hits=1/7, gap=3, poss=0/2, prio=2), Baihutangzheng(hits=1/6, gap=3, poss=0/0, prio=2), Dachengqitangzheng(hits=2/8, gap=4, poss=0/0, prio=1), Wulingsanzheng(hits=1/8, gap=4, poss=0/0, prio=3), Dahuangxiaoshitangzheng(hits=1/7, gap=4, poss=1/1, prio=2)]
兼夹证：[]
加味药物：[]
配伍禁忌警告：[]
[通过] ShaoyangYangmingFangzhengTest      t_tiaoweichengqitang           「调胃承气汤证」         0.42s

===== 桃核承气汤证 =====
八纲：{表里=[表证], 寒热=[], 虚实=[虚证], 阴阳=[阳证], bagangTypes=[表证, 虚证, 阳证, 阴证]}
六经：太少两感
方证：桃核承气汤证
推荐方剂：桃核承气汤
药物组成：[大黄, 甘草, 桂枝, 芒硝, 桃仁]
六经列表：[少阴病, 太阳病]
合病标记：太少两感
候选方证：[桃核承气汤证, 抵当汤证, 桂枝去芍药加附子汤证, 麻黄附子细辛汤证, 麻黄附子甘草汤证, 麻黄加术汤证, 杏子汤证, 抵当丸证, 厚朴麻黄汤证, 芍药甘草附子汤证]
候选方证打分：[Taohechengqitangzheng(hits=2/4, gap=0, poss=0/0, prio=2), Didangtangzheng(hits=2/5, gap=1, poss=1/1, prio=2), Guizhiqushaoyaojiafuzitangzheng(hits=1/4, gap=1, poss=0/0, prio=2), Mahuangfuzixixintangzheng(hits=1/4, gap=1, poss=0/0, prio=2), Mahuangfuzigancaotangzheng(hits=1/4, gap=1, poss=0/0, prio=3), Mahuangjiazhutangzheng(hits=1/4, gap=1, poss=0/0, prio=3), Xingzitangzheng(hits=1/4, gap=1, poss=0/0, prio=3), Didangwanzheng(hits=1/4, gap=1, poss=0/1, prio=2), Houpomahuangtangzheng(hits=1/4, gap=1, poss=0/4, prio=3), Shaoyaogancaofuzitangzheng(hits=1/5, gap=2, poss=0/1, prio=3)]
兼夹证：[]
加味药物：[]
配伍禁忌警告：[]
[通过] ShaoyangYangmingFangzhengTest      t_taohechengqitang             「桃核承气汤证」         0.48s

===== 麻子仁丸证 =====
八纲：{表里=[表证, 里证], 寒热=[热证], 虚实=[], 阴阳=[阳证], bagangTypes=[表证, 里证, 热证, 阳证]}
六经：太阳阳明合病
方证：麻子仁丸证
推荐方剂：麻子仁丸
药物组成：[大黄, 厚朴, 麻子仁, 芍药, 杏仁, 枳实]
六经列表：[太阳病, 阳明病]
合病标记：太阳阳明合病
候选方证：[麻子仁丸证, 杏子汤证, 厚朴麻黄汤证, 五苓散证, 蜜煎导方证, 猪胆汁方证, 猪苓汤证, 白术附子汤证, 白虎汤证, 小青龙加石膏汤证]
候选方证打分：[Mazirenwanzheng(hits=2/4, gap=0, poss=0/0, prio=3), Xingzitangzheng(hits=1/4, gap=1, poss=0/0, prio=3), Houpomahuangtangzheng(hits=1/4, gap=1, poss=0/4, prio=3), Wulingsanzheng(hits=2/8, gap=2, poss=0/0, prio=3), Mijiandaofangzheng(hits=1/5, gap=2, poss=0/0, prio=3), Zhudanzhifangzheng(hits=1/5, gap=2, poss=0/0, prio=3), Zhulingtangzheng(hits=1/5, gap=2, poss=0/0, prio=2), Baizhufuzitangzheng(hits=1/7, gap=3, poss=0/0, prio=3), Baihutangzheng(hits=1/6, gap=3, poss=0/0, prio=2), Xiaoqinglongjiashigaotangzheng(hits=1/6, gap=3, poss=0/0, prio=3)]
兼夹证：[]
加味药物：[]
配伍禁忌警告：[]
[通过] ShaoyangYangmingFangzhengTest      t_mazirenwan                   「麻子仁丸证」          0.45s

===== 大黄甘草汤证 =====
八纲：{表里=[里证], 寒热=[], 虚实=[], 阴阳=[阳证], bagangTypes=[里证, 阳证]}
六经：阳明病
方证：大黄甘草汤证
推荐方剂：大黄汤
药物组成：[大黄, 甘草]
六经列表：[阳明病]
合病标记：null
候选方证：[大黄甘草汤证, 麻子仁丸证, 白虎汤证, 蜜煎导方证, 猪胆汁方证, 猪苓汤证, 白虎加人参汤证, 五苓散证, 白虎加桂枝汤证, 大柴胡汤证]
候选方证打分：[Dahuanggancaotangzheng(hits=1/3, gap=0, poss=0/0, prio=2), Mazirenwanzheng(hits=1/4, gap=1, poss=0/0, prio=3), Baihutangzheng(hits=2/6, gap=2, poss=0/0, prio=2), Mijiandaofangzheng(hits=1/5, gap=2, poss=0/0, prio=3), Zhudanzhifangzheng(hits=1/5, gap=2, poss=0/0, prio=3), Zhulingtangzheng(hits=1/5, gap=2, poss=0/0, prio=2), Baihujiarenshentangzheng(hits=1/6, gap=3, poss=0/0, prio=2), Wulingsanzheng(hits=1/8, gap=4, poss=0/0, prio=3), Baihujiaguizhitangzheng(hits=1/7, gap=4, poss=0/0, prio=3), Dachaihutangzheng(hits=1/9, gap=5, poss=0/0, prio=2)]
兼夹证：[]
加味药物：[]
配伍禁忌警告：[]
[通过] ShaoyangYangmingFangzhengTest      t_dahuanggancaotang            「大黄甘草汤证」         0.45s

===== 大黄牡丹汤证 =====
八纲：{表里=[里证], 寒热=[], 虚实=[], 阴阳=[阳证], bagangTypes=[里证, 阳证]}
六经：阳明病
方证：大黄牡丹汤证
推荐方剂：大黄牡丹汤
药物组成：[大黄, 冬瓜仁, 芒硝, 牡丹皮, 桃仁]
六经列表：[阳明病]
合病标记：null
候选方证：[大黄牡丹汤证, 薏苡附子败酱散证, 附子泻心汤证, 猪苓汤证, 麻黄连翘赤小豆汤证, 白虎汤证, 五苓散证, 大黄硝石汤证, 柴胡白虎汤证, 泻心汤证]
候选方证打分：[Dahuangmudantangzheng(hits=2/4, gap=0, poss=0/0, prio=2), Yiyifuzibaijiangsanzheng(hits=1/5, gap=2, poss=0/1, prio=2), Fuzixiexintangzheng(hits=1/5, gap=2, poss=0/0, prio=2), Zhulingtangzheng(hits=1/5, gap=2, poss=0/0, prio=2), Mahuanglianqiaochixiaodoutangzheng(hits=1/7, gap=3, poss=0/0, prio=3), Baihutangzheng(hits=1/6, gap=3, poss=0/0, prio=2), Wulingsanzheng(hits=1/8, gap=4, poss=0/0, prio=3), Dahuangxiaoshitangzheng(hits=1/7, gap=4, poss=0/1, prio=2), Chaihubaihutangzheng(hits=2/12, gap=6, poss=0/0, prio=2), Xiexintangzheng(hits=0/5, gap=3, poss=1/1, prio=1)]
兼夹证：[]
加味药物：[]
配伍禁忌警告：[]
[通过] ShaoyangYangmingFangzhengTest      t_dahuangmudantang             「大黄牡丹汤证」         0.36s

===== 大黄硝石汤证 =====
八纲：{表里=[里证], 寒热=[], 虚实=[实证], 阴阳=[阳证], bagangTypes=[里证, 实证, 阳证]}
六经：阳明病
方证：大黄硝石汤证
推荐方剂：大黄硝石汤
药物组成：[大黄, 黄柏, 硝石, 栀子]
六经列表：[阳明病]
合病标记：null
候选方证：[大黄硝石汤证, 茵陈五苓散证, 茯苓戎盐汤证, 滑石白鱼散证, 蒲灰散证, 猪苓汤证, 茵陈蒿汤证, 牡蛎泽泻散证, 猪膏发煎证, 栀子厚朴汤证]
候选方证打分：[Dahuangxiaoshitangzheng(hits=5/7, gap=0, poss=1/1, prio=2), Yinchenwulingsanzheng(hits=2/4, gap=0, poss=0/0, prio=3), Fulingrongyantangzheng(hits=1/3, gap=0, poss=0/0, prio=3), Huashibaiyusanzheng(hits=1/3, gap=0, poss=0/0, prio=3), Puhuisanzheng(hits=1/3, gap=0, poss=0/0, prio=3), Zhulingtangzheng(hits=2/5, gap=1, poss=0/0, prio=2), Yinchenhaotangzheng(hits=1/4, gap=1, poss=0/0, prio=2), Mulizexiesanzheng(hits=1/4, gap=1, poss=0/0, prio=3), Zhugaofajianzheng(hits=1/4, gap=1, poss=0/0, prio=3), Zhizihoupotangzheng(hits=1/5, gap=2, poss=0/0, prio=2)]
兼夹证：[]
加味药物：[]
配伍禁忌警告：[]
[通过] ShaoyangYangmingFangzhengTest      t_dahuangxiaoshitang           「大黄硝石汤证」         0.40s

===== 大黄附子汤证 =====
八纲：{表里=[里证], 寒热=[], 虚实=[实证, 虚证], 阴阳=[阳证], bagangTypes=[里证, 实证, 虚证, 阳证, 阴证]}
六经：阳明太阴合病
方证：大黄附子汤证
推荐方剂：大黄附子汤
药物组成：[大黄, 附子, 细辛]
六经列表：[太阴病, 阳明病]
合病标记：阳明太阴合病
候选方证：[大黄附子汤证, 理中汤证, 栀子柏皮汤证, 桂枝加芍药汤证, 己椒苈黄丸证, 诃梨勒散证, 厚朴生姜半夏甘草人参汤证, 紫参汤证, 厚朴七物汤证, 半夏泻心汤证]
候选方证打分：[Dahuangfuzitangzheng(hits=3/5, gap=0, poss=0/0, prio=2), Lizhongtangzheng(hits=3/5, gap=0, poss=0/0, prio=3), Zhizibaipitangzheng(hits=1/4, gap=1, poss=0/0, prio=2), Guizhijiashaoyaotangzheng(hits=1/4, gap=1, poss=0/0, prio=3), Jijiaolihuangwanzheng(hits=1/4, gap=1, poss=0/0, prio=3), Helilesanzheng(hits=1/4, gap=1, poss=0/1, prio=3), Houposhengjiangbanxiagancaorenshentangzheng(hits=1/4, gap=1, poss=0/1, prio=3), Zishentangzheng(hits=1/4, gap=1, poss=0/1, prio=3), Houpoqiwutangzheng(hits=2/7, gap=2, poss=0/2, prio=2), Banxiaxiexintangzheng(hits=1/5, gap=2, poss=0/0, prio=2)]
兼夹证：[]
加味药物：[]
配伍禁忌警告：[]
[通过] ShaoyangYangmingFangzhengTest      t_dahuangfuzitang              「大黄附子汤证」         0.40s

===== 厚朴大黄汤证 =====
八纲：{表里=[里证], 寒热=[], 虚实=[实证], 阴阳=[阳证], bagangTypes=[里证, 实证, 阳证]}
六经：阳明病
方证：厚朴大黄汤证
推荐方剂：Houpodahuangtang
药物组成：[]
六经列表：[阳明病]
合病标记：null
候选方证：[厚朴大黄汤证, 麻子仁丸证, 白虎汤证, 蜜煎导方证, 猪胆汁方证, 猪苓汤证, 白虎加人参汤证, 五苓散证, 白虎加桂枝汤证, 大柴胡汤证]
候选方证打分：[Houpodahuangtangzheng(hits=1/3, gap=0, poss=0/2, prio=3), Mazirenwanzheng(hits=1/4, gap=1, poss=0/0, prio=3), Baihutangzheng(hits=2/6, gap=2, poss=0/0, prio=2), Mijiandaofangzheng(hits=1/5, gap=2, poss=0/0, prio=3), Zhudanzhifangzheng(hits=1/5, gap=2, poss=0/0, prio=3), Zhulingtangzheng(hits=1/5, gap=2, poss=0/0, prio=2), Baihujiarenshentangzheng(hits=1/6, gap=3, poss=0/0, prio=2), Wulingsanzheng(hits=1/8, gap=4, poss=0/0, prio=3), Baihujiaguizhitangzheng(hits=1/7, gap=4, poss=0/0, prio=3), Dachaihutangzheng(hits=1/9, gap=5, poss=0/0, prio=2)]
兼夹证：[]
加味药物：[]
配伍禁忌警告：[]
[通过] ShaoyangYangmingFangzhengTest      t_houpodahuangtang             「厚朴大黄汤证」         0.35s

===== 厚朴三物汤证 =====
八纲：{表里=[里证], 寒热=[热证], 虚实=[实证], 阴阳=[阳证], bagangTypes=[里证, 热证, 实证, 阳证]}
六经：阳明病
方证：厚朴三物汤证
推荐方剂：厚朴三物汤
药物组成：[大黄, 厚朴, 枳实]
六经列表：[阳明病]
合病标记：null
候选方证：[厚朴三物汤证, 小承气汤证, 大承气汤证, 白虎汤证, 栀子大黄汤证, 猪苓汤证, 柴胡加芒硝汤证, 白虎加人参汤证, 柴胡加龙骨牡蛎汤证, 五苓散证]
候选方证打分：[Houposanwutangzheng(hits=2/4, gap=0, poss=0/0, prio=2), Xiaochengqitangzheng(hits=2/5, gap=1, poss=0/2, prio=2), Dachengqitangzheng(hits=4/8, gap=2, poss=0/0, prio=1), Baihutangzheng(hits=2/6, gap=2, poss=0/0, prio=2), Zhizidahuangtangzheng(hits=1/5, gap=2, poss=0/1, prio=2), Zhulingtangzheng(hits=1/5, gap=2, poss=0/0, prio=2), Chaihujiamangxiaotangzheng(hits=1/7, gap=3, poss=0/0, prio=3), Baihujiarenshentangzheng(hits=1/6, gap=3, poss=0/0, prio=2), Chaihujialonggumulitangzheng(hits=1/8, gap=4, poss=0/0, prio=2), Wulingsanzheng(hits=1/8, gap=4, poss=0/0, prio=3)]
兼夹证：[]
加味药物：[]
配伍禁忌警告：[]
[通过] ShaoyangYangmingFangzhengTest      t_houpousanwutang              「厚朴三物汤证」         0.37s

===== 枳实栀子豉汤证 =====
八纲：{表里=[表证, 里证], 寒热=[热证], 虚实=[], 阴阳=[阳证], bagangTypes=[表证, 里证, 热证, 阳证]}
六经：太阳阳明合病
方证：枳实栀子豉汤证
推荐方剂：枳实栀子豉汤
药物组成：[香豉, 枳实, 栀子]
六经列表：[太阳病, 阳明病]
合病标记：太阳阳明合病
候选方证：[枳实栀子豉汤证, 杏子汤证, 厚朴麻黄汤证, 五苓散证, 猪苓汤证, 白虎汤证, 小青龙加石膏汤证, 桂枝二越婢一汤证, 柴胡白虎汤证, 泻心汤证]
候选方证打分：[Zhishizhizichitangzheng(hits=2/4, gap=0, poss=0/0, prio=2), Xingzitangzheng(hits=1/4, gap=1, poss=0/0, prio=3), Houpomahuangtangzheng(hits=1/4, gap=1, poss=0/4, prio=3), Wulingsanzheng(hits=2/8, gap=2, poss=0/0, prio=3), Zhulingtangzheng(hits=1/5, gap=2, poss=0/0, prio=2), Baihutangzheng(hits=1/6, gap=3, poss=0/0, prio=2), Xiaoqinglongjiashigaotangzheng(hits=1/6, gap=3, poss=0/0, prio=3), Guizhieryuebiyitangzheng(hits=1/7, gap=4, poss=0/0, prio=3), Chaihubaihutangzheng(hits=1/12, gap=6, poss=0/0, prio=2), Xiexintangzheng(hits=0/5, gap=3, poss=1/1, prio=1)]
兼夹证：[]
加味药物：[]
配伍禁忌警告：[]
[通过] ShaoyangYangmingFangzhengTest      t_zhishizhizichitang           「枳实栀子豉汤证」        0.46s

===== 半夏泻心汤证 =====
八纲：{表里=[里证], 寒热=[], 虚实=[虚证], 阴阳=[阴证], bagangTypes=[里证, 虚证, 阴证]}
六经：太阴病
方证：半夏泻心汤证
推荐方剂：半夏泻心汤
药物组成：[半夏, 大枣, 甘草, 干姜, 黄连, 黄芩, 人参]
六经列表：[太阴病]
合病标记：null
候选方证：[半夏泻心汤证, 理中汤证, 甘遂半夏汤证, 桂枝加芍药汤证, 己椒苈黄丸证, 诃梨勒散证, 厚朴生姜半夏甘草人参汤证, 紫参汤证, 小半夏加茯苓汤证, 苓甘五味姜辛夏汤证]
候选方证打分：[Banxiaxiexintangzheng(hits=3/5, gap=0, poss=0/0, prio=2), Lizhongtangzheng(hits=3/5, gap=0, poss=0/0, prio=3), Gansuibanxiatangzheng(hits=2/5, gap=1, poss=0/0, prio=2), Guizhijiashaoyaotangzheng(hits=1/4, gap=1, poss=0/0, prio=3), Jijiaolihuangwanzheng(hits=1/4, gap=1, poss=0/0, prio=3), Helilesanzheng(hits=1/4, gap=1, poss=0/1, prio=3), Houposhengjiangbanxiagancaorenshentangzheng(hits=1/4, gap=1, poss=0/1, prio=3), Zishentangzheng(hits=1/4, gap=1, poss=0/1, prio=3), Xiaobanxiajiafulingtangzheng(hits=1/5, gap=2, poss=1/1, prio=3), Lingganwuweijiangxinxiatangzheng(hits=1/5, gap=2, poss=0/0, prio=3)]
兼夹证：[]
加味药物：[]
配伍禁忌警告：[]
[通过] ShaoyangYangmingFangzhengTest      t_banxiaxiexintang             「半夏泻心汤证」         0.43s

===== 生姜泻心汤证 =====
八纲：{表里=[里证], 寒热=[], 虚实=[虚证], 阴阳=[阴证], bagangTypes=[里证, 虚证, 阴证]}
六经：太阴病
方证：生姜泻心汤证
推荐方剂：生姜泻心汤
药物组成：[半夏, 大枣, 甘草, 干姜, 黄连, 黄芩, 人参, 生姜]
六经列表：[太阴病]
合病标记：null
候选方证：[生姜泻心汤证, 理中汤证, 赤石脂禹余粮汤证, 桂枝加芍药汤证, 己椒苈黄丸证, 旋覆代赭汤证, 诃梨勒散证, 厚朴生姜半夏甘草人参汤证, 紫参汤证, 半夏泻心汤证]
候选方证打分：[Shengjiangxiexintangzheng(hits=3/5, gap=0, poss=0/0, prio=2), Lizhongtangzheng(hits=3/5, gap=0, poss=0/0, prio=3), Chishizhiyuyuliangtangzheng(hits=1/4, gap=1, poss=0/0, prio=2), Guizhijiashaoyaotangzheng(hits=1/4, gap=1, poss=0/0, prio=3), Jijiaolihuangwanzheng(hits=1/4, gap=1, poss=0/0, prio=3), Xuanfudaizhetangzheng(hits=1/4, gap=1, poss=0/0, prio=3), Helilesanzheng(hits=1/4, gap=1, poss=0/1, prio=3), Houposhengjiangbanxiagancaorenshentangzheng(hits=1/4, gap=1, poss=0/1, prio=3), Zishentangzheng(hits=1/4, gap=1, poss=0/1, prio=3), Banxiaxiexintangzheng(hits=1/5, gap=2, poss=0/0, prio=2)]
兼夹证：[]
加味药物：[]
配伍禁忌警告：[]
[通过] ShaoyangYangmingFangzhengTest      t_shengjiangxiexintang         「生姜泻心汤证」         0.37s

===== 甘草泻心汤证（伤寒） =====
八纲：{表里=[里证], 寒热=[], 虚实=[虚证], 阴阳=[阴证], bagangTypes=[里证, 虚证, 阴证]}
六经：太阴病
方证：甘草泻心汤证
推荐方剂：泻心汤
药物组成：[半夏, 大枣, 甘草, 干姜, 黄连, 黄芩, 人参]
六经列表：[太阴病]
合病标记：null
候选方证：[甘草泻心汤证, 理中汤证, 赤石脂禹余粮汤证, 桂枝加芍药汤证, 己椒苈黄丸证, 厚朴生姜半夏甘草人参汤证, 温胆汤证, 甘草干姜汤证, 大黄甘遂汤证, 桂枝人参汤证]
候选方证打分：[Gancaoxiexintangzheng(hits=2/4, gap=0, poss=0/0, prio=2), Lizhongtangzheng(hits=2/5, gap=1, poss=0/0, prio=3), Chishizhiyuyuliangtangzheng(hits=1/4, gap=1, poss=0/0, prio=2), Guizhijiashaoyaotangzheng(hits=1/4, gap=1, poss=0/0, prio=3), Jijiaolihuangwanzheng(hits=1/4, gap=1, poss=0/0, prio=3), Houposhengjiangbanxiagancaorenshentangzheng(hits=1/4, gap=1, poss=0/1, prio=3), Wendantangzheng(hits=1/2, gap=1, poss=0/0, prio=3), Gancaoganjiangtangzheng(hits=1/6, gap=3, poss=0/1, prio=3), Dahuanggansuitangzheng(hits=1/6, gap=3, poss=1/2, prio=2), Guizhirenshentangzheng(hits=1/6, gap=3, poss=0/0, prio=2)]
兼夹证：[]
加味药物：[]
配伍禁忌警告：[]
[通过] ShaoyangYangmingFangzhengTest      t_gancaoxiexintang             「甘草泻心汤证（伤寒）」     0.48s

===== 甘草泻心汤证（狐惑） =====
八纲：{表里=[里证], 寒热=[], 虚实=[虚证], 阴阳=[阴证], bagangTypes=[里证, 虚证, 阳证, 阴证]}
六经：阳明太阴合病
方证：甘草泻心汤证（狐惑）
推荐方剂：泻心汤
药物组成：[半夏, 大枣, 甘草, 干姜, 黄连, 黄芩, 人参]
六经列表：[太阴病, 阳明病]
合病标记：阳明太阴合病
候选方证：[甘草泻心汤证（狐惑）, 栀子厚朴汤证, 理中汤证, 栀子柏皮汤证, 桂枝加芍药汤证, 己椒苈黄丸证, 厚朴生姜半夏甘草人参汤证, 麻黄连翘赤小豆汤证, 厚朴七物汤证, 附子泻心汤证]
候选方证打分：[Gancaoxiexintangzheng_huhuo(hits=9/11, gap=0, poss=0/0, prio=2), Zhizihoupotangzheng(hits=2/5, gap=1, poss=0/0, prio=2), Lizhongtangzheng(hits=2/5, gap=1, poss=0/0, prio=3), Zhizibaipitangzheng(hits=1/4, gap=1, poss=0/0, prio=2), Guizhijiashaoyaotangzheng(hits=1/4, gap=1, poss=0/0, prio=3), Jijiaolihuangwanzheng(hits=1/4, gap=1, poss=0/0, prio=3), Houposhengjiangbanxiagancaorenshentangzheng(hits=1/4, gap=1, poss=0/1, prio=3), Mahuanglianqiaochixiaodoutangzheng(hits=2/7, gap=2, poss=0/0, prio=3), Houpoqiwutangzheng(hits=2/7, gap=2, poss=0/2, prio=2), Fuzixiexintangzheng(hits=1/5, gap=2, poss=0/0, prio=2)]
兼夹证：[]
加味药物：[]
配伍禁忌警告：[]
[通过] ShaoyangYangmingFangzhengTest      t_gancaoxiexintang_huhuo       「甘草泻心汤证（狐惑）」     0.44s

===== 大黄黄连泻心汤证 =====
八纲：{表里=[表证, 里证], 寒热=[热证], 虚实=[], 阴阳=[阳证], bagangTypes=[表证, 里证, 热证, 阳证]}
六经：太阳阳明合病
方证：大黄黄连泻心汤证
推荐方剂：大黄黄连泻心汤
药物组成：[大黄, 黄连]
六经列表：[太阳病, 阳明病]
合病标记：太阳阳明合病
候选方证：[大黄黄连泻心汤证, 麻子仁丸证, 杏子汤证, 小陷胸汤证, 厚朴麻黄汤证, 五苓散证, 白虎汤证, 小承气汤证, 蜜煎导方证, 猪胆汁方证]
候选方证打分：[Dahuanghuanglianxiexintangzheng(hits=2/4, gap=0, poss=0/0, prio=2), Mazirenwanzheng(hits=1/4, gap=1, poss=0/0, prio=3), Xingzitangzheng(hits=1/4, gap=1, poss=0/0, prio=3), Xiaoxianxiongtangzheng(hits=1/4, gap=1, poss=0/1, prio=2), Houpomahuangtangzheng(hits=1/4, gap=1, poss=0/4, prio=3), Wulingsanzheng(hits=2/8, gap=2, poss=0/0, prio=3), Baihutangzheng(hits=2/6, gap=2, poss=0/0, prio=2), Xiaochengqitangzheng(hits=1/5, gap=2, poss=1/2, prio=2), Mijiandaofangzheng(hits=1/5, gap=2, poss=0/0, prio=3), Zhudanzhifangzheng(hits=1/5, gap=2, poss=0/0, prio=3)]
兼夹证：[]
加味药物：[]
配伍禁忌警告：[]
[通过] ShaoyangYangmingFangzhengTest      t_dahuanghuanglianxiexintang   「大黄黄连泻心汤证」       0.76s

===== 附子泻心汤证 =====
八纲：{表里=[表证, 里证], 寒热=[热证], 虚实=[], 阴阳=[阳证], bagangTypes=[表证, 里证, 热证, 阳证]}
六经：太阳阳明合病
方证：附子泻心汤证
推荐方剂：附子泻心汤
药物组成：[大黄, 附子, 黄连, 黄芩]
六经列表：[太阳病, 阳明病]
合病标记：太阳阳明合病
候选方证：[附子泻心汤证, 大黄黄连泻心汤证, 桂枝去芍药加附子汤证, 麻黄加术汤证, 麻子仁丸证, 杏子汤证, 小陷胸汤证, 厚朴麻黄汤证, 五苓散证, 葛根黄芩黄连汤证]
候选方证打分：[Fuzixiexintangzheng(hits=3/5, gap=0, poss=0/0, prio=2), Dahuanghuanglianxiexintangzheng(hits=1/4, gap=1, poss=0/0, prio=2), Guizhiqushaoyaojiafuzitangzheng(hits=1/4, gap=1, poss=0/0, prio=2), Mahuangjiazhutangzheng(hits=1/4, gap=1, poss=0/0, prio=3), Mazirenwanzheng(hits=1/4, gap=1, poss=0/0, prio=3), Xingzitangzheng(hits=1/4, gap=1, poss=0/0, prio=3), Xiaoxianxiongtangzheng(hits=1/4, gap=1, poss=0/1, prio=2), Houpomahuangtangzheng(hits=1/4, gap=1, poss=0/4, prio=3), Wulingsanzheng(hits=2/8, gap=2, poss=0/0, prio=3), Gegenhuangqinhuangliantangzheng(hits=1/7, gap=2, poss=0/0, prio=2)]
兼夹证：[]
加味药物：[]
配伍禁忌警告：[]
[通过] ShaoyangYangmingFangzhengTest      t_fuzixiexintang               「附子泻心汤证」         0.55s

===== 黄连汤证 =====
八纲：{表里=[半表半里], 寒热=[], 虚实=[虚证], 阴阳=[阴证], bagangTypes=[半表半里, 虚证, 阴证]}
六经：厥阴病
方证：黄连汤证
推荐方剂：黄连汤
药物组成：[半夏, 大枣, 甘草, 干姜, 桂枝, 黄连, 人参]
六经列表：[厥阴病]
合病标记：null
候选方证：[黄连汤证, 当归四逆汤证, 当归四逆加吴茱萸生姜汤证, 茯苓甘草汤证, 乌梅丸证]
候选方证打分：[Huangliantangzheng(hits=3/5, gap=0, poss=0/0, prio=2), Dangguisinitangzheng(hits=1/4, gap=1, poss=0/0, prio=3), Dangguisinijiawuzhuyushengjiangtangzheng(hits=1/5, gap=2, poss=0/0, prio=3), Fulinggancaotangzheng(hits=1/5, gap=2, poss=0/1, prio=3), Wumeiwanzheng(hits=1/6, gap=3, poss=0/0, prio=2)]
兼夹证：[]
加味药物：[]
配伍禁忌警告：[]
[通过] ShaoyangYangmingFangzhengTest      t_huangliantang                「黄连汤证」           0.41s

===== 干姜黄芩黄连人参汤证 =====
八纲：{表里=[半表半里], 寒热=[], 虚实=[虚证], 阴阳=[阴证], bagangTypes=[半表半里, 虚证, 阴证]}
六经：厥阴病
方证：干姜黄芩黄连人参汤证
推荐方剂：干姜黄芩黄连人参汤
药物组成：[干姜, 黄连, 黄芩, 人参]
六经列表：[厥阴病]
合病标记：null
候选方证：[干姜黄芩黄连人参汤证, 白头翁加甘草阿胶汤证, 当归四逆汤证, 白头翁汤证, 当归四逆加吴茱萸生姜汤证, 茯苓甘草汤证, 乌梅丸证]
候选方证打分：[Ganjianghuangqinhuanglianrenshentangzheng(hits=1/3, gap=0, poss=0/0, prio=2), Baitouwengjiagancaojiaotangzheng(hits=1/4, gap=1, poss=0/0, prio=3), Dangguisinitangzheng(hits=1/4, gap=1, poss=0/0, prio=3), Baitouwengtangzheng(hits=1/4, gap=1, poss=0/2, prio=3), Dangguisinijiawuzhuyushengjiangtangzheng(hits=1/5, gap=2, poss=0/0, prio=3), Fulinggancaotangzheng(hits=1/5, gap=2, poss=0/1, prio=3), Wumeiwanzheng(hits=1/6, gap=3, poss=0/0, prio=2)]
兼夹证：[]
加味药物：[]
配伍禁忌警告：[]
[通过] ShaoyangYangmingFangzhengTest      t_ganjianghuangqinhuanglianrenshentang 「干姜黄芩黄连人参汤证」     0.38s

===== 生姜泻心汤证 =====
八纲：{表里=[里证], 寒热=[], 虚实=[虚证], 阴阳=[阴证], bagangTypes=[里证, 虚证, 阴证]}
六经：太阴病
方证：生姜泻心汤证
推荐方剂：生姜泻心汤
药物组成：[半夏, 大枣, 甘草, 干姜, 黄连, 黄芩, 人参, 生姜]
六经列表：[太阴病]
合病标记：null
候选方证：[生姜泻心汤证, 理中汤证, 赤石脂禹余粮汤证, 桂枝加芍药汤证, 己椒苈黄丸证, 旋覆代赭汤证, 诃梨勒散证, 厚朴生姜半夏甘草人参汤证, 紫参汤证, 半夏泻心汤证]
候选方证打分：[Shengjiangxiexintangzheng(hits=3/5, gap=0, poss=0/0, prio=2), Lizhongtangzheng(hits=3/5, gap=0, poss=0/0, prio=3), Chishizhiyuyuliangtangzheng(hits=1/4, gap=1, poss=0/0, prio=2), Guizhijiashaoyaotangzheng(hits=1/4, gap=1, poss=0/0, prio=3), Jijiaolihuangwanzheng(hits=1/4, gap=1, poss=0/0, prio=3), Xuanfudaizhetangzheng(hits=1/4, gap=1, poss=0/0, prio=3), Helilesanzheng(hits=1/4, gap=1, poss=0/1, prio=3), Houposhengjiangbanxiagancaorenshentangzheng(hits=1/4, gap=1, poss=0/1, prio=3), Zishentangzheng(hits=1/4, gap=1, poss=0/1, prio=3), Banxiaxiexintangzheng(hits=1/5, gap=2, poss=0/0, prio=2)]
兼夹证：[]
加味药物：[]
配伍禁忌警告：[]
[通过] ShaoyangYangmingFangzhengTest      t_shengjiangxiexintang_alias   「半夏泻心汤证（生姜泻心汤衍化）」     0.44s

===== 栀子豉汤证 =====
八纲：{表里=[表证, 里证], 寒热=[热证], 虚实=[], 阴阳=[阳证], bagangTypes=[表证, 里证, 热证, 阳证]}
六经：太阳阳明合病
方证：栀子豉汤证
推荐方剂：栀子豉汤
药物组成：[香豉, 栀子]
六经列表：[太阳病, 阳明病]
合病标记：太阳阳明合病
候选方证：[栀子豉汤证, 栀子甘草豉汤证, 栀子生姜豉汤证, 杏子汤证, 厚朴麻黄汤证, 五苓散证, 栀子大黄汤证, 猪苓汤证, 白虎汤证, 小青龙加石膏汤证]
候选方证打分：[Zhizichitangzheng(hits=3/5, gap=0, poss=0/0, prio=2), Zhizigancaochitangzheng(hits=1/4, gap=1, poss=0/0, prio=2), Zhizishengjiangchitangzheng(hits=1/4, gap=1, poss=0/0, prio=2), Xingzitangzheng(hits=1/4, gap=1, poss=0/0, prio=3), Houpomahuangtangzheng(hits=1/4, gap=1, poss=0/4, prio=3), Wulingsanzheng(hits=2/8, gap=2, poss=0/0, prio=3), Zhizidahuangtangzheng(hits=1/5, gap=2, poss=0/1, prio=2), Zhulingtangzheng(hits=1/5, gap=2, poss=0/0, prio=2), Baihutangzheng(hits=1/6, gap=3, poss=0/0, prio=2), Xiaoqinglongjiashigaotangzheng(hits=1/6, gap=3, poss=0/0, prio=3)]
兼夹证：[]
加味药物：[]
配伍禁忌警告：[]
[通过] ShaoyangYangmingFangzhengTest      t_zhizichitang                 「栀子豉汤证」          0.43s

===== 栀子甘草豉汤证 =====
八纲：{表里=[表证, 里证], 寒热=[热证], 虚实=[], 阴阳=[阳证], bagangTypes=[表证, 里证, 热证, 阳证]}
六经：太阳阳明合病
方证：栀子甘草豉汤证
推荐方剂：栀子豉汤加减
药物组成：[甘草, 香豉, 栀子]
六经列表：[太阳病, 阳明病]
合病标记：太阳阳明合病
候选方证：[栀子甘草豉汤证, 栀子豉汤证, 栀子生姜豉汤证, 杏子汤证, 厚朴麻黄汤证, 五苓散证, 白虎汤证, 竹叶石膏汤证, 栀子大黄汤证, 猪苓汤证]
候选方证打分：[Zhizigancaochitangzheng(hits=2/4, gap=0, poss=0/0, prio=2), Zhizichitangzheng(hits=3/5, gap=0, poss=0/0, prio=2), Zhizishengjiangchitangzheng(hits=1/4, gap=1, poss=0/0, prio=2), Xingzitangzheng(hits=1/4, gap=1, poss=0/0, prio=3), Houpomahuangtangzheng(hits=1/4, gap=1, poss=0/4, prio=3), Wulingsanzheng(hits=2/8, gap=2, poss=0/0, prio=3), Baihutangzheng(hits=2/6, gap=2, poss=0/0, prio=2), Zhuyeshigaotangzheng(hits=1/5, gap=2, poss=0/0, prio=3), Zhizidahuangtangzheng(hits=1/5, gap=2, poss=0/1, prio=2), Zhulingtangzheng(hits=1/5, gap=2, poss=0/0, prio=2)]
兼夹证：[]
加味药物：[]
配伍禁忌警告：[]
[通过] ShaoyangYangmingFangzhengTest      t_zhizigancaochitang           「栀子甘草豉汤证」        0.45s

===== 栀子生姜豉汤证 =====
八纲：{表里=[表证, 里证], 寒热=[热证], 虚实=[], 阴阳=[阳证], bagangTypes=[表证, 里证, 热证, 阳证]}
六经：太阳阳明合病
方证：栀子生姜豉汤证
推荐方剂：栀子生姜豉汤加减
药物组成：[生姜, 香豉, 栀子]
六经列表：[太阳病, 阳明病]
合病标记：太阳阳明合病
候选方证：[栀子生姜豉汤证, 栀子豉汤证, 栀子甘草豉汤证, 杏子汤证, 厚朴麻黄汤证, 五苓散证, 白虎汤证, 黄芩加半夏生姜汤证, 栀子大黄汤证, 猪苓汤证]
候选方证打分：[Zhizishengjiangchitangzheng(hits=2/4, gap=0, poss=0/0, prio=2), Zhizichitangzheng(hits=3/5, gap=0, poss=0/0, prio=2), Zhizigancaochitangzheng(hits=1/4, gap=1, poss=0/0, prio=2), Xingzitangzheng(hits=1/4, gap=1, poss=0/0, prio=3), Houpomahuangtangzheng(hits=1/4, gap=1, poss=0/4, prio=3), Wulingsanzheng(hits=2/8, gap=2, poss=0/0, prio=3), Baihutangzheng(hits=2/6, gap=2, poss=0/0, prio=2), Huangqinjiabanxiashengjiangtangzheng(hits=1/6, gap=2, poss=0/0, prio=3), Zhizidahuangtangzheng(hits=1/5, gap=2, poss=0/1, prio=2), Zhulingtangzheng(hits=1/5, gap=2, poss=0/0, prio=2)]
兼夹证：[]
加味药物：[]
配伍禁忌警告：[]
[通过] ShaoyangYangmingFangzhengTest      t_zhizishengjiangchitang       「栀子生姜豉汤证」        0.46s

===== 栀子厚朴汤证 =====
八纲：{表里=[表证, 里证], 寒热=[热证], 虚实=[], 阴阳=[阳证], bagangTypes=[表证, 里证, 热证, 阳证]}
六经：太阳阳明合病
方证：栀子厚朴汤证
推荐方剂：栀子厚朴汤加减
药物组成：[厚朴, 枳实, 栀子]
六经列表：[太阳病, 阳明病]
合病标记：太阳阳明合病
候选方证：[栀子厚朴汤证, 桂枝去芍药加蜀漆牡蛎龙骨救逆汤证, 调胃承气汤证, 杏子汤证, 厚朴麻黄汤证, 五苓散证, 厚朴七物汤证, 小承气汤证, 猪苓汤证, 甘草泻心汤证]
候选方证打分：[Zhizihoupotangzheng(hits=3/5, gap=0, poss=0/0, prio=2), Guizhiqushaoyaojiashuqimulilonggujiunitangzheng(hits=1/4, gap=1, poss=0/0, prio=2), Tiaoweichengqitangzheng(hits=1/4, gap=1, poss=0/0, prio=2), Xingzitangzheng(hits=1/4, gap=1, poss=0/0, prio=3), Houpomahuangtangzheng(hits=1/4, gap=1, poss=0/4, prio=3), Wulingsanzheng(hits=2/8, gap=2, poss=0/0, prio=3), Houpoqiwutangzheng(hits=1/7, gap=2, poss=0/2, prio=2), Xiaochengqitangzheng(hits=1/5, gap=2, poss=0/2, prio=2), Zhulingtangzheng(hits=1/5, gap=2, poss=0/0, prio=2), Gancaoxiexintangzheng(hits=1/4, gap=2, poss=0/0, prio=2)]
兼夹证：[]
加味药物：[]
配伍禁忌警告：[]
[通过] ShaoyangYangmingFangzhengTest      t_zhizihoupotang               「栀子厚朴汤证」         0.45s

===== 栀子干姜汤证 =====
八纲：{表里=[表证, 里证], 寒热=[热证], 虚实=[], 阴阳=[阳证], bagangTypes=[表证, 里证, 热证, 阳证]}
六经：太阳阳明合病
方证：栀子干姜汤证
推荐方剂：栀子干姜汤加减
药物组成：[干姜, 栀子]
六经列表：[太阳病, 阳明病]
合病标记：太阳阳明合病
候选方证：[栀子干姜汤证, 麻子仁丸证, 厚朴七物汤证, 白虎汤证, 小承气汤证, 蜜煎导方证, 猪胆汁方证, 猪苓汤证, 五苓散证, 白术附子汤证]
候选方证打分：[Zhiziganjiangtangzheng(hits=2/4, gap=0, poss=0/0, prio=2), Mazirenwanzheng(hits=1/4, gap=1, poss=0/0, prio=3), Houpoqiwutangzheng(hits=1/7, gap=2, poss=0/2, prio=2), Baihutangzheng(hits=2/6, gap=2, poss=0/0, prio=2), Xiaochengqitangzheng(hits=1/5, gap=2, poss=1/2, prio=2), Mijiandaofangzheng(hits=1/5, gap=2, poss=0/0, prio=3), Zhudanzhifangzheng(hits=1/5, gap=2, poss=0/0, prio=3), Zhulingtangzheng(hits=1/5, gap=2, poss=0/0, prio=2), Wulingsanzheng(hits=1/8, gap=3, poss=0/0, prio=3), Baizhufuzitangzheng(hits=1/7, gap=3, poss=0/0, prio=3)]
兼夹证：[]
加味药物：[]
配伍禁忌警告：[]
[通过] ShaoyangYangmingFangzhengTest      t_zhiziganjiangtang            「栀子干姜汤证」         0.46s

===== 栀子柏皮汤证 =====
八纲：{表里=[表证, 里证], 寒热=[热证], 虚实=[], 阴阳=[阳证], bagangTypes=[表证, 里证, 热证, 阳证]}
六经：太阳阳明合病
方证：栀子柏皮汤证
推荐方剂：栀子柏皮汤
药物组成：[甘草, 黄柏, 栀子]
六经列表：[太阳病, 阳明病]
合病标记：太阳阳明合病
候选方证：[栀子柏皮汤证, 麻黄连翘赤小豆汤证, 猪苓汤证, 茵陈蒿汤证, 杏子汤证, 厚朴麻黄汤证, 五苓散证, 厚朴七物汤证, 柴胡桂枝汤证, 麻杏石甘汤证]
候选方证打分：[Zhizibaipitangzheng(hits=2/4, gap=0, poss=0/0, prio=2), Mahuanglianqiaochixiaodoutangzheng(hits=2/7, gap=1, poss=0/0, prio=3), Zhulingtangzheng(hits=2/5, gap=1, poss=0/0, prio=2), Yinchenhaotangzheng(hits=1/4, gap=1, poss=0/0, prio=2), Xingzitangzheng(hits=1/4, gap=1, poss=0/0, prio=3), Houpomahuangtangzheng(hits=1/4, gap=1, poss=0/4, prio=3), Wulingsanzheng(hits=2/8, gap=2, poss=0/0, prio=3), Houpoqiwutangzheng(hits=1/7, gap=2, poss=0/2, prio=2), Chaihuguizhitangzheng(hits=1/6, gap=2, poss=0/0, prio=3), Maxingshigantangzheng(hits=1/5, gap=2, poss=1/2, prio=3)]
兼夹证：[]
加味药物：[]
配伍禁忌警告：[]
[通过] ShaoyangYangmingFangzhengTest      t_zhizibaipitang               「栀子柏皮汤证」         0.41s

===== 栀子大黄汤证 =====
八纲：{表里=[里证], 寒热=[热证], 虚实=[], 阴阳=[阳证], bagangTypes=[里证, 热证, 阳证]}
六经：阳明病
方证：栀子大黄汤证
推荐方剂：栀子大黄汤
药物组成：[大黄, 香豉, 枳实, 栀子]
六经列表：[阳明病]
合病标记：null
候选方证：[栀子大黄汤证, 厚朴三物汤证, 栀子豉汤证, 猪苓汤证, 白虎汤证, 五苓散证, 大承气汤证, 柴胡白虎汤证, 泻心汤证, 麻杏石甘汤证]
候选方证打分：[Zhizidahuangtangzheng(hits=3/5, gap=0, poss=1/1, prio=2), Houposanwutangzheng(hits=1/4, gap=1, poss=0/0, prio=2), Zhizichitangzheng(hits=1/5, gap=2, poss=0/0, prio=2), Zhulingtangzheng(hits=1/5, gap=2, poss=0/0, prio=2), Baihutangzheng(hits=1/6, gap=3, poss=0/0, prio=2), Wulingsanzheng(hits=1/8, gap=4, poss=0/0, prio=3), Dachengqitangzheng(hits=1/8, gap=5, poss=0/0, prio=1), Chaihubaihutangzheng(hits=1/12, gap=7, poss=0/0, prio=2), Xiexintangzheng(hits=0/5, gap=3, poss=1/1, prio=1), Maxingshigantangzheng(hits=0/5, gap=3, poss=1/2, prio=3)]
兼夹证：[]
加味药物：[]
配伍禁忌警告：[]
[通过] ShaoyangYangmingFangzhengTest      t_zhizidahuangtang             「栀子大黄汤证」         0.40s

===== 栀子豉汤证 =====
八纲：{表里=[表证, 里证], 寒热=[热证], 虚实=[], 阴阳=[阳证], bagangTypes=[表证, 里证, 热证, 阳证]}
六经：太阳阳明合病
方证：栀子豉汤证
推荐方剂：栀子豉汤
药物组成：[香豉, 栀子]
六经列表：[太阳病, 阳明病]
合病标记：太阳阳明合病
候选方证：[栀子豉汤证, 栀子甘草豉汤证, 杏子汤证, 厚朴麻黄汤证, 五苓散证, 竹叶石膏汤证, 栀子大黄汤证, 猪苓汤证, 白虎汤证, 小青龙加石膏汤证]
候选方证打分：[Zhizichitangzheng(hits=3/5, gap=0, poss=0/0, prio=2), Zhizigancaochitangzheng(hits=1/4, gap=1, poss=0/0, prio=2), Xingzitangzheng(hits=1/4, gap=1, poss=0/0, prio=3), Houpomahuangtangzheng(hits=1/4, gap=1, poss=0/4, prio=3), Wulingsanzheng(hits=2/8, gap=2, poss=0/0, prio=3), Zhuyeshigaotangzheng(hits=1/5, gap=2, poss=0/0, prio=3), Zhizidahuangtangzheng(hits=1/5, gap=2, poss=0/1, prio=2), Zhulingtangzheng(hits=1/5, gap=2, poss=0/0, prio=2), Baihutangzheng(hits=1/6, gap=3, poss=0/0, prio=2), Xiaoqinglongjiashigaotangzheng(hits=1/6, gap=3, poss=0/0, prio=3)]
兼夹证：[]
加味药物：[]
配伍禁忌警告：[]
[通过] ShaoyangYangmingFangzhengTest      t_zhizichitang_yangming        「栀子豉汤证（阳明）」      0.66s

===== 茵陈蒿汤证 =====
八纲：{表里=[里证], 寒热=[], 虚实=[实证], 阴阳=[阳证], bagangTypes=[里证, 实证, 阳证]}
六经：阳明病
方证：茵陈蒿汤证
推荐方剂：茵陈蒿汤
药物组成：[大黄, 茵陈蒿, 栀子]
六经列表：[阳明病]
合病标记：null
候选方证：[茵陈蒿汤证, 茯苓戎盐汤证, 滑石白鱼散证, 蒲灰散证, 猪苓汤证, 栀子柏皮汤证, 牡蛎泽泻散证, 茵陈五苓散证, 栀子厚朴汤证, 小承气汤证]
候选方证打分：[Yinchenhaotangzheng(hits=2/4, gap=0, poss=0/0, prio=2), Fulingrongyantangzheng(hits=1/3, gap=0, poss=0/0, prio=3), Huashibaiyusanzheng(hits=1/3, gap=0, poss=0/0, prio=3), Puhuisanzheng(hits=1/3, gap=0, poss=0/0, prio=3), Zhulingtangzheng(hits=2/5, gap=1, poss=0/0, prio=2), Zhizibaipitangzheng(hits=1/4, gap=1, poss=0/0, prio=2), Mulizexiesanzheng(hits=1/4, gap=1, poss=0/0, prio=3), Yinchenwulingsanzheng(hits=1/4, gap=1, poss=0/0, prio=3), Zhizihoupotangzheng(hits=1/5, gap=2, poss=0/0, prio=2), Xiaochengqitangzheng(hits=1/5, gap=2, poss=0/2, prio=2)]
兼夹证：[]
加味药物：[]
配伍禁忌警告：[]
[通过] ShaoyangYangmingFangzhengTest      t_yinchenhaotang               「茵陈蒿汤证」          0.44s

===== 桂枝加芍药汤证 =====
八纲：{表里=[里证], 寒热=[], 虚实=[虚证], 阴阳=[阴证], bagangTypes=[里证, 虚证, 阴证]}
六经：太阴病
方证：桂枝加芍药汤证
推荐方剂：桂枝加芍药汤
药物组成：[大枣, 甘草, 桂枝, 芍药, 生姜]
六经列表：[太阴病]
合病标记：null
候选方证：[桂枝加芍药汤证, 己椒苈黄丸证, 厚朴生姜半夏甘草人参汤证, 理中汤证, 大黄甘遂汤证]
候选方证打分：[Guizhijiashaoyaotangzheng(hits=2/4, gap=0, poss=0/0, prio=3), Jijiaolihuangwanzheng(hits=1/4, gap=1, poss=0/0, prio=3), Houposhengjiangbanxiagancaorenshentangzheng(hits=1/4, gap=1, poss=0/1, prio=3), Lizhongtangzheng(hits=1/5, gap=2, poss=0/0, prio=3), Dahuanggansuitangzheng(hits=0/6, gap=4, poss=1/2, prio=2)]
兼夹证：[]
加味药物：[]
配伍禁忌警告：[]
[通过] ShaoyinTaiyinFangzhengTest         t_guizhijiashaoyaotang         「桂枝加芍药汤证」        0.37s

===== 桂枝加大黄汤证 =====
八纲：{表里=[里证], 寒热=[], 虚实=[虚证], 阴阳=[阴证], bagangTypes=[里证, 虚证, 阴证]}
六经：太阴病
方证：桂枝加大黄汤证
推荐方剂：桂枝加大黄汤加减
药物组成：[大黄, 大枣, 甘草, 桂枝, 芍药, 生姜]
六经列表：[太阴病]
合病标记：null
候选方证：[桂枝加大黄汤证, 排脓散证, 桂枝加芍药汤证, 己椒苈黄丸证, 红蓝花酒证, 厚朴生姜半夏甘草人参汤证, 理中汤证, 内补当归建中汤证, 附子粳米汤证, 四逆散证]
候选方证打分：[Guizhijiadahuangtangzheng(hits=2/4, gap=0, poss=0/0, prio=3), Painongsanzheng(hits=1/3, gap=0, poss=0/0, prio=3), Guizhijiashaoyaotangzheng(hits=1/4, gap=1, poss=0/0, prio=3), Jijiaolihuangwanzheng(hits=1/4, gap=1, poss=0/0, prio=3), Honglanhuajiuzheng(hits=1/4, gap=1, poss=0/0, prio=5), Houposhengjiangbanxiagancaorenshentangzheng(hits=1/4, gap=1, poss=0/1, prio=3), Lizhongtangzheng(hits=1/5, gap=2, poss=0/0, prio=3), Neibudangguijianzhongtangzheng(hits=1/5, gap=2, poss=0/3, prio=3), Fuzijingmitangzheng(hits=1/6, gap=3, poss=0/0, prio=3), Sinisanzheng(hits=1/7, gap=4, poss=0/0, prio=3)]
兼夹证：[]
加味药物：[]
配伍禁忌警告：[]
[通过] ShaoyinTaiyinFangzhengTest         t_guizhijiadahuangtang         「桂枝加大黄汤证」        0.42s

===== 麻黄附子细辛汤证 =====
八纲：{表里=[表证], 寒热=[], 虚实=[虚证], 阴阳=[阴证], bagangTypes=[表证, 虚证, 阳证, 阴证]}
六经：太少两感
方证：麻黄附子细辛汤证
推荐方剂：麻黄附子细辛汤
药物组成：[附子, 麻黄, 细辛]
六经列表：[少阴病, 太阳病]
合病标记：太少两感
候选方证：[麻黄附子细辛汤证, 麻黄附子甘草汤证, 桂枝去芍药加附子汤证, 麻黄加术汤证, 麻黄连翘赤小豆汤证, 桂枝二麻黄一汤证, 桂枝麻黄各半汤证, 柴胡桂枝汤证, 麻黄汤证, 麻杏薏甘汤证]
候选方证打分：[Mahuangfuzixixintangzheng(hits=2/4, gap=0, poss=0/0, prio=2), Mahuangfuzigancaotangzheng(hits=2/4, gap=0, poss=0/0, prio=3), Guizhiqushaoyaojiafuzitangzheng(hits=1/4, gap=1, poss=0/0, prio=2), Mahuangjiazhutangzheng(hits=1/4, gap=1, poss=0/0, prio=3), Mahuanglianqiaochixiaodoutangzheng(hits=2/7, gap=2, poss=0/0, prio=3), Guizhiermahuangyitangzheng(hits=2/6, gap=2, poss=0/0, prio=3), Guizhimahuanggebantangzheng(hits=2/6, gap=2, poss=0/0, prio=3), Chaihuguizhitangzheng(hits=1/6, gap=2, poss=0/0, prio=3), Mahuangtangzheng(hits=1/5, gap=2, poss=2/4, prio=2), Maxingyigantangzheng(hits=1/5, gap=2, poss=1/2, prio=3)]
兼夹证：[]
加味药物：[]
配伍禁忌警告：[]
[通过] ShaoyinTaiyinFangzhengTest         shouldDiagnoseMahuangFuziXixinTangPattern 「麻黄附子细辛汤证诊断」     0.44s

===== 麻黄附子甘草汤证 =====
八纲：{表里=[表证], 寒热=[], 虚实=[虚证], 阴阳=[阴证], bagangTypes=[表证, 虚证, 阴证]}
六经：少阴病
方证：麻黄附子甘草汤证
推荐方剂：麻黄附子甘草汤
药物组成：[附子, 甘草, 麻黄]
六经列表：[少阴病]
合病标记：null
候选方证：[麻黄附子甘草汤证, 四逆汤证, 麻黄附子细辛汤证, 桃花汤证, 大黄蛰虫丸证]
候选方证打分：[Mahuangfuzigancaotangzheng(hits=2/4, gap=0, poss=0/0, prio=3), Sinitangzheng(hits=1/4, gap=1, poss=0/0, prio=1), Mahuangfuzixixintangzheng(hits=1/4, gap=1, poss=0/0, prio=2), Taohuatangzheng(hits=0/5, gap=3, poss=1/1, prio=1), Dahuangzhechongwanzheng(hits=0/7, gap=5, poss=1/2, prio=2)]
兼夹证：[]
加味药物：[]
配伍禁忌警告：[]
[通过] ShaoyinTaiyinFangzhengTest         t_mahuangfuzigancaotang        「麻黄附子甘草汤证」       0.34s

===== 麻黄附子汤证 =====
八纲：{表里=[表证], 寒热=[], 虚实=[虚证], 阴阳=[阴证], bagangTypes=[表证, 虚证, 阴证]}
六经：少阴病
方证：麻黄附子汤证
推荐方剂：麻黄附子汤
药物组成：[附子, 甘草, 麻黄]
六经列表：[少阴病]
合病标记：null
候选方证：[麻黄附子汤证, 四逆汤证, 麻黄附子甘草汤证, 桃花汤证, 肾气丸证, 猪苓汤证]
候选方证打分：[Mahuangfuzitangzheng(hits=4/6, gap=0, poss=0/0, prio=3), Sinitangzheng(hits=1/4, gap=1, poss=0/0, prio=1), Mahuangfuzigancaotangzheng(hits=1/4, gap=1, poss=0/0, prio=3), Taohuatangzheng(hits=1/5, gap=2, poss=1/1, prio=1), Shenqiwanzheng(hits=1/5, gap=2, poss=0/0, prio=3), Zhulingtangzheng(hits=1/5, gap=2, poss=0/0, prio=2)]
兼夹证：[]
加味药物：[]
配伍禁忌警告：[]
[通过] ShaoyinTaiyinFangzhengTest         t_mahuangfuzitang              「麻黄附子汤证」         0.40s

===== 射干麻黄汤证 =====
八纲：{表里=[表证, 里证], 寒热=[], 虚实=[虚证], 阴阳=[阴证], bagangTypes=[表证, 里证, 虚证, 阴证]}
六经：太阴少阴合病
方证：射干麻黄汤证
推荐方剂：射干麻黄汤
药物组成：[半夏, 大枣, 款冬花, 麻黄, 射干, 生姜, 五味子, 细辛, 紫菀]
六经列表：[少阴病, 太阴病]
合病标记：太阴少阴合病
候选方证：[射干麻黄汤证, 厚朴生姜半夏甘草人参汤证, 桂枝加芍药汤证, 己椒苈黄丸证, 理中汤证, 大黄蛰虫丸证, 半夏散及汤证, 苦酒汤证, 桔梗汤证, 大黄甘遂汤证]
候选方证打分：[Sheganmahuangtangzheng(hits=2/4, gap=0, poss=0/0, prio=3), Houposhengjiangbanxiagancaorenshentangzheng(hits=1/4, gap=1, poss=1/1, prio=3), Guizhijiashaoyaotangzheng(hits=1/4, gap=1, poss=0/0, prio=3), Jijiaolihuangwanzheng(hits=1/4, gap=1, poss=0/0, prio=3), Lizhongtangzheng(hits=1/5, gap=2, poss=0/0, prio=3), Dahuangzhechongwanzheng(hits=1/7, gap=4, poss=0/2, prio=2), Banxiasanjitangzheng(hits=0/3, gap=1, poss=1/1, prio=5), Kujiutangzheng(hits=0/4, gap=2, poss=1/1, prio=5), Jiegengtangzheng(hits=0/5, gap=3, poss=1/1, prio=5), Dahuanggansuitangzheng(hits=0/6, gap=4, poss=1/2, prio=2)]
兼夹证：[]
加味药物：[]
配伍禁忌警告：[]
[通过] ShaoyinTaiyinFangzhengTest         t_sheganmahuangtang            「射干麻黄汤证」         0.46s

===== 越婢加半夏汤证 =====
八纲：{表里=[表证, 里证], 寒热=[热证], 虚实=[虚证], 阴阳=[阳证], bagangTypes=[表证, 里证, 热证, 虚证, 阳证, 阴证]}
六经：太阳太阴合病
方证：越婢加半夏汤证
推荐方剂：越婢加半夏汤
药物组成：[半夏, 大枣, 甘草, 麻黄, 生姜, 石膏]
六经列表：[太阳病, 太阴病]
合病标记：太阳太阴合病
候选方证：[越婢加半夏汤证, 厚朴麻黄汤证, 小青龙加石膏汤证, 厚朴生姜半夏甘草人参汤证, 桂枝加芍药汤证, 己椒苈黄丸证, 苓甘五味姜辛汤证, 杏子汤证, 泽漆汤证, 葛根黄芩黄连汤证]
候选方证打分：[Yuebijiabanxiatangzheng(hits=3/5, gap=0, poss=1/1, prio=3), Houpomahuangtangzheng(hits=2/4, gap=0, poss=1/4, prio=3), Xiaoqinglongjiashigaotangzheng(hits=3/6, gap=1, poss=0/0, prio=3), Houposhengjiangbanxiagancaorenshentangzheng(hits=1/4, gap=1, poss=1/1, prio=3), Guizhijiashaoyaotangzheng(hits=1/4, gap=1, poss=0/0, prio=3), Jijiaolihuangwanzheng(hits=1/4, gap=1, poss=0/0, prio=3), Lingganwuweijiangxintangzheng(hits=1/4, gap=1, poss=0/0, prio=3), Xingzitangzheng(hits=1/4, gap=1, poss=0/0, prio=3), Zeqitangzheng(hits=1/4, gap=1, poss=0/0, prio=3), Gegenhuangqinhuangliantangzheng(hits=1/7, gap=2, poss=0/0, prio=2)]
兼夹证：[]
加味药物：[]
配伍禁忌警告：[]
[通过] ShaoyinTaiyinFangzhengTest         t_yuebijiabanxiatang           「越婢加半夏汤证」        0.44s

===== 理中汤证 =====
八纲：{表里=[里证], 寒热=[], 虚实=[虚证], 阴阳=[阴证], bagangTypes=[里证, 虚证, 阴证]}
六经：太阴病
方证：理中汤证
推荐方剂：理中汤去白术加附子
药物组成：[甘草, 干姜, 人参, 附子]
六经列表：[太阴病]
合病标记：null
候选方证：[理中汤证, 茯苓泽泻汤证, 桂枝加芍药汤证, 己椒苈黄丸证, 诃梨勒散证, 厚朴生姜半夏甘草人参汤证, 紫参汤证, 半夏泻心汤证, 甘遂半夏汤证, 小半夏加茯苓汤证]
候选方证打分：[Lizhongtangzheng(hits=3/5, gap=0, poss=0/0, prio=3), Fulingzexietangzheng(hits=1/4, gap=1, poss=0/0, prio=3), Guizhijiashaoyaotangzheng(hits=1/4, gap=1, poss=0/0, prio=3), Jijiaolihuangwanzheng(hits=1/4, gap=1, poss=0/0, prio=3), Helilesanzheng(hits=1/4, gap=1, poss=0/1, prio=3), Houposhengjiangbanxiagancaorenshentangzheng(hits=1/4, gap=1, poss=0/1, prio=3), Zishentangzheng(hits=1/4, gap=1, poss=0/1, prio=3), Banxiaxiexintangzheng(hits=1/5, gap=2, poss=0/0, prio=2), Gansuibanxiatangzheng(hits=1/5, gap=2, poss=0/0, prio=2), Xiaobanxiajiafulingtangzheng(hits=1/5, gap=2, poss=0/1, prio=3)]
兼夹证：[]
加味药物：[附子]
减味药物：[白术]
配伍禁忌警告：[]
[通过] ShaoyinTaiyinFangzhengTest         shouldDiagnoseLizhongTangPattern 「理中汤证诊断」         0.40s

===== 四逆汤证 =====
八纲：{表里=[表证, 里证], 寒热=[], 虚实=[虚证], 阴阳=[阴证], bagangTypes=[表证, 里证, 虚证, 阴证]}
六经：太阴少阴合病
方证：四逆汤证
推荐方剂：四逆汤
药物组成：[附子, 甘草, 干姜]
六经列表：[少阴病, 太阴病]
合病标记：太阴少阴合病
候选方证：[四逆汤证, 理中汤证, 茯苓泽泻汤证, 桂枝加芍药汤证, 己椒苈黄丸证, 麻黄附子甘草汤证, 诃梨勒散证, 厚朴生姜半夏甘草人参汤证, 紫参汤证, 通脉四逆汤证]
候选方证打分：[Sinitangzheng(hits=3/4, gap=0, poss=0/0, prio=1), Lizhongtangzheng(hits=2/5, gap=1, poss=0/0, prio=3), Fulingzexietangzheng(hits=1/4, gap=1, poss=0/0, prio=3), Guizhijiashaoyaotangzheng(hits=1/4, gap=1, poss=0/0, prio=3), Jijiaolihuangwanzheng(hits=1/4, gap=1, poss=0/0, prio=3), Mahuangfuzigancaotangzheng(hits=1/4, gap=1, poss=0/0, prio=3), Helilesanzheng(hits=1/4, gap=1, poss=0/1, prio=3), Houposhengjiangbanxiagancaorenshentangzheng(hits=1/4, gap=1, poss=0/1, prio=3), Zishentangzheng(hits=1/4, gap=1, poss=0/1, prio=3), Tongmaisinitangzheng(hits=2/6, gap=2, poss=0/1, prio=1)]
兼夹证：[]
加味药物：[]
配伍禁忌警告：[]
[通过] ShaoyinTaiyinFangzhengTest         shouldDiagnoseSiniTangPattern  「四逆汤证诊断（太阴少阴合病）」     0.41s

===== 通脉四逆汤证 =====
八纲：{表里=[表证], 寒热=[], 虚实=[虚证], 阴阳=[阴证], bagangTypes=[表证, 虚证, 阴证]}
六经：少阴病
方证：通脉四逆汤证
推荐方剂：通脉四逆汤加葱白
药物组成：[附子, 甘草, 干姜, 葱白]
六经列表：[少阴病]
合病标记：null
候选方证：[通脉四逆汤证, 四逆汤证, 麻黄附子甘草汤证, 白通汤证, 桃花汤证]
候选方证打分：[Tongmaisinitangzheng(hits=3/6, gap=1, poss=1/1, prio=1), Sinitangzheng(hits=2/4, gap=1, poss=0/0, prio=1), Mahuangfuzigancaotangzheng(hits=1/4, gap=1, poss=0/0, prio=3), Baitongtangzheng(hits=1/5, gap=2, poss=0/0, prio=1), Taohuatangzheng(hits=0/5, gap=3, poss=1/1, prio=1)]
兼夹证：[]
加味药物：[葱白]
配伍禁忌警告：[]
[通过] ShaoyinTaiyinFangzhengTest         t_tongmaisinitang              「通脉四逆汤证」         0.37s

===== 通脉四逆加猪胆汁汤证 =====
八纲：{表里=[表证], 寒热=[], 虚实=[虚证], 阴阳=[阴证], bagangTypes=[表证, 虚证, 阴证]}
六经：少阴病
方证：通脉四逆加猪胆汁汤证
推荐方剂：Tongmaisinijiazhudanzhitang
药物组成：[]
六经列表：[少阴病]
合病标记：null
候选方证：[通脉四逆加猪胆汁汤证, 白通加猪胆汁汤证, 四逆汤证, 麻黄附子甘草汤证, 白通汤证, 甘草附子汤证, 桃花汤证]
候选方证打分：[Tongmaisinijiazhudanzhitangzheng(hits=2/4, gap=0, poss=0/0, prio=1), Baitongjiazhudanzhitangzheng(hits=1/4, gap=1, poss=0/0, prio=1), Sinitangzheng(hits=1/4, gap=1, poss=0/0, prio=1), Mahuangfuzigancaotangzheng(hits=1/4, gap=1, poss=0/0, prio=3), Baitongtangzheng(hits=1/5, gap=2, poss=0/0, prio=1), Gancaofuzitangzheng(hits=1/8, gap=4, poss=0/0, prio=3), Taohuatangzheng(hits=0/5, gap=3, poss=1/1, prio=1)]
兼夹证：[]
加味药物：[]
配伍禁忌警告：[]
[通过] ShaoyinTaiyinFangzhengTest         t_tongmaisinijiazhudanzhitang  「通脉四逆加猪胆汁汤证」     0.40s

===== 四逆加人参汤证 =====
八纲：{表里=[表证], 寒热=[], 虚实=[虚证], 阴阳=[阴证], bagangTypes=[表证, 虚证, 阴证]}
六经：少阴病
方证：四逆加人参汤证
推荐方剂：四逆加人参汤加减
药物组成：[附子, 甘草, 干姜, 人参]
六经列表：[少阴病]
合病标记：null
候选方证：[四逆加人参汤证, 麻黄附子甘草汤证, 白通汤证, 四逆汤证, 真武汤证, 猪肤汤证, 桃花汤证]
候选方证打分：[Sinijiarenshentangzheng(hits=2/4, gap=0, poss=0/0, prio=1), Mahuangfuzigancaotangzheng(hits=2/4, gap=0, poss=0/0, prio=3), Baitongtangzheng(hits=2/5, gap=1, poss=0/0, prio=1), Sinitangzheng(hits=1/4, gap=1, poss=0/0, prio=1), Zhenwutangzheng(hits=1/5, gap=2, poss=0/0, prio=3), Zhufutangzheng(hits=1/5, gap=2, poss=0/1, prio=5), Taohuatangzheng(hits=0/5, gap=3, poss=1/1, prio=1)]
兼夹证：[]
加味药物：[]
配伍禁忌警告：[]
[通过] ShaoyinTaiyinFangzhengTest         t_sinijiarenshentang           「四逆加人参汤证」        0.38s

===== 茯苓四逆汤证 =====
八纲：{表里=[表证], 寒热=[], 虚实=[虚证], 阴阳=[阴证], bagangTypes=[表证, 虚证, 阴证]}
六经：少阴病
方证：茯苓四逆汤证
推荐方剂：茯苓四逆汤加减
药物组成：[茯苓, 附子, 甘草, 干姜, 人参]
六经列表：[少阴病]
合病标记：null
候选方证：[茯苓四逆汤证, 干姜附子汤证, 四逆汤证, 麻黄附子甘草汤证, 白通汤证, 桃花汤证]
候选方证打分：[Fulingsinitangzheng(hits=1/3, gap=0, poss=0/0, prio=1), Ganjiangfuzitangzheng(hits=1/4, gap=1, poss=0/0, prio=1), Sinitangzheng(hits=1/4, gap=1, poss=0/0, prio=1), Mahuangfuzigancaotangzheng(hits=1/4, gap=1, poss=0/0, prio=3), Baitongtangzheng(hits=1/5, gap=2, poss=0/0, prio=1), Taohuatangzheng(hits=0/5, gap=3, poss=1/1, prio=1)]
兼夹证：[]
加味药物：[]
配伍禁忌警告：[]
[通过] ShaoyinTaiyinFangzhengTest         t_fulingsinitang               「茯苓四逆汤证」         0.42s

===== 白通汤证 =====
八纲：{表里=[表证], 寒热=[], 虚实=[虚证], 阴阳=[阴证], bagangTypes=[表证, 虚证, 阴证]}
六经：少阴病
方证：白通汤证
推荐方剂：白通汤加减
药物组成：[葱白, 附子, 干姜]
六经列表：[少阴病]
合病标记：null
候选方证：[白通汤证, 麻黄附子甘草汤证, 四逆汤证, 真武汤证, 猪肤汤证, 桃花汤证, 通脉四逆汤证]
候选方证打分：[Baitongtangzheng(hits=3/5, gap=0, poss=0/0, prio=1), Mahuangfuzigancaotangzheng(hits=2/4, gap=0, poss=0/0, prio=3), Sinitangzheng(hits=1/4, gap=1, poss=0/0, prio=1), Zhenwutangzheng(hits=1/5, gap=2, poss=0/0, prio=3), Zhufutangzheng(hits=1/5, gap=2, poss=0/1, prio=5), Taohuatangzheng(hits=0/5, gap=3, poss=1/1, prio=1), Tongmaisinitangzheng(hits=0/6, gap=4, poss=1/1, prio=1)]
兼夹证：[]
加味药物：[]
配伍禁忌警告：[]
[通过] ShaoyinTaiyinFangzhengTest         t_baitongtang                  「白通汤证」           0.37s

===== 白通加猪胆汁汤证 =====
八纲：{表里=[表证], 寒热=[], 虚实=[虚证], 阴阳=[阴证], bagangTypes=[表证, 虚证, 阴证]}
六经：少阴病
方证：白通加猪胆汁汤证
推荐方剂：白通加猪胆汁汤加减
药物组成：[葱白, 附子, 干姜, 人尿, 猪胆汁]
六经列表：[少阴病]
合病标记：null
候选方证：[白通加猪胆汁汤证, 白通汤证, 四逆汤证, 通脉四逆加猪胆汁汤证, 麻黄附子甘草汤证, 黄连阿胶汤证, 吴茱萸汤证, 猪肤汤证, 真武汤证, 桃花汤证]
候选方证打分：[Baitongjiazhudanzhitangzheng(hits=2/4, gap=0, poss=0/0, prio=1), Baitongtangzheng(hits=2/5, gap=1, poss=0/0, prio=1), Sinitangzheng(hits=1/4, gap=1, poss=0/0, prio=1), Tongmaisinijiazhudanzhitangzheng(hits=1/4, gap=1, poss=0/0, prio=1), Mahuangfuzigancaotangzheng(hits=1/4, gap=1, poss=0/0, prio=3), Huanglianejiaotangzheng(hits=1/4, gap=1, poss=0/2, prio=1), Wuzhuyutangzheng(hits=1/3, gap=1, poss=0/0, prio=3), Zhufutangzheng(hits=1/5, gap=2, poss=1/1, prio=5), Zhenwutangzheng(hits=1/5, gap=2, poss=0/0, prio=3), Taohuatangzheng(hits=0/5, gap=3, poss=1/1, prio=1)]
兼夹证：[]
加味药物：[]
配伍禁忌警告：[]
[通过] ShaoyinTaiyinFangzhengTest         t_baitongjiazhudanzhitang      「白通加猪胆汁汤证」       0.37s

===== 干姜附子汤证 =====
八纲：{表里=[表证], 寒热=[], 虚实=[虚证], 阴阳=[阴证], bagangTypes=[表证, 虚证, 阴证]}
六经：少阴病
方证：干姜附子汤证
推荐方剂：干姜附子汤
药物组成：[附子, 干姜]
六经列表：[少阴病]
合病标记：null
候选方证：[干姜附子汤证, 茯苓四逆汤证, 四逆汤证, 麻黄附子甘草汤证, 酸枣仁汤证, 桃花汤证]
候选方证打分：[Ganjiangfuzitangzheng(hits=2/4, gap=0, poss=0/0, prio=1), Fulingsinitangzheng(hits=1/3, gap=0, poss=0/0, prio=1), Sinitangzheng(hits=1/4, gap=1, poss=0/0, prio=1), Mahuangfuzigancaotangzheng(hits=1/4, gap=1, poss=0/0, prio=3), Suanzaorentangzheng(hits=1/4, gap=1, poss=0/2, prio=3), Taohuatangzheng(hits=0/5, gap=3, poss=1/1, prio=1)]
兼夹证：[]
加味药物：[]
配伍禁忌警告：[]
[通过] ShaoyinTaiyinFangzhengTest         t_ganjiangfuzitang             「干姜附子汤证」         0.33s

===== 真武汤证 =====
八纲：{表里=[表证], 寒热=[], 虚实=[虚证], 阴阳=[阴证], bagangTypes=[表证, 虚证, 阴证]}
六经：少阴病
方证：真武汤证
推荐方剂：真武汤去芍药加干姜
药物组成：[白术, 茯苓, 附子, 生姜, 干姜]
六经列表：[少阴病]
合病标记：null
候选方证：[真武汤证, 麻黄附子甘草汤证, 桃花汤证, 四逆汤证, 通脉四逆汤证, 白通汤证, 肾气丸证, 猪肤汤证, 猪苓汤证, 大乌头煎证]
候选方证打分：[Zhenwutangzheng(hits=6/5, gap=0, poss=0/0, prio=3), Mahuangfuzigancaotangzheng(hits=2/4, gap=0, poss=0/0, prio=3), Taohuatangzheng(hits=2/5, gap=1, poss=0/1, prio=1), Sinitangzheng(hits=1/4, gap=1, poss=0/0, prio=1), Tongmaisinitangzheng(hits=2/6, gap=2, poss=0/1, prio=1), Baitongtangzheng(hits=1/5, gap=2, poss=0/0, prio=1), Shenqiwanzheng(hits=1/5, gap=2, poss=0/0, prio=3), Zhufutangzheng(hits=1/5, gap=2, poss=0/1, prio=5), Zhulingtangzheng(hits=1/5, gap=2, poss=0/0, prio=2), Dawutoujianzheng(hits=1/6, gap=3, poss=0/0, prio=1)]
兼夹证：[]
加味药物：[干姜]
减味药物：[芍药]
配伍禁忌警告：[]
[通过] ShaoyinTaiyinFangzhengTest         shouldDiagnoseZhenwuTangPattern 「真武汤证诊断」         0.53s

===== 附子汤证 =====
八纲：{表里=[表证], 寒热=[], 虚实=[虚证], 阴阳=[阴证], bagangTypes=[表证, 虚证, 阴证]}
六经：少阴病
方证：附子汤证
推荐方剂：附子汤
药物组成：[白术, 茯苓, 附子, 人参, 芍药]
六经列表：[少阴病]
合病标记：null
候选方证：[附子汤证, 四逆汤证, 麻黄附子甘草汤证, 大乌头煎证, 通脉四逆汤证, 桃花汤证]
候选方证打分：[Fuzitangzheng(hits=4/6, gap=0, poss=0/0, prio=3), Sinitangzheng(hits=2/4, gap=0, poss=0/0, prio=1), Mahuangfuzigancaotangzheng(hits=1/4, gap=1, poss=0/0, prio=3), Dawutoujianzheng(hits=1/6, gap=3, poss=0/0, prio=1), Tongmaisinitangzheng(hits=1/6, gap=3, poss=0/1, prio=1), Taohuatangzheng(hits=0/5, gap=3, poss=1/1, prio=1)]
兼夹证：[]
加味药物：[]
配伍禁忌警告：[]
[通过] ShaoyinTaiyinFangzhengTest         t_fuzitang                     「附子汤证」           0.43s

===== 桃花汤证 =====
八纲：{表里=[表证, 里证], 寒热=[], 虚实=[虚证], 阴阳=[阴证], bagangTypes=[表证, 里证, 虚证, 阴证]}
六经：太阴少阴合病
方证：桃花汤证
推荐方剂：桃花汤
药物组成：[赤石脂, 干姜, 粳米]
六经列表：[少阴病, 太阴病]
合病标记：太阴少阴合病
候选方证：[桃花汤证, 排脓散证, 四逆汤证, 桂枝加大黄汤证, 麻黄附子甘草汤证, 越婢加术汤证, 红蓝花酒证, 栝楼瞿麦丸证, 葵子茯苓散证, 肾气丸证]
候选方证打分：[Taohuatangzheng(hits=3/5, gap=0, poss=1/1, prio=1), Painongsanzheng(hits=1/3, gap=0, poss=0/0, prio=3), Sinitangzheng(hits=1/4, gap=1, poss=0/0, prio=1), Guizhijiadahuangtangzheng(hits=1/4, gap=1, poss=0/0, prio=3), Mahuangfuzigancaotangzheng(hits=1/4, gap=1, poss=0/0, prio=3), Yuebijiazhutangzheng(hits=1/4, gap=1, poss=0/0, prio=3), Honglanhuajiuzheng(hits=1/4, gap=1, poss=0/0, prio=5), Gualouqumaiwanzheng(hits=1/5, gap=2, poss=0/0, prio=3), Kuizifulingsanzheng(hits=1/5, gap=2, poss=0/0, prio=3), Shenqiwanzheng(hits=1/5, gap=2, poss=0/0, prio=3)]
兼夹证：[]
加味药物：[]
配伍禁忌警告：[]
[通过] ShaoyinTaiyinFangzhengTest         t_taohuatang                   「桃花汤证」           0.55s

===== 黄连阿胶汤证 =====
八纲：{表里=[表证], 寒热=[], 虚实=[虚证], 阴阳=[阴证], bagangTypes=[表证, 虚证, 阴证]}
六经：少阴病
方证：黄连阿胶汤证
推荐方剂：黄连阿胶汤
药物组成：[阿胶, 黄连, 黄芩, 鸡子黄, 芍药]
六经列表：[少阴病]
合病标记：null
候选方证：[黄连阿胶汤证, 四逆汤证, 麻黄附子甘草汤证, 桃花汤证]
候选方证打分：[Huanglianejiaotangzheng(hits=1/4, gap=1, poss=2/2, prio=1), Sinitangzheng(hits=1/4, gap=1, poss=0/0, prio=1), Mahuangfuzigancaotangzheng(hits=1/4, gap=1, poss=0/0, prio=3), Taohuatangzheng(hits=0/5, gap=3, poss=1/1, prio=1)]
兼夹证：[]
加味药物：[]
配伍禁忌警告：[]
[通过] ShaoyinTaiyinFangzhengTest         t_huanglianejiaotang           「黄连阿胶汤证」         0.40s

===== 猪肤汤证 =====
八纲：{表里=[表证], 寒热=[], 虚实=[虚证], 阴阳=[阴证], bagangTypes=[表证, 虚证, 阴证]}
六经：少阴病
方证：猪肤汤证
推荐方剂：猪肤汤
药物组成：[白粉, 蜜, 猪肤]
六经列表：[少阴病]
合病标记：null
候选方证：[猪肤汤证, 甘草汤证, 黄连阿胶汤证, 四逆汤证, 麻黄附子甘草汤证, 白通汤证, 真武汤证, 桔梗汤证, 桃花汤证]
候选方证打分：[Zhufutangzheng(hits=3/5, gap=0, poss=1/1, prio=5), Gancaotangzheng(hits=1/3, gap=0, poss=0/0, prio=5), Huanglianejiaotangzheng(hits=1/4, gap=1, poss=2/2, prio=1), Sinitangzheng(hits=1/4, gap=1, poss=0/0, prio=1), Mahuangfuzigancaotangzheng(hits=1/4, gap=1, poss=0/0, prio=3), Baitongtangzheng(hits=1/5, gap=2, poss=0/0, prio=1), Zhenwutangzheng(hits=1/5, gap=2, poss=0/0, prio=3), Jiegengtangzheng(hits=1/5, gap=2, poss=0/1, prio=5), Taohuatangzheng(hits=0/5, gap=3, poss=1/1, prio=1)]
兼夹证：[]
加味药物：[]
配伍禁忌警告：[]
[通过] ShaoyinTaiyinFangzhengTest         t_zhufutang                    「猪肤汤证」           0.62s

===== 甘草汤证 =====
八纲：{表里=[表证], 寒热=[], 虚实=[虚证], 阴阳=[阴证], bagangTypes=[表证, 虚证, 阴证]}
六经：少阴病
方证：甘草汤证
推荐方剂：汤
药物组成：[甘草]
六经列表：[少阴病]
合病标记：null
候选方证：[甘草汤证, 四逆汤证, 麻黄附子甘草汤证, 桔梗汤证, 猪肤汤证, 半夏散及汤证, 苦酒汤证, 桃花汤证]
候选方证打分：[Gancaotangzheng(hits=1/3, gap=0, poss=0/0, prio=5), Sinitangzheng(hits=1/4, gap=1, poss=0/0, prio=1), Mahuangfuzigancaotangzheng(hits=1/4, gap=1, poss=0/0, prio=3), Jiegengtangzheng(hits=1/5, gap=2, poss=1/1, prio=5), Zhufutangzheng(hits=1/5, gap=2, poss=0/1, prio=5), Banxiasanjitangzheng(hits=0/3, gap=1, poss=1/1, prio=5), Kujiutangzheng(hits=0/4, gap=2, poss=1/1, prio=5), Taohuatangzheng(hits=0/5, gap=3, poss=1/1, prio=1)]
兼夹证：[]
加味药物：[]
配伍禁忌警告：[]
[通过] ShaoyinTaiyinFangzhengTest         t_gancaotang                   「甘草汤证」           0.48s

===== 桔梗汤证 =====
八纲：{表里=[表证], 寒热=[], 虚实=[虚证], 阴阳=[阴证], bagangTypes=[表证, 虚证, 阴证]}
六经：少阴病
方证：桔梗汤证
推荐方剂：桔梗汤
药物组成：[甘草, 桔梗]
六经列表：[少阴病]
合病标记：null
候选方证：[桔梗汤证, 甘草汤证, 四逆汤证, 麻黄附子甘草汤证, 猪肤汤证, 半夏散及汤证, 苦酒汤证, 桃花汤证]
候选方证打分：[Jiegengtangzheng(hits=3/5, gap=0, poss=1/1, prio=5), Gancaotangzheng(hits=1/3, gap=0, poss=0/0, prio=5), Sinitangzheng(hits=1/4, gap=1, poss=0/0, prio=1), Mahuangfuzigancaotangzheng(hits=1/4, gap=1, poss=0/0, prio=3), Zhufutangzheng(hits=1/5, gap=2, poss=0/1, prio=5), Banxiasanjitangzheng(hits=0/3, gap=1, poss=1/1, prio=5), Kujiutangzheng(hits=0/4, gap=2, poss=1/1, prio=5), Taohuatangzheng(hits=0/5, gap=3, poss=1/1, prio=1)]
兼夹证：[]
加味药物：[]
配伍禁忌警告：[]
[通过] ShaoyinTaiyinFangzhengTest         t_jiegengtang                  「桔梗汤证」           0.43s

===== 半夏散及汤证 =====
八纲：{表里=[表证], 寒热=[], 虚实=[虚证], 阴阳=[阴证], bagangTypes=[表证, 虚证, 阴证]}
六经：少阴病
方证：半夏散及汤证
推荐方剂：半夏散及汤
药物组成：[半夏, 甘草, 桂枝]
六经列表：[少阴病]
合病标记：null
候选方证：[半夏散及汤证, 四逆汤证, 麻黄附子甘草汤证, 苦酒汤证, 桃花汤证, 桔梗汤证]
候选方证打分：[Banxiasanjitangzheng(hits=1/3, gap=0, poss=1/1, prio=5), Sinitangzheng(hits=1/4, gap=1, poss=0/0, prio=1), Mahuangfuzigancaotangzheng(hits=1/4, gap=1, poss=0/0, prio=3), Kujiutangzheng(hits=0/4, gap=2, poss=1/1, prio=5), Taohuatangzheng(hits=0/5, gap=3, poss=1/1, prio=1), Jiegengtangzheng(hits=0/5, gap=3, poss=1/1, prio=5)]
兼夹证：[]
加味药物：[]
配伍禁忌警告：[]
[通过] ShaoyinTaiyinFangzhengTest         t_banxiasanjitang              「半夏散及汤证」         0.46s

===== 苦酒汤证 =====
八纲：{表里=[表证], 寒热=[], 虚实=[虚证], 阴阳=[阴证], bagangTypes=[表证, 虚证, 阴证]}
六经：少阴病
方证：苦酒汤证
推荐方剂：苦酒汤
药物组成：[半夏, 鸡子黄, 苦酒]
六经列表：[少阴病]
合病标记：null
候选方证：[苦酒汤证, 四逆汤证, 麻黄附子甘草汤证, 半夏散及汤证, 桃花汤证, 桔梗汤证]
候选方证打分：[Kujiutangzheng(hits=1/4, gap=1, poss=1/1, prio=5), Sinitangzheng(hits=1/4, gap=1, poss=0/0, prio=1), Mahuangfuzigancaotangzheng(hits=1/4, gap=1, poss=0/0, prio=3), Banxiasanjitangzheng(hits=0/3, gap=1, poss=1/1, prio=5), Taohuatangzheng(hits=0/5, gap=3, poss=1/1, prio=1), Jiegengtangzheng(hits=0/5, gap=3, poss=1/1, prio=5)]
兼夹证：[]
加味药物：[]
配伍禁忌警告：[]
[通过] ShaoyinTaiyinFangzhengTest         t_kujiutang                    「苦酒汤证」           0.40s

===== 附子汤证 =====
八纲：{表里=[表证], 寒热=[], 虚实=[虚证], 阴阳=[阴证], bagangTypes=[表证, 虚证, 阴证]}
六经：少阴病
方证：附子汤证
推荐方剂：附子汤
药物组成：[白术, 茯苓, 附子, 人参, 芍药]
六经列表：[少阴病]
合病标记：null
候选方证：[附子汤证, 四逆汤证, 麻黄附子甘草汤证, 大乌头煎证, 通脉四逆汤证, 桃花汤证]
候选方证打分：[Fuzitangzheng(hits=4/6, gap=0, poss=0/0, prio=3), Sinitangzheng(hits=2/4, gap=0, poss=0/0, prio=1), Mahuangfuzigancaotangzheng(hits=1/4, gap=1, poss=0/0, prio=3), Dawutoujianzheng(hits=1/6, gap=3, poss=0/0, prio=1), Tongmaisinitangzheng(hits=1/6, gap=3, poss=0/1, prio=1), Taohuatangzheng(hits=0/5, gap=3, poss=1/1, prio=1)]
兼夹证：[]
加味药物：[]
配伍禁忌警告：[]
[通过] ShaoyinTaiyinFangzhengTest         t_fuzitang_shaoyin             「附子汤证（少阴）」       0.37s

===== 干姜附子汤证 =====
八纲：{表里=[表证], 寒热=[], 虚实=[虚证], 阴阳=[阴证], bagangTypes=[表证, 虚证, 阴证]}
六经：少阴病
方证：干姜附子汤证
推荐方剂：干姜附子汤
药物组成：[附子, 干姜]
六经列表：[少阴病]
合病标记：null
候选方证：[干姜附子汤证, 茯苓四逆汤证, 四逆汤证, 麻黄附子甘草汤证, 酸枣仁汤证, 桃花汤证]
候选方证打分：[Ganjiangfuzitangzheng(hits=2/4, gap=0, poss=0/0, prio=1), Fulingsinitangzheng(hits=1/3, gap=0, poss=0/0, prio=1), Sinitangzheng(hits=1/4, gap=1, poss=0/0, prio=1), Mahuangfuzigancaotangzheng(hits=1/4, gap=1, poss=0/0, prio=3), Suanzaorentangzheng(hits=1/4, gap=1, poss=0/2, prio=3), Taohuatangzheng(hits=0/5, gap=3, poss=1/1, prio=1)]
兼夹证：[]
加味药物：[]
配伍禁忌警告：[]
[通过] ShaoyinTaiyinFangzhengTest         t_ganjiangfuzitang_zhongye     「干姜附子汤证（阳明中暍）」     0.37s

===== 乌头赤石脂丸证 =====
八纲：{表里=[里证], 寒热=[], 虚实=[实证, 虚证], 阴阳=[阳证], bagangTypes=[里证, 实证, 虚证, 阳证, 阴证]}
六经：阳明太阴合病
方证：乌头赤石脂丸证
推荐方剂：乌头赤石脂丸
药物组成：[赤石脂, 附子, 干姜, 蜀椒, 乌头]
六经列表：[太阴病, 阳明病]
合病标记：阳明太阴合病
候选方证：[乌头赤石脂丸证, 桂枝加芍药汤证, 己椒苈黄丸证, 厚朴生姜半夏甘草人参汤证, 栝楼薤白半夏汤证, 栀子厚朴汤证, 理中汤证, 小承气汤证, 厚朴七物汤证, 大黄硝石汤证]
候选方证打分：[Wutouchishizhiwanzheng(hits=2/4, gap=0, poss=0/0, prio=1), Guizhijiashaoyaotangzheng(hits=1/4, gap=1, poss=0/0, prio=3), Jijiaolihuangwanzheng(hits=1/4, gap=1, poss=0/0, prio=3), Houposhengjiangbanxiagancaorenshentangzheng(hits=1/4, gap=1, poss=0/1, prio=3), Gualouxiebaibanxiatangzheng(hits=1/5, gap=2, poss=1/1, prio=3), Zhizihoupotangzheng(hits=1/5, gap=2, poss=0/0, prio=2), Lizhongtangzheng(hits=1/5, gap=2, poss=0/0, prio=3), Xiaochengqitangzheng(hits=1/5, gap=2, poss=0/2, prio=2), Houpoqiwutangzheng(hits=1/7, gap=3, poss=0/2, prio=2), Dahuangxiaoshitangzheng(hits=1/7, gap=4, poss=0/1, prio=2)]
兼夹证：[]
加味药物：[]
配伍禁忌警告：[]
[通过] ShaoyinTaiyinFangzhengTest         t_wutouchishizhiwan            「乌头赤石脂丸证」        0.51s

===== 茯苓桂枝甘草大枣汤证 =====
八纲：{表里=[表证], 寒热=[], 虚实=[], 阴阳=[阳证], bagangTypes=[表证, 阳证]}
六经：太阳病
方证：茯苓桂枝甘草大枣汤证
推荐方剂：茯苓桂枝大枣汤
药物组成：[大枣, 茯苓, 甘草, 桂枝]
六经列表：[太阳病]
合病标记：null
候选方证：[茯苓桂枝甘草大枣汤证, 桂枝去芍药加附子汤证, 麻黄加术汤证, 杏子汤证, 厚朴麻黄汤证, 芍药甘草附子汤证, 麻黄连翘赤小豆汤证, 桂枝二麻黄一汤证, 桂枝麻黄各半汤证, 小青龙加石膏汤证]
候选方证打分：[Fulingguizhigancaodazaotangzheng(hits=2/4, gap=0, poss=1/1, prio=3), Guizhiqushaoyaojiafuzitangzheng(hits=1/4, gap=1, poss=0/0, prio=2), Mahuangjiazhutangzheng(hits=1/4, gap=1, poss=0/0, prio=3), Xingzitangzheng(hits=1/4, gap=1, poss=0/0, prio=3), Houpomahuangtangzheng(hits=1/4, gap=1, poss=0/4, prio=3), Shaoyaogancaofuzitangzheng(hits=1/5, gap=2, poss=0/1, prio=3), Mahuanglianqiaochixiaodoutangzheng(hits=1/7, gap=3, poss=0/0, prio=3), Guizhiermahuangyitangzheng(hits=1/6, gap=3, poss=0/0, prio=3), Guizhimahuanggebantangzheng(hits=1/6, gap=3, poss=0/0, prio=3), Xiaoqinglongjiashigaotangzheng(hits=1/6, gap=3, poss=0/0, prio=3)]
兼夹证：[]
加味药物：[]
配伍禁忌警告：[]
[通过] ShaoyinTaiyinFangzhengTest         t_fulingguizhigancaodazaotang  「茯苓桂枝甘草大枣汤证」     0.37s

===== 苓桂术甘汤证 =====
八纲：{表里=[里证], 寒热=[], 虚实=[实证, 虚证], 阴阳=[阳证], bagangTypes=[里证, 实证, 虚证, 阳证, 阴证]}
六经：阳明太阴合病
方证：苓桂术甘汤证
推荐方剂：苓桂术
药物组成：[白术, 茯苓, 甘草, 桂枝]
六经列表：[太阴病, 阳明病]
合病标记：阳明太阴合病
候选方证：[苓桂术甘汤证, 桂枝加芍药汤证, 己椒苈黄丸证, 厚朴生姜半夏甘草人参汤证, 栀子厚朴汤证, 理中汤证, 小承气汤证, 厚朴七物汤证, 大黄硝石汤证, 大承气汤证]
候选方证打分：[Lingguizhugantangzheng(hits=3/5, gap=0, poss=1/1, prio=3), Guizhijiashaoyaotangzheng(hits=1/4, gap=1, poss=0/0, prio=3), Jijiaolihuangwanzheng(hits=1/4, gap=1, poss=0/0, prio=3), Houposhengjiangbanxiagancaorenshentangzheng(hits=1/4, gap=1, poss=0/1, prio=3), Zhizihoupotangzheng(hits=1/5, gap=2, poss=0/0, prio=2), Lizhongtangzheng(hits=1/5, gap=2, poss=0/0, prio=3), Xiaochengqitangzheng(hits=1/5, gap=2, poss=0/2, prio=2), Houpoqiwutangzheng(hits=1/7, gap=3, poss=0/2, prio=2), Dahuangxiaoshitangzheng(hits=1/7, gap=4, poss=0/1, prio=2), Dachengqitangzheng(hits=1/8, gap=5, poss=0/0, prio=1)]
兼夹证：[]
加味药物：[]
配伍禁忌警告：[]
[通过] ShaoyinTaiyinFangzhengTest         t_lingguizhugantang            「苓桂术甘汤证」         0.42s

===== 五苓散证 =====
八纲：{表里=[表证, 里证], 寒热=[热证], 虚实=[], 阴阳=[阳证], bagangTypes=[表证, 里证, 热证, 阳证]}
六经：太阳阳明合病
方证：五苓散证
推荐方剂：五苓散
药物组成：[白术, 茯苓, 桂枝, 泽泻, 猪苓]
六经列表：[太阳病, 阳明病]
合病标记：太阳阳明合病
候选方证：[五苓散证, 茯苓戎盐汤证, 滑石白鱼散证, 蒲灰散证, 猪苓汤证, 桂枝去芍药加附子汤证, 茵陈蒿汤证, 桂枝去桂加茯苓白术汤证, 麻黄加术汤证, 牡蛎泽泻散证]
候选方证打分：[Wulingsanzheng(hits=4/8, gap=0, poss=0/0, prio=3), Fulingrongyantangzheng(hits=1/3, gap=0, poss=0/0, prio=3), Huashibaiyusanzheng(hits=1/3, gap=0, poss=0/0, prio=3), Puhuisanzheng(hits=1/3, gap=0, poss=0/0, prio=3), Zhulingtangzheng(hits=2/5, gap=1, poss=0/0, prio=2), Guizhiqushaoyaojiafuzitangzheng(hits=1/4, gap=1, poss=0/0, prio=2), Yinchenhaotangzheng(hits=1/4, gap=1, poss=0/0, prio=2), Guizhiquguijiafulingbaizhutangzheng(hits=1/4, gap=1, poss=0/0, prio=3), Mahuangjiazhutangzheng(hits=1/4, gap=1, poss=0/0, prio=3), Mulizexiesanzheng(hits=1/4, gap=1, poss=0/0, prio=3)]
兼夹证：[]
加味药物：[]
配伍禁忌警告：[]
[通过] ShaoyinTaiyinFangzhengTest         t_wulingsan                    「五苓散证」           0.43s

===== 茯苓甘草汤证 =====
八纲：{表里=[表证], 寒热=[], 虚实=[], 阴阳=[阳证], bagangTypes=[表证, 阳证]}
六经：太阳病
方证：茯苓甘草汤证
推荐方剂：茯苓汤
药物组成：[茯苓, 甘草, 桂枝, 生姜]
六经列表：[太阳病]
合病标记：null
候选方证：[茯苓甘草汤证, 桂枝去芍药加附子汤证, 桂枝甘草汤证, 麻黄加术汤证, 杏子汤证, 厚朴麻黄汤证, 越婢汤证, 芍药甘草附子汤证, 麻黄连翘赤小豆汤证, 桂枝二麻黄一汤证]
候选方证打分：[Fulinggancaotangzheng(hits=3/5, gap=0, poss=0/1, prio=3), Guizhiqushaoyaojiafuzitangzheng(hits=1/4, gap=1, poss=0/0, prio=2), Guizhigancaotangzheng(hits=1/4, gap=1, poss=0/0, prio=3), Mahuangjiazhutangzheng(hits=1/4, gap=1, poss=0/0, prio=3), Xingzitangzheng(hits=1/4, gap=1, poss=0/0, prio=3), Houpomahuangtangzheng(hits=1/4, gap=1, poss=0/4, prio=3), Yuebitangzheng(hits=1/5, gap=2, poss=1/2, prio=3), Shaoyaogancaofuzitangzheng(hits=1/5, gap=2, poss=0/1, prio=3), Mahuanglianqiaochixiaodoutangzheng(hits=1/7, gap=3, poss=0/0, prio=3), Guizhiermahuangyitangzheng(hits=1/6, gap=3, poss=0/0, prio=3)]
兼夹证：[]
加味药物：[]
配伍禁忌警告：[]
[通过] ShaoyinTaiyinFangzhengTest         t_fulinggancaotang             「茯苓甘草汤证」         0.38s

===== 茯苓泽泻汤证 =====
八纲：{表里=[表证, 里证], 寒热=[], 虚实=[虚证], 阴阳=[阴证], bagangTypes=[表证, 里证, 虚证, 阴证]}
六经：太阴少阴合病
方证：茯苓泽泻汤证
推荐方剂：茯苓泽泻汤
药物组成：[白术, 茯苓, 甘草, 桂枝, 生姜, 泽泻]
六经列表：[少阴病, 太阴病]
合病标记：太阴少阴合病
候选方证：[茯苓泽泻汤证, 文蛤汤证, 厚朴生姜半夏甘草人参汤证, 桂枝加芍药汤证, 己椒苈黄丸证, 栝楼瞿麦丸证, 理中汤证, 小半夏加茯苓汤证, 猪苓汤证, 附子粳米汤证]
候选方证打分：[Fulingzexietangzheng(hits=2/4, gap=0, poss=0/0, prio=3), Wengetangzheng(hits=3/6, gap=1, poss=0/0, prio=3), Houposhengjiangbanxiagancaorenshentangzheng(hits=1/4, gap=1, poss=1/1, prio=3), Guizhijiashaoyaotangzheng(hits=1/4, gap=1, poss=0/0, prio=3), Jijiaolihuangwanzheng(hits=1/4, gap=1, poss=0/0, prio=3), Gualouqumaiwanzheng(hits=1/5, gap=2, poss=0/0, prio=3), Lizhongtangzheng(hits=1/5, gap=2, poss=0/0, prio=3), Xiaobanxiajiafulingtangzheng(hits=1/5, gap=2, poss=0/1, prio=3), Zhulingtangzheng(hits=1/5, gap=2, poss=0/0, prio=2), Fuzijingmitangzheng(hits=1/6, gap=3, poss=0/0, prio=3)]
兼夹证：[]
加味药物：[]
配伍禁忌警告：[]
[通过] ShaoyinTaiyinFangzhengTest         t_fulingzexietang              「茯苓泽泻汤证」         0.37s

===== 苓甘五味姜辛汤证 =====
八纲：{表里=[里证], 寒热=[], 虚实=[虚证], 阴阳=[阴证], bagangTypes=[里证, 虚证, 阴证]}
六经：太阴病
方证：苓甘五味姜辛汤证
推荐方剂：苓味姜辛汤
药物组成：[茯苓, 甘草, 干姜, 五味子, 细辛]
六经列表：[太阴病]
合病标记：null
候选方证：[苓甘五味姜辛汤证, 泽漆汤证, 苓甘五味姜辛夏汤证, 桂枝加芍药汤证, 己椒苈黄丸证, 厚朴生姜半夏甘草人参汤证, 栝楼瞿麦丸证, 理中汤证, 越婢加半夏汤证, 木防己汤证]
候选方证打分：[Lingganwuweijiangxintangzheng(hits=2/4, gap=0, poss=0/0, prio=3), Zeqitangzheng(hits=2/4, gap=0, poss=0/0, prio=3), Lingganwuweijiangxinxiatangzheng(hits=2/5, gap=1, poss=0/0, prio=3), Guizhijiashaoyaotangzheng(hits=1/4, gap=1, poss=0/0, prio=3), Jijiaolihuangwanzheng(hits=1/4, gap=1, poss=0/0, prio=3), Houposhengjiangbanxiagancaorenshentangzheng(hits=1/4, gap=1, poss=0/1, prio=3), Gualouqumaiwanzheng(hits=1/5, gap=2, poss=0/0, prio=3), Lizhongtangzheng(hits=1/5, gap=2, poss=0/0, prio=3), Yuebijiabanxiatangzheng(hits=1/5, gap=2, poss=0/1, prio=3), Mufangjitangzheng(hits=1/6, gap=3, poss=0/0, prio=2)]
兼夹证：[]
加味药物：[]
配伍禁忌警告：[]
[通过] ShaoyinTaiyinFangzhengTest         t_lingganwuweijiangxintang     「苓甘五味姜辛汤证」       0.37s

===== 苓甘五味姜辛夏汤证 =====
八纲：{表里=[里证], 寒热=[], 虚实=[虚证], 阴阳=[阴证], bagangTypes=[里证, 虚证, 阴证]}
六经：太阴病
方证：苓甘五味姜辛夏汤证
推荐方剂：苓甘五味姜辛夏汤
药物组成：[半夏, 茯苓, 甘草, 干姜, 五味子, 细辛]
六经列表：[太阴病]
合病标记：null
候选方证：[苓甘五味姜辛夏汤证, 苓甘五味姜辛汤证, 泽漆汤证, 桂枝加芍药汤证, 己椒苈黄丸证, 泽泻汤证, 厚朴生姜半夏甘草人参汤证, 猪苓散证, 半夏泻心汤证, 栝楼瞿麦丸证]
候选方证打分：[Lingganwuweijiangxinxiatangzheng(hits=3/5, gap=0, poss=0/0, prio=3), Lingganwuweijiangxintangzheng(hits=2/4, gap=0, poss=0/0, prio=3), Zeqitangzheng(hits=2/4, gap=0, poss=0/0, prio=3), Guizhijiashaoyaotangzheng(hits=1/4, gap=1, poss=0/0, prio=3), Jijiaolihuangwanzheng(hits=1/4, gap=1, poss=0/0, prio=3), Zexietangzheng(hits=1/4, gap=1, poss=0/0, prio=3), Houposhengjiangbanxiagancaorenshentangzheng(hits=1/4, gap=1, poss=0/1, prio=3), Zhulingsanzheng(hits=2/6, gap=2, poss=0/0, prio=3), Banxiaxiexintangzheng(hits=1/5, gap=2, poss=0/0, prio=2), Gualouqumaiwanzheng(hits=1/5, gap=2, poss=0/0, prio=3)]
兼夹证：[]
加味药物：[]
配伍禁忌警告：[]
[通过] ShaoyinTaiyinFangzhengTest         t_lingganwuweijiangxinxiatang  「苓甘五味姜辛夏汤证」      0.40s

===== 苓甘五味加姜辛半夏杏仁汤证 =====
八纲：{表里=[里证], 寒热=[], 虚实=[虚证], 阴阳=[阴证], bagangTypes=[里证, 虚证, 阴证]}
六经：太阴病
方证：苓甘五味加姜辛半夏杏仁汤证
推荐方剂：苓甘五味加姜辛半夏杏仁汤
药物组成：[半夏, 茯苓, 甘草, 干姜, 五味子, 杏仁, 细辛]
六经列表：[太阴病]
合病标记：null
候选方证：[苓甘五味加姜辛半夏杏仁汤证, 桂枝加芍药汤证, 己椒苈黄丸证, 泽漆汤证, 厚朴生姜半夏甘草人参汤证, 栝楼瞿麦丸证, 理中汤证, 诃梨勒散证, 紫参汤证, 甘草干姜茯苓白术汤证]
候选方证打分：[Lingganwuweijiajiangxinbanxiaxingrentangzheng(hits=1/3, gap=0, poss=0/0, prio=3), Guizhijiashaoyaotangzheng(hits=1/4, gap=1, poss=0/0, prio=3), Jijiaolihuangwanzheng(hits=1/4, gap=1, poss=0/0, prio=3), Zeqitangzheng(hits=1/4, gap=1, poss=0/0, prio=3), Houposhengjiangbanxiagancaorenshentangzheng(hits=1/4, gap=1, poss=0/1, prio=3), Gualouqumaiwanzheng(hits=1/5, gap=2, poss=0/0, prio=3), Lizhongtangzheng(hits=1/5, gap=2, poss=0/0, prio=3), Helilesanzheng(hits=0/4, gap=2, poss=1/1, prio=3), Zishentangzheng(hits=0/4, gap=2, poss=1/1, prio=3), Gancaoganjiangfulingbaizhutangzheng(hits=0/4, gap=2, poss=1/2, prio=3)]
兼夹证：[]
加味药物：[]
配伍禁忌警告：[]
[通过] ShaoyinTaiyinFangzhengTest         t_lingganwuweijiajiangxinbanxiaxingrentang 「苓甘五味加姜辛半夏杏仁汤证」     0.36s

===== 苓甘五味加姜辛半杏大黄汤证 =====
八纲：{表里=[里证], 寒热=[], 虚实=[虚证], 阴阳=[阴证], bagangTypes=[里证, 虚证, 阴证]}
六经：太阴病
方证：苓甘五味加姜辛半杏大黄汤证
推荐方剂：苓甘五味加姜辛半杏大黄汤
药物组成：[半夏, 大黄, 茯苓, 甘草, 干姜, 五味子, 杏仁, 细辛]
六经列表：[太阴病]
合病标记：null
候选方证：[苓甘五味加姜辛半杏大黄汤证, 桂枝加芍药汤证, 己椒苈黄丸证, 泽漆汤证, 厚朴生姜半夏甘草人参汤证, 栝楼瞿麦丸证, 理中汤证, 诃梨勒散证, 紫参汤证, 甘草干姜茯苓白术汤证]
候选方证打分：[Lingganwuweijiajiangxinbanxingdahuangtangzheng(hits=1/3, gap=0, poss=0/3, prio=3), Guizhijiashaoyaotangzheng(hits=1/4, gap=1, poss=0/0, prio=3), Jijiaolihuangwanzheng(hits=1/4, gap=1, poss=0/0, prio=3), Zeqitangzheng(hits=1/4, gap=1, poss=0/0, prio=3), Houposhengjiangbanxiagancaorenshentangzheng(hits=1/4, gap=1, poss=0/1, prio=3), Gualouqumaiwanzheng(hits=1/5, gap=2, poss=0/0, prio=3), Lizhongtangzheng(hits=1/5, gap=2, poss=0/0, prio=3), Helilesanzheng(hits=0/4, gap=2, poss=1/1, prio=3), Zishentangzheng(hits=0/4, gap=2, poss=1/1, prio=3), Gancaoganjiangfulingbaizhutangzheng(hits=0/4, gap=2, poss=1/2, prio=3)]
兼夹证：[]
加味药物：[]
配伍禁忌警告：[]
[通过] ShaoyinTaiyinFangzhengTest         t_lingganwuweijiajiangxinbanxingdahuangtang 「苓甘五味加姜辛半杏大黄汤证」     0.60s

===== 桂苓五味甘草汤证 =====
八纲：{表里=[里证], 寒热=[], 虚实=[虚证], 阴阳=[阴证], bagangTypes=[里证, 虚证, 阴证]}
六经：太阴病
方证：桂苓五味甘草汤证
推荐方剂：桂苓五味汤
药物组成：[茯苓, 甘草, 桂枝, 五味子]
六经列表：[太阴病]
合病标记：null
候选方证：[桂苓五味甘草汤证, 桂枝加芍药汤证, 己椒苈黄丸证, 泽漆汤证, 当归贝母苦参丸证, 厚朴生姜半夏甘草人参汤证, 栝楼瞿麦丸证, 理中汤证, 大黄甘遂汤证, 诃梨勒散证]
候选方证打分：[Guilingwuweigancaotangzheng(hits=2/5, gap=1, poss=0/0, prio=3), Guizhijiashaoyaotangzheng(hits=1/4, gap=1, poss=0/0, prio=3), Jijiaolihuangwanzheng(hits=1/4, gap=1, poss=0/0, prio=3), Zeqitangzheng(hits=1/4, gap=1, poss=0/0, prio=3), Dangguibeimukushenwanzheng(hits=1/4, gap=1, poss=0/1, prio=3), Houposhengjiangbanxiagancaorenshentangzheng(hits=1/4, gap=1, poss=0/1, prio=3), Gualouqumaiwanzheng(hits=1/5, gap=2, poss=0/0, prio=3), Lizhongtangzheng(hits=1/5, gap=2, poss=0/0, prio=3), Dahuanggansuitangzheng(hits=1/6, gap=3, poss=1/2, prio=2), Helilesanzheng(hits=0/4, gap=2, poss=1/1, prio=3)]
兼夹证：[]
加味药物：[]
配伍禁忌警告：[]
[通过] ShaoyinTaiyinFangzhengTest         t_guilingwuweigancaotang       「桂苓五味甘草汤证」       0.46s

===== 桂枝加龙骨牡蛎汤证 =====
八纲：{表里=[里证], 寒热=[寒证], 虚实=[虚证], 阴阳=[阴证], bagangTypes=[寒证, 里证, 虚证, 阴证]}
六经：太阴病
方证：桂枝加龙骨牡蛎汤证
推荐方剂：桂枝加龙骨牡蛎汤加减
药物组成：[大枣, 甘草, 桂枝, 龙骨, 牡蛎, 芍药, 生姜]
六经列表：[太阴病]
合病标记：null
候选方证：[桂枝加龙骨牡蛎汤证, 桂枝加芍药汤证, 己椒苈黄丸证, 厚朴生姜半夏甘草人参汤证, 理中汤证, 大黄甘遂汤证]
候选方证打分：[Guizhijialonggumulitangzheng(hits=2/4, gap=0, poss=0/0, prio=3), Guizhijiashaoyaotangzheng(hits=1/4, gap=1, poss=0/0, prio=3), Jijiaolihuangwanzheng(hits=1/4, gap=1, poss=0/0, prio=3), Houposhengjiangbanxiagancaorenshentangzheng(hits=1/4, gap=1, poss=0/1, prio=3), Lizhongtangzheng(hits=1/5, gap=2, poss=0/0, prio=3), Dahuanggansuitangzheng(hits=0/6, gap=4, poss=1/2, prio=2)]
兼夹证：[]
加味药物：[]
配伍禁忌警告：[]
[通过] ShaoyinTaiyinFangzhengTest         t_guizhijialonggumulitang_taiyin 「桂枝加龙骨牡蛎汤证（太阴）」     0.47s

===== 桂枝生姜枳实汤证 =====
八纲：{表里=[里证], 寒热=[], 虚实=[虚证], 阴阳=[阴证], bagangTypes=[里证, 虚证, 阴证]}
六经：太阴病
方证：桂枝生姜枳实汤证
推荐方剂：桂枝生姜枳实汤
药物组成：[桂枝, 生姜, 枳实]
六经列表：[太阴病]
合病标记：null
候选方证：[桂枝生姜枳实汤证, 桂枝加芍药汤证, 己椒苈黄丸证, 厚朴生姜半夏甘草人参汤证, 甘遂半夏汤证, 理中汤证, 枳实薤白桂枝汤证, 土瓜根散证, 大建中汤证, 大黄甘遂汤证]
候选方证打分：[Guizhishengjiangzhishitangzheng(hits=2/4, gap=0, poss=0/0, prio=3), Guizhijiashaoyaotangzheng(hits=1/4, gap=1, poss=0/0, prio=3), Jijiaolihuangwanzheng(hits=1/4, gap=1, poss=0/0, prio=3), Houposhengjiangbanxiagancaorenshentangzheng(hits=1/4, gap=1, poss=0/1, prio=3), Gansuibanxiatangzheng(hits=1/5, gap=2, poss=0/0, prio=2), Lizhongtangzheng(hits=1/5, gap=2, poss=0/0, prio=3), Zhishixiebaiguizhitangzheng(hits=1/6, gap=3, poss=0/1, prio=3), Tuguagensanzheng(hits=0/5, gap=3, poss=1/1, prio=5), Dajianzhongtangzheng(hits=0/6, gap=4, poss=1/1, prio=1), Dahuanggansuitangzheng(hits=0/6, gap=4, poss=1/2, prio=2)]
兼夹证：[]
加味药物：[]
配伍禁忌警告：[]
[通过] ShaoyinTaiyinFangzhengTest         t_guizhishengjiangzhishitang_taiyin 「桂枝生姜枳实汤证（太阴）」     0.40s

===== 越婢加术汤证 =====
八纲：{表里=[里证], 寒热=[], 虚实=[虚证], 阴阳=[阴证], bagangTypes=[里证, 虚证, 阴证]}
六经：太阴病
方证：越婢加术汤证
推荐方剂：Yuebijiazhutang
药物组成：[]
六经列表：[太阴病]
合病标记：null
候选方证：[越婢加术汤证, 栝楼瞿麦丸证, 桂枝加芍药汤证, 己椒苈黄丸证, 泽漆汤证, 厚朴生姜半夏甘草人参汤证, 葵子茯苓散证, 理中汤证, 柴胡桂枝干姜汤证, 当归贝母苦参丸证]
候选方证打分：[Yuebijiazhutangzheng(hits=2/4, gap=0, poss=0/0, prio=3), Gualouqumaiwanzheng(hits=2/5, gap=1, poss=0/0, prio=3), Guizhijiashaoyaotangzheng(hits=1/4, gap=1, poss=0/0, prio=3), Jijiaolihuangwanzheng(hits=1/4, gap=1, poss=0/0, prio=3), Zeqitangzheng(hits=1/4, gap=1, poss=0/0, prio=3), Houposhengjiangbanxiagancaorenshentangzheng(hits=1/4, gap=1, poss=0/1, prio=3), Kuizifulingsanzheng(hits=1/5, gap=2, poss=0/0, prio=3), Lizhongtangzheng(hits=1/5, gap=2, poss=0/0, prio=3), Chaihuguizhiganjiangtangzheng(hits=1/7, gap=4, poss=0/0, prio=3), Dangguibeimukushenwanzheng(hits=0/4, gap=2, poss=1/1, prio=3)]
兼夹证：[]
加味药物：[]
配伍禁忌警告：[]
[通过] ShaoyinTaiyinFangzhengTest         t_yuebijiazhutang              「越婢加术汤证」         0.41s

===== 黄芪桂枝五物汤证 =====
八纲：{表里=[里证], 寒热=[], 虚实=[虚证], 阴阳=[阴证], bagangTypes=[里证, 虚证, 阴证]}
六经：太阴病
方证：黄芪桂枝五物汤证
推荐方剂：黄芪桂枝五物汤
药物组成：[大枣, 桂枝, 黄芪, 芍药, 生姜]
六经列表：[太阴病]
合病标记：null
候选方证：[黄芪桂枝五物汤证, 桂枝加芍药汤证, 己椒苈黄丸证, 厚朴生姜半夏甘草人参汤证, 理中汤证, 大黄甘遂汤证]
候选方证打分：[Huangqiguizhiwuwutangzheng(hits=2/4, gap=0, poss=0/0, prio=3), Guizhijiashaoyaotangzheng(hits=1/4, gap=1, poss=0/0, prio=3), Jijiaolihuangwanzheng(hits=1/4, gap=1, poss=0/0, prio=3), Houposhengjiangbanxiagancaorenshentangzheng(hits=1/4, gap=1, poss=0/1, prio=3), Lizhongtangzheng(hits=1/5, gap=2, poss=0/0, prio=3), Dahuanggansuitangzheng(hits=0/6, gap=4, poss=1/2, prio=2)]
兼夹证：[]
加味药物：[]
配伍禁忌警告：[]
[通过] ShaoyinTaiyinFangzhengTest         t_huangqiguizhiwuwutang        「黄芪桂枝五物汤证」       0.38s

===== 黄芪建中汤证 =====
八纲：{表里=[表证], 寒热=[], 虚实=[虚证], 阴阳=[阴证], bagangTypes=[表证, 虚证, 阴证]}
六经：少阴病
方证：黄芪建中汤证
推荐方剂：黄芪建中汤
药物组成：[大枣, 甘草, 桂枝, 黄芪, 芍药, 生姜, 饴糖]
六经列表：[少阴病]
合病标记：null
候选方证：[黄芪建中汤证, 四逆汤证, 麻黄附子甘草汤证, 薯蓣丸证, 当归生姜羊肉汤证, 桃花汤证]
候选方证打分：[Huangqijianzhongtangzheng(hits=2/4, gap=0, poss=0/0, prio=3), Sinitangzheng(hits=1/4, gap=1, poss=0/0, prio=1), Mahuangfuzigancaotangzheng(hits=1/4, gap=1, poss=0/0, prio=3), Shuyuwanzheng(hits=1/4, gap=1, poss=0/0, prio=3), Dangguishengjiangyangroutangzheng(hits=1/5, gap=2, poss=0/1, prio=3), Taohuatangzheng(hits=0/5, gap=3, poss=1/1, prio=1)]
兼夹证：[]
加味药物：[]
配伍禁忌警告：[]
[通过] ShaoyinTaiyinFangzhengTest         t_huangqijianzhongtang         「黄芪建中汤证」         0.44s

===== 栝楼瞿麦丸（十八反：瓜蒌根反附子） =====
八纲：{表里=[里证], 寒热=[], 虚实=[虚证], 阴阳=[阴证], bagangTypes=[里证, 虚证, 阴证]}
六经：太阴病
方证：栝楼瞿麦丸证
推荐方剂：栝楼瞿麦丸
药物组成：[茯苓, 附子, 瓜蒌根, 瞿麦, 山药]
六经列表：[太阴病]
合病标记：null
候选方证：[栝楼瞿麦丸证, 茯苓泽泻汤证, 桂枝加芍药汤证, 己椒苈黄丸证, 越婢加术汤证, 泽漆汤证, 厚朴生姜半夏甘草人参汤证, 葵子茯苓散证, 理中汤证, 柴胡桂枝干姜汤证]
候选方证打分：[Gualouqumaiwanzheng(hits=3/5, gap=0, poss=0/0, prio=3), Fulingzexietangzheng(hits=1/4, gap=1, poss=0/0, prio=3), Guizhijiashaoyaotangzheng(hits=1/4, gap=1, poss=0/0, prio=3), Jijiaolihuangwanzheng(hits=1/4, gap=1, poss=0/0, prio=3), Yuebijiazhutangzheng(hits=1/4, gap=1, poss=0/0, prio=3), Zeqitangzheng(hits=1/4, gap=1, poss=0/0, prio=3), Houposhengjiangbanxiagancaorenshentangzheng(hits=1/4, gap=1, poss=0/1, prio=3), Kuizifulingsanzheng(hits=1/5, gap=2, poss=0/0, prio=3), Lizhongtangzheng(hits=1/5, gap=2, poss=0/0, prio=3), Chaihuguizhiganjiangtangzheng(hits=2/7, gap=3, poss=0/0, prio=3)]
兼夹证：[]
加味药物：[]
配伍禁忌警告：[十八反：瓜蒌根 反 附子]
[通过] ShaoyinTaiyinFangzhengTest         shouldWarnOnGualouQumaiWanAntagonism 「栝楼瞿麦丸十八反警告检测」     0.41s

===== 内补当归建中汤证 =====
八纲：{表里=[里证], 寒热=[], 虚实=[虚证], 阴阳=[阴证], bagangTypes=[里证, 虚证, 阴证]}
六经：太阴病
方证：内补当归建中汤证
推荐方剂：内补当归建中汤
药物组成：[当归, 大枣, 甘草, 桂枝, 芍药, 生姜, 饴糖]
六经列表：[太阴病]
合病标记：null
候选方证：[内补当归建中汤证, 红蓝花酒证, 排脓散证, 桂枝加大黄汤证, 桂枝加芍药汤证, 己椒苈黄丸证, 厚朴生姜半夏甘草人参汤证, 橘皮竹茹汤证, 理中汤证, 附子粳米汤证]
候选方证打分：[Neibudangguijianzhongtangzheng(hits=3/5, gap=0, poss=3/3, prio=3), Honglanhuajiuzheng(hits=2/4, gap=0, poss=0/0, prio=5), Painongsanzheng(hits=1/3, gap=0, poss=0/0, prio=3), Guizhijiadahuangtangzheng(hits=1/4, gap=1, poss=0/0, prio=3), Guizhijiashaoyaotangzheng(hits=1/4, gap=1, poss=0/0, prio=3), Jijiaolihuangwanzheng(hits=1/4, gap=1, poss=0/0, prio=3), Houposhengjiangbanxiagancaorenshentangzheng(hits=1/4, gap=1, poss=0/1, prio=3), Jupizhurutangzheng(hits=1/5, gap=2, poss=0/0, prio=3), Lizhongtangzheng(hits=1/5, gap=2, poss=0/0, prio=3), Fuzijingmitangzheng(hits=1/6, gap=3, poss=0/0, prio=3)]
兼夹证：[]
加味药物：[]
配伍禁忌警告：[]
[通过] ShaoyinTaiyinFangzhengTest         t_neibudangguijianzhongtang    「内补当归建中汤证」       0.41s

===== 赤石脂禹余粮汤证 =====
八纲：{表里=[里证], 寒热=[], 虚实=[虚证], 阴阳=[阴证], bagangTypes=[里证, 虚证, 阴证]}
六经：太阴病
方证：赤石脂禹余粮汤证
推荐方剂：赤石脂禹余粮汤
药物组成：[赤石脂, 禹余粮]
六经列表：[太阴病]
合病标记：null
候选方证：[赤石脂禹余粮汤证, 桂枝加芍药汤证, 己椒苈黄丸证, 旋覆代赭汤证, 厚朴生姜半夏甘草人参汤证, 甘草泻心汤证, 桂枝人参汤证, 生姜泻心汤证, 理中汤证, 大黄甘遂汤证]
候选方证打分：[Chishizhiyuyuliangtangzheng(hits=2/4, gap=0, poss=0/0, prio=2), Guizhijiashaoyaotangzheng(hits=1/4, gap=1, poss=0/0, prio=3), Jijiaolihuangwanzheng(hits=1/4, gap=1, poss=0/0, prio=3), Xuanfudaizhetangzheng(hits=1/4, gap=1, poss=0/0, prio=3), Houposhengjiangbanxiagancaorenshentangzheng(hits=1/4, gap=1, poss=0/1, prio=3), Gancaoxiexintangzheng(hits=1/4, gap=1, poss=0/0, prio=2), Guizhirenshentangzheng(hits=2/6, gap=2, poss=0/0, prio=2), Shengjiangxiexintangzheng(hits=1/5, gap=2, poss=0/0, prio=2), Lizhongtangzheng(hits=1/5, gap=2, poss=0/0, prio=3), Dahuanggansuitangzheng(hits=0/6, gap=4, poss=1/2, prio=2)]
兼夹证：[]
加味药物：[]
配伍禁忌警告：[]
[通过] ShaoyinTaiyinFangzhengTest         t_chishizhiyuyuliangtang       「赤石脂禹余粮汤证」       0.43s

===== 茵陈五苓散证 =====
八纲：{表里=[表证, 里证], 寒热=[热证], 虚实=[], 阴阳=[阳证], bagangTypes=[表证, 里证, 热证, 阳证]}
六经：太阳阳明合病
方证：茵陈五苓散证
推荐方剂：茵陈五苓散加减
药物组成：[白术, 茯苓, 桂枝, 茵陈蒿, 泽泻, 猪苓]
六经列表：[太阳病, 阳明病]
合病标记：太阳阳明合病
候选方证：[茵陈五苓散证, 茯苓戎盐汤证, 滑石白鱼散证, 蒲灰散证, 五苓散证, 猪苓汤证, 茵陈蒿汤证, 桂枝去桂加茯苓白术汤证, 牡蛎泽泻散证, 杏子汤证]
候选方证打分：[Yinchenwulingsanzheng(hits=2/4, gap=0, poss=0/0, prio=3), Fulingrongyantangzheng(hits=1/3, gap=0, poss=0/0, prio=3), Huashibaiyusanzheng(hits=1/3, gap=0, poss=0/0, prio=3), Puhuisanzheng(hits=1/3, gap=0, poss=0/0, prio=3), Wulingsanzheng(hits=3/8, gap=1, poss=0/0, prio=3), Zhulingtangzheng(hits=2/5, gap=1, poss=0/0, prio=2), Yinchenhaotangzheng(hits=1/4, gap=1, poss=0/0, prio=2), Guizhiquguijiafulingbaizhutangzheng(hits=1/4, gap=1, poss=0/0, prio=3), Mulizexiesanzheng(hits=1/4, gap=1, poss=0/0, prio=3), Xingzitangzheng(hits=1/4, gap=1, poss=0/0, prio=3)]
兼夹证：[]
加味药物：[]
配伍禁忌警告：[]
[通过] ShaoyinTaiyinFangzhengTest         t_yinchenwulingsan             「茵陈五苓散证」         0.42s

===== 小建中汤证 =====
八纲：{表里=[里证], 寒热=[], 虚实=[虚证], 阴阳=[阴证], bagangTypes=[里证, 虚证, 阴证]}
六经：太阴病
方证：小建中汤证
推荐方剂：小建中汤
药物组成：[大枣, 甘草, 桂枝, 芍药, 生姜, 饴糖]
六经列表：[太阴病]
合病标记：null
候选方证：[小建中汤证, 炙甘草汤证, 桂枝加芍药汤证, 己椒苈黄丸证, 当归芍药散证, 厚朴生姜半夏甘草人参汤证, 理中汤证, 大黄甘遂汤证]
候选方证打分：[Xiaojianzhongtangzheng(hits=2/3, gap=0, poss=0/0, prio=3), Zhigancaotangzheng(hits=1/4, gap=1, poss=0/0, prio=2), Guizhijiashaoyaotangzheng(hits=1/4, gap=1, poss=0/0, prio=3), Jijiaolihuangwanzheng(hits=1/4, gap=1, poss=0/0, prio=3), Dangguishaoyaosanzheng(hits=1/4, gap=1, poss=0/1, prio=3), Houposhengjiangbanxiagancaorenshentangzheng(hits=1/4, gap=1, poss=0/1, prio=3), Lizhongtangzheng(hits=1/5, gap=2, poss=0/0, prio=3), Dahuanggansuitangzheng(hits=0/6, gap=4, poss=1/2, prio=2)]
兼夹证：[]
加味药物：[]
配伍禁忌警告：[]
[通过] ShaoyinTaiyinFangzhengTest         t_xiaojianzhongtang            「小建中汤证」          0.44s

===== 大建中汤证 =====
八纲：{表里=[里证], 寒热=[], 虚实=[虚证], 阴阳=[阴证], bagangTypes=[里证, 虚证, 阴证]}
六经：太阴病
方证：大建中汤证
推荐方剂：大建中汤
药物组成：[干姜, 人参, 蜀椒, 饴糖]
六经列表：[太阴病]
合病标记：null
候选方证：[大建中汤证, 茯苓泽泻汤证, 桂枝加芍药汤证, 己椒苈黄丸证, 厚朴生姜半夏甘草人参汤证, 甘遂半夏汤证, 理中汤证, 小半夏加茯苓汤证, 附子粳米汤证, 文蛤汤证]
候选方证打分：[Dajianzhongtangzheng(hits=4/6, gap=0, poss=1/1, prio=1), Fulingzexietangzheng(hits=1/4, gap=1, poss=0/0, prio=3), Guizhijiashaoyaotangzheng(hits=1/4, gap=1, poss=0/0, prio=3), Jijiaolihuangwanzheng(hits=1/4, gap=1, poss=0/0, prio=3), Houposhengjiangbanxiagancaorenshentangzheng(hits=1/4, gap=1, poss=0/1, prio=3), Gansuibanxiatangzheng(hits=1/5, gap=2, poss=0/0, prio=2), Lizhongtangzheng(hits=1/5, gap=2, poss=0/0, prio=3), Xiaobanxiajiafulingtangzheng(hits=1/5, gap=2, poss=0/1, prio=3), Fuzijingmitangzheng(hits=1/6, gap=3, poss=0/0, prio=3), Wengetangzheng(hits=1/6, gap=3, poss=0/0, prio=3)]
兼夹证：[]
加味药物：[]
配伍禁忌警告：[]
[通过] ShaoyinTaiyinFangzhengTest         t_dajianzhongtang              「大建中汤证」          0.41s

===== 甘草干姜汤证 =====
八纲：{表里=[里证], 寒热=[], 虚实=[虚证], 阴阳=[阴证], bagangTypes=[里证, 虚证, 阴证]}
六经：太阴病
方证：甘草干姜汤证
推荐方剂：干姜汤
药物组成：[甘草, 干姜]
六经列表：[太阴病]
合病标记：null
候选方证：[甘草干姜汤证, 理中汤证, 桂枝加芍药汤证, 己椒苈黄丸证, 厚朴生姜半夏甘草人参汤证, 橘皮竹茹汤证, 大黄甘遂汤证, 胶艾汤证]
候选方证打分：[Gancaoganjiangtangzheng(hits=4/6, gap=0, poss=1/1, prio=3), Lizhongtangzheng(hits=2/5, gap=1, poss=0/0, prio=3), Guizhijiashaoyaotangzheng(hits=1/4, gap=1, poss=0/0, prio=3), Jijiaolihuangwanzheng(hits=1/4, gap=1, poss=0/0, prio=3), Houposhengjiangbanxiagancaorenshentangzheng(hits=1/4, gap=1, poss=0/1, prio=3), Jupizhurutangzheng(hits=1/5, gap=2, poss=0/0, prio=3), Dahuanggansuitangzheng(hits=1/6, gap=3, poss=1/2, prio=2), Jiaoaitangzheng(hits=0/4, gap=2, poss=1/1, prio=3)]
兼夹证：[]
加味药物：[]
配伍禁忌警告：[]
[通过] ShaoyinTaiyinFangzhengTest         t_gancaoganjiangtang           「甘草干姜汤证」         0.42s

===== 甘草干姜茯苓白术汤证 =====
八纲：{表里=[里证], 寒热=[], 虚实=[虚证], 阴阳=[阴证], bagangTypes=[里证, 虚证, 阴证]}
六经：太阴病
方证：甘草干姜茯苓白术汤证
推荐方剂：干姜茯苓白术汤
药物组成：[白术, 茯苓, 甘草, 干姜]
六经列表：[太阴病]
合病标记：null
候选方证：[甘草干姜茯苓白术汤证, 桂枝加芍药汤证, 己椒苈黄丸证, 泽漆汤证, 厚朴生姜半夏甘草人参汤证, 栝楼瞿麦丸证, 葵子茯苓散证, 理中汤证, 诃梨勒散证, 紫参汤证]
候选方证打分：[Gancaoganjiangfulingbaizhutangzheng(hits=2/4, gap=0, poss=2/2, prio=3), Guizhijiashaoyaotangzheng(hits=1/4, gap=1, poss=0/0, prio=3), Jijiaolihuangwanzheng(hits=1/4, gap=1, poss=0/0, prio=3), Zeqitangzheng(hits=1/4, gap=1, poss=0/0, prio=3), Houposhengjiangbanxiagancaorenshentangzheng(hits=1/4, gap=1, poss=0/1, prio=3), Gualouqumaiwanzheng(hits=1/5, gap=2, poss=0/0, prio=3), Kuizifulingsanzheng(hits=1/5, gap=2, poss=0/0, prio=3), Lizhongtangzheng(hits=1/5, gap=2, poss=0/0, prio=3), Helilesanzheng(hits=0/4, gap=2, poss=1/1, prio=3), Zishentangzheng(hits=0/4, gap=2, poss=1/1, prio=3)]
兼夹证：[]
加味药物：[]
配伍禁忌警告：[]
[通过] ShaoyinTaiyinFangzhengTest         t_gancaoganjiangfulingbaizhutang 「甘草干姜茯苓白术汤证」     0.41s

===== 大建中汤证 =====
八纲：{表里=[里证], 寒热=[], 虚实=[虚证], 阴阳=[阴证], bagangTypes=[里证, 虚证, 阴证]}
六经：太阴病
方证：大建中汤证
推荐方剂：大建中汤
药物组成：[干姜, 人参, 蜀椒, 饴糖]
六经列表：[太阴病]
合病标记：null
候选方证：[大建中汤证, 茯苓泽泻汤证, 桂枝加芍药汤证, 己椒苈黄丸证, 厚朴生姜半夏甘草人参汤证, 甘遂半夏汤证, 理中汤证, 小半夏加茯苓汤证, 附子粳米汤证, 文蛤汤证]
候选方证打分：[Dajianzhongtangzheng(hits=4/6, gap=0, poss=1/1, prio=1), Fulingzexietangzheng(hits=1/4, gap=1, poss=0/0, prio=3), Guizhijiashaoyaotangzheng(hits=1/4, gap=1, poss=0/0, prio=3), Jijiaolihuangwanzheng(hits=1/4, gap=1, poss=0/0, prio=3), Houposhengjiangbanxiagancaorenshentangzheng(hits=1/4, gap=1, poss=0/1, prio=3), Gansuibanxiatangzheng(hits=1/5, gap=2, poss=0/0, prio=2), Lizhongtangzheng(hits=1/5, gap=2, poss=0/0, prio=3), Xiaobanxiajiafulingtangzheng(hits=1/5, gap=2, poss=0/1, prio=3), Fuzijingmitangzheng(hits=1/6, gap=3, poss=0/0, prio=3), Wengetangzheng(hits=1/6, gap=3, poss=0/0, prio=3)]
兼夹证：[]
加味药物：[]
配伍禁忌警告：[]
[通过] ShaoyinTaiyinFangzhengTest         t_dajianzhongtang_retest       「大建中汤证（复测）」      0.47s

===== 术附汤证 =====
八纲：{表里=[半表半里], 寒热=[], 虚实=[虚证], 阴阳=[阴证], bagangTypes=[半表半里, 虚证, 阴证]}
六经：厥阴病
方证：术附汤证
推荐方剂：术附汤
药物组成：[白术, 附子, 甘草]
六经列表：[厥阴病]
合病标记：null
候选方证：[术附汤证, 当归四逆汤证, 当归四逆加吴茱萸生姜汤证, 茯苓甘草汤证, 乌梅丸证]
候选方证打分：[Shufutangzheng(hits=3/5, gap=0, poss=0/0, prio=3), Dangguisinitangzheng(hits=1/4, gap=1, poss=0/0, prio=3), Dangguisinijiawuzhuyushengjiangtangzheng(hits=1/5, gap=2, poss=0/0, prio=3), Fulinggancaotangzheng(hits=1/5, gap=2, poss=0/1, prio=3), Wumeiwanzheng(hits=1/6, gap=3, poss=0/0, prio=2)]
兼夹证：[]
加味药物：[]
配伍禁忌警告：[]
[通过] ShaoyinTaiyinFangzhengTest         t_shufutang                    「术附汤证」           0.39s

===== 太少两感（麻黄附子细辛汤证） =====
八纲：{表里=[表证], 寒热=[], 虚实=[虚证], 阴阳=[阴证], bagangTypes=[表证, 虚证, 阳证, 阴证]}
六经：太少两感
方证：麻黄附子细辛汤证
推荐方剂：麻黄附子细辛汤
药物组成：[附子, 麻黄, 细辛]
六经列表：[少阴病, 太阳病]
合病标记：太少两感
候选方证：[麻黄附子细辛汤证, 麻黄附子甘草汤证, 桂枝去芍药加附子汤证, 麻黄加术汤证, 杏子汤证, 厚朴麻黄汤证, 麻黄连翘赤小豆汤证, 桂枝二麻黄一汤证, 桂枝麻黄各半汤证, 柴胡桂枝汤证]
候选方证打分：[Mahuangfuzixixintangzheng(hits=2/4, gap=0, poss=0/0, prio=2), Mahuangfuzigancaotangzheng(hits=2/4, gap=0, poss=0/0, prio=3), Guizhiqushaoyaojiafuzitangzheng(hits=1/4, gap=1, poss=0/0, prio=2), Mahuangjiazhutangzheng(hits=1/4, gap=1, poss=0/0, prio=3), Xingzitangzheng(hits=1/4, gap=1, poss=0/0, prio=3), Houpomahuangtangzheng(hits=1/4, gap=1, poss=0/4, prio=3), Mahuanglianqiaochixiaodoutangzheng(hits=2/7, gap=2, poss=0/0, prio=3), Guizhiermahuangyitangzheng(hits=2/6, gap=2, poss=0/0, prio=3), Guizhimahuanggebantangzheng(hits=2/6, gap=2, poss=0/0, prio=3), Chaihuguizhitangzheng(hits=1/6, gap=2, poss=0/0, prio=3)]
兼夹证：[]
加味药物：[]
配伍禁忌警告：[]
[通过] ShaoyinTaiyinFangzhengTest         shouldDetectTaiShaoLiangGan    「太少两感检测」         0.39s

===== 桂枝汤证 =====
八纲：{表里=[表证], 寒热=[], 虚实=[虚证], 阴阳=[阳证], bagangTypes=[表证, 虚证, 阳证, 阴证]}
六经：太少两感
方证：桂枝汤证
推荐方剂：桂枝汤
药物组成：[大枣, 甘草, 桂枝, 芍药, 生姜]
六经列表：[少阴病, 太阳病]
合病标记：太少两感
候选方证：[桂枝汤证, 防己黄芪汤证, 栝楼桂枝汤证, 桂枝加葛根汤证, 桂枝加厚朴杏子汤证, 通脉四逆加猪胆汁汤证, 麻黄附子细辛汤证, 头风摩散证, 杏子汤证, 厚朴麻黄汤证]
候选方证打分：[Guizhitangzheng(hits=4/6, gap=0, poss=1/1, prio=3), Fangjihuangqitangzheng(hits=2/5, gap=1, poss=0/0, prio=3), Gualouguizhitangzheng(hits=2/5, gap=1, poss=0/0, prio=3), Guizhijiagegentangzheng(hits=2/5, gap=1, poss=0/0, prio=3), Guizhijiahoupoxingzitangzheng(hits=2/5, gap=1, poss=0/0, prio=3), Tongmaisinijiazhudanzhitangzheng(hits=1/4, gap=1, poss=0/0, prio=1), Mahuangfuzixixintangzheng(hits=1/4, gap=1, poss=0/0, prio=2), Toufengmosanzheng(hits=1/4, gap=1, poss=0/0, prio=3), Xingzitangzheng(hits=1/4, gap=1, poss=0/0, prio=3), Houpomahuangtangzheng(hits=1/4, gap=1, poss=0/4, prio=3)]
兼夹证：[]
加味药物：[]
配伍禁忌警告：[]
[通过] TaiyangFangzhengTest               shouldDiagnoseGuizhiTangPattern 「桂枝汤证诊断」         0.40s

===== 桂枝加葛根汤证 =====
八纲：{表里=[表证], 寒热=[], 虚实=[虚证], 阴阳=[阳证], bagangTypes=[表证, 虚证, 阳证, 阴证]}
六经：太少两感
方证：桂枝加葛根汤证
推荐方剂：桂枝加葛根汤
药物组成：[大枣, 甘草, 葛根, 桂枝, 芍药, 生姜]
六经列表：[少阴病, 太阳病]
合病标记：太少两感
候选方证：[桂枝加葛根汤证, 桂枝汤证, 防己黄芪汤证, 栝楼桂枝汤证, 桂枝加厚朴杏子汤证, 通脉四逆加猪胆汁汤证, 桂枝去芍药加附子汤证, 麻黄附子甘草汤证, 麻黄加术汤证, 头风摩散证]
候选方证打分：[Guizhijiagegentangzheng(hits=3/5, gap=0, poss=0/0, prio=3), Guizhitangzheng(hits=3/6, gap=1, poss=1/1, prio=3), Fangjihuangqitangzheng(hits=2/5, gap=1, poss=0/0, prio=3), Gualouguizhitangzheng(hits=2/5, gap=1, poss=0/0, prio=3), Guizhijiahoupoxingzitangzheng(hits=2/5, gap=1, poss=0/0, prio=3), Tongmaisinijiazhudanzhitangzheng(hits=1/4, gap=1, poss=0/0, prio=1), Guizhiqushaoyaojiafuzitangzheng(hits=1/4, gap=1, poss=0/0, prio=2), Mahuangfuzigancaotangzheng(hits=1/4, gap=1, poss=0/0, prio=3), Mahuangjiazhutangzheng(hits=1/4, gap=1, poss=0/0, prio=3), Toufengmosanzheng(hits=1/4, gap=1, poss=0/0, prio=3)]
兼夹证：[]
加味药物：[]
配伍禁忌警告：[]
[通过] TaiyangFangzhengTest               t_guizhijiagegentang           「桂枝加葛根汤证」        0.41s

===== 桂枝加厚朴杏子汤证 =====
八纲：{表里=[表证], 寒热=[], 虚实=[虚证], 阴阳=[阳证], bagangTypes=[表证, 虚证, 阳证, 阴证]}
六经：太少两感
方证：桂枝加厚朴杏子汤证
推荐方剂：Guizhijiahoupoxingzitang加厚朴、杏仁
药物组成：[厚朴, 杏仁]
六经列表：[少阴病, 太阳病]
合病标记：太少两感
候选方证：[桂枝加厚朴杏子汤证, 桂枝汤证, 防己黄芪汤证, 栝楼桂枝汤证, 桂枝加葛根汤证, 厚朴麻黄汤证, 通脉四逆加猪胆汁汤证, 桂枝去芍药加附子汤证, 麻黄附子甘草汤证, 麻黄加术汤证]
候选方证打分：[Guizhijiahoupoxingzitangzheng(hits=3/5, gap=0, poss=0/0, prio=3), Guizhitangzheng(hits=3/6, gap=1, poss=1/1, prio=3), Fangjihuangqitangzheng(hits=2/5, gap=1, poss=0/0, prio=3), Gualouguizhitangzheng(hits=2/5, gap=1, poss=0/0, prio=3), Guizhijiagegentangzheng(hits=2/5, gap=1, poss=0/0, prio=3), Houpomahuangtangzheng(hits=1/4, gap=1, poss=1/4, prio=3), Tongmaisinijiazhudanzhitangzheng(hits=1/4, gap=1, poss=0/0, prio=1), Guizhiqushaoyaojiafuzitangzheng(hits=1/4, gap=1, poss=0/0, prio=2), Mahuangfuzigancaotangzheng(hits=1/4, gap=1, poss=0/0, prio=3), Mahuangjiazhutangzheng(hits=1/4, gap=1, poss=0/0, prio=3)]
兼夹证：[]
加味药物：[厚朴, 杏仁]
配伍禁忌警告：[]
[通过] TaiyangFangzhengTest               t_guizhijiahoupoxingrentang    「桂枝加厚朴杏子汤证」      0.92s

===== 桂枝加附子汤证 =====
八纲：{表里=[表证], 寒热=[], 虚实=[虚证], 阴阳=[阳证], bagangTypes=[表证, 虚证, 阳证, 阴证]}
六经：太少两感
方证：桂枝加附子汤证
推荐方剂：桂枝加附子汤加减
药物组成：[大枣, 附子, 甘草, 桂枝, 芍药, 生姜]
六经列表：[少阴病, 太阳病]
合病标记：太少两感
候选方证：[桂枝加附子汤证, 桂枝去芍药加附子汤证, 麻黄附子甘草汤证, 麻黄加术汤证, 头风摩散证, 杏子汤证, 厚朴麻黄汤证, 防己黄芪汤证, 栝楼桂枝汤证, 桂枝加葛根汤证]
候选方证打分：[Guizhijiafuzitangzheng(hits=3/5, gap=0, poss=0/0, prio=2), Guizhiqushaoyaojiafuzitangzheng(hits=1/4, gap=1, poss=0/0, prio=2), Mahuangfuzigancaotangzheng(hits=1/4, gap=1, poss=0/0, prio=3), Mahuangjiazhutangzheng(hits=1/4, gap=1, poss=0/0, prio=3), Toufengmosanzheng(hits=1/4, gap=1, poss=0/0, prio=3), Xingzitangzheng(hits=1/4, gap=1, poss=0/0, prio=3), Houpomahuangtangzheng(hits=1/4, gap=1, poss=0/4, prio=3), Fangjihuangqitangzheng(hits=1/5, gap=2, poss=0/0, prio=3), Gualouguizhitangzheng(hits=1/5, gap=2, poss=0/0, prio=3), Guizhijiagegentangzheng(hits=1/5, gap=2, poss=0/0, prio=3)]
兼夹证：[]
加味药物：[]
配伍禁忌警告：[]
[通过] TaiyangFangzhengTest               t_guizhijiafuzitang            「桂枝加附子汤证」        0.56s

===== 桂枝去芍药汤证 =====
八纲：{表里=[表证], 寒热=[], 虚实=[], 阴阳=[阳证], bagangTypes=[表证, 阳证]}
六经：太阳病
方证：桂枝去芍药汤证
推荐方剂：桂枝去芍药汤
药物组成：[大枣, 甘草, 桂枝, 生姜]
六经列表：[太阳病]
合病标记：null
候选方证：[桂枝去芍药汤证, 桂枝汤证, 防己黄芪汤证, 栝楼桂枝汤证, 桂枝加葛根汤证, 桂枝加厚朴杏子汤证, 桂枝去芍药加附子汤证, 头风摩散证, 黄芪芍药桂枝苦酒汤证, 柴胡桂枝汤证]
候选方证打分：[Guizhiqushaoyaotangzheng(hits=2/4, gap=0, poss=0/0, prio=3), Guizhitangzheng(hits=3/6, gap=1, poss=0/1, prio=3), Fangjihuangqitangzheng(hits=2/5, gap=1, poss=0/0, prio=3), Gualouguizhitangzheng(hits=2/5, gap=1, poss=0/0, prio=3), Guizhijiagegentangzheng(hits=2/5, gap=1, poss=0/0, prio=3), Guizhijiahoupoxingzitangzheng(hits=2/5, gap=1, poss=0/0, prio=3), Guizhiqushaoyaojiafuzitangzheng(hits=1/4, gap=1, poss=0/0, prio=2), Toufengmosanzheng(hits=1/4, gap=1, poss=0/0, prio=3), Huangqishaoyaoguizhikujiutangzheng(hits=2/6, gap=2, poss=0/1, prio=3), Chaihuguizhitangzheng(hits=1/6, gap=2, poss=0/0, prio=3)]
兼夹证：[]
加味药物：[]
配伍禁忌警告：[]
[通过] TaiyangFangzhengTest               shouldDiagnoseGuizhiQuShaoyaoTangPattern 「桂枝去芍药汤证诊断」      0.45s

===== 桂枝去芍药加附子汤证 =====
八纲：{表里=[表证], 寒热=[], 虚实=[], 阴阳=[阳证], bagangTypes=[表证, 阳证]}
六经：太阳病
方证：桂枝去芍药加附子汤证
推荐方剂：桂枝去芍药加附子汤
药物组成：[大枣, 附子, 甘草, 桂枝, 生姜]
六经列表：[太阳病]
合病标记：null
候选方证：[桂枝去芍药加附子汤证, 桂枝去芍药汤证, 麻黄加术汤证, 杏子汤证, 厚朴麻黄汤证, 芍药甘草附子汤证, 麻黄连翘赤小豆汤证, 桂枝二麻黄一汤证, 桂枝麻黄各半汤证, 小青龙加石膏汤证]
候选方证打分：[Guizhiqushaoyaojiafuzitangzheng(hits=2/4, gap=0, poss=0/0, prio=2), Guizhiqushaoyaotangzheng(hits=1/4, gap=1, poss=0/0, prio=3), Mahuangjiazhutangzheng(hits=1/4, gap=1, poss=0/0, prio=3), Xingzitangzheng(hits=1/4, gap=1, poss=0/0, prio=3), Houpomahuangtangzheng(hits=1/4, gap=1, poss=0/4, prio=3), Shaoyaogancaofuzitangzheng(hits=1/5, gap=2, poss=0/1, prio=3), Mahuanglianqiaochixiaodoutangzheng(hits=1/7, gap=3, poss=0/0, prio=3), Guizhiermahuangyitangzheng(hits=1/6, gap=3, poss=0/0, prio=3), Guizhimahuanggebantangzheng(hits=1/6, gap=3, poss=0/0, prio=3), Xiaoqinglongjiashigaotangzheng(hits=1/6, gap=3, poss=0/0, prio=3)]
兼夹证：[]
加味药物：[]
配伍禁忌警告：[]
[通过] TaiyangFangzhengTest               t_guizhiqushaoyaojiafuzitang   「桂枝去芍药加附子汤证」     0.41s

===== 桂枝新加汤证 =====
八纲：{表里=[表证], 寒热=[寒证], 虚实=[], 阴阳=[阳证], bagangTypes=[表证, 寒证, 阳证, 阴证]}
六经：太少两感
方证：桂枝新加汤证
推荐方剂：桂枝新加汤加减
药物组成：[大枣, 甘草, 桂枝, 人参, 芍药, 生姜]
六经列表：[少阴病, 太阳病]
合病标记：太少两感
候选方证：[桂枝新加汤证, 麻黄加术汤证, 桂枝去芍药加附子汤证, 桂枝附子汤证, 麻黄附子甘草汤证, 杏子汤证, 厚朴麻黄汤证, 芍药甘草附子汤证, 白术附子汤证, 麻黄连翘赤小豆汤证]
候选方证打分：[Guizhixinjiatangzheng(hits=2/4, gap=0, poss=0/0, prio=3), Mahuangjiazhutangzheng(hits=2/4, gap=0, poss=0/0, prio=3), Guizhiqushaoyaojiafuzitangzheng(hits=1/4, gap=1, poss=0/0, prio=2), Guizhifuzitangzheng(hits=1/4, gap=1, poss=0/0, prio=3), Mahuangfuzigancaotangzheng(hits=1/4, gap=1, poss=0/0, prio=3), Xingzitangzheng(hits=1/4, gap=1, poss=0/0, prio=3), Houpomahuangtangzheng(hits=1/4, gap=1, poss=0/4, prio=3), Shaoyaogancaofuzitangzheng(hits=1/5, gap=2, poss=0/1, prio=3), Baizhufuzitangzheng(hits=1/7, gap=3, poss=0/0, prio=3), Mahuanglianqiaochixiaodoutangzheng(hits=1/7, gap=3, poss=0/0, prio=3)]
兼夹证：[]
加味药物：[]
配伍禁忌警告：[]
[通过] TaiyangFangzhengTest               t_guizhixinjiatang             「桂枝新加汤证」         0.40s

===== 桂枝加桂汤证 =====
八纲：{表里=[表证], 寒热=[寒证], 虚实=[], 阴阳=[阳证], bagangTypes=[表证, 寒证, 阳证, 阴证]}
六经：太少两感
方证：桂枝加桂汤证
推荐方剂：桂枝加桂汤加减
药物组成：[大枣, 甘草, 桂枝, 芍药, 生姜]
六经列表：[少阴病, 太阳病]
合病标记：太少两感
候选方证：[桂枝加桂汤证, 桂枝去芍药加附子汤证, 桂枝新加汤证, 麻黄附子甘草汤证, 麻黄加术汤证, 杏子汤证, 厚朴麻黄汤证, 芍药甘草附子汤证, 麻黄连翘赤小豆汤证, 桂枝二麻黄一汤证]
候选方证打分：[Guizhijiaguitangzheng(hits=1/3, gap=0, poss=0/0, prio=2), Guizhiqushaoyaojiafuzitangzheng(hits=1/4, gap=1, poss=0/0, prio=2), Guizhixinjiatangzheng(hits=1/4, gap=1, poss=0/0, prio=3), Mahuangfuzigancaotangzheng(hits=1/4, gap=1, poss=0/0, prio=3), Mahuangjiazhutangzheng(hits=1/4, gap=1, poss=0/0, prio=3), Xingzitangzheng(hits=1/4, gap=1, poss=0/0, prio=3), Houpomahuangtangzheng(hits=1/4, gap=1, poss=0/4, prio=3), Shaoyaogancaofuzitangzheng(hits=1/5, gap=2, poss=0/1, prio=3), Mahuanglianqiaochixiaodoutangzheng(hits=1/7, gap=3, poss=0/0, prio=3), Guizhiermahuangyitangzheng(hits=1/6, gap=3, poss=0/0, prio=3)]
兼夹证：[]
加味药物：[]
配伍禁忌警告：[]
[通过] TaiyangFangzhengTest               t_guizhijiaguitang             「桂枝加桂汤证」         0.45s

===== 桂枝加黄芪汤证 =====
八纲：{表里=[表证], 寒热=[], 虚实=[], 阴阳=[阳证], bagangTypes=[表证, 阳证]}
六经：太阳病
方证：桂枝加黄芪汤证
推荐方剂：桂枝加黄芪汤加减
药物组成：[大枣, 甘草, 桂枝, 黄芪, 芍药, 生姜]
六经列表：[太阳病]
合病标记：null
候选方证：[桂枝加黄芪汤证, 桂枝去芍药加附子汤证, 麻黄加术汤证, 杏子汤证, 厚朴麻黄汤证, 芍药甘草附子汤证, 麻黄连翘赤小豆汤证, 黄芪芍药桂枝苦酒汤证, 桂枝二麻黄一汤证, 桂枝麻黄各半汤证]
候选方证打分：[Guizhijiahuangqitangzheng(hits=2/4, gap=0, poss=0/0, prio=3), Guizhiqushaoyaojiafuzitangzheng(hits=1/4, gap=1, poss=0/0, prio=2), Mahuangjiazhutangzheng(hits=1/4, gap=1, poss=0/0, prio=3), Xingzitangzheng(hits=1/4, gap=1, poss=0/0, prio=3), Houpomahuangtangzheng(hits=1/4, gap=1, poss=0/4, prio=3), Shaoyaogancaofuzitangzheng(hits=1/5, gap=2, poss=0/1, prio=3), Mahuanglianqiaochixiaodoutangzheng(hits=1/7, gap=3, poss=0/0, prio=3), Huangqishaoyaoguizhikujiutangzheng(hits=1/6, gap=3, poss=1/1, prio=3), Guizhiermahuangyitangzheng(hits=1/6, gap=3, poss=0/0, prio=3), Guizhimahuanggebantangzheng(hits=1/6, gap=3, poss=0/0, prio=3)]
兼夹证：[]
加味药物：[]
配伍禁忌警告：[]
[通过] TaiyangFangzhengTest               t_guizhijiahuangqitang         「桂枝加黄芪汤证」        0.41s

===== 桂枝甘草汤证 =====
八纲：{表里=[表证], 寒热=[], 虚实=[], 阴阳=[阳证], bagangTypes=[表证, 阳证]}
六经：太阳病
方证：桂枝甘草汤证
推荐方剂：桂枝甘草汤
药物组成：[甘草, 桂枝]
六经列表：[太阳病]
合病标记：null
候选方证：[桂枝甘草汤证, 桂枝去芍药加附子汤证, 麻黄加术汤证, 杏子汤证, 厚朴麻黄汤证, 芍药甘草附子汤证, 茯苓甘草汤证, 麻黄连翘赤小豆汤证, 桂枝二麻黄一汤证, 桂枝麻黄各半汤证]
候选方证打分：[Guizhigancaotangzheng(hits=2/4, gap=0, poss=0/0, prio=3), Guizhiqushaoyaojiafuzitangzheng(hits=1/4, gap=1, poss=0/0, prio=2), Mahuangjiazhutangzheng(hits=1/4, gap=1, poss=0/0, prio=3), Xingzitangzheng(hits=1/4, gap=1, poss=0/0, prio=3), Houpomahuangtangzheng(hits=1/4, gap=1, poss=0/4, prio=3), Shaoyaogancaofuzitangzheng(hits=1/5, gap=2, poss=0/1, prio=3), Fulinggancaotangzheng(hits=1/5, gap=2, poss=0/1, prio=3), Mahuanglianqiaochixiaodoutangzheng(hits=1/7, gap=3, poss=0/0, prio=3), Guizhiermahuangyitangzheng(hits=1/6, gap=3, poss=0/0, prio=3), Guizhimahuanggebantangzheng(hits=1/6, gap=3, poss=0/0, prio=3)]
兼夹证：[]
加味药物：[]
配伍禁忌警告：[]
[通过] TaiyangFangzhengTest               t_guizhigancaotang             「桂枝甘草汤证」         0.40s

===== 桂枝甘草龙骨牡蛎汤证 =====
八纲：{表里=[表证], 寒热=[], 虚实=[], 阴阳=[阳证], bagangTypes=[表证, 阳证]}
六经：太阳病
方证：桂枝甘草龙骨牡蛎汤证
推荐方剂：桂枝甘草龙骨牡蛎汤
药物组成：[甘草, 桂枝, 龙骨, 牡蛎]
六经列表：[太阳病]
合病标记：null
候选方证：[桂枝甘草龙骨牡蛎汤证, 桂枝去芍药加附子汤证, 麻黄加术汤证, 杏子汤证, 厚朴麻黄汤证, 小青龙加石膏汤证, 芍药甘草附子汤证, 麻黄连翘赤小豆汤证, 大青龙汤证, 桂枝二麻黄一汤证]
候选方证打分：[Guizhigancaolonggumulitangzheng(hits=1/3, gap=0, poss=0/0, prio=3), Guizhiqushaoyaojiafuzitangzheng(hits=1/4, gap=1, poss=0/0, prio=2), Mahuangjiazhutangzheng(hits=1/4, gap=1, poss=0/0, prio=3), Xingzitangzheng(hits=1/4, gap=1, poss=0/0, prio=3), Houpomahuangtangzheng(hits=1/4, gap=1, poss=0/4, prio=3), Xiaoqinglongjiashigaotangzheng(hits=2/6, gap=2, poss=0/0, prio=3), Shaoyaogancaofuzitangzheng(hits=1/5, gap=2, poss=0/1, prio=3), Mahuanglianqiaochixiaodoutangzheng(hits=1/7, gap=3, poss=0/0, prio=3), Daqinglongtangzheng(hits=1/6, gap=3, poss=2/4, prio=2), Guizhiermahuangyitangzheng(hits=1/6, gap=3, poss=0/0, prio=3)]
兼夹证：[]
加味药物：[]
配伍禁忌警告：[]
[通过] TaiyangFangzhengTest               t_guizhigancaolonggumulitang   「桂枝甘草龙骨牡蛎汤证」     0.44s

===== 桂枝去芍药加蜀漆牡蛎龙骨救逆汤证 =====
八纲：{表里=[表证], 寒热=[], 虚实=[], 阴阳=[阳证], bagangTypes=[表证, 阳证]}
六经：太阳病
方证：桂枝去芍药加蜀漆牡蛎龙骨救逆汤证
推荐方剂：桂枝去芍药加蜀漆牡蛎龙骨救逆汤加减
药物组成：[大枣, 甘草, 桂枝, 龙骨, 牡蛎, 生姜, 蜀漆]
六经列表：[太阳病]
合病标记：null
候选方证：[桂枝去芍药加蜀漆牡蛎龙骨救逆汤证, 桂枝去芍药加附子汤证, 麻黄加术汤证, 杏子汤证, 厚朴麻黄汤证, 芍药甘草附子汤证, 麻黄连翘赤小豆汤证, 桂枝二麻黄一汤证, 桂枝麻黄各半汤证, 小青龙加石膏汤证]
候选方证打分：[Guizhiqushaoyaojiashuqimulilonggujiunitangzheng(hits=2/4, gap=0, poss=0/0, prio=2), Guizhiqushaoyaojiafuzitangzheng(hits=1/4, gap=1, poss=0/0, prio=2), Mahuangjiazhutangzheng(hits=1/4, gap=1, poss=0/0, prio=3), Xingzitangzheng(hits=1/4, gap=1, poss=0/0, prio=3), Houpomahuangtangzheng(hits=1/4, gap=1, poss=0/4, prio=3), Shaoyaogancaofuzitangzheng(hits=1/5, gap=2, poss=0/1, prio=3), Mahuanglianqiaochixiaodoutangzheng(hits=1/7, gap=3, poss=0/0, prio=3), Guizhiermahuangyitangzheng(hits=1/6, gap=3, poss=0/0, prio=3), Guizhimahuanggebantangzheng(hits=1/6, gap=3, poss=0/0, prio=3), Xiaoqinglongjiashigaotangzheng(hits=1/6, gap=3, poss=0/0, prio=3)]
兼夹证：[]
加味药物：[]
配伍禁忌警告：[]
[通过] TaiyangFangzhengTest               t_guizhiqushaoyaojiashuqimulilonggujiunitang 「桂枝去芍药加蜀漆牡蛎龙骨救逆汤证」     0.37s

===== 桂枝人参汤证 =====
八纲：{表里=[表证, 里证], 寒热=[], 虚实=[虚证], 阴阳=[阴证], bagangTypes=[表证, 里证, 虚证, 阳证, 阴证]}
六经：太阳太阴合病
方证：桂枝人参汤证
推荐方剂：桂枝人参汤
药物组成：[白术, 甘草, 干姜, 桂枝, 人参]
六经列表：[太阳病, 太阴病]
合病标记：太阳太阴合病
候选方证：[桂枝人参汤证, 赤石脂禹余粮汤证, 麻黄连翘赤小豆汤证, 厚朴七物汤证, 厚朴生姜半夏甘草人参汤证, 桂枝去芍药加附子汤证, 桂枝加芍药汤证, 己椒苈黄丸证, 麻黄加术汤证, 杏子汤证]
候选方证打分：[Guizhirenshentangzheng(hits=2/6, gap=0, poss=0/0, prio=2), Chishizhiyuyuliangtangzheng(hits=2/4, gap=0, poss=0/0, prio=2), Mahuanglianqiaochixiaodoutangzheng(hits=2/7, gap=1, poss=0/0, prio=3), Houpoqiwutangzheng(hits=2/7, gap=1, poss=0/2, prio=2), Houposhengjiangbanxiagancaorenshentangzheng(hits=1/4, gap=1, poss=1/1, prio=3), Guizhiqushaoyaojiafuzitangzheng(hits=1/4, gap=1, poss=0/0, prio=2), Guizhijiashaoyaotangzheng(hits=1/4, gap=1, poss=0/0, prio=3), Jijiaolihuangwanzheng(hits=1/4, gap=1, poss=0/0, prio=3), Mahuangjiazhutangzheng(hits=1/4, gap=1, poss=0/0, prio=3), Xingzitangzheng(hits=1/4, gap=1, poss=0/0, prio=3)]
兼夹证：[]
加味药物：[]
配伍禁忌警告：[]
[通过] TaiyangFangzhengTest               t_guizhirenshentang            「桂枝人参汤证」         0.45s

===== 桂枝去桂加茯苓白术汤证 =====
八纲：{表里=[表证], 寒热=[], 虚实=[], 阴阳=[阳证], bagangTypes=[表证, 阳证]}
六经：太阳病
方证：桂枝去桂加茯苓白术汤证
推荐方剂：桂枝去桂加茯苓白术汤加减
药物组成：[白术, 大枣, 茯苓, 甘草, 芍药, 生姜]
六经列表：[太阳病]
合病标记：null
候选方证：[桂枝去桂加茯苓白术汤证, 桂枝去芍药加附子汤证, 麻黄加术汤证, 头风摩散证, 杏子汤证, 厚朴麻黄汤证, 麻黄连翘赤小豆汤证, 竹叶汤证, 桂枝二麻黄一汤证, 桂枝麻黄各半汤证]
候选方证打分：[Guizhiquguijiafulingbaizhutangzheng(hits=2/4, gap=0, poss=0/0, prio=3), Guizhiqushaoyaojiafuzitangzheng(hits=1/4, gap=1, poss=0/0, prio=2), Mahuangjiazhutangzheng(hits=1/4, gap=1, poss=0/0, prio=3), Toufengmosanzheng(hits=1/4, gap=1, poss=0/0, prio=3), Xingzitangzheng(hits=1/4, gap=1, poss=0/0, prio=3), Houpomahuangtangzheng(hits=1/4, gap=1, poss=0/4, prio=3), Mahuanglianqiaochixiaodoutangzheng(hits=2/7, gap=2, poss=0/0, prio=3), Zhuyetangzheng(hits=2/6, gap=2, poss=1/1, prio=3), Guizhiermahuangyitangzheng(hits=2/6, gap=2, poss=0/0, prio=3), Guizhimahuanggebantangzheng(hits=2/6, gap=2, poss=0/0, prio=3)]
兼夹证：[]
加味药物：[]
配伍禁忌警告：[]
[通过] TaiyangFangzhengTest               t_guizhiquguijiafulingbaizhutang 「桂枝去桂加茯苓白术汤证」     0.41s

===== 麻黄汤证 =====
八纲：{表里=[表证], 寒热=[], 虚实=[实证], 阴阳=[阳证], bagangTypes=[表证, 实证, 阳证]}
六经：太阳病
方证：麻黄汤证
推荐方剂：麻黄汤
药物组成：[甘草, 桂枝, 麻黄, 杏仁]
六经列表：[太阳病]
合病标记：null
候选方证：[麻黄汤证, 大青龙汤证, 桂枝去芍药加附子汤证, 麻黄加术汤证, 杏子汤证, 厚朴麻黄汤证, 麻黄连翘赤小豆汤证, 桂枝二麻黄一汤证, 桂枝麻黄各半汤证, 一物瓜蒂汤证]
候选方证打分：[Mahuangtangzheng(hits=3/5, gap=0, poss=2/4, prio=2), Daqinglongtangzheng(hits=3/6, gap=1, poss=4/4, prio=2), Guizhiqushaoyaojiafuzitangzheng(hits=1/4, gap=1, poss=0/0, prio=2), Mahuangjiazhutangzheng(hits=1/4, gap=1, poss=0/0, prio=3), Xingzitangzheng(hits=1/4, gap=1, poss=0/0, prio=3), Houpomahuangtangzheng(hits=1/4, gap=1, poss=0/4, prio=3), Mahuanglianqiaochixiaodoutangzheng(hits=2/7, gap=2, poss=0/0, prio=3), Guizhiermahuangyitangzheng(hits=2/6, gap=2, poss=0/0, prio=3), Guizhimahuanggebantangzheng(hits=2/6, gap=2, poss=0/0, prio=3), Yiwuguaditangzheng(hits=2/6, gap=2, poss=0/0, prio=3)]
兼夹证：[]
加味药物：[]
配伍禁忌警告：[]
[通过] TaiyangFangzhengTest               shouldDiagnoseMahuangTangPattern 「麻黄汤证诊断」         0.45s

===== 麻黄加术汤证 =====
八纲：{表里=[表证], 寒热=[], 虚实=[实证], 阴阳=[阳证], bagangTypes=[表证, 实证, 阳证]}
六经：太阳病
方证：麻黄加术汤证
推荐方剂：麻黄加术汤
药物组成：[白术, 甘草, 桂枝, 麻黄, 杏仁]
六经列表：[太阳病]
合病标记：null
候选方证：[麻黄加术汤证, 麻黄汤证, 桂枝去芍药加附子汤证, 桂枝附子汤证, 桂枝新加汤证, 杏子汤证, 厚朴麻黄汤证, 麻黄连翘赤小豆汤证, 大青龙汤证, 桂枝二麻黄一汤证]
候选方证打分：[Mahuangjiazhutangzheng(hits=2/4, gap=0, poss=0/0, prio=3), Mahuangtangzheng(hits=2/5, gap=1, poss=2/4, prio=2), Guizhiqushaoyaojiafuzitangzheng(hits=1/4, gap=1, poss=0/0, prio=2), Guizhifuzitangzheng(hits=1/4, gap=1, poss=0/0, prio=3), Guizhixinjiatangzheng(hits=1/4, gap=1, poss=0/0, prio=3), Xingzitangzheng(hits=1/4, gap=1, poss=0/0, prio=3), Houpomahuangtangzheng(hits=1/4, gap=1, poss=0/4, prio=3), Mahuanglianqiaochixiaodoutangzheng(hits=2/7, gap=2, poss=0/0, prio=3), Daqinglongtangzheng(hits=2/6, gap=2, poss=3/4, prio=2), Guizhiermahuangyitangzheng(hits=2/6, gap=2, poss=0/0, prio=3)]
兼夹证：[]
加味药物：[]
配伍禁忌警告：[]
[通过] TaiyangFangzhengTest               t_mahuangjiazhutang            「麻黄加术汤证」         0.97s

===== 麻杏石甘汤证 =====
八纲：{表里=[表证, 里证], 寒热=[热证], 虚实=[], 阴阳=[阳证], bagangTypes=[表证, 里证, 热证, 阳证]}
六经：太阳阳明合病
方证：麻杏石甘汤证
推荐方剂：麻杏石
药物组成：[甘草, 麻黄, 石膏, 杏仁]
六经列表：[太阳病, 阳明病]
合病标记：太阳阳明合病
候选方证：[麻杏石甘汤证, 葛根黄芩黄连汤证, 厚朴七物汤证, 桂枝加厚朴杏子汤证, 猪苓汤证, 厚朴麻黄汤证, 栀子柏皮汤证, 杏子汤证, 五苓散证, 麻黄连翘赤小豆汤证]
候选方证打分：[Maxingshigantangzheng(hits=3/5, gap=0, poss=1/2, prio=3), Gegenhuangqinhuangliantangzheng(hits=2/7, gap=1, poss=0/0, prio=2), Houpoqiwutangzheng(hits=2/7, gap=1, poss=0/2, prio=2), Guizhijiahoupoxingzitangzheng(hits=2/5, gap=1, poss=0/0, prio=3), Zhulingtangzheng(hits=2/5, gap=1, poss=0/0, prio=2), Houpomahuangtangzheng(hits=1/4, gap=1, poss=1/4, prio=3), Zhizibaipitangzheng(hits=1/4, gap=1, poss=0/0, prio=2), Xingzitangzheng(hits=1/4, gap=1, poss=0/0, prio=3), Wulingsanzheng(hits=2/8, gap=2, poss=0/0, prio=3), Mahuanglianqiaochixiaodoutangzheng(hits=1/7, gap=2, poss=0/0, prio=3)]
兼夹证：[]
加味药物：[]
配伍禁忌警告：[]
[通过] TaiyangFangzhengTest               t_maxingganshitang             「麻杏石甘汤证」         0.52s

===== 麻杏薏甘汤证 =====
八纲：{表里=[表证], 寒热=[], 虚实=[], 阴阳=[阳证], bagangTypes=[表证, 阳证]}
六经：太阳病
方证：麻杏薏甘汤证
推荐方剂：麻杏薏
药物组成：[甘草, 麻黄, 杏仁, 薏苡仁]
六经列表：[太阳病]
合病标记：null
候选方证：[麻杏薏甘汤证, 桂枝去芍药加附子汤证, 麻黄加术汤证, 杏子汤证, 厚朴麻黄汤证, 麻黄连翘赤小豆汤证, 桂枝二麻黄一汤证, 桂枝麻黄各半汤证, 柴胡桂枝汤证, 麻黄汤证]
候选方证打分：[Maxingyigantangzheng(hits=3/5, gap=0, poss=1/2, prio=3), Guizhiqushaoyaojiafuzitangzheng(hits=1/4, gap=1, poss=0/0, prio=2), Mahuangjiazhutangzheng(hits=1/4, gap=1, poss=0/0, prio=3), Xingzitangzheng(hits=1/4, gap=1, poss=0/0, prio=3), Houpomahuangtangzheng(hits=1/4, gap=1, poss=0/4, prio=3), Mahuanglianqiaochixiaodoutangzheng(hits=2/7, gap=2, poss=0/0, prio=3), Guizhiermahuangyitangzheng(hits=2/6, gap=2, poss=0/0, prio=3), Guizhimahuanggebantangzheng(hits=2/6, gap=2, poss=0/0, prio=3), Chaihuguizhitangzheng(hits=1/6, gap=2, poss=0/0, prio=3), Mahuangtangzheng(hits=1/5, gap=2, poss=2/4, prio=2)]
兼夹证：[]
加味药物：[]
配伍禁忌警告：[]
[通过] TaiyangFangzhengTest               t_maxingyigantang              「麻杏薏甘汤证」         0.54s

===== 麻黄连翘赤小豆汤证 =====
八纲：{表里=[表证, 里证], 寒热=[热证], 虚实=[], 阴阳=[阳证], bagangTypes=[表证, 里证, 热证, 阳证]}
六经：太阳阳明合病
方证：麻黄连翘赤小豆汤证
推荐方剂：麻黄连翘赤小豆汤
药物组成：[赤小豆, 大枣, 甘草, 连翘, 麻黄, 生姜, 杏仁]
六经列表：[太阳病, 阳明病]
合病标记：太阳阳明合病
候选方证：[麻黄连翘赤小豆汤证, 栀子柏皮汤证, 猪苓汤证, 桂枝去芍药加附子汤证, 茵陈蒿汤证, 麻黄加术汤证, 杏子汤证, 厚朴麻黄汤证, 五苓散证, 厚朴七物汤证]
候选方证打分：[Mahuanglianqiaochixiaodoutangzheng(hits=3/7, gap=0, poss=0/0, prio=3), Zhizibaipitangzheng(hits=2/4, gap=0, poss=0/0, prio=2), Zhulingtangzheng(hits=2/5, gap=1, poss=0/0, prio=2), Guizhiqushaoyaojiafuzitangzheng(hits=1/4, gap=1, poss=0/0, prio=2), Yinchenhaotangzheng(hits=1/4, gap=1, poss=0/0, prio=2), Mahuangjiazhutangzheng(hits=1/4, gap=1, poss=0/0, prio=3), Xingzitangzheng(hits=1/4, gap=1, poss=0/0, prio=3), Houpomahuangtangzheng(hits=1/4, gap=1, poss=0/4, prio=3), Wulingsanzheng(hits=2/8, gap=2, poss=0/0, prio=3), Houpoqiwutangzheng(hits=1/7, gap=2, poss=0/2, prio=2)]
兼夹证：[]
加味药物：[]
配伍禁忌警告：[]
[通过] TaiyangFangzhengTest               t_mahuanglianqiaochixiaodoutang 「麻黄连翘赤小豆汤证」      0.52s

===== 大青龙汤证 =====
八纲：{表里=[表证], 寒热=[], 虚实=[实证], 阴阳=[阳证], bagangTypes=[表证, 实证, 阳证]}
六经：太阳病
方证：大青龙汤证
推荐方剂：大青龙汤加减
药物组成：[大枣, 甘草, 桂枝, 麻黄, 生姜, 石膏, 杏仁]
六经列表：[太阳病]
合病标记：null
候选方证：[大青龙汤证, 麻黄汤证, 桂枝甘草龙骨牡蛎汤证, 桂枝去芍药加附子汤证, 麻黄加术汤证, 杏子汤证, 厚朴麻黄汤证, 麻黄连翘赤小豆汤证, 桂枝二麻黄一汤证, 桂枝麻黄各半汤证]
候选方证打分：[Daqinglongtangzheng(hits=4/6, gap=0, poss=4/4, prio=2), Mahuangtangzheng(hits=3/5, gap=0, poss=2/4, prio=2), Guizhigancaolonggumulitangzheng(hits=1/3, gap=0, poss=0/0, prio=3), Guizhiqushaoyaojiafuzitangzheng(hits=1/4, gap=1, poss=0/0, prio=2), Mahuangjiazhutangzheng(hits=1/4, gap=1, poss=0/0, prio=3), Xingzitangzheng(hits=1/4, gap=1, poss=0/0, prio=3), Houpomahuangtangzheng(hits=1/4, gap=1, poss=0/4, prio=3), Mahuanglianqiaochixiaodoutangzheng(hits=2/7, gap=2, poss=0/0, prio=3), Guizhiermahuangyitangzheng(hits=2/6, gap=2, poss=0/0, prio=3), Guizhimahuanggebantangzheng(hits=2/6, gap=2, poss=0/0, prio=3)]
兼夹证：[]
加味药物：[]
配伍禁忌警告：[]
[通过] TaiyangFangzhengTest               t_daqinglongtang               「大青龙汤证」          0.39s

===== 小青龙汤证 =====
八纲：{表里=[表证], 寒热=[], 虚实=[实证], 阴阳=[阳证], bagangTypes=[表证, 实证, 阳证]}
六经：太阳病
方证：小青龙汤证
推荐方剂：小青龙汤去麻黄加杏仁
药物组成：[半夏, 甘草, 干姜, 桂枝, 芍药, 五味子, 细辛, 杏仁]
六经列表：[太阳病]
合病标记：null
候选方证：[小青龙汤证, 厚朴麻黄汤证, 小青龙加石膏汤证, 麻黄汤证, 桂枝去芍药加附子汤证, 麻黄加术汤证, 杏子汤证, 麻黄连翘赤小豆汤证, 大青龙汤证, 竹叶汤证]
候选方证打分：[Xiaoqinglongtangzheng(hits=3/5, gap=0, poss=3/4, prio=3), Houpomahuangtangzheng(hits=2/4, gap=0, poss=1/4, prio=3), Xiaoqinglongjiashigaotangzheng(hits=3/6, gap=1, poss=0/0, prio=3), Mahuangtangzheng(hits=2/5, gap=1, poss=3/4, prio=2), Guizhiqushaoyaojiafuzitangzheng(hits=1/4, gap=1, poss=0/0, prio=2), Mahuangjiazhutangzheng(hits=1/4, gap=1, poss=0/0, prio=3), Xingzitangzheng(hits=1/4, gap=1, poss=0/0, prio=3), Mahuanglianqiaochixiaodoutangzheng(hits=2/7, gap=2, poss=0/0, prio=3), Daqinglongtangzheng(hits=2/6, gap=2, poss=3/4, prio=2), Zhuyetangzheng(hits=2/6, gap=2, poss=1/1, prio=3)]
兼夹证：[]
加味药物：[杏仁]
减味药物：[麻黄]
配伍禁忌警告：[]
[通过] TaiyangFangzhengTest               t_xiaoqinglongtang             「小青龙汤证」          0.47s

===== 小青龙加石膏汤证 =====
八纲：{表里=[表证], 寒热=[], 虚实=[], 阴阳=[阳证], bagangTypes=[表证, 阳证]}
六经：太阳病
方证：小青龙加石膏汤证
推荐方剂：小青龙加石膏汤加减
药物组成：[半夏, 甘草, 干姜, 桂枝, 麻黄, 芍药, 石膏, 五味子, 细辛]
六经列表：[太阳病]
合病标记：null
候选方证：[小青龙加石膏汤证, 厚朴麻黄汤证, 桂枝甘草龙骨牡蛎汤证, 桂枝去芍药加附子汤证, 麻黄加术汤证, 杏子汤证, 小青龙汤证, 桂枝加厚朴杏子汤证, 芍药甘草附子汤证, 葛根黄芩黄连汤证]
候选方证打分：[Xiaoqinglongjiashigaotangzheng(hits=4/6, gap=0, poss=0/0, prio=3), Houpomahuangtangzheng(hits=2/4, gap=0, poss=1/4, prio=3), Guizhigancaolonggumulitangzheng(hits=1/3, gap=0, poss=0/0, prio=3), Guizhiqushaoyaojiafuzitangzheng(hits=1/4, gap=1, poss=0/0, prio=2), Mahuangjiazhutangzheng(hits=1/4, gap=1, poss=0/0, prio=3), Xingzitangzheng(hits=1/4, gap=1, poss=0/0, prio=3), Xiaoqinglongtangzheng(hits=1/5, gap=2, poss=1/4, prio=3), Guizhijiahoupoxingzitangzheng(hits=1/5, gap=2, poss=0/0, prio=3), Shaoyaogancaofuzitangzheng(hits=1/5, gap=2, poss=0/1, prio=3), Gegenhuangqinhuangliantangzheng(hits=1/7, gap=3, poss=0/0, prio=2)]
兼夹证：[]
加味药物：[]
配伍禁忌警告：[]
[通过] TaiyangFangzhengTest               t_xiaoqinglongjiashigaotang    「小青龙加石膏汤证」       0.43s

===== 越婢汤证 =====
八纲：{表里=[表证], 寒热=[], 虚实=[], 阴阳=[阳证], bagangTypes=[表证, 阳证]}
六经：太阳病
方证：越婢汤证
推荐方剂：越婢汤
药物组成：[大枣, 甘草, 麻黄, 生姜, 石膏]
六经列表：[太阳病]
合病标记：null
候选方证：[越婢汤证, 桂枝去芍药加附子汤证, 麻黄加术汤证, 杏子汤证, 厚朴麻黄汤证, 芍药甘草附子汤证, 茯苓甘草汤证, 麻黄连翘赤小豆汤证, 桂枝二麻黄一汤证, 桂枝麻黄各半汤证]
候选方证打分：[Yuebitangzheng(hits=3/5, gap=0, poss=1/2, prio=3), Guizhiqushaoyaojiafuzitangzheng(hits=1/4, gap=1, poss=0/0, prio=2), Mahuangjiazhutangzheng(hits=1/4, gap=1, poss=0/0, prio=3), Xingzitangzheng(hits=1/4, gap=1, poss=0/0, prio=3), Houpomahuangtangzheng(hits=1/4, gap=1, poss=0/4, prio=3), Shaoyaogancaofuzitangzheng(hits=1/5, gap=2, poss=0/1, prio=3), Fulinggancaotangzheng(hits=1/5, gap=2, poss=0/1, prio=3), Mahuanglianqiaochixiaodoutangzheng(hits=1/7, gap=3, poss=0/0, prio=3), Guizhiermahuangyitangzheng(hits=1/6, gap=3, poss=0/0, prio=3), Guizhimahuanggebantangzheng(hits=1/6, gap=3, poss=0/0, prio=3)]
兼夹证：[]
加味药物：[]
配伍禁忌警告：[]
[通过] TaiyangFangzhengTest               t_yuebitang                    「越婢汤证」           0.51s

===== 甘草麻黄汤证 =====
八纲：{表里=[表证], 寒热=[], 虚实=[], 阴阳=[阳证], bagangTypes=[表证, 阳证]}
六经：太阳病
方证：甘草麻黄汤证
推荐方剂：麻黄汤
药物组成：[甘草, 麻黄]
六经列表：[太阳病]
合病标记：null
候选方证：[甘草麻黄汤证, 桂枝去芍药加附子汤证, 麻黄加术汤证, 杏子汤证, 厚朴麻黄汤证, 芍药甘草附子汤证, 麻黄连翘赤小豆汤证, 桂枝二麻黄一汤证, 桂枝麻黄各半汤证, 小青龙加石膏汤证]
候选方证打分：[Gancaomahuangtangzheng(hits=1/3, gap=0, poss=0/0, prio=3), Guizhiqushaoyaojiafuzitangzheng(hits=1/4, gap=1, poss=0/0, prio=2), Mahuangjiazhutangzheng(hits=1/4, gap=1, poss=0/0, prio=3), Xingzitangzheng(hits=1/4, gap=1, poss=0/0, prio=3), Houpomahuangtangzheng(hits=1/4, gap=1, poss=0/4, prio=3), Shaoyaogancaofuzitangzheng(hits=1/5, gap=2, poss=0/1, prio=3), Mahuanglianqiaochixiaodoutangzheng(hits=1/7, gap=3, poss=0/0, prio=3), Guizhiermahuangyitangzheng(hits=1/6, gap=3, poss=0/0, prio=3), Guizhimahuanggebantangzheng(hits=1/6, gap=3, poss=0/0, prio=3), Xiaoqinglongjiashigaotangzheng(hits=1/6, gap=3, poss=0/0, prio=3)]
兼夹证：[]
加味药物：[]
配伍禁忌警告：[]
[通过] TaiyangFangzhengTest               t_gancaomahuangtang            「甘草麻黄汤证」         0.46s

===== 杏子汤证 =====
八纲：{表里=[表证], 寒热=[], 虚实=[], 阴阳=[阳证], bagangTypes=[表证, 阳证]}
六经：太阳病
方证：杏子汤证
推荐方剂：杏子汤
药物组成：[甘草, 麻黄, 杏仁]
六经列表：[太阳病]
合病标记：null
候选方证：[杏子汤证, 桂枝去芍药加附子汤证, 麻黄加术汤证, 厚朴麻黄汤证, 芍药甘草附子汤证, 麻黄连翘赤小豆汤证, 桂枝二麻黄一汤证, 桂枝麻黄各半汤证, 小青龙加石膏汤证, 一物瓜蒂汤证]
候选方证打分：[Xingzitangzheng(hits=2/4, gap=0, poss=0/0, prio=3), Guizhiqushaoyaojiafuzitangzheng(hits=1/4, gap=1, poss=0/0, prio=2), Mahuangjiazhutangzheng(hits=1/4, gap=1, poss=0/0, prio=3), Houpomahuangtangzheng(hits=1/4, gap=1, poss=0/4, prio=3), Shaoyaogancaofuzitangzheng(hits=1/5, gap=2, poss=0/1, prio=3), Mahuanglianqiaochixiaodoutangzheng(hits=1/7, gap=3, poss=0/0, prio=3), Guizhiermahuangyitangzheng(hits=1/6, gap=3, poss=0/0, prio=3), Guizhimahuanggebantangzheng(hits=1/6, gap=3, poss=0/0, prio=3), Xiaoqinglongjiashigaotangzheng(hits=1/6, gap=3, poss=0/0, prio=3), Yiwuguaditangzheng(hits=1/6, gap=3, poss=0/0, prio=3)]
兼夹证：[]
加味药物：[]
配伍禁忌警告：[]
[通过] TaiyangFangzhengTest               t_xingzitang                   「杏子汤证」           0.39s

===== 葛根汤证 =====
八纲：{表里=[表证, 里证], 寒热=[热证], 虚实=[实证], 阴阳=[阳证], bagangTypes=[表证, 里证, 热证, 实证, 阳证]}
六经：太阳阳明合病
方证：葛根汤证
推荐方剂：葛根汤
药物组成：[大枣, 甘草, 葛根, 桂枝, 麻黄, 芍药, 生姜]
六经列表：[太阳病, 阳明病]
合病标记：太阳阳明合病
候选方证：[葛根汤证, 葛根加半夏汤证, 麻黄汤证, 桂枝去芍药加附子汤证, 麻黄加术汤证, 头风摩散证, 杏子汤证, 大陷胸丸证, 厚朴麻黄汤证, 五苓散证]
候选方证打分：[Gegentangzheng(hits=3/7, gap=0, poss=1/2, prio=3), Gegenjiabanxiatangzheng(hits=2/7, gap=1, poss=1/2, prio=2), Mahuangtangzheng(hits=2/5, gap=1, poss=1/4, prio=2), Guizhiqushaoyaojiafuzitangzheng(hits=1/4, gap=1, poss=0/0, prio=2), Mahuangjiazhutangzheng(hits=1/4, gap=1, poss=0/0, prio=3), Toufengmosanzheng(hits=1/4, gap=1, poss=0/0, prio=3), Xingzitangzheng(hits=1/4, gap=1, poss=0/0, prio=3), Daxianxiongwanzheng(hits=1/4, gap=1, poss=0/1, prio=1), Houpomahuangtangzheng(hits=1/4, gap=1, poss=0/4, prio=3), Wulingsanzheng(hits=2/8, gap=2, poss=0/0, prio=3)]
兼夹证：[]
加味药物：[]
配伍禁忌警告：[]
[通过] TaiyangFangzhengTest               t_gegentang                    「葛根汤证」           0.50s

===== 葛根加半夏汤证 =====
八纲：{表里=[表证, 里证], 寒热=[热证], 虚实=[实证], 阴阳=[阳证], bagangTypes=[表证, 里证, 热证, 实证, 阳证]}
六经：太阳阳明合病
方证：葛根加半夏汤证
推荐方剂：Gegenjiabanxiatang
药物组成：[]
六经列表：[太阳病, 阳明病]
合病标记：太阳阳明合病
候选方证：[葛根加半夏汤证, 葛根汤证, 麻黄汤证, 桂枝去芍药加附子汤证, 麻黄加术汤证, 杏子汤证, 大陷胸丸证, 厚朴麻黄汤证, 五苓散证, 麻黄连翘赤小豆汤证]
候选方证打分：[Gegenjiabanxiatangzheng(hits=3/7, gap=0, poss=1/2, prio=2), Gegentangzheng(hits=2/7, gap=1, poss=1/2, prio=3), Mahuangtangzheng(hits=2/5, gap=1, poss=1/4, prio=2), Guizhiqushaoyaojiafuzitangzheng(hits=1/4, gap=1, poss=0/0, prio=2), Mahuangjiazhutangzheng(hits=1/4, gap=1, poss=0/0, prio=3), Xingzitangzheng(hits=1/4, gap=1, poss=0/0, prio=3), Daxianxiongwanzheng(hits=1/4, gap=1, poss=0/1, prio=1), Houpomahuangtangzheng(hits=1/4, gap=1, poss=0/4, prio=3), Wulingsanzheng(hits=2/8, gap=2, poss=0/0, prio=3), Mahuanglianqiaochixiaodoutangzheng(hits=1/7, gap=2, poss=0/0, prio=3)]
兼夹证：[]
加味药物：[]
配伍禁忌警告：[]
[通过] TaiyangFangzhengTest               t_gegenjiabanxiatang           「葛根加半夏汤证」        0.37s

===== 葛根芩连汤证 =====
八纲：{表里=[表证, 里证], 寒热=[热证], 虚实=[], 阴阳=[阳证], bagangTypes=[表证, 里证, 热证, 阳证]}
六经：太阳阳明合病
方证：葛根黄芩黄连汤证
推荐方剂：葛根黄芩黄连汤
药物组成：[甘草, 葛根, 黄连, 黄芩]
六经列表：[太阳病, 阳明病]
合病标记：太阳阳明合病
候选方证：[葛根黄芩黄连汤证, 麻杏石甘汤证, 桂枝加厚朴杏子汤证, 附子泻心汤证, 黄芩汤证, 厚朴麻黄汤证, 桂枝去芍药加附子汤证, 桂枝去芍药汤证, 麻黄加术汤证, 杏子汤证]
候选方证打分：[Gegenhuangqinhuangliantangzheng(hits=3/7, gap=0, poss=0/0, prio=2), Maxingshigantangzheng(hits=2/5, gap=1, poss=1/2, prio=3), Guizhijiahoupoxingzitangzheng(hits=2/5, gap=1, poss=0/0, prio=3), Fuzixiexintangzheng(hits=2/5, gap=1, poss=0/0, prio=2), Huangqintangzheng(hits=1/5, gap=1, poss=0/0, prio=3), Houpomahuangtangzheng(hits=1/4, gap=1, poss=1/4, prio=3), Guizhiqushaoyaojiafuzitangzheng(hits=1/4, gap=1, poss=0/0, prio=2), Guizhiqushaoyaotangzheng(hits=1/4, gap=1, poss=0/0, prio=3), Mahuangjiazhutangzheng(hits=1/4, gap=1, poss=0/0, prio=3), Xingzitangzheng(hits=1/4, gap=1, poss=0/0, prio=3)]
兼夹证：[]
加味药物：[]
配伍禁忌警告：[]
[通过] TaiyangFangzhengTest               t_gegenqinliantang             「葛根芩连汤证」         0.41s

===== 白术附子汤证 =====
八纲：{表里=[表证, 里证], 寒热=[], 虚实=[虚证], 阴阳=[阴证], bagangTypes=[表证, 里证, 虚证, 阳证, 阴证]}
六经：太阳太阴合病
方证：白术附子汤证
推荐方剂：白术附子汤
药物组成：[白术, 大枣, 附子, 甘草, 生姜]
六经列表：[太阳病, 太阴病]
合病标记：太阳太阴合病
候选方证：[白术附子汤证, 麻黄加术汤证, 蜜煎导方证, 猪胆汁方证, 厚朴生姜半夏甘草人参汤证, 桂枝去芍药加附子汤证, 桂枝附子汤证, 桂枝加芍药汤证, 桂枝新加汤证, 己椒苈黄丸证]
候选方证打分：[Baizhufuzitangzheng(hits=3/7, gap=0, poss=0/0, prio=3), Mahuangjiazhutangzheng(hits=2/4, gap=0, poss=0/0, prio=3), Mijiandaofangzheng(hits=2/5, gap=1, poss=0/0, prio=3), Zhudanzhifangzheng(hits=2/5, gap=1, poss=0/0, prio=3), Houposhengjiangbanxiagancaorenshentangzheng(hits=1/4, gap=1, poss=1/1, prio=3), Guizhiqushaoyaojiafuzitangzheng(hits=1/4, gap=1, poss=0/0, prio=2), Guizhifuzitangzheng(hits=1/4, gap=1, poss=0/0, prio=3), Guizhijiashaoyaotangzheng(hits=1/4, gap=1, poss=0/0, prio=3), Guizhixinjiatangzheng(hits=1/4, gap=1, poss=0/0, prio=3), Jijiaolihuangwanzheng(hits=1/4, gap=1, poss=0/0, prio=3)]
兼夹证：[]
加味药物：[]
配伍禁忌警告：[]
[通过] TaiyangFangzhengTest               t_baizhufuzitang               「白术附子汤证」         0.48s

===== 甘草附子汤证 =====
八纲：{表里=[表证], 寒热=[], 虚实=[虚证], 阴阳=[阳证], bagangTypes=[表证, 虚证, 阳证, 阴证]}
六经：太少两感
方证：甘草附子汤证
推荐方剂：附子汤
药物组成：[白术, 附子, 甘草, 桂枝]
六经列表：[少阴病, 太阳病]
合病标记：太少两感
候选方证：[甘草附子汤证, 麻黄附子甘草汤证, 防己黄芪汤证, 栝楼桂枝汤证, 桂枝加葛根汤证, 桂枝加厚朴杏子汤证, 四逆汤证, 通脉四逆加猪胆汁汤证, 桂枝去芍药加附子汤证, 桂枝去桂加茯苓白术汤证]
候选方证打分：[Gancaofuzitangzheng(hits=4/8, gap=0, poss=0/0, prio=3), Mahuangfuzigancaotangzheng(hits=2/4, gap=0, poss=0/0, prio=3), Fangjihuangqitangzheng(hits=2/5, gap=1, poss=0/0, prio=3), Gualouguizhitangzheng(hits=2/5, gap=1, poss=0/0, prio=3), Guizhijiagegentangzheng(hits=2/5, gap=1, poss=0/0, prio=3), Guizhijiahoupoxingzitangzheng(hits=2/5, gap=1, poss=0/0, prio=3), Sinitangzheng(hits=1/4, gap=1, poss=0/0, prio=1), Tongmaisinijiazhudanzhitangzheng(hits=1/4, gap=1, poss=0/0, prio=1), Guizhiqushaoyaojiafuzitangzheng(hits=1/4, gap=1, poss=0/0, prio=2), Guizhiquguijiafulingbaizhutangzheng(hits=1/4, gap=1, poss=0/0, prio=3)]
兼夹证：[]
加味药物：[]
配伍禁忌警告：[]
[通过] TaiyangFangzhengTest               t_gancaofuzitang               「甘草附子汤证」         0.44s

===== 茯苓桂枝白术甘草汤证 =====
八纲：{表里=[表证], 寒热=[], 虚实=[实证], 阴阳=[阳证], bagangTypes=[表证, 实证, 阳证]}
六经：太阳病
方证：茯苓桂枝白术甘草汤证
推荐方剂：苓桂术
药物组成：[白术, 茯苓, 甘草, 桂枝]
六经列表：[太阳病]
合病标记：null
候选方证：[茯苓桂枝白术甘草汤证, 苓桂术甘汤证, 桂枝去芍药加附子汤证, 麻黄加术汤证, 杏子汤证, 厚朴麻黄汤证, 奔豚汤证, 芍药甘草附子汤证, 麻黄连翘赤小豆汤证, 桂枝二麻黄一汤证]
候选方证打分：[Fulingguizhibaizhugancaotangzheng(hits=3/5, gap=0, poss=0/0, prio=3), Lingguizhugantangzheng(hits=3/5, gap=0, poss=1/1, prio=3), Guizhiqushaoyaojiafuzitangzheng(hits=1/4, gap=1, poss=0/0, prio=2), Mahuangjiazhutangzheng(hits=1/4, gap=1, poss=0/0, prio=3), Xingzitangzheng(hits=1/4, gap=1, poss=0/0, prio=3), Houpomahuangtangzheng(hits=1/4, gap=1, poss=0/4, prio=3), Bentuntangzheng(hits=1/5, gap=2, poss=0/0, prio=3), Shaoyaogancaofuzitangzheng(hits=1/5, gap=2, poss=0/1, prio=3), Mahuanglianqiaochixiaodoutangzheng(hits=1/7, gap=3, poss=0/0, prio=3), Guizhiermahuangyitangzheng(hits=1/6, gap=3, poss=0/0, prio=3)]
兼夹证：[]
加味药物：[]
配伍禁忌警告：[]
[通过] TaiyangFangzhengTest               t_fulingguizhibaizhugancaotang 「茯苓桂枝白术甘草汤证」     0.44s

===== 桂枝附子汤证 =====
八纲：{表里=[表证], 寒热=[], 虚实=[虚证], 阴阳=[阳证], bagangTypes=[表证, 虚证, 阳证, 阴证]}
六经：太少两感
方证：桂枝附子汤证
推荐方剂：桂枝附子汤
药物组成：[大枣, 附子, 甘草, 桂枝, 生姜]
六经列表：[少阴病, 太阳病]
合病标记：太少两感
候选方证：[桂枝附子汤证, 麻黄加术汤证, 桂枝去芍药加附子汤证, 桂枝新加汤证, 麻黄附子甘草汤证, 杏子汤证, 厚朴麻黄汤证, 芍药甘草附子汤证, 白术附子汤证, 麻黄连翘赤小豆汤证]
候选方证打分：[Guizhifuzitangzheng(hits=2/4, gap=0, poss=0/0, prio=3), Mahuangjiazhutangzheng(hits=2/4, gap=0, poss=0/0, prio=3), Guizhiqushaoyaojiafuzitangzheng(hits=1/4, gap=1, poss=0/0, prio=2), Guizhixinjiatangzheng(hits=1/4, gap=1, poss=0/0, prio=3), Mahuangfuzigancaotangzheng(hits=1/4, gap=1, poss=0/0, prio=3), Xingzitangzheng(hits=1/4, gap=1, poss=0/0, prio=3), Houpomahuangtangzheng(hits=1/4, gap=1, poss=0/4, prio=3), Shaoyaogancaofuzitangzheng(hits=1/5, gap=2, poss=0/1, prio=3), Baizhufuzitangzheng(hits=1/7, gap=3, poss=0/0, prio=3), Mahuanglianqiaochixiaodoutangzheng(hits=1/7, gap=3, poss=0/0, prio=3)]
兼夹证：[]
加味药物：[]
配伍禁忌警告：[]
[通过] TaiyangFangzhengTest               t_guizhifuzitang_taiyin        「桂枝附子汤证（太阴）」     0.48s

===== 大陷胸汤证 =====
八纲：{表里=[表证], 寒热=[], 虚实=[实证], 阴阳=[阳证], bagangTypes=[表证, 实证, 阳证]}
六经：太阳病
方证：大陷胸汤证
推荐方剂：大陷胸汤
药物组成：[大黄, 甘遂, 芒硝]
六经列表：[太阳病]
合病标记：null
候选方证：[大陷胸汤证, 桂枝去芍药加附子汤证, 麻黄加术汤证, 杏子汤证, 厚朴麻黄汤证, 芍药甘草附子汤证, 麻黄连翘赤小豆汤证, 桂枝二麻黄一汤证, 桂枝麻黄各半汤证, 小青龙加石膏汤证]
候选方证打分：[Daxianxiongtangzheng(hits=2/4, gap=0, poss=1/1, prio=1), Guizhiqushaoyaojiafuzitangzheng(hits=1/4, gap=1, poss=0/0, prio=2), Mahuangjiazhutangzheng(hits=1/4, gap=1, poss=0/0, prio=3), Xingzitangzheng(hits=1/4, gap=1, poss=0/0, prio=3), Houpomahuangtangzheng(hits=1/4, gap=1, poss=0/4, prio=3), Shaoyaogancaofuzitangzheng(hits=1/5, gap=2, poss=0/1, prio=3), Mahuanglianqiaochixiaodoutangzheng(hits=1/7, gap=3, poss=0/0, prio=3), Guizhiermahuangyitangzheng(hits=1/6, gap=3, poss=0/0, prio=3), Guizhimahuanggebantangzheng(hits=1/6, gap=3, poss=0/0, prio=3), Xiaoqinglongjiashigaotangzheng(hits=1/6, gap=3, poss=0/0, prio=3)]
兼夹证：[]
加味药物：[]
配伍禁忌警告：[]
[通过] TaiyangFangzhengTest               t_daxianxiongtang              「大陷胸汤证」          0.45s

===== 大陷胸丸证 =====
八纲：{表里=[表证], 寒热=[], 虚实=[实证], 阴阳=[阳证], bagangTypes=[表证, 实证, 阳证]}
六经：太阳病
方证：大陷胸丸证
推荐方剂：大陷胸丸
药物组成：[大黄, 甘遂, 芒硝, 蜜, 葶苈子, 杏仁]
六经列表：[太阳病]
合病标记：null
候选方证：[大陷胸丸证, 桂枝去芍药加附子汤证, 麻黄加术汤证, 杏子汤证, 厚朴麻黄汤证, 芍药甘草附子汤证, 葛根加半夏汤证, 葛根汤证, 麻黄连翘赤小豆汤证, 桂枝二麻黄一汤证]
候选方证打分：[Daxianxiongwanzheng(hits=2/4, gap=0, poss=1/1, prio=1), Guizhiqushaoyaojiafuzitangzheng(hits=1/4, gap=1, poss=0/0, prio=2), Mahuangjiazhutangzheng(hits=1/4, gap=1, poss=0/0, prio=3), Xingzitangzheng(hits=1/4, gap=1, poss=0/0, prio=3), Houpomahuangtangzheng(hits=1/4, gap=1, poss=0/4, prio=3), Shaoyaogancaofuzitangzheng(hits=1/5, gap=2, poss=0/1, prio=3), Gegenjiabanxiatangzheng(hits=1/7, gap=3, poss=1/2, prio=2), Gegentangzheng(hits=1/7, gap=3, poss=1/2, prio=3), Mahuanglianqiaochixiaodoutangzheng(hits=1/7, gap=3, poss=0/0, prio=3), Guizhiermahuangyitangzheng(hits=1/6, gap=3, poss=0/0, prio=3)]
兼夹证：[]
加味药物：[]
配伍禁忌警告：[]
[通过] TaiyangFangzhengTest               t_daxianxiongwan               「大陷胸丸证」          0.94s

===== 小陷胸汤证 =====
八纲：{表里=[表证], 寒热=[热证], 虚实=[], 阴阳=[阳证], bagangTypes=[表证, 热证, 阳证]}
六经：太阳病
方证：小陷胸汤证
推荐方剂：小陷胸汤
药物组成：[半夏, 瓜蒌实, 黄连]
六经列表：[太阳病]
合病标记：null
候选方证：[小陷胸汤证, 桂枝去芍药加附子汤证, 麻黄加术汤证, 杏子汤证, 厚朴麻黄汤证, 芍药甘草附子汤证, 麻黄连翘赤小豆汤证, 桂枝二麻黄一汤证, 桂枝麻黄各半汤证, 小青龙加石膏汤证]
候选方证打分：[Xiaoxianxiongtangzheng(hits=2/4, gap=0, poss=1/1, prio=2), Guizhiqushaoyaojiafuzitangzheng(hits=1/4, gap=1, poss=0/0, prio=2), Mahuangjiazhutangzheng(hits=1/4, gap=1, poss=0/0, prio=3), Xingzitangzheng(hits=1/4, gap=1, poss=0/0, prio=3), Houpomahuangtangzheng(hits=1/4, gap=1, poss=0/4, prio=3), Shaoyaogancaofuzitangzheng(hits=1/5, gap=2, poss=0/1, prio=3), Mahuanglianqiaochixiaodoutangzheng(hits=1/7, gap=3, poss=0/0, prio=3), Guizhiermahuangyitangzheng(hits=1/6, gap=3, poss=0/0, prio=3), Guizhimahuanggebantangzheng(hits=1/6, gap=3, poss=0/0, prio=3), Xiaoqinglongjiashigaotangzheng(hits=1/6, gap=3, poss=0/0, prio=3)]
兼夹证：[]
加味药物：[]
配伍禁忌警告：[]
[通过] TaiyangFangzhengTest               t_xiaoxianxiongtang            「小陷胸汤证」          0.38s

===== 黄芪芍药桂枝苦酒汤证 =====
八纲：{表里=[表证], 寒热=[], 虚实=[], 阴阳=[阳证], bagangTypes=[表证, 阳证]}
六经：太阳病
方证：黄芪芍药桂枝苦酒汤证
推荐方剂：黄芪芍药桂枝苦酒汤
药物组成：[桂枝, 黄芪, 苦酒, 芍药]
六经列表：[太阳病]
合病标记：null
候选方证：[黄芪芍药桂枝苦酒汤证, 桂枝去芍药加附子汤证, 桂枝加黄芪汤证, 麻黄加术汤证, 杏子汤证, 厚朴麻黄汤证, 桂枝二越婢一汤证, 麻黄连翘赤小豆汤证, 桂枝汤证, 桂枝二麻黄一汤证]
候选方证打分：[Huangqishaoyaoguizhikujiutangzheng(hits=4/6, gap=0, poss=1/1, prio=3), Guizhiqushaoyaojiafuzitangzheng(hits=1/4, gap=1, poss=0/0, prio=2), Guizhijiahuangqitangzheng(hits=1/4, gap=1, poss=0/0, prio=3), Mahuangjiazhutangzheng(hits=1/4, gap=1, poss=0/0, prio=3), Xingzitangzheng(hits=1/4, gap=1, poss=0/0, prio=3), Houpomahuangtangzheng(hits=1/4, gap=1, poss=0/4, prio=3), Guizhieryuebiyitangzheng(hits=3/7, gap=2, poss=0/0, prio=3), Mahuanglianqiaochixiaodoutangzheng(hits=2/7, gap=2, poss=0/0, prio=3), Guizhitangzheng(hits=2/6, gap=2, poss=1/1, prio=3), Guizhiermahuangyitangzheng(hits=2/6, gap=2, poss=0/0, prio=3)]
兼夹证：[]
加味药物：[]
配伍禁忌警告：[]
[通过] TaiyangFangzhengTest               t_huangqishaoyaoguizhikujiutang 「黄芪芍药桂枝苦酒汤证」     0.46s

===== 栝蒌桂枝汤证 =====
八纲：{表里=[表证], 寒热=[寒证], 虚实=[], 阴阳=[阳证], bagangTypes=[表证, 寒证, 阳证, 阴证]}
六经：太少两感
方证：栝楼桂枝汤证
推荐方剂：栝楼桂枝汤
药物组成：[大枣, 甘草, 瓜蒌根, 桂枝, 芍药, 生姜]
六经列表：[少阴病, 太阳病]
合病标记：太少两感
候选方证：[栝楼桂枝汤证, 桂枝汤证, 防己黄芪汤证, 桂枝加葛根汤证, 桂枝加厚朴杏子汤证, 通脉四逆加猪胆汁汤证, 桂枝去芍药加附子汤证, 麻黄附子细辛汤证, 桂枝新加汤证, 麻黄附子甘草汤证]
候选方证打分：[Gualouguizhitangzheng(hits=3/5, gap=0, poss=0/0, prio=3), Guizhitangzheng(hits=3/6, gap=1, poss=1/1, prio=3), Fangjihuangqitangzheng(hits=2/5, gap=1, poss=0/0, prio=3), Guizhijiagegentangzheng(hits=2/5, gap=1, poss=0/0, prio=3), Guizhijiahoupoxingzitangzheng(hits=2/5, gap=1, poss=0/0, prio=3), Tongmaisinijiazhudanzhitangzheng(hits=1/4, gap=1, poss=0/0, prio=1), Guizhiqushaoyaojiafuzitangzheng(hits=1/4, gap=1, poss=0/0, prio=2), Mahuangfuzixixintangzheng(hits=1/4, gap=1, poss=0/0, prio=2), Guizhixinjiatangzheng(hits=1/4, gap=1, poss=0/0, prio=3), Mahuangfuzigancaotangzheng(hits=1/4, gap=1, poss=0/0, prio=3)]
兼夹证：[]
加味药物：[]
配伍禁忌警告：[]
[通过] TaiyangFangzhengTest               t_gualouguizhitang             「栝蒌桂枝汤证」         0.46s

===== 三物白散证 =====
八纲：{表里=[表证], 寒热=[], 虚实=[实证], 阴阳=[阳证], bagangTypes=[表证, 实证, 阳证]}
六经：太阳病
方证：三物白散证
推荐方剂：三物白散
药物组成：[巴豆, 贝母, 桔梗]
六经列表：[太阳病]
合病标记：null
候选方证：[三物白散证, 桂枝去芍药加附子汤证, 麻黄加术汤证, 杏子汤证, 厚朴麻黄汤证, 芍药甘草附子汤证, 麻黄连翘赤小豆汤证, 桂枝二麻黄一汤证, 桂枝麻黄各半汤证, 小青龙加石膏汤证]
候选方证打分：[Sanwubaisanzheng(hits=2/4, gap=0, poss=1/1, prio=2), Guizhiqushaoyaojiafuzitangzheng(hits=1/4, gap=1, poss=0/0, prio=2), Mahuangjiazhutangzheng(hits=1/4, gap=1, poss=0/0, prio=3), Xingzitangzheng(hits=1/4, gap=1, poss=0/0, prio=3), Houpomahuangtangzheng(hits=1/4, gap=1, poss=0/4, prio=3), Shaoyaogancaofuzitangzheng(hits=1/5, gap=2, poss=0/1, prio=3), Mahuanglianqiaochixiaodoutangzheng(hits=1/7, gap=3, poss=0/0, prio=3), Guizhiermahuangyitangzheng(hits=1/6, gap=3, poss=0/0, prio=3), Guizhimahuanggebantangzheng(hits=1/6, gap=3, poss=0/0, prio=3), Xiaoqinglongjiashigaotangzheng(hits=1/6, gap=3, poss=0/0, prio=3)]
兼夹证：[]
加味药物：[]
配伍禁忌警告：[]
[通过] TaiyangFangzhengTest               t_sanwubaisan                  「三物白散证」          0.47s

===== 竹叶汤证 =====
八纲：{表里=[表证], 寒热=[], 虚实=[], 阴阳=[阳证], bagangTypes=[表证, 阳证]}
六经：太阳病
方证：竹叶汤证
推荐方剂：竹叶汤
药物组成：[大枣, 防风, 附子, 甘草, 葛根, 桂枝, 桔梗, 人参, 生姜, 竹叶]
六经列表：[太阳病]
合病标记：null
候选方证：[竹叶汤证, 厚朴麻黄汤证, 桂枝去芍药加附子汤证, 麻黄加术汤证, 头风摩散证, 杏子汤证, 麻黄连翘赤小豆汤证, 桂枝二麻黄一汤证, 桂枝麻黄各半汤证, 小青龙加石膏汤证]
候选方证打分：[Zhuyetangzheng(hits=4/6, gap=0, poss=1/1, prio=3), Houpomahuangtangzheng(hits=1/4, gap=1, poss=1/4, prio=3), Guizhiqushaoyaojiafuzitangzheng(hits=1/4, gap=1, poss=0/0, prio=2), Mahuangjiazhutangzheng(hits=1/4, gap=1, poss=0/0, prio=3), Toufengmosanzheng(hits=1/4, gap=1, poss=0/0, prio=3), Xingzitangzheng(hits=1/4, gap=1, poss=0/0, prio=3), Mahuanglianqiaochixiaodoutangzheng(hits=2/7, gap=2, poss=0/0, prio=3), Guizhiermahuangyitangzheng(hits=2/6, gap=2, poss=0/0, prio=3), Guizhimahuanggebantangzheng(hits=2/6, gap=2, poss=0/0, prio=3), Xiaoqinglongjiashigaotangzheng(hits=2/6, gap=2, poss=0/0, prio=3)]
兼夹证：[]
加味药物：[]
配伍禁忌警告：[]
[通过] TaiyangFangzhengTest               t_zhuyetang                    「竹叶汤证」           0.50s

===== 麻黄汤证 =====
八纲：{表里=[表证], 寒热=[], 虚实=[实证], 阴阳=[阳证], bagangTypes=[表证, 实证, 阳证]}
六经：太阳病
方证：方证未定
推荐方剂：null
药物组成：[]
六经列表：[太阳病]
合病标记：null
候选方证：[麻黄汤证, 桂枝去芍药加附子汤证, 麻黄加术汤证, 杏子汤证, 厚朴麻黄汤证, 麻黄连翘赤小豆汤证, 大青龙汤证, 桂枝二麻黄一汤证, 桂枝麻黄各半汤证, 柴胡桂枝汤证]
候选方证打分：[Mahuangtangzheng(hits=2/5, gap=1, poss=2/4, prio=2), Guizhiqushaoyaojiafuzitangzheng(hits=1/4, gap=1, poss=0/0, prio=2), Mahuangjiazhutangzheng(hits=1/4, gap=1, poss=0/0, prio=3), Xingzitangzheng(hits=1/4, gap=1, poss=0/0, prio=3), Houpomahuangtangzheng(hits=1/4, gap=1, poss=0/4, prio=3), Mahuanglianqiaochixiaodoutangzheng(hits=2/7, gap=2, poss=0/0, prio=3), Daqinglongtangzheng(hits=2/6, gap=2, poss=3/4, prio=2), Guizhiermahuangyitangzheng(hits=2/6, gap=2, poss=0/0, prio=3), Guizhimahuanggebantangzheng(hits=2/6, gap=2, poss=0/0, prio=3), Chaihuguizhitangzheng(hits=1/6, gap=2, poss=0/0, prio=3)]
兼夹证：[]
加味药物：[]
配伍禁忌警告：[]
[通过] TaiyangFangzhengTest               shouldDiagnoseMahuangTangPatternWithouthEnoughSym 「麻黄汤证诊断，主证不全返回TOP1匹配的症状」     0.38s

===== 厚朴麻黄汤证 =====
八纲：{表里=[表证], 寒热=[], 虚实=[], 阴阳=[阳证], bagangTypes=[表证, 阳证]}
六经：太阳病
方证：厚朴麻黄汤证
推荐方剂：厚朴麻黄汤
药物组成：[半夏, 干姜, 厚朴, 麻黄, 石膏, 五味子, 小麦, 杏仁, 细辛]
六经列表：[太阳病]
合病标记：null
候选方证：[厚朴麻黄汤证, 小青龙加石膏汤证, 桂枝去芍药加附子汤证, 麻黄加术汤证, 杏子汤证, 小青龙汤证, 桂枝加厚朴杏子汤证, 芍药甘草附子汤证, 葛根黄芩黄连汤证, 麻黄连翘赤小豆汤证]
候选方证打分：[Houpomahuangtangzheng(hits=2/4, gap=0, poss=2/4, prio=3), Xiaoqinglongjiashigaotangzheng(hits=3/6, gap=1, poss=0/0, prio=3), Guizhiqushaoyaojiafuzitangzheng(hits=1/4, gap=1, poss=0/0, prio=2), Mahuangjiazhutangzheng(hits=1/4, gap=1, poss=0/0, prio=3), Xingzitangzheng(hits=1/4, gap=1, poss=0/0, prio=3), Xiaoqinglongtangzheng(hits=1/5, gap=2, poss=1/4, prio=3), Guizhijiahoupoxingzitangzheng(hits=1/5, gap=2, poss=0/0, prio=3), Shaoyaogancaofuzitangzheng(hits=1/5, gap=2, poss=0/1, prio=3), Gegenhuangqinhuangliantangzheng(hits=1/7, gap=3, poss=0/0, prio=2), Mahuanglianqiaochixiaodoutangzheng(hits=1/7, gap=3, poss=0/0, prio=3)]
兼夹证：[]
加味药物：[]
配伍禁忌警告：[]
[通过] ZabingFangzhengTest                t_houpoumahuangtang            「厚朴麻黄汤证」         0.38s

===== 半夏麻黄丸证 =====
八纲：{表里=[里证], 寒热=[], 虚实=[虚证], 阴阳=[阴证], bagangTypes=[里证, 虚证, 阴证]}
六经：太阴病
方证：半夏麻黄丸证
推荐方剂：半夏麻黄丸
药物组成：[半夏, 麻黄]
六经列表：[太阴病]
合病标记：null
候选方证：[半夏麻黄丸证, 桂枝加芍药汤证, 己椒苈黄丸证, 厚朴生姜半夏甘草人参汤证, 理中汤证, 生姜半夏汤证, 半夏干姜散证, 当归芍药散证, 小半夏汤证, 小半夏加茯苓汤证]
候选方证打分：[Banxiamahuangwanzheng(hits=1/3, gap=0, poss=1/3, prio=5), Guizhijiashaoyaotangzheng(hits=1/4, gap=1, poss=0/0, prio=3), Jijiaolihuangwanzheng(hits=1/4, gap=1, poss=0/0, prio=3), Houposhengjiangbanxiagancaorenshentangzheng(hits=1/4, gap=1, poss=0/1, prio=3), Lizhongtangzheng(hits=1/5, gap=2, poss=0/0, prio=3), Shengjiangbanxiatangzheng(hits=0/3, gap=1, poss=1/1, prio=3), Banxiaganjiangsanzheng(hits=0/4, gap=2, poss=1/1, prio=3), Dangguishaoyaosanzheng(hits=0/4, gap=2, poss=1/1, prio=3), Xiaobanxiatangzheng(hits=0/4, gap=2, poss=1/1, prio=3), Xiaobanxiajiafulingtangzheng(hits=0/5, gap=3, poss=1/1, prio=3)]
兼夹证：[]
加味药物：[]
配伍禁忌警告：[]
[通过] ZabingFangzhengTest                t_banxiamahuangwan             「半夏麻黄丸证」         0.49s

===== 大黄蛰虫丸证 =====
八纲：{表里=[表证, 里证], 寒热=[], 虚实=[虚证], 阴阳=[阴证], bagangTypes=[表证, 里证, 虚证, 阴证]}
六经：太阴少阴合病
方证：大黄蛰虫丸证
推荐方剂：大黄蛰虫丸
药物组成：[大黄, 干地黄, 甘草, 干漆, 黄芩, 蛴螬, 虻虫, 芍药, 水蛭, 桃仁, 杏仁, ?虫]
六经列表：[少阴病, 太阴病]
合病标记：太阴少阴合病
候选方证：[大黄蛰虫丸证, 四逆汤证, 桂枝加芍药汤证, 己椒苈黄丸证, 麻黄附子甘草汤证, 厚朴生姜半夏甘草人参汤证, 理中汤证, 大建中汤证, 桃花汤证, 内补当归建中汤证]
候选方证打分：[Dahuangzhechongwanzheng(hits=5/7, gap=0, poss=0/2, prio=2), Sinitangzheng(hits=1/4, gap=1, poss=0/0, prio=1), Guizhijiashaoyaotangzheng(hits=1/4, gap=1, poss=0/0, prio=3), Jijiaolihuangwanzheng(hits=1/4, gap=1, poss=0/0, prio=3), Mahuangfuzigancaotangzheng(hits=1/4, gap=1, poss=0/0, prio=3), Houposhengjiangbanxiagancaorenshentangzheng(hits=1/4, gap=1, poss=0/1, prio=3), Lizhongtangzheng(hits=1/5, gap=2, poss=0/0, prio=3), Dajianzhongtangzheng(hits=1/6, gap=3, poss=0/1, prio=1), Taohuatangzheng(hits=0/5, gap=3, poss=1/1, prio=1), Neibudangguijianzhongtangzheng(hits=0/5, gap=3, poss=1/3, prio=3)]
兼夹证：[]
加味药物：[]
配伍禁忌警告：[]
[通过] ZabingFangzhengTest                t_dahuangzhechongwan           「大黄蛰虫丸证」         0.42s

===== 下瘀血汤证 =====
八纲：{表里=[里证], 寒热=[], 虚实=[], 阴阳=[阳证], bagangTypes=[里证, 阳证]}
六经：阳明病
方证：下瘀血汤证
推荐方剂：下瘀血汤
药物组成：[大黄, 桃仁, ?虫]
六经列表：[阳明病]
合病标记：null
候选方证：[下瘀血汤证, 猪苓汤证, 白虎汤证, 五苓散证, 柴胡白虎汤证, 泻心汤证, 麻杏石甘汤证, 大黄甘遂汤证]
候选方证打分：[Xiayuxuetangzheng(hits=3/5, gap=0, poss=0/0, prio=3), Zhulingtangzheng(hits=1/5, gap=2, poss=0/0, prio=2), Baihutangzheng(hits=1/6, gap=3, poss=0/0, prio=2), Wulingsanzheng(hits=1/8, gap=4, poss=0/0, prio=3), Chaihubaihutangzheng(hits=1/12, gap=7, poss=0/0, prio=2), Xiexintangzheng(hits=0/5, gap=3, poss=1/1, prio=1), Maxingshigantangzheng(hits=0/5, gap=3, poss=1/2, prio=3), Dahuanggansuitangzheng(hits=0/6, gap=4, poss=1/2, prio=2)]
兼夹证：[]
加味药物：[]
配伍禁忌警告：[]
[通过] ZabingFangzhengTest                t_xiayuxuetang                 「下瘀血汤证」          0.42s

===== 枳实芍药散证 =====
八纲：{表里=[里证], 寒热=[], 虚实=[虚证], 阴阳=[阴证], bagangTypes=[里证, 虚证, 阴证]}
六经：太阴病
方证：枳实芍药散证
推荐方剂：枳实芍药散
药物组成：[芍药, 枳实]
六经列表：[太阴病]
合病标记：null
候选方证：[枳实芍药散证, 理中汤证, 桂枝加芍药汤证, 己椒苈黄丸证, 诃梨勒散证, 厚朴生姜半夏甘草人参汤证, 紫参汤证, 半夏泻心汤证, 甘遂半夏汤证, 葶苈大枣泻肺汤证]
候选方证打分：[Zhishishaoyaosanzheng(hits=3/5, gap=0, poss=1/1, prio=3), Lizhongtangzheng(hits=3/5, gap=0, poss=0/0, prio=3), Guizhijiashaoyaotangzheng(hits=1/4, gap=1, poss=0/0, prio=3), Jijiaolihuangwanzheng(hits=1/4, gap=1, poss=0/0, prio=3), Helilesanzheng(hits=1/4, gap=1, poss=0/1, prio=3), Houposhengjiangbanxiagancaorenshentangzheng(hits=1/4, gap=1, poss=0/1, prio=3), Zishentangzheng(hits=1/4, gap=1, poss=0/1, prio=3), Banxiaxiexintangzheng(hits=1/5, gap=2, poss=0/0, prio=2), Gansuibanxiatangzheng(hits=1/5, gap=2, poss=0/0, prio=2), Tinglidazaoxiefeitangzheng(hits=1/5, gap=2, poss=0/0, prio=2)]
兼夹证：[]
加味药物：[]
配伍禁忌警告：[]
[通过] ZabingFangzhengTest                t_zhishishaoyaosan             「枳实芍药散证」         0.40s

===== 泻心汤证 =====
八纲：{表里=[里证], 寒热=[], 虚实=[], 阴阳=[阳证], bagangTypes=[里证, 阳证]}
六经：阳明病
方证：泻心汤证
推荐方剂：泻心汤
药物组成：[大黄, 黄连, 黄芩]
六经列表：[阳明病]
合病标记：null
候选方证：[泻心汤证, 猪苓汤证, 白虎汤证, 五苓散证, 柴胡白虎汤证, 麻杏石甘汤证]
候选方证打分：[Xiexintangzheng(hits=3/5, gap=0, poss=1/1, prio=1), Zhulingtangzheng(hits=1/5, gap=2, poss=0/0, prio=2), Baihutangzheng(hits=1/6, gap=3, poss=0/0, prio=2), Wulingsanzheng(hits=1/8, gap=4, poss=0/0, prio=3), Chaihubaihutangzheng(hits=1/12, gap=7, poss=0/0, prio=2), Maxingshigantangzheng(hits=0/5, gap=3, poss=1/2, prio=3)]
兼夹证：[]
加味药物：[]
配伍禁忌警告：[]
[通过] ZabingFangzhengTest                t_xiexintang                   「泻心汤证」           0.41s

===== 薏苡附子败酱散证 =====
八纲：{表里=[里证], 寒热=[热证], 虚实=[], 阴阳=[阳证], bagangTypes=[里证, 热证, 阳证]}
六经：阳明病
方证：薏苡附子败酱散证
推荐方剂：薏苡附子败酱散
药物组成：[败酱草, 附子, 薏苡仁]
六经列表：[阳明病]
合病标记：null
候选方证：[薏苡附子败酱散证, 大黄牡丹汤证, 猪苓汤证, 白虎汤证, 五苓散证, 柴胡白虎汤证, 泻心汤证, 麻杏石甘汤证]
候选方证打分：[Yiyifuzibaijiangsanzheng(hits=3/5, gap=0, poss=1/1, prio=2), Dahuangmudantangzheng(hits=1/4, gap=1, poss=0/0, prio=2), Zhulingtangzheng(hits=1/5, gap=2, poss=0/0, prio=2), Baihutangzheng(hits=1/6, gap=3, poss=0/0, prio=2), Wulingsanzheng(hits=1/8, gap=4, poss=0/0, prio=3), Chaihubaihutangzheng(hits=1/12, gap=7, poss=0/0, prio=2), Xiexintangzheng(hits=0/5, gap=3, poss=1/1, prio=1), Maxingshigantangzheng(hits=0/5, gap=3, poss=1/2, prio=3)]
兼夹证：[]
加味药物：[]
配伍禁忌警告：[]
[通过] ZabingFangzhengTest                t_yiyifuzibaijiangsan          「薏苡附子败酱散证」       0.34s

===== 葵子茯苓散证 =====
八纲：{表里=[表证, 里证], 寒热=[], 虚实=[虚证], 阴阳=[阴证], bagangTypes=[表证, 里证, 虚证, 阳证, 阴证]}
六经：太阳太阴合病
方证：葵子茯苓散证
推荐方剂：葵子茯苓散
药物组成：[茯苓, 葵子]
六经列表：[太阳病, 太阴病]
合病标记：太阳太阴合病
候选方证：[葵子茯苓散证, 茯苓戎盐汤证, 滑石白鱼散证, 蒲灰散证, 厚朴生姜半夏甘草人参汤证, 桂枝加芍药汤证, 桂枝去桂加茯苓白术汤证, 己椒苈黄丸证, 杏子汤证, 越婢加术汤证]
候选方证打分：[Kuizifulingsanzheng(hits=3/5, gap=0, poss=0/0, prio=3), Fulingrongyantangzheng(hits=1/3, gap=0, poss=0/0, prio=3), Huashibaiyusanzheng(hits=1/3, gap=0, poss=0/0, prio=3), Puhuisanzheng(hits=1/3, gap=0, poss=0/0, prio=3), Houposhengjiangbanxiagancaorenshentangzheng(hits=1/4, gap=1, poss=1/1, prio=3), Guizhijiashaoyaotangzheng(hits=1/4, gap=1, poss=0/0, prio=3), Guizhiquguijiafulingbaizhutangzheng(hits=1/4, gap=1, poss=0/0, prio=3), Jijiaolihuangwanzheng(hits=1/4, gap=1, poss=0/0, prio=3), Xingzitangzheng(hits=1/4, gap=1, poss=0/0, prio=3), Yuebijiazhutangzheng(hits=1/4, gap=1, poss=0/0, prio=3)]
兼夹证：[]
加味药物：[]
配伍禁忌警告：[]
[通过] ZabingFangzhengTest                t_kuizifulingsan               「葵子茯苓散证」         0.66s

===== 小半夏汤证 =====
八纲：{表里=[里证], 寒热=[], 虚实=[虚证], 阴阳=[阴证], bagangTypes=[里证, 虚证, 阴证]}
六经：太阴病
方证：小半夏汤证
推荐方剂：Xiaobanxiatang
药物组成：[]
六经列表：[太阴病]
合病标记：null
候选方证：[小半夏汤证, 桂枝加芍药汤证, 己椒苈黄丸证, 泽泻汤证, 厚朴生姜半夏甘草人参汤证, 茯苓杏仁甘草汤证, 理中汤证, 生姜半夏汤证, 半夏麻黄丸证, 半夏干姜散证]
候选方证打分：[Xiaobanxiatangzheng(hits=2/4, gap=0, poss=1/1, prio=3), Guizhijiashaoyaotangzheng(hits=1/4, gap=1, poss=0/0, prio=3), Jijiaolihuangwanzheng(hits=1/4, gap=1, poss=0/0, prio=3), Zexietangzheng(hits=1/4, gap=1, poss=0/0, prio=3), Houposhengjiangbanxiagancaorenshentangzheng(hits=1/4, gap=1, poss=0/1, prio=3), Fulingxingrengancaotangzheng(hits=1/5, gap=2, poss=0/0, prio=3), Lizhongtangzheng(hits=1/5, gap=2, poss=0/0, prio=3), Shengjiangbanxiatangzheng(hits=0/3, gap=1, poss=1/1, prio=3), Banxiamahuangwanzheng(hits=0/3, gap=1, poss=1/3, prio=5), Banxiaganjiangsanzheng(hits=0/4, gap=2, poss=1/1, prio=3)]
兼夹证：[]
加味药物：[]
配伍禁忌警告：[]
[通过] ZabingFangzhengTest                t_xiaobanxiatang               「小半夏汤证」          0.45s

===== 小半夏加茯苓汤证 =====
八纲：{表里=[里证], 寒热=[], 虚实=[虚证], 阴阳=[阴证], bagangTypes=[里证, 虚证, 阴证]}
六经：太阴病
方证：小半夏加茯苓汤证
推荐方剂：小半夏加茯苓汤
药物组成：[半夏, 茯苓, 生姜]
六经列表：[太阴病]
合病标记：null
候选方证：[小半夏加茯苓汤证, 茯苓泽泻汤证, 桂枝加芍药汤证, 己椒苈黄丸证, 厚朴生姜半夏甘草人参汤证, 半夏泻心汤证, 甘遂半夏汤证, 理中汤证, 附子泻心汤证, 附子粳米汤证]
候选方证打分：[Xiaobanxiajiafulingtangzheng(hits=3/5, gap=0, poss=1/1, prio=3), Fulingzexietangzheng(hits=1/4, gap=1, poss=0/0, prio=3), Guizhijiashaoyaotangzheng(hits=1/4, gap=1, poss=0/0, prio=3), Jijiaolihuangwanzheng(hits=1/4, gap=1, poss=0/0, prio=3), Houposhengjiangbanxiagancaorenshentangzheng(hits=1/4, gap=1, poss=0/1, prio=3), Banxiaxiexintangzheng(hits=1/5, gap=2, poss=0/0, prio=2), Gansuibanxiatangzheng(hits=1/5, gap=2, poss=0/0, prio=2), Lizhongtangzheng(hits=1/5, gap=2, poss=0/0, prio=3), Fuzixiexintangzheng(hits=1/5, gap=2, poss=0/0, prio=2), Fuzijingmitangzheng(hits=1/6, gap=3, poss=0/0, prio=3)]
兼夹证：[]
加味药物：[]
配伍禁忌警告：[]
[通过] ZabingFangzhengTest                t_xiaobanxiajiafulingtang      「小半夏加茯苓汤证」       0.45s

===== 大半夏汤证 =====
八纲：{表里=[里证], 寒热=[], 虚实=[虚证], 阴阳=[阴证], bagangTypes=[里证, 虚证, 阴证]}
六经：太阴病
方证：大半夏汤证
推荐方剂：大半夏汤
药物组成：[半夏, 蜜, 人参]
六经列表：[太阴病]
合病标记：null
候选方证：[大半夏汤证, 桂枝加芍药汤证, 己椒苈黄丸证, 厚朴生姜半夏甘草人参汤证, 理中汤证, 大黄甘遂汤证]
候选方证打分：[Dabanxiatangzheng(hits=1/3, gap=0, poss=0/0, prio=3), Guizhijiashaoyaotangzheng(hits=1/4, gap=1, poss=0/0, prio=3), Jijiaolihuangwanzheng(hits=1/4, gap=1, poss=0/0, prio=3), Houposhengjiangbanxiagancaorenshentangzheng(hits=1/4, gap=1, poss=0/1, prio=3), Lizhongtangzheng(hits=1/5, gap=2, poss=0/0, prio=3), Dahuanggansuitangzheng(hits=0/6, gap=4, poss=1/2, prio=2)]
兼夹证：[]
加味药物：[]
配伍禁忌警告：[]
[通过] ZabingFangzhengTest                t_dabanxiatang                 「大半夏汤证」          0.53s

===== 半夏厚朴汤证 =====
八纲：{表里=[里证], 寒热=[], 虚实=[虚证], 阴阳=[阴证], bagangTypes=[里证, 虚证, 阴证]}
六经：太阴病
方证：半夏厚朴汤证
推荐方剂：半夏厚朴汤
药物组成：[半夏, 茯苓, 厚朴, 生姜, 紫苏叶]
六经列表：[太阴病]
合病标记：null
候选方证：[半夏厚朴汤证, 桂枝加芍药汤证, 己椒苈黄丸证, 厚朴生姜半夏甘草人参汤证, 理中汤证, 生姜半夏汤证, 半夏麻黄丸证, 半夏干姜散证, 当归芍药散证, 小半夏汤证]
候选方证打分：[Banxiahoupotangzheng(hits=1/3, gap=0, poss=0/0, prio=3), Guizhijiashaoyaotangzheng(hits=1/4, gap=1, poss=0/0, prio=3), Jijiaolihuangwanzheng(hits=1/4, gap=1, poss=0/0, prio=3), Houposhengjiangbanxiagancaorenshentangzheng(hits=1/4, gap=1, poss=0/1, prio=3), Lizhongtangzheng(hits=1/5, gap=2, poss=0/0, prio=3), Shengjiangbanxiatangzheng(hits=0/3, gap=1, poss=1/1, prio=3), Banxiamahuangwanzheng(hits=0/3, gap=1, poss=1/3, prio=5), Banxiaganjiangsanzheng(hits=0/4, gap=2, poss=1/1, prio=3), Dangguishaoyaosanzheng(hits=0/4, gap=2, poss=1/1, prio=3), Xiaobanxiatangzheng(hits=0/4, gap=2, poss=1/1, prio=3)]
兼夹证：[]
加味药物：[]
配伍禁忌警告：[]
[通过] ZabingFangzhengTest                t_banxiahoupotang              「半夏厚朴汤证」         0.39s

===== 半夏干姜散证 =====
八纲：{表里=[里证], 寒热=[], 虚实=[虚证], 阴阳=[阴证], bagangTypes=[里证, 虚证, 阴证]}
六经：太阴病
方证：半夏干姜散证
推荐方剂：半夏干姜散
药物组成：[半夏, 干姜]
六经列表：[太阴病]
合病标记：null
候选方证：[半夏干姜散证, 桂枝加芍药汤证, 己椒苈黄丸证, 橘皮汤证, 厚朴生姜半夏甘草人参汤证, 理中汤证, 生姜半夏汤证, 半夏麻黄丸证, 当归芍药散证, 小半夏汤证]
候选方证打分：[Banxiaganjiangsanzheng(hits=2/4, gap=0, poss=1/1, prio=3), Guizhijiashaoyaotangzheng(hits=1/4, gap=1, poss=0/0, prio=3), Jijiaolihuangwanzheng(hits=1/4, gap=1, poss=0/0, prio=3), Jupitangzheng(hits=1/4, gap=1, poss=0/0, prio=3), Houposhengjiangbanxiagancaorenshentangzheng(hits=1/4, gap=1, poss=0/1, prio=3), Lizhongtangzheng(hits=1/5, gap=2, poss=0/0, prio=3), Shengjiangbanxiatangzheng(hits=0/3, gap=1, poss=1/1, prio=3), Banxiamahuangwanzheng(hits=0/3, gap=1, poss=1/3, prio=5), Dangguishaoyaosanzheng(hits=0/4, gap=2, poss=1/1, prio=3), Xiaobanxiatangzheng(hits=0/4, gap=2, poss=1/1, prio=3)]
兼夹证：[]
加味药物：[]
配伍禁忌警告：[]
[通过] ZabingFangzhengTest                t_banxiaganjiangsan            「半夏干姜散证」         0.45s

===== 干姜人参半夏丸证 =====
八纲：{表里=[里证], 寒热=[], 虚实=[虚证], 阴阳=[阴证], bagangTypes=[里证, 虚证, 阴证]}
六经：太阴病
方证：干姜人参半夏丸证
推荐方剂：干姜人参半夏丸
药物组成：[半夏, 干姜, 人参]
六经列表：[太阴病]
合病标记：null
候选方证：[干姜人参半夏丸证, 桂枝加芍药汤证, 己椒苈黄丸证, 厚朴生姜半夏甘草人参汤证, 橘皮竹茹汤证, 理中汤证, 胶艾汤证, 甘草干姜汤证, 大黄甘遂汤证]
候选方证打分：[Ganjiangrenshenbanxiawanzheng(hits=1/3, gap=0, poss=0/1, prio=5), Guizhijiashaoyaotangzheng(hits=1/4, gap=1, poss=0/0, prio=3), Jijiaolihuangwanzheng(hits=1/4, gap=1, poss=0/0, prio=3), Houposhengjiangbanxiagancaorenshentangzheng(hits=1/4, gap=1, poss=0/1, prio=3), Jupizhurutangzheng(hits=1/5, gap=2, poss=0/0, prio=3), Lizhongtangzheng(hits=1/5, gap=2, poss=0/0, prio=3), Jiaoaitangzheng(hits=0/4, gap=2, poss=1/1, prio=3), Gancaoganjiangtangzheng(hits=0/6, gap=4, poss=1/1, prio=3), Dahuanggansuitangzheng(hits=0/6, gap=4, poss=1/2, prio=2)]
兼夹证：[]
加味药物：[]
配伍禁忌警告：[]
[通过] ZabingFangzhengTest                t_ganjiangrenshenbanxiawan     「干姜人参半夏丸证」       0.38s

===== 生姜半夏汤证 =====
八纲：{表里=[里证], 寒热=[], 虚实=[虚证], 阴阳=[阴证], bagangTypes=[里证, 虚证, 阴证]}
六经：太阴病
方证：生姜半夏汤证
推荐方剂：生姜半夏汤
药物组成：[半夏, 生姜]
六经列表：[太阴病]
合病标记：null
候选方证：[生姜半夏汤证, 桂枝加芍药汤证, 己椒苈黄丸证, 厚朴生姜半夏甘草人参汤证, 理中汤证, 半夏麻黄丸证, 半夏干姜散证, 当归芍药散证, 小半夏汤证, 小半夏加茯苓汤证]
候选方证打分：[Shengjiangbanxiatangzheng(hits=1/3, gap=0, poss=1/1, prio=3), Guizhijiashaoyaotangzheng(hits=1/4, gap=1, poss=0/0, prio=3), Jijiaolihuangwanzheng(hits=1/4, gap=1, poss=0/0, prio=3), Houposhengjiangbanxiagancaorenshentangzheng(hits=1/4, gap=1, poss=0/1, prio=3), Lizhongtangzheng(hits=1/5, gap=2, poss=0/0, prio=3), Banxiamahuangwanzheng(hits=0/3, gap=1, poss=1/3, prio=5), Banxiaganjiangsanzheng(hits=0/4, gap=2, poss=1/1, prio=3), Dangguishaoyaosanzheng(hits=0/4, gap=2, poss=1/1, prio=3), Xiaobanxiatangzheng(hits=0/4, gap=2, poss=1/1, prio=3), Xiaobanxiajiafulingtangzheng(hits=0/5, gap=3, poss=1/1, prio=3)]
兼夹证：[]
加味药物：[]
配伍禁忌警告：[]
[通过] ZabingFangzhengTest                t_shengjiangbanxiatang         「生姜半夏汤证」         0.45s

===== 栝蒌薤白白酒汤证 =====
八纲：{表里=[里证], 寒热=[寒证], 虚实=[虚证], 阴阳=[阴证], bagangTypes=[寒证, 里证, 虚证, 阴证]}
六经：太阴病
方证：栝楼薤白白酒汤证
推荐方剂：瓜蒌薤白白酒汤
药物组成：[白酒, 瓜蒌实, 薤白]
六经列表：[太阴病]
合病标记：null
候选方证：[栝楼薤白白酒汤证, 桂枝加芍药汤证, 己椒苈黄丸证, 厚朴生姜半夏甘草人参汤证, 葶苈大枣泻肺汤证, 茯苓杏仁甘草汤证, 橘枳姜汤证, 理中汤证, 栝楼薤白半夏汤证, 越婢加半夏汤证]
候选方证打分：[Gualouxiebaibaijiutangzheng(hits=3/5, gap=0, poss=1/1, prio=3), Guizhijiashaoyaotangzheng(hits=1/4, gap=1, poss=0/0, prio=3), Jijiaolihuangwanzheng(hits=1/4, gap=1, poss=0/0, prio=3), Houposhengjiangbanxiagancaorenshentangzheng(hits=1/4, gap=1, poss=0/1, prio=3), Tinglidazaoxiefeitangzheng(hits=1/5, gap=2, poss=0/0, prio=2), Fulingxingrengancaotangzheng(hits=1/5, gap=2, poss=0/0, prio=3), Juzhijiangtangzheng(hits=1/5, gap=2, poss=0/0, prio=3), Lizhongtangzheng(hits=1/5, gap=2, poss=0/0, prio=3), Gualouxiebaibanxiatangzheng(hits=1/5, gap=2, poss=0/1, prio=3), Yuebijiabanxiatangzheng(hits=1/5, gap=2, poss=0/1, prio=3)]
兼夹证：[]
加味药物：[]
配伍禁忌警告：[]
[通过] ZabingFangzhengTest                t_gualouxiebaibaijiutang       「栝蒌薤白白酒汤证」       0.41s

===== 栝蒌薤白半夏汤证 =====
八纲：{表里=[里证], 寒热=[], 虚实=[实证, 虚证], 阴阳=[阳证], bagangTypes=[里证, 实证, 虚证, 阳证, 阴证]}
六经：阳明太阴合病
方证：栝楼薤白半夏汤证
推荐方剂：瓜蒌薤白半夏汤
药物组成：[白酒, 半夏, 瓜蒌实, 薤白]
六经列表：[太阴病, 阳明病]
合病标记：阳明太阴合病
候选方证：[栝楼薤白半夏汤证, 乌头赤石脂丸证, 桂枝加芍药汤证, 己椒苈黄丸证, 厚朴生姜半夏甘草人参汤证, 葶苈大枣泻肺汤证, 栀子厚朴汤证, 理中汤证, 栝楼薤白白酒汤证, 枳实芍药散证]
候选方证打分：[Gualouxiebaibanxiatangzheng(hits=3/5, gap=0, poss=1/1, prio=3), Wutouchishizhiwanzheng(hits=1/4, gap=1, poss=0/0, prio=1), Guizhijiashaoyaotangzheng(hits=1/4, gap=1, poss=0/0, prio=3), Jijiaolihuangwanzheng(hits=1/4, gap=1, poss=0/0, prio=3), Houposhengjiangbanxiagancaorenshentangzheng(hits=1/4, gap=1, poss=0/1, prio=3), Tinglidazaoxiefeitangzheng(hits=1/5, gap=2, poss=0/0, prio=2), Zhizihoupotangzheng(hits=1/5, gap=2, poss=0/0, prio=2), Lizhongtangzheng(hits=1/5, gap=2, poss=0/0, prio=3), Gualouxiebaibaijiutangzheng(hits=1/5, gap=2, poss=0/1, prio=3), Zhishishaoyaosanzheng(hits=1/5, gap=2, poss=0/1, prio=3)]
兼夹证：[]
加味药物：[]
配伍禁忌警告：[]
[通过] ZabingFangzhengTest                t_gualouxiebaibanxiatang       「栝蒌薤白半夏汤证」       0.43s

===== 枳实薤白桂枝汤证 =====
八纲：{表里=[里证], 寒热=[], 虚实=[实证, 虚证], 阴阳=[阳证], bagangTypes=[里证, 实证, 虚证, 阳证, 阴证]}
六经：阳明太阴合病
方证：枳实薤白桂枝汤证
推荐方剂：枳实薤白桂枝汤
药物组成：[瓜蒌实, 桂枝, 厚朴, 薤白, 枳实]
六经列表：[太阴病, 阳明病]
合病标记：阳明太阴合病
候选方证：[枳实薤白桂枝汤证, 人参汤证, 桂枝加芍药汤证, 桂枝生姜枳实汤证, 己椒苈黄丸证, 苓甘五味姜辛汤证, 厚朴生姜半夏甘草人参汤证, 栝楼薤白半夏汤证, 栀子厚朴汤证, 苓甘五味姜辛夏汤证]
候选方证打分：[Zhishixiebaiguizhitangzheng(hits=4/6, gap=0, poss=1/1, prio=3), Renshentangzheng(hits=3/6, gap=1, poss=0/0, prio=3), Guizhijiashaoyaotangzheng(hits=1/4, gap=1, poss=0/0, prio=3), Guizhishengjiangzhishitangzheng(hits=1/4, gap=1, poss=0/0, prio=3), Jijiaolihuangwanzheng(hits=1/4, gap=1, poss=0/0, prio=3), Lingganwuweijiangxintangzheng(hits=1/4, gap=1, poss=0/0, prio=3), Houposhengjiangbanxiagancaorenshentangzheng(hits=1/4, gap=1, poss=0/1, prio=3), Gualouxiebaibanxiatangzheng(hits=1/5, gap=2, poss=1/1, prio=3), Zhizihoupotangzheng(hits=1/5, gap=2, poss=0/0, prio=2), Lingganwuweijiangxinxiatangzheng(hits=1/5, gap=2, poss=0/0, prio=3)]
兼夹证：[]
加味药物：[]
配伍禁忌警告：[]
[通过] ZabingFangzhengTest                t_zhishixiebaiguizhitang       「枳实薤白桂枝汤证」       0.44s

===== 枳术汤证 =====
八纲：{表里=[里证], 寒热=[], 虚实=[虚证], 阴阳=[阴证], bagangTypes=[里证, 虚证, 阴证]}
六经：太阴病
方证：枳术汤证
推荐方剂：枳术汤
药物组成：[白术, 枳实]
六经列表：[太阴病]
合病标记：null
候选方证：[枳术汤证, 桂枝加芍药汤证, 己椒苈黄丸证, 厚朴生姜半夏甘草人参汤证, 理中汤证, 大黄甘遂汤证]
候选方证打分：[Zhishutangzheng(hits=3/5, gap=0, poss=0/0, prio=3), Guizhijiashaoyaotangzheng(hits=1/4, gap=1, poss=0/0, prio=3), Jijiaolihuangwanzheng(hits=1/4, gap=1, poss=0/0, prio=3), Houposhengjiangbanxiagancaorenshentangzheng(hits=1/4, gap=1, poss=0/1, prio=3), Lizhongtangzheng(hits=1/5, gap=2, poss=0/0, prio=3), Dahuanggansuitangzheng(hits=0/6, gap=4, poss=1/2, prio=2)]
兼夹证：[]
加味药物：[]
配伍禁忌警告：[]
[通过] ZabingFangzhengTest                t_zhishutang                   「枳术汤证」           0.46s

===== 百合地黄汤证 =====
八纲：{表里=[半表半里], 寒热=[热证], 虚实=[虚证], 阴阳=[阳证], bagangTypes=[半表半里, 热证, 虚证, 阳证, 阴证]}
六经：少阳厥阴合病
方证：百合地黄汤证
推荐方剂：百合地黄汤
药物组成：[百合, 生地黄汁]
六经列表：[厥阴病, 少阳病]
合病标记：少阳厥阴合病
候选方证：[百合地黄汤证, 小柴胡汤证, 百合滑石散证, 百合鸡子汤证, 百合洗方证, 百合知母汤证, 滑石代赭汤证, 栝楼牡蛎散证, 柴胡加芒硝汤证, 四逆散证]
候选方证打分：[Baihedihuangtangzheng(hits=2/4, gap=0, poss=0/0, prio=5), Xiaochaihutangzheng(hits=3/3, gap=0, poss=1/1, prio=3), Baihehuashisanzheng(hits=2/5, gap=1, poss=0/0, prio=5), Baihejizitangzheng(hits=2/5, gap=1, poss=0/0, prio=5), Baihexifangzheng(hits=2/5, gap=1, poss=0/0, prio=5), Baihezhimutangzheng(hits=2/5, gap=1, poss=0/0, prio=5), Huashidaizhetangzheng(hits=2/5, gap=1, poss=0/0, prio=5), Gualoumulisanzheng(hits=2/6, gap=2, poss=0/0, prio=5), Chaihujiamangxiaotangzheng(hits=1/7, gap=3, poss=0/0, prio=3), Sinisanzheng(hits=2/7, gap=3, poss=0/0, prio=3)]
兼夹证：[]
加味药物：[]
配伍禁忌警告：[]
[通过] ZabingFangzhengTest                t_baihedihuangtang             「百合地黄汤证」         0.42s

===== 百合知母汤证 =====
八纲：{表里=[半表半里], 寒热=[热证], 虚实=[虚证], 阴阳=[阳证], bagangTypes=[半表半里, 热证, 虚证, 阳证, 阴证]}
六经：少阳厥阴合病
方证：百合知母汤证
推荐方剂：百合知母汤
药物组成：[百合, 知母]
六经列表：[厥阴病, 少阳病]
合病标记：少阳厥阴合病
候选方证：[百合知母汤证, 百合地黄汤证, 小柴胡汤证, 百合滑石散证, 百合鸡子汤证, 百合洗方证, 滑石代赭汤证, 温胆汤证, 栝楼牡蛎散证, 柴胡加芒硝汤证]
候选方证打分：[Baihezhimutangzheng(hits=3/5, gap=0, poss=0/0, prio=5), Baihedihuangtangzheng(hits=2/4, gap=0, poss=0/0, prio=5), Xiaochaihutangzheng(hits=4/3, gap=0, poss=1/1, prio=3), Baihehuashisanzheng(hits=2/5, gap=1, poss=0/0, prio=5), Baihejizitangzheng(hits=2/5, gap=1, poss=0/0, prio=5), Baihexifangzheng(hits=2/5, gap=1, poss=0/0, prio=5), Huashidaizhetangzheng(hits=2/5, gap=1, poss=0/0, prio=5), Wendantangzheng(hits=1/2, gap=1, poss=0/0, prio=3), Gualoumulisanzheng(hits=2/6, gap=2, poss=0/0, prio=5), Chaihujiamangxiaotangzheng(hits=1/7, gap=3, poss=0/0, prio=3)]
兼夹证：[]
加味药物：[]
配伍禁忌警告：[]
[通过] ZabingFangzhengTest                t_baihezhimutang               「百合知母汤证」         0.42s

===== 滑石代赭汤证 =====
八纲：{表里=[半表半里], 寒热=[热证], 虚实=[虚证], 阴阳=[阳证], bagangTypes=[半表半里, 热证, 虚证, 阳证, 阴证]}
六经：少阳厥阴合病
方证：滑石代赭汤证
推荐方剂：滑石代赭汤
药物组成：[百合, 代赭石, 滑石]
六经列表：[厥阴病, 少阳病]
合病标记：少阳厥阴合病
候选方证：[滑石代赭汤证, 百合地黄汤证, 小柴胡汤证, 百合滑石散证, 百合鸡子汤证, 百合洗方证, 百合知母汤证, 栝楼牡蛎散证, 茯苓甘草汤证, 柴胡桂枝干姜汤证]
候选方证打分：[Huashidaizhetangzheng(hits=3/5, gap=0, poss=0/0, prio=5), Baihedihuangtangzheng(hits=2/4, gap=0, poss=0/0, prio=5), Xiaochaihutangzheng(hits=3/3, gap=0, poss=1/1, prio=3), Baihehuashisanzheng(hits=2/5, gap=1, poss=0/0, prio=5), Baihejizitangzheng(hits=2/5, gap=1, poss=0/0, prio=5), Baihexifangzheng(hits=2/5, gap=1, poss=0/0, prio=5), Baihezhimutangzheng(hits=2/5, gap=1, poss=0/0, prio=5), Gualoumulisanzheng(hits=2/6, gap=2, poss=0/0, prio=5), Fulinggancaotangzheng(hits=1/5, gap=2, poss=0/1, prio=3), Chaihuguizhiganjiangtangzheng(hits=1/7, gap=3, poss=0/0, prio=3)]
兼夹证：[]
加味药物：[]
配伍禁忌警告：[]
[通过] ZabingFangzhengTest                t_huashidaizhetang             「滑石代赭汤证」         0.43s

===== 百合鸡子汤证 =====
八纲：{表里=[半表半里], 寒热=[热证], 虚实=[虚证], 阴阳=[阳证], bagangTypes=[半表半里, 热证, 虚证, 阳证, 阴证]}
六经：少阳厥阴合病
方证：百合鸡子汤证
推荐方剂：百合鸡子汤
药物组成：[百合, 鸡子黄]
六经列表：[厥阴病, 少阳病]
合病标记：少阳厥阴合病
候选方证：[百合鸡子汤证, 百合地黄汤证, 小柴胡汤证, 百合滑石散证, 百合洗方证, 百合知母汤证, 滑石代赭汤证, 栝楼牡蛎散证, 柴胡加芒硝汤证, 四逆散证]
候选方证打分：[Baihejizitangzheng(hits=3/5, gap=0, poss=0/0, prio=5), Baihedihuangtangzheng(hits=2/4, gap=0, poss=0/0, prio=5), Xiaochaihutangzheng(hits=3/3, gap=0, poss=1/1, prio=3), Baihehuashisanzheng(hits=2/5, gap=1, poss=0/0, prio=5), Baihexifangzheng(hits=2/5, gap=1, poss=0/0, prio=5), Baihezhimutangzheng(hits=2/5, gap=1, poss=0/0, prio=5), Huashidaizhetangzheng(hits=2/5, gap=1, poss=0/0, prio=5), Gualoumulisanzheng(hits=2/6, gap=2, poss=0/0, prio=5), Chaihujiamangxiaotangzheng(hits=1/7, gap=3, poss=0/0, prio=3), Sinisanzheng(hits=2/7, gap=3, poss=0/0, prio=3)]
兼夹证：[]
加味药物：[]
配伍禁忌警告：[]
[通过] ZabingFangzhengTest                t_baihejizitang                「百合鸡子汤证」         0.54s

===== 百合洗方证 =====
八纲：{表里=[半表半里], 寒热=[热证], 虚实=[虚证], 阴阳=[阳证], bagangTypes=[半表半里, 热证, 虚证, 阳证, 阴证]}
六经：少阳厥阴合病
方证：百合洗方证
推荐方剂：百合洗方
药物组成：[百合]
六经列表：[厥阴病, 少阳病]
合病标记：少阳厥阴合病
候选方证：[百合洗方证, 百合地黄汤证, 小柴胡汤证, 栝楼牡蛎散证, 百合滑石散证, 百合鸡子汤证, 百合知母汤证, 滑石代赭汤证, 柴胡去半夏加栝楼汤证, 柴胡桂枝干姜汤证]
候选方证打分：[Baihexifangzheng(hits=3/5, gap=0, poss=0/0, prio=5), Baihedihuangtangzheng(hits=2/4, gap=0, poss=0/0, prio=5), Xiaochaihutangzheng(hits=3/3, gap=0, poss=1/1, prio=3), Gualoumulisanzheng(hits=3/6, gap=1, poss=0/0, prio=5), Baihehuashisanzheng(hits=2/5, gap=1, poss=0/0, prio=5), Baihejizitangzheng(hits=2/5, gap=1, poss=0/0, prio=5), Baihezhimutangzheng(hits=2/5, gap=1, poss=0/0, prio=5), Huashidaizhetangzheng(hits=2/5, gap=1, poss=0/0, prio=5), Chaihuqubanxiajiagualoutangzheng(hits=1/4, gap=1, poss=0/0, prio=3), Chaihuguizhiganjiangtangzheng(hits=1/7, gap=3, poss=0/0, prio=3)]
兼夹证：[]
加味药物：[]
配伍禁忌警告：[]
[通过] ZabingFangzhengTest                t_baihexifang                  「百合洗方证」          0.49s

===== 百合滑石散证 =====
八纲：{表里=[半表半里], 寒热=[热证], 虚实=[虚证], 阴阳=[阳证], bagangTypes=[半表半里, 热证, 虚证, 阳证, 阴证]}
六经：少阳厥阴合病
方证：百合滑石散证
推荐方剂：百合滑石散
药物组成：[百合, 滑石]
六经列表：[厥阴病, 少阳病]
合病标记：少阳厥阴合病
候选方证：[百合滑石散证, 百合地黄汤证, 小柴胡汤证, 百合鸡子汤证, 百合洗方证, 百合知母汤证, 滑石代赭汤证, 栝楼牡蛎散证, 柴胡桂枝汤证, 柴胡加芒硝汤证]
候选方证打分：[Baihehuashisanzheng(hits=3/5, gap=0, poss=0/0, prio=5), Baihedihuangtangzheng(hits=2/4, gap=0, poss=0/0, prio=5), Xiaochaihutangzheng(hits=3/3, gap=0, poss=1/1, prio=3), Baihejizitangzheng(hits=2/5, gap=1, poss=0/0, prio=5), Baihexifangzheng(hits=2/5, gap=1, poss=0/0, prio=5), Baihezhimutangzheng(hits=2/5, gap=1, poss=0/0, prio=5), Huashidaizhetangzheng(hits=2/5, gap=1, poss=0/0, prio=5), Gualoumulisanzheng(hits=2/6, gap=2, poss=0/0, prio=5), Chaihuguizhitangzheng(hits=1/6, gap=2, poss=0/0, prio=3), Chaihujiamangxiaotangzheng(hits=1/7, gap=3, poss=0/0, prio=3)]
兼夹证：[]
加味药物：[]
配伍禁忌警告：[]
[通过] ZabingFangzhengTest                t_baihehuashisan               「百合滑石散证」         0.53s

===== 当归芍药散证 =====
八纲：{表里=[里证], 寒热=[], 虚实=[虚证], 阴阳=[阴证], bagangTypes=[里证, 虚证, 阴证]}
六经：太阴病
方证：当归芍药散证
推荐方剂：当归芍药散
药物组成：[白术, 川芎, 当归, 茯苓, 芍药, 泽泻]
六经列表：[太阴病]
合病标记：null
候选方证：[当归芍药散证, 小建中汤证, 白术散证, 当归散证, 桂枝加芍药汤证, 己椒苈黄丸证, 厚朴生姜半夏甘草人参汤证, 理中汤证, 生姜半夏汤证, 半夏麻黄丸证]
候选方证打分：[Dangguishaoyaosanzheng(hits=2/4, gap=0, poss=1/1, prio=3), Xiaojianzhongtangzheng(hits=1/3, gap=0, poss=0/0, prio=3), Baizhusanzheng(hits=1/4, gap=1, poss=0/0, prio=3), Dangguisanzheng(hits=1/4, gap=1, poss=0/0, prio=3), Guizhijiashaoyaotangzheng(hits=1/4, gap=1, poss=0/0, prio=3), Jijiaolihuangwanzheng(hits=1/4, gap=1, poss=0/0, prio=3), Houposhengjiangbanxiagancaorenshentangzheng(hits=1/4, gap=1, poss=0/1, prio=3), Lizhongtangzheng(hits=1/5, gap=2, poss=0/0, prio=3), Shengjiangbanxiatangzheng(hits=0/3, gap=1, poss=1/1, prio=3), Banxiamahuangwanzheng(hits=0/3, gap=1, poss=1/3, prio=5)]
兼夹证：[]
加味药物：[]
配伍禁忌警告：[]
[通过] ZabingFangzhengTest                t_dangguishaoyaosan            「当归芍药散证」         0.99s

===== 当归散证 =====
八纲：{表里=[里证], 寒热=[], 虚实=[虚证], 阴阳=[阴证], bagangTypes=[里证, 虚证, 阴证]}
六经：太阴病
方证：当归散证
推荐方剂：当归散
药物组成：[白术, 川芎, 当归, 黄芩, 芍药]
六经列表：[太阴病]
合病标记：null
候选方证：[当归散证, 白术散证, 桂枝加芍药汤证, 己椒苈黄丸证, 当归芍药散证, 厚朴生姜半夏甘草人参汤证, 橘皮竹茹汤证, 理中汤证, 胶艾汤证, 甘草干姜汤证]
候选方证打分：[Dangguisanzheng(hits=2/4, gap=0, poss=0/0, prio=3), Baizhusanzheng(hits=1/4, gap=1, poss=0/0, prio=3), Guizhijiashaoyaotangzheng(hits=1/4, gap=1, poss=0/0, prio=3), Jijiaolihuangwanzheng(hits=1/4, gap=1, poss=0/0, prio=3), Dangguishaoyaosanzheng(hits=1/4, gap=1, poss=0/1, prio=3), Houposhengjiangbanxiagancaorenshentangzheng(hits=1/4, gap=1, poss=0/1, prio=3), Jupizhurutangzheng(hits=1/5, gap=2, poss=0/0, prio=3), Lizhongtangzheng(hits=1/5, gap=2, poss=0/0, prio=3), Jiaoaitangzheng(hits=0/4, gap=2, poss=1/1, prio=3), Gancaoganjiangtangzheng(hits=0/6, gap=4, poss=1/1, prio=3)]
兼夹证：[]
加味药物：[]
配伍禁忌警告：[]
[通过] ZabingFangzhengTest                t_dangguisan                   「当归散证」           0.52s

===== 当归贝母苦参丸证 =====
八纲：{表里=[里证], 寒热=[], 虚实=[虚证], 阴阳=[阴证], bagangTypes=[里证, 虚证, 阴证]}
六经：太阴病
方证：当归贝母苦参丸证
推荐方剂：当归贝母苦参丸
药物组成：[贝母, 当归, 苦参]
六经列表：[太阴病]
合病标记：null
候选方证：[当归贝母苦参丸证, 桂枝加芍药汤证, 己椒苈黄丸证, 厚朴生姜半夏甘草人参汤证, 橘皮竹茹汤证, 理中汤证, 大黄甘遂汤证, 胶艾汤证, 甘草干姜汤证]
候选方证打分：[Dangguibeimukushenwanzheng(hits=2/4, gap=0, poss=0/1, prio=3), Guizhijiashaoyaotangzheng(hits=1/4, gap=1, poss=0/0, prio=3), Jijiaolihuangwanzheng(hits=1/4, gap=1, poss=0/0, prio=3), Houposhengjiangbanxiagancaorenshentangzheng(hits=1/4, gap=1, poss=0/1, prio=3), Jupizhurutangzheng(hits=1/5, gap=2, poss=0/0, prio=3), Lizhongtangzheng(hits=1/5, gap=2, poss=0/0, prio=3), Dahuanggansuitangzheng(hits=1/6, gap=3, poss=1/2, prio=2), Jiaoaitangzheng(hits=0/4, gap=2, poss=1/1, prio=3), Gancaoganjiangtangzheng(hits=0/6, gap=4, poss=1/1, prio=3)]
兼夹证：[]
加味药物：[]
配伍禁忌警告：[]
[通过] ZabingFangzhengTest                t_dangguibeimukushenwan        「当归贝母苦参丸证」       0.46s

===== 旋覆代赭汤证 =====
八纲：{表里=[里证], 寒热=[], 虚实=[虚证], 阴阳=[阴证], bagangTypes=[里证, 虚证, 阴证]}
六经：太阴病
方证：旋覆代赭汤证
推荐方剂：旋覆代赭汤
药物组成：[半夏, 代赭石, 大枣, 甘草, 人参, 生姜, 旋覆花]
六经列表：[太阴病]
合病标记：null
候选方证：[旋覆代赭汤证, 赤石脂禹余粮汤证, 桂枝加芍药汤证, 己椒苈黄丸证, 厚朴生姜半夏甘草人参汤证, 生姜泻心汤证, 理中汤证, 桂枝人参汤证, 生姜半夏汤证, 半夏麻黄丸证]
候选方证打分：[Xuanfudaizhetangzheng(hits=2/4, gap=0, poss=0/0, prio=3), Chishizhiyuyuliangtangzheng(hits=1/4, gap=1, poss=0/0, prio=2), Guizhijiashaoyaotangzheng(hits=1/4, gap=1, poss=0/0, prio=3), Jijiaolihuangwanzheng(hits=1/4, gap=1, poss=0/0, prio=3), Houposhengjiangbanxiagancaorenshentangzheng(hits=1/4, gap=1, poss=0/1, prio=3), Shengjiangxiexintangzheng(hits=1/5, gap=2, poss=0/0, prio=2), Lizhongtangzheng(hits=1/5, gap=2, poss=0/0, prio=3), Guizhirenshentangzheng(hits=1/6, gap=3, poss=0/0, prio=2), Shengjiangbanxiatangzheng(hits=0/3, gap=1, poss=1/1, prio=3), Banxiamahuangwanzheng(hits=0/3, gap=1, poss=1/3, prio=5)]
兼夹证：[]
加味药物：[]
配伍禁忌警告：[]
[通过] ZabingFangzhengTest                t_xuanfudaizhetang             「旋覆代赭汤证」         0.41s

===== 芍药甘草汤证 =====
八纲：{表里=[表证], 寒热=[], 虚实=[], 阴阳=[阳证], bagangTypes=[表证, 阳证]}
六经：太阳病
方证：芍药甘草汤证
推荐方剂：芍药甘草汤
药物组成：[甘草, 芍药]
六经列表：[太阳病]
合病标记：null
候选方证：[芍药甘草汤证, 芍药甘草附子汤证, 桂枝去芍药加附子汤证, 麻黄加术汤证, 杏子汤证, 厚朴麻黄汤证, 麻黄连翘赤小豆汤证, 桂枝二麻黄一汤证, 桂枝麻黄各半汤证, 小青龙加石膏汤证]
候选方证打分：[Shaoyaogancaotangzheng(hits=1/3, gap=0, poss=1/1, prio=3), Shaoyaogancaofuzitangzheng(hits=2/5, gap=1, poss=0/1, prio=3), Guizhiqushaoyaojiafuzitangzheng(hits=1/4, gap=1, poss=0/0, prio=2), Mahuangjiazhutangzheng(hits=1/4, gap=1, poss=0/0, prio=3), Xingzitangzheng(hits=1/4, gap=1, poss=0/0, prio=3), Houpomahuangtangzheng(hits=1/4, gap=1, poss=0/4, prio=3), Mahuanglianqiaochixiaodoutangzheng(hits=1/7, gap=3, poss=0/0, prio=3), Guizhiermahuangyitangzheng(hits=1/6, gap=3, poss=0/0, prio=3), Guizhimahuanggebantangzheng(hits=1/6, gap=3, poss=0/0, prio=3), Xiaoqinglongjiashigaotangzheng(hits=1/6, gap=3, poss=0/0, prio=3)]
兼夹证：[]
加味药物：[]
配伍禁忌警告：[]
[通过] ZabingFangzhengTest                t_shaoyaogancaotang            「芍药甘草汤证」         0.50s

===== 芍药甘草附子汤证 =====
八纲：{表里=[表证], 寒热=[], 虚实=[虚证], 阴阳=[阳证], bagangTypes=[表证, 虚证, 阳证, 阴证]}
六经：太少两感
方证：芍药甘草附子汤证
推荐方剂：芍药甘草附子汤加减
药物组成：[附子, 甘草, 芍药]
六经列表：[少阴病, 太阳病]
合病标记：太少两感
候选方证：[芍药甘草附子汤证, 芍药甘草汤证, 通脉四逆加猪胆汁汤证, 桂枝去芍药加附子汤证, 麻黄附子甘草汤证, 麻黄加术汤证, 杏子汤证, 厚朴麻黄汤证, 白通汤证, 防己黄芪汤证]
候选方证打分：[Shaoyaogancaofuzitangzheng(hits=3/5, gap=0, poss=1/1, prio=3), Shaoyaogancaotangzheng(hits=1/3, gap=0, poss=0/1, prio=3), Tongmaisinijiazhudanzhitangzheng(hits=1/4, gap=1, poss=0/0, prio=1), Guizhiqushaoyaojiafuzitangzheng(hits=1/4, gap=1, poss=0/0, prio=2), Mahuangfuzigancaotangzheng(hits=1/4, gap=1, poss=0/0, prio=3), Mahuangjiazhutangzheng(hits=1/4, gap=1, poss=0/0, prio=3), Xingzitangzheng(hits=1/4, gap=1, poss=0/0, prio=3), Houpomahuangtangzheng(hits=1/4, gap=1, poss=0/4, prio=3), Baitongtangzheng(hits=1/5, gap=2, poss=0/0, prio=1), Fangjihuangqitangzheng(hits=1/5, gap=2, poss=0/0, prio=3)]
兼夹证：[]
加味药物：[]
配伍禁忌警告：[]
[通过] ZabingFangzhengTest                t_shaoyaogancaofuzitang        「芍药甘草附子汤证」       0.44s

===== 柏叶汤证 =====
八纲：{表里=[里证], 寒热=[], 虚实=[虚证], 阴阳=[阴证], bagangTypes=[里证, 虚证, 阴证]}
六经：太阴病
方证：柏叶汤证
推荐方剂：柏叶汤
药物组成：[艾叶, 柏叶, 干姜, 马通汁]
六经列表：[太阴病]
合病标记：null
候选方证：[柏叶汤证, 桂枝加芍药汤证, 己椒苈黄丸证, 厚朴生姜半夏甘草人参汤证, 橘皮竹茹汤证, 理中汤证, 胶艾汤证, 甘草干姜汤证, 大黄甘遂汤证]
候选方证打分：[Baiyetangzheng(hits=1/3, gap=0, poss=0/2, prio=3), Guizhijiashaoyaotangzheng(hits=1/4, gap=1, poss=0/0, prio=3), Jijiaolihuangwanzheng(hits=1/4, gap=1, poss=0/0, prio=3), Houposhengjiangbanxiagancaorenshentangzheng(hits=1/4, gap=1, poss=0/1, prio=3), Jupizhurutangzheng(hits=1/5, gap=2, poss=0/0, prio=3), Lizhongtangzheng(hits=1/5, gap=2, poss=0/0, prio=3), Jiaoaitangzheng(hits=0/4, gap=2, poss=1/1, prio=3), Gancaoganjiangtangzheng(hits=0/6, gap=4, poss=1/1, prio=3), Dahuanggansuitangzheng(hits=0/6, gap=4, poss=1/2, prio=2)]
兼夹证：[]
加味药物：[]
配伍禁忌警告：[]
[通过] ZabingFangzhengTest                t_baiyetang                    「柏叶汤证」           0.42s

===== 黄土汤证 =====
八纲：{表里=[里证], 寒热=[], 虚实=[虚证], 阴阳=[阴证], bagangTypes=[里证, 虚证, 阴证]}
六经：太阴病
方证：黄土汤证
推荐方剂：黄土汤
药物组成：[白术, 干地黄, 阿胶, 附子, 甘草, 黄芩, 灶心黄土]
六经列表：[太阴病]
合病标记：null
候选方证：[黄土汤证, 桂枝加芍药汤证, 己椒苈黄丸证, 赤小豆当归散证, 厚朴生姜半夏甘草人参汤证, 理中汤证, 柏叶汤证, 大黄甘遂汤证]
候选方证打分：[Huangtutangzheng(hits=2/4, gap=0, poss=0/3, prio=3), Guizhijiashaoyaotangzheng(hits=1/4, gap=1, poss=0/0, prio=3), Jijiaolihuangwanzheng(hits=1/4, gap=1, poss=0/0, prio=3), Chixiaodoudangguisanzheng(hits=1/4, gap=1, poss=0/1, prio=3), Houposhengjiangbanxiagancaorenshentangzheng(hits=1/4, gap=1, poss=0/1, prio=3), Lizhongtangzheng(hits=1/5, gap=2, poss=0/0, prio=3), Baiyetangzheng(hits=0/3, gap=1, poss=1/2, prio=3), Dahuanggansuitangzheng(hits=0/6, gap=4, poss=1/2, prio=2)]
兼夹证：[]
加味药物：[]
配伍禁忌警告：[]
[通过] ZabingFangzhengTest                t_huangtutang                  「黄土汤证」           0.39s

===== 赤小豆当归散证 =====
八纲：{表里=[里证], 寒热=[], 虚实=[虚证], 阴阳=[阴证], bagangTypes=[里证, 虚证, 阴证]}
六经：太阴病
方证：赤小豆当归散证
推荐方剂：赤小豆当归散
药物组成：[赤小豆, 当归]
六经列表：[太阴病]
合病标记：null
候选方证：[赤小豆当归散证, 桂枝加芍药汤证, 己椒苈黄丸证, 厚朴生姜半夏甘草人参汤证, 黄土汤证, 理中汤证, 大黄甘遂汤证]
候选方证打分：[Chixiaodoudangguisanzheng(hits=2/4, gap=0, poss=0/1, prio=3), Guizhijiashaoyaotangzheng(hits=1/4, gap=1, poss=0/0, prio=3), Jijiaolihuangwanzheng(hits=1/4, gap=1, poss=0/0, prio=3), Houposhengjiangbanxiagancaorenshentangzheng(hits=1/4, gap=1, poss=0/1, prio=3), Huangtutangzheng(hits=1/4, gap=1, poss=0/3, prio=3), Lizhongtangzheng(hits=1/5, gap=2, poss=0/0, prio=3), Dahuanggansuitangzheng(hits=0/6, gap=4, poss=1/2, prio=2)]
兼夹证：[]
加味药物：[]
配伍禁忌警告：[]
[通过] ZabingFangzhengTest                t_chixiaodoudangguisan         「赤小豆当归散证」        0.51s

===== 酸枣仁汤证 =====
八纲：{表里=[表证], 寒热=[], 虚实=[虚证], 阴阳=[阴证], bagangTypes=[表证, 虚证, 阴证]}
六经：少阴病
方证：酸枣仁汤证
推荐方剂：酸枣仁汤
药物组成：[川芎, 茯苓, 甘草, 酸枣仁, 知母]
六经列表：[少阴病]
合病标记：null
候选方证：[酸枣仁汤证, 干姜附子汤证, 四逆汤证, 麻黄附子甘草汤证, 桃花汤证]
候选方证打分：[Suanzaorentangzheng(hits=2/4, gap=0, poss=0/2, prio=3), Ganjiangfuzitangzheng(hits=1/4, gap=1, poss=0/0, prio=1), Sinitangzheng(hits=1/4, gap=1, poss=0/0, prio=1), Mahuangfuzigancaotangzheng(hits=1/4, gap=1, poss=0/0, prio=3), Taohuatangzheng(hits=0/5, gap=3, poss=1/1, prio=1)]
兼夹证：[]
加味药物：[]
配伍禁忌警告：[]
[通过] ZabingFangzhengTest                t_suanzaorentang               「酸枣仁汤证」          0.39s

===== 肾气丸证 =====
八纲：{表里=[表证], 寒热=[], 虚实=[虚证], 阴阳=[阴证], bagangTypes=[表证, 虚证, 阴证]}
六经：少阴病
方证：肾气丸证
推荐方剂：肾气丸
药物组成：[干地黄, 茯苓, 附子, 桂枝, 牡丹皮, 山药, 山茱萸, 泽泻]
六经列表：[少阴病]
合病标记：null
候选方证：[肾气丸证, 四逆汤证, 麻黄附子甘草汤证, 桃花汤证, 天雄散证, 猪苓汤证, 麻黄附子汤证]
候选方证打分：[Shenqiwanzheng(hits=3/5, gap=0, poss=0/0, prio=3), Sinitangzheng(hits=1/4, gap=1, poss=0/0, prio=1), Mahuangfuzigancaotangzheng(hits=1/4, gap=1, poss=0/0, prio=3), Taohuatangzheng(hits=1/5, gap=2, poss=1/1, prio=1), Tianxiongsanzheng(hits=1/5, gap=2, poss=0/0, prio=3), Zhulingtangzheng(hits=1/5, gap=2, poss=0/0, prio=2), Mahuangfuzitangzheng(hits=1/6, gap=3, poss=0/0, prio=3)]
兼夹证：[]
加味药物：[]
配伍禁忌警告：[]
[通过] ZabingFangzhengTest                t_shenqiwan                    「肾气丸证」           0.40s

===== 炙甘草汤证 =====
八纲：{表里=[里证], 寒热=[], 虚实=[虚证], 阴阳=[阴证], bagangTypes=[里证, 虚证, 阴证]}
六经：太阴病
方证：炙甘草汤证
推荐方剂：炙汤
药物组成：[大枣, 干地黄, 阿胶, 甘草, 桂枝, 麦门冬, 麻子仁, 人参, 生姜]
六经列表：[太阴病]
合病标记：null
候选方证：[炙甘草汤证, 小建中汤证, 桂枝加芍药汤证, 己椒苈黄丸证, 厚朴生姜半夏甘草人参汤证, 理中汤证, 大黄甘遂汤证]
候选方证打分：[Zhigancaotangzheng(hits=2/4, gap=0, poss=0/0, prio=2), Xiaojianzhongtangzheng(hits=1/3, gap=0, poss=0/0, prio=3), Guizhijiashaoyaotangzheng(hits=1/4, gap=1, poss=0/0, prio=3), Jijiaolihuangwanzheng(hits=1/4, gap=1, poss=0/0, prio=3), Houposhengjiangbanxiagancaorenshentangzheng(hits=1/4, gap=1, poss=0/1, prio=3), Lizhongtangzheng(hits=1/5, gap=2, poss=0/0, prio=3), Dahuanggansuitangzheng(hits=0/6, gap=4, poss=1/2, prio=2)]
兼夹证：[]
加味药物：[]
配伍禁忌警告：[]
[通过] ZabingFangzhengTest                t_zhigancaotang                「炙甘草汤证」          0.43s

===== 甘麦大枣汤证 =====
八纲：{表里=[里证], 寒热=[], 虚实=[虚证], 阴阳=[阴证], bagangTypes=[里证, 虚证, 阴证]}
六经：太阴病
方证：甘麦大枣汤证
推荐方剂：甘麦大枣汤
药物组成：[大枣, 甘草, 小麦]
六经列表：[太阴病]
合病标记：null
候选方证：[甘麦大枣汤证, 桂枝加芍药汤证, 己椒苈黄丸证, 厚朴生姜半夏甘草人参汤证, 橘皮竹茹汤证, 理中汤证, 胶艾汤证, 甘草干姜汤证, 大黄甘遂汤证]
候选方证打分：[Ganmaidazaotangzheng(hits=4/6, gap=0, poss=0/0, prio=3), Guizhijiashaoyaotangzheng(hits=1/4, gap=1, poss=0/0, prio=3), Jijiaolihuangwanzheng(hits=1/4, gap=1, poss=0/0, prio=3), Houposhengjiangbanxiagancaorenshentangzheng(hits=1/4, gap=1, poss=0/1, prio=3), Jupizhurutangzheng(hits=1/5, gap=2, poss=0/0, prio=3), Lizhongtangzheng(hits=1/5, gap=2, poss=0/0, prio=3), Jiaoaitangzheng(hits=0/4, gap=2, poss=1/1, prio=3), Gancaoganjiangtangzheng(hits=0/6, gap=4, poss=1/1, prio=3), Dahuanggansuitangzheng(hits=0/6, gap=4, poss=1/2, prio=2)]
兼夹证：[]
加味药物：[]
配伍禁忌警告：[]
[通过] ZabingFangzhengTest                t_ganmaidazaotang              「甘麦大枣汤证」         0.39s

===== 温经汤证 =====
八纲：{表里=[半表半里, 里证], 寒热=[], 虚实=[虚证], 阴阳=[阴证], bagangTypes=[半表半里, 里证, 虚证, 阴证]}
六经：太阴厥阴合病
方证：温经汤证
推荐方剂：温经汤
药物组成：[半夏, 川芎, 当归, 阿胶, 甘草, 桂枝, 麦门冬, 牡丹皮, 人参, 芍药, 生姜, 吴茱萸]
六经列表：[厥阴病, 太阴病]
合病标记：太阴厥阴合病
候选方证：[温经汤证, 当归四逆汤证, 桂枝加芍药汤证, 己椒苈黄丸证, 厚朴生姜半夏甘草人参汤证, 当归四逆加吴茱萸生姜汤证, 桂苓五味甘草汤证, 橘皮竹茹汤证, 理中汤证, 茯苓甘草汤证]
候选方证打分：[Wenjingtangzheng(hits=3/5, gap=0, poss=2/2, prio=3), Dangguisinitangzheng(hits=1/4, gap=1, poss=0/0, prio=3), Guizhijiashaoyaotangzheng(hits=1/4, gap=1, poss=0/0, prio=3), Jijiaolihuangwanzheng(hits=1/4, gap=1, poss=0/0, prio=3), Houposhengjiangbanxiagancaorenshentangzheng(hits=1/4, gap=1, poss=0/1, prio=3), Dangguisinijiawuzhuyushengjiangtangzheng(hits=1/5, gap=2, poss=0/0, prio=3), Guilingwuweigancaotangzheng(hits=1/5, gap=2, poss=0/0, prio=3), Jupizhurutangzheng(hits=1/5, gap=2, poss=0/0, prio=3), Lizhongtangzheng(hits=1/5, gap=2, poss=0/0, prio=3), Fulinggancaotangzheng(hits=1/5, gap=2, poss=0/1, prio=3)]
兼夹证：[]
加味药物：[]
配伍禁忌警告：[]
[通过] ZabingFangzhengTest                t_wenjingtang                  「温经汤证」           0.38s

===== 土瓜根散证 =====
八纲：{表里=[里证], 寒热=[], 虚实=[虚证], 阴阳=[阴证], bagangTypes=[里证, 虚证, 阴证]}
六经：太阴病
方证：土瓜根散证
推荐方剂：土瓜根散
药物组成：[桂枝, 芍药, 土瓜根, ?虫]
六经列表：[太阴病]
合病标记：null
候选方证：[土瓜根散证, 矾石丸证, 桂枝加芍药汤证, 己椒苈黄丸证, 厚朴生姜半夏甘草人参汤证, 甘遂半夏汤证, 理中汤证, 大建中汤证, 大黄甘遂汤证]
候选方证打分：[Tuguagensanzheng(hits=3/5, gap=0, poss=1/1, prio=5), Fanshiwanzheng(hits=1/4, gap=1, poss=1/1, prio=5), Guizhijiashaoyaotangzheng(hits=1/4, gap=1, poss=0/0, prio=3), Jijiaolihuangwanzheng(hits=1/4, gap=1, poss=0/0, prio=3), Houposhengjiangbanxiagancaorenshentangzheng(hits=1/4, gap=1, poss=0/1, prio=3), Gansuibanxiatangzheng(hits=1/5, gap=2, poss=0/0, prio=2), Lizhongtangzheng(hits=1/5, gap=2, poss=0/0, prio=3), Dajianzhongtangzheng(hits=0/6, gap=4, poss=1/1, prio=1), Dahuanggansuitangzheng(hits=0/6, gap=4, poss=1/2, prio=2)]
兼夹证：[]
加味药物：[]
配伍禁忌警告：[]
[通过] ZabingFangzhengTest                t_tuguagensan                  「土瓜根散证」          0.41s

===== 矾石丸证 =====
八纲：{表里=[里证], 寒热=[], 虚实=[虚证], 阴阳=[阴证], bagangTypes=[里证, 虚证, 阴证]}
六经：太阴病
方证：矾石丸证
推荐方剂：矾石丸
药物组成：[矾石, 杏仁]
六经列表：[太阴病]
合病标记：null
候选方证：[矾石丸证, 桂枝加芍药汤证, 己椒苈黄丸证, 厚朴生姜半夏甘草人参汤证, 理中汤证, 土瓜根散证, 大黄甘遂汤证]
候选方证打分：[Fanshiwanzheng(hits=2/4, gap=0, poss=0/1, prio=5), Guizhijiashaoyaotangzheng(hits=1/4, gap=1, poss=0/0, prio=3), Jijiaolihuangwanzheng(hits=1/4, gap=1, poss=0/0, prio=3), Houposhengjiangbanxiagancaorenshentangzheng(hits=1/4, gap=1, poss=0/1, prio=3), Lizhongtangzheng(hits=1/5, gap=2, poss=0/0, prio=3), Tuguagensanzheng(hits=1/5, gap=2, poss=0/1, prio=5), Dahuanggansuitangzheng(hits=0/6, gap=4, poss=1/2, prio=2)]
兼夹证：[]
加味药物：[]
配伍禁忌警告：[]
[通过] ZabingFangzhengTest                t_fanshiwan                    「矾石丸证」           0.38s

===== 红蓝花酒证 =====
八纲：{表里=[里证], 寒热=[], 虚实=[虚证], 阴阳=[阴证], bagangTypes=[里证, 虚证, 阴证]}
六经：太阴病
方证：红蓝花酒证
推荐方剂：红蓝花酒
药物组成：[红蓝花, 清酒]
六经列表：[太阴病]
合病标记：null
候选方证：[红蓝花酒证, 排脓散证, 内补当归建中汤证, 桂枝加大黄汤证, 桂枝加芍药汤证, 己椒苈黄丸证, 厚朴生姜半夏甘草人参汤证, 理中汤证, 附子粳米汤证, 四逆散证]
候选方证打分：[Honglanhuajiuzheng(hits=2/4, gap=0, poss=0/0, prio=5), Painongsanzheng(hits=1/3, gap=0, poss=0/0, prio=3), Neibudangguijianzhongtangzheng(hits=2/5, gap=1, poss=0/3, prio=3), Guizhijiadahuangtangzheng(hits=1/4, gap=1, poss=0/0, prio=3), Guizhijiashaoyaotangzheng(hits=1/4, gap=1, poss=0/0, prio=3), Jijiaolihuangwanzheng(hits=1/4, gap=1, poss=0/0, prio=3), Houposhengjiangbanxiagancaorenshentangzheng(hits=1/4, gap=1, poss=0/1, prio=3), Lizhongtangzheng(hits=1/5, gap=2, poss=0/0, prio=3), Fuzijingmitangzheng(hits=1/6, gap=3, poss=0/0, prio=3), Sinisanzheng(hits=1/7, gap=4, poss=0/0, prio=3)]
兼夹证：[]
加味药物：[]
配伍禁忌警告：[]
[通过] ZabingFangzhengTest                t_honglanhuajiu                「红蓝花酒证」          0.43s

===== 胶艾汤证 =====
八纲：{表里=[里证], 寒热=[], 虚实=[虚证], 阴阳=[阴证], bagangTypes=[里证, 虚证, 阴证]}
六经：太阴病
方证：胶艾汤证
推荐方剂：胶艾汤
药物组成：[艾叶, 川芎, 当归, 干地黄, 阿胶, 甘草, 芍药]
六经列表：[太阴病]
合病标记：null
候选方证：[胶艾汤证, 桂枝加芍药汤证, 己椒苈黄丸证, 厚朴生姜半夏甘草人参汤证, 橘皮竹茹汤证, 理中汤证, 甘草干姜汤证, 大黄甘遂汤证]
候选方证打分：[Jiaoaitangzheng(hits=2/4, gap=0, poss=1/1, prio=3), Guizhijiashaoyaotangzheng(hits=1/4, gap=1, poss=0/0, prio=3), Jijiaolihuangwanzheng(hits=1/4, gap=1, poss=0/0, prio=3), Houposhengjiangbanxiagancaorenshentangzheng(hits=1/4, gap=1, poss=0/1, prio=3), Jupizhurutangzheng(hits=1/5, gap=2, poss=0/0, prio=3), Lizhongtangzheng(hits=1/5, gap=2, poss=0/0, prio=3), Gancaoganjiangtangzheng(hits=0/6, gap=4, poss=1/1, prio=3), Dahuanggansuitangzheng(hits=0/6, gap=4, poss=1/2, prio=2)]
兼夹证：[]
加味药物：[]
配伍禁忌警告：[]
[通过] ZabingFangzhengTest                t_jiaoaitang                   「胶艾汤证」           0.46s

===== 当归芍药散证 =====
八纲：{表里=[里证], 寒热=[], 虚实=[虚证], 阴阳=[阴证], bagangTypes=[里证, 虚证, 阴证]}
六经：太阴病
方证：当归芍药散证
推荐方剂：当归芍药散
药物组成：[白术, 川芎, 当归, 茯苓, 芍药, 泽泻]
六经列表：[太阴病]
合病标记：null
候选方证：[当归芍药散证, 小建中汤证, 白术散证, 当归散证, 桂枝加芍药汤证, 己椒苈黄丸证, 厚朴生姜半夏甘草人参汤证, 理中汤证, 生姜半夏汤证, 半夏麻黄丸证]
候选方证打分：[Dangguishaoyaosanzheng(hits=2/4, gap=0, poss=1/1, prio=3), Xiaojianzhongtangzheng(hits=1/3, gap=0, poss=0/0, prio=3), Baizhusanzheng(hits=1/4, gap=1, poss=0/0, prio=3), Dangguisanzheng(hits=1/4, gap=1, poss=0/0, prio=3), Guizhijiashaoyaotangzheng(hits=1/4, gap=1, poss=0/0, prio=3), Jijiaolihuangwanzheng(hits=1/4, gap=1, poss=0/0, prio=3), Houposhengjiangbanxiagancaorenshentangzheng(hits=1/4, gap=1, poss=0/1, prio=3), Lizhongtangzheng(hits=1/5, gap=2, poss=0/0, prio=3), Shengjiangbanxiatangzheng(hits=0/3, gap=1, poss=1/1, prio=3), Banxiamahuangwanzheng(hits=0/3, gap=1, poss=1/3, prio=5)]
兼夹证：[]
加味药物：[]
配伍禁忌警告：[]
[通过] ZabingFangzhengTest                t_dangguishaoyaosan_retest     「当归芍药散证（复测）」     0.64s

===== 白术散证 =====
八纲：{表里=[里证], 寒热=[], 虚实=[虚证], 阴阳=[阴证], bagangTypes=[里证, 虚证, 阴证]}
六经：太阴病
方证：白术散证
推荐方剂：白术散
药物组成：[白术, 川芎, 牡蛎, 蜀椒]
六经列表：[太阴病]
合病标记：null
候选方证：[白术散证, 当归散证, 桂枝加芍药汤证, 己椒苈黄丸证, 当归芍药散证, 厚朴生姜半夏甘草人参汤证, 橘皮竹茹汤证, 理中汤证, 胶艾汤证, 甘草干姜汤证]
候选方证打分：[Baizhusanzheng(hits=2/4, gap=0, poss=0/0, prio=3), Dangguisanzheng(hits=1/4, gap=1, poss=0/0, prio=3), Guizhijiashaoyaotangzheng(hits=1/4, gap=1, poss=0/0, prio=3), Jijiaolihuangwanzheng(hits=1/4, gap=1, poss=0/0, prio=3), Dangguishaoyaosanzheng(hits=1/4, gap=1, poss=0/1, prio=3), Houposhengjiangbanxiagancaorenshentangzheng(hits=1/4, gap=1, poss=0/1, prio=3), Jupizhurutangzheng(hits=1/5, gap=2, poss=0/0, prio=3), Lizhongtangzheng(hits=1/5, gap=2, poss=0/0, prio=3), Jiaoaitangzheng(hits=0/4, gap=2, poss=1/1, prio=3), Gancaoganjiangtangzheng(hits=0/6, gap=4, poss=1/1, prio=3)]
兼夹证：[]
加味药物：[]
配伍禁忌警告：[]
[通过] ZabingFangzhengTest                t_baizhusan                    「白术散证」           0.46s

===== 竹皮大丸证 =====
八纲：{表里=[里证], 寒热=[], 虚实=[虚证], 阴阳=[阴证], bagangTypes=[里证, 虚证, 阴证]}
六经：太阴病
方证：竹皮大丸证
推荐方剂：竹皮大丸
药物组成：[白薇, 甘草, 桂枝, 石膏, 竹茹]
六经列表：[太阴病]
合病标记：null
候选方证：[竹皮大丸证, 桂枝加芍药汤证, 己椒苈黄丸证, 厚朴生姜半夏甘草人参汤证, 橘皮竹茹汤证, 理中汤证, 胶艾汤证, 甘草干姜汤证, 大黄甘遂汤证]
候选方证打分：[Zhupidawanzheng(hits=2/4, gap=0, poss=0/0, prio=3), Guizhijiashaoyaotangzheng(hits=1/4, gap=1, poss=0/0, prio=3), Jijiaolihuangwanzheng(hits=1/4, gap=1, poss=0/0, prio=3), Houposhengjiangbanxiagancaorenshentangzheng(hits=1/4, gap=1, poss=0/1, prio=3), Jupizhurutangzheng(hits=1/5, gap=2, poss=0/0, prio=3), Lizhongtangzheng(hits=1/5, gap=2, poss=0/0, prio=3), Jiaoaitangzheng(hits=0/4, gap=2, poss=1/1, prio=3), Gancaoganjiangtangzheng(hits=0/6, gap=4, poss=1/1, prio=3), Dahuanggansuitangzheng(hits=0/6, gap=4, poss=1/2, prio=2)]
兼夹证：[]
加味药物：[]
配伍禁忌警告：[]
[通过] ZabingFangzhengTest                t_zhupidawan                   「竹皮大丸证」          0.45s

===== 三物黄芩汤证 =====
八纲：{表里=[里证], 寒热=[], 虚实=[], 阴阳=[阳证], bagangTypes=[里证, 阳证]}
六经：阳明病
方证：三物黄芩汤证
推荐方剂：三物黄芩汤
药物组成：[干地黄, 黄芩, 苦参]
六经列表：[阳明病]
合病标记：null
候选方证：[三物黄芩汤证, 吴茱萸汤证, 猪苓汤证, 白虎汤证, 五苓散证, 柴胡白虎汤证, 泻心汤证, 麻杏石甘汤证]
候选方证打分：[Sanwuhuangqintangzheng(hits=2/4, gap=0, poss=0/0, prio=3), Wuzhuyutangzheng(hits=1/3, gap=1, poss=0/0, prio=3), Zhulingtangzheng(hits=1/5, gap=2, poss=0/0, prio=2), Baihutangzheng(hits=1/6, gap=3, poss=0/0, prio=2), Wulingsanzheng(hits=1/8, gap=4, poss=0/0, prio=3), Chaihubaihutangzheng(hits=1/12, gap=7, poss=0/0, prio=2), Xiexintangzheng(hits=0/5, gap=3, poss=1/1, prio=1), Maxingshigantangzheng(hits=0/5, gap=3, poss=1/2, prio=3)]
兼夹证：[]
加味药物：[]
配伍禁忌警告：[]
[通过] ZabingFangzhengTest                t_sanwuhuangqintang            「三物黄芩汤证」         0.46s

===== 王不留行散证 =====
八纲：{表里=[表证, 里证], 寒热=[], 虚实=[虚证], 阴阳=[阴证], bagangTypes=[表证, 里证, 虚证, 阴证]}
六经：太阴少阴合病
方证：王不留行散证
推荐方剂：王不留行散
药物组成：[甘草, 干姜, 厚朴, 黄芩, 桑东南根白皮, 芍药, 蜀椒, 蒴藋细叶, 王不留行]
六经列表：[少阴病, 太阴病]
合病标记：太阴少阴合病
候选方证：[王不留行散证, 厚朴生姜半夏甘草人参汤证, 桂枝加芍药汤证, 己椒苈黄丸证, 理中汤证, 大黄蛰虫丸证, 半夏散及汤证, 苦酒汤证, 桔梗汤证, 大黄甘遂汤证]
候选方证打分：[Wangbuliuxingsanzheng(hits=1/3, gap=0, poss=0/0, prio=3), Houposhengjiangbanxiagancaorenshentangzheng(hits=1/4, gap=1, poss=1/1, prio=3), Guizhijiashaoyaotangzheng(hits=1/4, gap=1, poss=0/0, prio=3), Jijiaolihuangwanzheng(hits=1/4, gap=1, poss=0/0, prio=3), Lizhongtangzheng(hits=1/5, gap=2, poss=0/0, prio=3), Dahuangzhechongwanzheng(hits=1/7, gap=4, poss=0/2, prio=2), Banxiasanjitangzheng(hits=0/3, gap=1, poss=1/1, prio=5), Kujiutangzheng(hits=0/4, gap=2, poss=1/1, prio=5), Jiegengtangzheng(hits=0/5, gap=3, poss=1/1, prio=5), Dahuanggansuitangzheng(hits=0/6, gap=4, poss=1/2, prio=2)]
兼夹证：[]
加味药物：[]
配伍禁忌警告：[]
[通过] ZabingFangzhengTest                t_wangbuliuxingsan             「王不留行散证」         0.45s

===== 排脓散证 =====
八纲：{表里=[表证, 里证], 寒热=[], 虚实=[虚证], 阴阳=[阴证], bagangTypes=[表证, 里证, 虚证, 阴证]}
六经：太阴少阴合病
方证：排脓散证
推荐方剂：排脓散
药物组成：[桔梗, 芍药, 枳实]
六经列表：[少阴病, 太阴病]
合病标记：太阴少阴合病
候选方证：[排脓散证, 王不留行散证, 厚朴生姜半夏甘草人参汤证, 桂枝加大黄汤证, 桂枝加芍药汤证, 己椒苈黄丸证, 红蓝花酒证, 理中汤证, 真武汤证, 桃花汤证]
候选方证打分：[Painongsanzheng(hits=1/3, gap=0, poss=0/0, prio=3), Wangbuliuxingsanzheng(hits=1/3, gap=0, poss=0/0, prio=3), Houposhengjiangbanxiagancaorenshentangzheng(hits=1/4, gap=1, poss=1/1, prio=3), Guizhijiadahuangtangzheng(hits=1/4, gap=1, poss=0/0, prio=3), Guizhijiashaoyaotangzheng(hits=1/4, gap=1, poss=0/0, prio=3), Jijiaolihuangwanzheng(hits=1/4, gap=1, poss=0/0, prio=3), Honglanhuajiuzheng(hits=1/4, gap=1, poss=0/0, prio=5), Lizhongtangzheng(hits=1/5, gap=2, poss=0/0, prio=3), Zhenwutangzheng(hits=1/5, gap=2, poss=0/0, prio=3), Taohuatangzheng(hits=1/5, gap=2, poss=0/1, prio=1)]
兼夹证：[]
加味药物：[]
配伍禁忌警告：[]
[通过] ZabingFangzhengTest                t_painongsan                   「排脓散证」           0.45s

===== 排脓汤证 =====
八纲：{表里=[表证, 里证], 寒热=[], 虚实=[虚证], 阴阳=[阴证], bagangTypes=[表证, 里证, 虚证, 阴证]}
六经：太阴少阴合病
方证：排脓汤证
推荐方剂：排脓汤
药物组成：[大枣, 甘草, 桔梗, 生姜]
六经列表：[少阴病, 太阴病]
合病标记：太阴少阴合病
候选方证：[排脓汤证, 王不留行散证, 甘草汤证, 厚朴生姜半夏甘草人参汤证, 桂枝加芍药汤证, 己椒苈黄丸证, 桔梗汤证, 理中汤证, 猪肤汤证, 大黄蛰虫丸证]
候选方证打分：[Painongtangzheng(hits=1/3, gap=0, poss=0/0, prio=3), Wangbuliuxingsanzheng(hits=1/3, gap=0, poss=0/0, prio=3), Gancaotangzheng(hits=1/3, gap=0, poss=0/0, prio=5), Houposhengjiangbanxiagancaorenshentangzheng(hits=1/4, gap=1, poss=1/1, prio=3), Guizhijiashaoyaotangzheng(hits=1/4, gap=1, poss=0/0, prio=3), Jijiaolihuangwanzheng(hits=1/4, gap=1, poss=0/0, prio=3), Jiegengtangzheng(hits=1/5, gap=2, poss=1/1, prio=5), Lizhongtangzheng(hits=1/5, gap=2, poss=0/0, prio=3), Zhufutangzheng(hits=1/5, gap=2, poss=0/1, prio=5), Dahuangzhechongwanzheng(hits=1/7, gap=4, poss=0/2, prio=2)]
兼夹证：[]
加味药物：[]
配伍禁忌警告：[]
[通过] ZabingFangzhengTest                t_painongtang                  「排脓汤证」           0.45s

===== 黄连粉证 =====
八纲：{表里=[里证], 寒热=[], 虚实=[], 阴阳=[阳证], bagangTypes=[里证, 阳证]}
六经：阳明病
方证：黄连粉证
推荐方剂：黄连粉
药物组成：[黄连]
六经列表：[阳明病]
合病标记：null
候选方证：[黄连粉证, 猪苓汤证, 白虎汤证, 五苓散证, 柴胡白虎汤证, 泻心汤证, 麻杏石甘汤证]
候选方证打分：[Huanglianfenzheng(hits=1/3, gap=0, poss=0/0, prio=3), Zhulingtangzheng(hits=1/5, gap=2, poss=0/0, prio=2), Baihutangzheng(hits=1/6, gap=3, poss=0/0, prio=2), Wulingsanzheng(hits=1/8, gap=4, poss=0/0, prio=3), Chaihubaihutangzheng(hits=1/12, gap=7, poss=0/0, prio=2), Xiexintangzheng(hits=0/5, gap=3, poss=1/1, prio=1), Maxingshigantangzheng(hits=0/5, gap=3, poss=1/2, prio=3)]
兼夹证：[]
加味药物：[]
配伍禁忌警告：[]
[通过] ZabingFangzhengTest                t_huanglianfen                 「黄连粉证」           0.45s

===== 鸡屎白散证 =====
八纲：{表里=[里证], 寒热=[], 虚实=[虚证], 阴阳=[阴证], bagangTypes=[里证, 虚证, 阳证, 阴证]}
六经：阳明太阴合病
方证：鸡屎白散证
推荐方剂：鸡屎白散
药物组成：[鸡屎白]
六经列表：[太阴病, 阳明病]
合病标记：阳明太阴合病
候选方证：[鸡屎白散证, 茯苓泽泻汤证, 栝楼瞿麦丸证, 猪苓汤证, 柴胡桂枝干姜汤证, 白虎汤证, 文蛤汤证, 五苓散证, 柴胡白虎汤证, 泻心汤证]
候选方证打分：[Jishibaisanzheng(hits=3/5, gap=0, poss=0/0, prio=3), Fulingzexietangzheng(hits=1/4, gap=1, poss=0/0, prio=3), Gualouqumaiwanzheng(hits=1/5, gap=2, poss=0/0, prio=3), Zhulingtangzheng(hits=1/5, gap=2, poss=0/0, prio=2), Chaihuguizhiganjiangtangzheng(hits=1/7, gap=3, poss=0/0, prio=3), Baihutangzheng(hits=1/6, gap=3, poss=0/0, prio=2), Wengetangzheng(hits=1/6, gap=3, poss=0/0, prio=3), Wulingsanzheng(hits=1/8, gap=4, poss=0/0, prio=3), Chaihubaihutangzheng(hits=1/12, gap=7, poss=0/0, prio=2), Xiexintangzheng(hits=0/5, gap=3, poss=1/1, prio=1)]
兼夹证：[]
加味药物：[]
配伍禁忌警告：[]
[通过] ZabingFangzhengTest                t_jishibaisan                  「鸡屎白散证」          0.39s

===== 甘草粉蜜汤证 =====
八纲：{表里=[里证], 寒热=[], 虚实=[], 阴阳=[阳证], bagangTypes=[里证, 阳证]}
六经：阳明病
方证：甘草粉蜜汤证
推荐方剂：甘草粉蜜汤
药物组成：[甘草, 蜜, 铅粉]
六经列表：[阳明病]
合病标记：null
候选方证：[甘草粉蜜汤证, 猪苓汤证, 白虎汤证, 五苓散证, 柴胡白虎汤证, 泻心汤证, 麻杏石甘汤证]
候选方证打分：[Gancaofenmitangzheng(hits=3/5, gap=0, poss=0/0, prio=3), Zhulingtangzheng(hits=1/5, gap=2, poss=0/0, prio=2), Baihutangzheng(hits=1/6, gap=3, poss=0/0, prio=2), Wulingsanzheng(hits=1/8, gap=4, poss=0/0, prio=3), Chaihubaihutangzheng(hits=1/12, gap=7, poss=0/0, prio=2), Xiexintangzheng(hits=0/5, gap=3, poss=1/1, prio=1), Maxingshigantangzheng(hits=0/5, gap=3, poss=1/2, prio=3)]
兼夹证：[]
加味药物：[]
配伍禁忌警告：[]
[通过] ZabingFangzhengTest                t_gancaofenmitang              「甘草粉蜜汤证」         0.46s

===== 人参汤证（胸痹） =====
八纲：{表里=[里证], 寒热=[], 虚实=[虚证], 阴阳=[阴证], bagangTypes=[里证, 虚证, 阴证]}
六经：太阴病
方证：人参汤证
推荐方剂：理中汤
药物组成：[白术, 甘草, 干姜, 人参]
六经列表：[太阴病]
合病标记：null
候选方证：[人参汤证, 枳实薤白桂枝汤证, 桂枝加芍药汤证, 己椒苈黄丸证, 苓甘五味姜辛汤证, 厚朴生姜半夏甘草人参汤证, 橘枳姜汤证, 苓甘五味姜辛夏汤证, 理中汤证, 栝楼薤白白酒汤证]
候选方证打分：[Renshentangzheng(hits=4/6, gap=0, poss=0/0, prio=3), Zhishixiebaiguizhitangzheng(hits=3/6, gap=1, poss=0/1, prio=3), Guizhijiashaoyaotangzheng(hits=1/4, gap=1, poss=0/0, prio=3), Jijiaolihuangwanzheng(hits=1/4, gap=1, poss=0/0, prio=3), Lingganwuweijiangxintangzheng(hits=1/4, gap=1, poss=0/0, prio=3), Houposhengjiangbanxiagancaorenshentangzheng(hits=1/4, gap=1, poss=0/1, prio=3), Juzhijiangtangzheng(hits=1/5, gap=2, poss=0/0, prio=3), Lingganwuweijiangxinxiatangzheng(hits=1/5, gap=2, poss=0/0, prio=3), Lizhongtangzheng(hits=1/5, gap=2, poss=0/0, prio=3), Gualouxiebaibaijiutangzheng(hits=1/5, gap=2, poss=0/1, prio=3)]
兼夹证：[]
加味药物：[]
配伍禁忌警告：[]
[通过] ZabingFangzhengTest                t_renshentang                  「人参汤证（胸痹）」       0.50s

===== 侯氏黑散证 =====
八纲：{表里=[半表半里, 表证], 寒热=[], 虚实=[虚证], 阴阳=[阴证], bagangTypes=[半表半里, 表证, 虚证, 阴证]}
六经：少阴厥阴合病
方证：侯氏黑散证
推荐方剂：侯氏黑散
药物组成：[白术, 川芎, 当归, 防风, 矾石, 茯苓, 干姜, 桂枝, 黄芩, 桔梗, 菊花, 牡蛎, 人参, 细辛]
六经列表：[厥阴病, 少阴病]
合病标记：少阴厥阴合病
候选方证：[侯氏黑散证, 四逆汤证, 当归四逆汤证, 通脉四逆汤证, 当归四逆加吴茱萸生姜汤证, 茯苓甘草汤证, 大乌头煎证, 乌梅丸证, 附子汤证, 半夏散及汤证]
候选方证打分：[Houshiheisanzheng(hits=3/5, gap=0, poss=0/0, prio=3), Sinitangzheng(hits=1/4, gap=1, poss=0/0, prio=1), Dangguisinitangzheng(hits=1/4, gap=1, poss=0/0, prio=3), Tongmaisinitangzheng(hits=2/6, gap=2, poss=0/1, prio=1), Dangguisinijiawuzhuyushengjiangtangzheng(hits=1/5, gap=2, poss=0/0, prio=3), Fulinggancaotangzheng(hits=1/5, gap=2, poss=0/1, prio=3), Dawutoujianzheng(hits=1/6, gap=3, poss=0/0, prio=1), Wumeiwanzheng(hits=1/6, gap=3, poss=0/0, prio=2), Fuzitangzheng(hits=1/6, gap=3, poss=0/0, prio=3), Banxiasanjitangzheng(hits=0/3, gap=1, poss=1/1, prio=5)]
兼夹证：[]
加味药物：[]
配伍禁忌警告：[]
[通过] ZabingFangzhengTest                t_houshiheisan                 「侯氏黑散证」          0.51s

===== 风引汤证 =====
八纲：{表里=[半表半里], 寒热=[], 虚实=[虚证], 阴阳=[阴证], bagangTypes=[半表半里, 虚证, 阴证]}
六经：厥阴病
方证：风引汤证
推荐方剂：风引汤
药物组成：[白石脂, 赤石脂, 大黄, 甘草, 干姜, 桂枝, 寒水石, 滑石, 龙骨, 牡蛎, 石膏, 紫石英]
六经列表：[厥阴病]
合病标记：null
候选方证：[风引汤证, 当归四逆汤证, 当归四逆加吴茱萸生姜汤证, 茯苓甘草汤证, 乌梅丸证]
候选方证打分：[Fengyintangzheng(hits=1/3, gap=0, poss=0/0, prio=3), Dangguisinitangzheng(hits=1/4, gap=1, poss=0/0, prio=3), Dangguisinijiawuzhuyushengjiangtangzheng(hits=1/5, gap=2, poss=0/0, prio=3), Fulinggancaotangzheng(hits=1/5, gap=2, poss=0/1, prio=3), Wumeiwanzheng(hits=1/6, gap=3, poss=0/0, prio=2)]
兼夹证：[]
加味药物：[]
配伍禁忌警告：[]
[通过] ZabingFangzhengTest                t_fengyintang                  「风引汤证」           0.45s

===== 防己地黄汤证 =====
八纲：{表里=[半表半里, 表证], 寒热=[], 虚实=[虚证], 阴阳=[阴证], bagangTypes=[半表半里, 表证, 虚证, 阴证]}
六经：少阴厥阴合病
方证：防己地黄汤证
推荐方剂：防己地黄汤
药物组成：[防风, 甘草, 桂枝, 木防己, 生地黄汁]
六经列表：[厥阴病, 少阴病]
合病标记：少阴厥阴合病
候选方证：[防己地黄汤证, 四逆汤证, 当归四逆汤证, 通脉四逆汤证, 当归四逆加吴茱萸生姜汤证, 茯苓甘草汤证, 大乌头煎证, 乌梅丸证, 附子汤证, 半夏散及汤证]
候选方证打分：[Fangjidihuangtangzheng(hits=4/6, gap=0, poss=0/0, prio=3), Sinitangzheng(hits=1/4, gap=1, poss=0/0, prio=1), Dangguisinitangzheng(hits=1/4, gap=1, poss=0/0, prio=3), Tongmaisinitangzheng(hits=2/6, gap=2, poss=0/1, prio=1), Dangguisinijiawuzhuyushengjiangtangzheng(hits=1/5, gap=2, poss=0/0, prio=3), Fulinggancaotangzheng(hits=1/5, gap=2, poss=0/1, prio=3), Dawutoujianzheng(hits=1/6, gap=3, poss=0/0, prio=1), Wumeiwanzheng(hits=1/6, gap=3, poss=0/0, prio=2), Fuzitangzheng(hits=1/6, gap=3, poss=0/0, prio=3), Banxiasanjitangzheng(hits=0/3, gap=1, poss=1/1, prio=5)]
兼夹证：[]
加味药物：[]
配伍禁忌警告：[]
[通过] ZabingFangzhengTest                t_fangjidihuangtang            「防己地黄汤证」         0.49s

===== 头风摩散证 =====
八纲：{表里=[表证], 寒热=[], 虚实=[], 阴阳=[阳证], bagangTypes=[表证, 阳证]}
六经：太阳病
方证：头风摩散证
推荐方剂：Toufengmosan
药物组成：[]
六经列表：[太阳病]
合病标记：null
候选方证：[头风摩散证, 桂枝去芍药加附子汤证, 麻黄加术汤证, 杏子汤证, 厚朴麻黄汤证, 防己黄芪汤证, 栝楼桂枝汤证, 桂枝加葛根汤证, 桂枝加厚朴杏子汤证, 芍药甘草附子汤证]
候选方证打分：[Toufengmosanzheng(hits=2/4, gap=0, poss=0/0, prio=3), Guizhiqushaoyaojiafuzitangzheng(hits=1/4, gap=1, poss=0/0, prio=2), Mahuangjiazhutangzheng(hits=1/4, gap=1, poss=0/0, prio=3), Xingzitangzheng(hits=1/4, gap=1, poss=0/0, prio=3), Houpomahuangtangzheng(hits=1/4, gap=1, poss=0/4, prio=3), Fangjihuangqitangzheng(hits=1/5, gap=2, poss=0/0, prio=3), Gualouguizhitangzheng(hits=1/5, gap=2, poss=0/0, prio=3), Guizhijiagegentangzheng(hits=1/5, gap=2, poss=0/0, prio=3), Guizhijiahoupoxingzitangzheng(hits=1/5, gap=2, poss=0/0, prio=3), Shaoyaogancaofuzitangzheng(hits=1/5, gap=2, poss=0/1, prio=3)]
兼夹证：[]
加味药物：[]
配伍禁忌警告：[]
[通过] ZabingFangzhengTest                t_toufengmosan                 「头风摩散证」          0.81s

===== 矾石汤证 =====
八纲：{表里=[里证], 寒热=[], 虚实=[], 阴阳=[阳证], bagangTypes=[里证, 阳证]}
六经：阳明病
方证：矾石汤证
推荐方剂：矾石汤
药物组成：[矾石]
六经列表：[阳明病]
合病标记：null
候选方证：[矾石汤证, 猪苓汤证, 白虎汤证, 五苓散证, 柴胡白虎汤证, 泻心汤证, 麻杏石甘汤证]
候选方证打分：[Fanshitangzheng(hits=1/3, gap=0, poss=0/0, prio=3), Zhulingtangzheng(hits=1/5, gap=2, poss=0/0, prio=2), Baihutangzheng(hits=1/6, gap=3, poss=0/0, prio=2), Wulingsanzheng(hits=1/8, gap=4, poss=0/0, prio=3), Chaihubaihutangzheng(hits=1/12, gap=7, poss=0/0, prio=2), Xiexintangzheng(hits=0/5, gap=3, poss=1/1, prio=1), Maxingshigantangzheng(hits=0/5, gap=3, poss=1/2, prio=3)]
兼夹证：[]
加味药物：[]
配伍禁忌警告：[]
[通过] ZabingFangzhengTest                t_fanshitang                   「矾石汤证」           0.69s

===== 三黄汤证 =====
八纲：{表里=[半表半里], 寒热=[], 虚实=[虚证], 阴阳=[阴证], bagangTypes=[半表半里, 虚证, 阴证]}
六经：厥阴病
方证：三黄汤证
推荐方剂：三黄汤
药物组成：[独活, 黄芪, 黄芩, 麻黄, 细辛]
六经列表：[厥阴病]
合病标记：null
候选方证：[三黄汤证, 当归四逆汤证, 当归四逆加吴茱萸生姜汤证, 茯苓甘草汤证, 乌梅丸证]
候选方证打分：[Sanhuangtangzheng(hits=2/4, gap=0, poss=0/0, prio=3), Dangguisinitangzheng(hits=1/4, gap=1, poss=0/0, prio=3), Dangguisinijiawuzhuyushengjiangtangzheng(hits=1/5, gap=2, poss=0/0, prio=3), Fulinggancaotangzheng(hits=1/5, gap=2, poss=0/1, prio=3), Wumeiwanzheng(hits=1/6, gap=3, poss=0/0, prio=2)]
兼夹证：[]
加味药物：[]
配伍禁忌警告：[]
[通过] ZabingFangzhengTest                t_sanhuangtang                 「三黄汤证」           0.46s

===== 桂枝茯苓丸证 =====
八纲：{表里=[表证], 寒热=[], 虚实=[], 阴阳=[阳证], bagangTypes=[表证, 阳证]}
六经：太阳病
方证：桂枝茯苓丸证
推荐方剂：桂枝茯苓丸
药物组成：[茯苓, 桂枝, 牡丹皮, 芍药, 桃仁]
六经列表：[太阳病]
合病标记：null
候选方证：[桂枝茯苓丸证, 桂枝去芍药加附子汤证, 麻黄加术汤证, 杏子汤证, 厚朴麻黄汤证, 芍药甘草附子汤证, 麻黄连翘赤小豆汤证, 桂枝二麻黄一汤证, 桂枝麻黄各半汤证, 小青龙加石膏汤证]
候选方证打分：[Guizhifulingwanzheng(hits=2/4, gap=0, poss=0/0, prio=3), Guizhiqushaoyaojiafuzitangzheng(hits=1/4, gap=1, poss=0/0, prio=2), Mahuangjiazhutangzheng(hits=1/4, gap=1, poss=0/0, prio=3), Xingzitangzheng(hits=1/4, gap=1, poss=0/0, prio=3), Houpomahuangtangzheng(hits=1/4, gap=1, poss=0/4, prio=3), Shaoyaogancaofuzitangzheng(hits=1/5, gap=2, poss=0/1, prio=3), Mahuanglianqiaochixiaodoutangzheng(hits=1/7, gap=3, poss=0/0, prio=3), Guizhiermahuangyitangzheng(hits=1/6, gap=3, poss=0/0, prio=3), Guizhimahuanggebantangzheng(hits=1/6, gap=3, poss=0/0, prio=3), Xiaoqinglongjiashigaotangzheng(hits=1/6, gap=3, poss=0/0, prio=3)]
兼夹证：[]
加味药物：[]
配伍禁忌警告：[]
[通过] ZabingFangzhengTest                t_guizhifulingwan              「桂枝茯苓丸证」         0.48s

===== 厚朴生姜半夏甘草人参汤证 =====
八纲：{表里=[表证, 里证], 寒热=[], 虚实=[虚证], 阴阳=[阴证], bagangTypes=[表证, 里证, 虚证, 阴证]}
六经：太阴少阴合病
方证：厚朴生姜半夏甘草人参汤证
推荐方剂：厚朴生姜半夏人参汤
药物组成：[半夏, 甘草, 厚朴, 人参, 生姜]
六经列表：[少阴病, 太阴病]
合病标记：太阴少阴合病
候选方证：[厚朴生姜半夏甘草人参汤证, 桂枝加芍药汤证, 己椒苈黄丸证, 理中汤证, 大黄蛰虫丸证, 半夏散及汤证, 苦酒汤证, 桔梗汤证, 大黄甘遂汤证]
候选方证打分：[Houposhengjiangbanxiagancaorenshentangzheng(hits=2/4, gap=0, poss=1/1, prio=3), Guizhijiashaoyaotangzheng(hits=1/4, gap=1, poss=0/0, prio=3), Jijiaolihuangwanzheng(hits=1/4, gap=1, poss=0/0, prio=3), Lizhongtangzheng(hits=1/5, gap=2, poss=0/0, prio=3), Dahuangzhechongwanzheng(hits=1/7, gap=4, poss=0/2, prio=2), Banxiasanjitangzheng(hits=0/3, gap=1, poss=1/1, prio=5), Kujiutangzheng(hits=0/4, gap=2, poss=1/1, prio=5), Jiegengtangzheng(hits=0/5, gap=3, poss=1/1, prio=5), Dahuanggansuitangzheng(hits=0/6, gap=4, poss=1/2, prio=2)]
兼夹证：[]
加味药物：[]
配伍禁忌警告：[]
[通过] ZabingFangzhengTest                t_houpoushengjiangbanxiagancaorenshentang 「厚朴生姜半夏甘草人参汤证」     0.56s

════════════════════════════════ 汇总 ════════════════════════════════
测试类                                        用例     通过     失败     跳过         用时
──────────────────────────────────────────────────────────────────────────
DuliFangzhengTest                          49     49      0      0      22.6s
ShaoyangYangmingFangzhengTest              46     46      0      0      20.1s
ShaoyinTaiyinFangzhengTest                 54     54      0      0      22.7s
TaiyangFangzhengTest                       40     40      0      0      19.3s
ZabingFangzhengTest                        62     62      0      0      29.1s
──────────────────────────────────────────────────────────────────────────
合计                                        251    251      0      0     113.7s
总墙钟用时：116.5s
>> 文本报告：D:\work\Ontology\TraditionalChineseMedicineOntologyBasedonReasonerMiniBOxTBoxABox\OntologyMachine\OntologyFramework\target\fangzheng-suite-report.txt
>> JSON 报告：D:\work\Ontology\TraditionalChineseMedicineOntologyBasedonReasonerMiniBOxTBoxABox\OntologyMachine\OntologyFramework\target\fangzheng-suite-report.json

√ 全部通过。
SUITE_EXIT=0
