-------------------------------------------

    ####    #   #   #####    ####    #####
   #    #   ##  #     #     #    #   #    #
   #    #   # # #     #     #    #   #####
   #    #   #  ##     #     #    #   #
    ####    #   #     #      ####    #

   v5.5.0
   (Java 26.0.1, Windows 11 10.0)
-------------------------------------------




11:57:36.343 |-INFO  in i.u.i.o.e.OntopEndpointApplication - Starting OntopEndpointApplication v5.5.0 using Java 26.0.1 on Ocean-win-Desktop with PID 8428 (D:\work\Ontology\ontop-cli-5.5.0\lib\ontop-endpoint-5.5.0.jar started by ocean in D:\work\Ontology\ontop-cli-5.5.0)
11:57:36.346 |-INFO  in i.u.i.o.e.OntopEndpointApplication - No active profile set, falling back to 1 default profile: "default"
WARNING: A restricted method in java.lang.System has been called
WARNING: java.lang.System::load has been called by org.apache.tomcat.jni.Library in an unnamed module (file:/D:/work/Ontology/ontop-cli-5.5.0/lib/tomcat-embed-core-9.0.111.jar)
WARNING: Use --enable-native-access=ALL-UNNAMED to avoid a warning for callers in this module
WARNING: Restricted methods will be blocked in a future release unless native access is enabled

11:57:37.310 |-INFO  in o.s.b.w.e.tomcat.TomcatWebServer - Tomcat initialized with port(s): 8080 (http)
11:57:37.318 |-INFO  in o.a.coyote.http11.Http11NioProtocol - Initializing ProtocolHandler ["http-nio-8080"]
11:57:37.319 |-INFO  in o.a.catalina.core.StandardService - Starting service [Tomcat]
11:57:37.320 |-INFO  in o.a.catalina.core.StandardEngine - Starting Servlet engine: [Apache Tomcat/9.0.111]
11:57:37.455 |-INFO  in o.a.c.c.C.[Tomcat].[localhost].[/] - Initializing Spring embedded WebApplicationContext
11:57:37.455 |-INFO  in o.s.b.w.s.c.ServletWebServerApplicationContext - Root WebApplicationContext: initialization completed in 1074 ms
WARNING: A terminally deprecated method in sun.misc.Unsafe has been called
WARNING: sun.misc.Unsafe::objectFieldOffset has been called by com.google.common.util.concurrent.AbstractFuture$UnsafeAtomicHelper (file:/D:/work/Ontology/ontop-cli-5.5.0/lib/guava-32.0.1-jre.jar)
WARNING: Please consider reporting this to the maintainers of class com.google.common.util.concurrent.AbstractFuture$UnsafeAtomicHelper
WARNING: sun.misc.Unsafe::objectFieldOffset will be removed in a future release
11:57:39.610 |-WARN  in o.s.o.u.OWLAnnotationPropertyTransformer - Annotation property range axiom turned to data property range after parsing. This could introduce errors if the original range was an anonymous expression: http://www.w3.org/2001/XMLSchema#float is the new domain.
11:57:39.612 |-WARN  in o.s.o.u.OWLAnnotationPropertyTransformer - Annotation property range axiom turned to object property range after parsing. This could introduce errors if the original range was an anonymous expression: http://www.tcm-classics.org/tcm#SymptomSign is the new domain.
11:57:39.612 |-WARN  in o.s.o.u.OWLAnnotationPropertyTransformer - Annotation property range axiom turned to data property range after parsing. This could introduce errors if the original range was an anonymous expression: http://www.w3.org/2001/XMLSchema#string is the new domain.
11:57:39.612 |-WARN  in o.s.o.u.OWLAnnotationPropertyTransformer - Annotation property range axiom turned to object property range after parsing. This could introduce errors if the original range was an anonymous expression: http://www.tcm-classics.org/tcm#SymptomSign is the new domain.
11:57:39.612 |-WARN  in o.s.o.u.OWLAnnotationPropertyTransformer - Annotation property range axiom turned to data property range after parsing. This could introduce errors if the original range was an anonymous expression: http://www.w3.org/1999/02/22-rdf-syntax-ns#PlainLiteral is the new domain.
11:57:39.612 |-WARN  in o.s.o.u.OWLAnnotationPropertyTransformer - Annotation property range axiom turned to object property range after parsing. This could introduce errors if the original range was an anonymous expression: http://www.tcm-classics.org/liujing#SixChannelSyndrome is the new domain.
11:57:39.612 |-WARN  in o.s.o.u.OWLAnnotationPropertyTransformer - Annotation property range axiom turned to object property range after parsing. This could introduce errors if the original range was an anonymous expression: http://www.tcm-classics.org/bagang#EightPrincipleElement is the new domain.
11:57:39.612 |-WARN  in o.s.o.u.OWLAnnotationPropertyTransformer - Annotation property range axiom turned to object property range after parsing. This could introduce errors if the original range was an anonymous expression: http://www.tcm-classics.org/bagang#EightPrincipleElement is the new domain.
11:57:39.612 |-WARN  in o.s.o.u.OWLAnnotationPropertyTransformer - Annotation property range axiom turned to object property range after parsing. This could introduce errors if the original range was an anonymous expression: http://www.tcm-classics.org/maixiang#PulseManifestation is the new domain.
11:57:39.741 |-WARN  in i.u.i.o.s.o.o.OWLAPITranslatorOWL2QL - Axiom does not belong to OWL 2 QL: SubClassOf(<http://www.tcm-classics.org/bagang#Shi> ObjectHasValue(<http://www.tcm-classics.org/bagang#summarizesAs> <http://www.tcm-classics.org/bagang#Yang>)) (unsupported operation in ObjectHasValue(<http://www.tcm-classics.org/bagang#summarizesAs> <http://www.tcm-classics.org/bagang#Yang>))
11:57:39.742 |-WARN  in i.u.i.o.s.o.o.OWLAPITranslatorOWL2QL - Axiom does not belong to OWL 2 QL: SubClassOf(<http://www.tcm-classics.org/bagang#Han> ObjectHasValue(<http://www.tcm-classics.org/bagang#summarizesAs> <http://www.tcm-classics.org/bagang#Yin>)) (unsupported operation in ObjectHasValue(<http://www.tcm-classics.org/bagang#summarizesAs> <http://www.tcm-classics.org/bagang#Yin>))
11:57:39.742 |-WARN  in i.u.i.o.s.o.o.OWLAPITranslatorOWL2QL - Axiom does not belong to OWL 2 QL: SubClassOf(<http://www.tcm-classics.org/bagang#Xu> ObjectHasValue(<http://www.tcm-classics.org/bagang#summarizesAs> <http://www.tcm-classics.org/bagang#Yin>)) (unsupported operation in ObjectHasValue(<http://www.tcm-classics.org/bagang#summarizesAs> <http://www.tcm-classics.org/bagang#Yin>))
11:57:39.742 |-WARN  in i.u.i.o.s.o.o.OWLAPITranslatorOWL2QL - Axiom does not belong to OWL 2 QL: SubClassOf(<http://www.tcm-classics.org/bagang#Re> ObjectHasValue(<http://www.tcm-classics.org/bagang#summarizesAs> <http://www.tcm-classics.org/bagang#Yang>)) (unsupported operation in ObjectHasValue(<http://www.tcm-classics.org/bagang#summarizesAs> <http://www.tcm-classics.org/bagang#Yang>))
11:57:39.745 |-WARN  in i.u.i.o.s.o.o.OWLAPITranslatorOWL2QL - Axiom does not belong to OWL 2 QL: DataPropertyDomain(<http://www.tcm-classics.org/bagang#diagnosticCriteria> ObjectUnionOf(<http://www.tcm-classics.org/bagang#DiseaseLocation> <http://www.tcm-classics.org/bagang#EightPrincipleElement>)) (unsupported operation in ObjectUnionOf(<http://www.tcm-classics.org/bagang#DiseaseLocation> <http://www.tcm-classics.org/bagang#EightPrincipleElement>))
11:57:39.776 |-WARN  in i.u.i.o.s.o.o.OWLAPITranslatorOWL2QL - Axiom does not belong to OWL 2 QL: DLSafeRule(Body(ClassAtom(<http://www.tcm-classics.org/tcm#ClinicalCase> Variable(<http://www.tcm-classics.org/swrl/rules#patient>)) ObjectPropertyAtom(<http://www.tcm-classics.org/tcm#has_primary_pattern> Variable(<http://www.tcm-classics.org/swrl/rules#patient>) Variable(<http://www.tcm-classics.org/swrl/rules#primaryPattern>)) ObjectPropertyAtom(<http://www.tcm-classics.org/liujing#belongs_to_six_channel> Variable(<http://www.tcm-classics.org/swrl/rules#primaryPattern>) Variable(<http://www.tcm-classics.org/swrl/rules#sixChannel>)) ObjectPropertyAtom(<http://www.tcm-classics.org/tcm#has_residual_symptom> Variable(<http://www.tcm-classics.org/swrl/rules#patient>) Variable(<http://www.tcm-classics.org/swrl/rules#residualSymptom>)) ClassAtom(<http://www.tcm-classics.org/jianjia#ResidualSymptomRule> Variable(<http://www.tcm-classics.org/swrl/rules#rule>)) ObjectPropertyAtom(<http://www.tcm-classics.org/jianjia#original_pattern> Variable(<http://www.tcm-classics.org/swrl/rules#rule>) Variable(<http://www.tcm-classics.org/swrl/rules#primaryPattern>)) ObjectPropertyAtom(<http://www.tcm-classics.org/jianjia#residual_symptom> Variable(<http://www.tcm-classics.org/swrl/rules#rule>) Variable(<http://www.tcm-classics.org/swrl/rules#residualSymptom>)) ObjectPropertyAtom(<http://www.tcm-classics.org/jianjia#target_pattern_for_residual> Variable(<http://www.tcm-classics.org/swrl/rules#rule>) Variable(<http://www.tcm-classics.org/swrl/rules#targetPattern>))) Head(ObjectPropertyAtom(<http://www.tcm-classics.org/tcm#suggested_new_pattern> Variable(<http://www.tcm-classics.org/swrl/rules#patient>) Variable(<http://www.tcm-classics.org/swrl/rules#targetPattern>))))
11:57:39.777 |-WARN  in i.u.i.o.s.o.o.OWLAPITranslatorOWL2QL - Axiom does not belong to OWL 2 QL: DLSafeRule(Body(ClassAtom(<http://www.tcm-classics.org/tcm#ClinicalCase> Variable(<http://www.tcm-classics.org/swrl/rules#patient>)) ObjectPropertyAtom(<http://www.tcm-classics.org/tcm#has_symptom> Variable(<http://www.tcm-classics.org/swrl/rules#patient>) Variable(<http://www.tcm-classics.org/swrl/rules#symptom>)) DataPropertyAtom(<http://www.tcm-classics.org/tcm#has_diagnostic_weight> Variable(<http://www.tcm-classics.org/swrl/rules#symptom>) Variable(<http://www.tcm-classics.org/swrl/rules#weight>)) BuiltInAtom(<http://www.w3.org/2003/11/swrlb#greaterThanOrEqual> Variable(<http://www.tcm-classics.org/swrl/rules#weight>) "0.8"^^xsd:float) ObjectPropertyAtom(<http://www.tcm-classics.org/tcm#part_of_pattern> Variable(<http://www.tcm-classics.org/swrl/rules#symptom>) Variable(<http://www.tcm-classics.org/swrl/rules#primaryPattern>))) Head(ObjectPropertyAtom(<http://www.tcm-classics.org/tcm#has_primary_pattern> Variable(<http://www.tcm-classics.org/swrl/rules#patient>) Variable(<http://www.tcm-classics.org/swrl/rules#primaryPattern>))))
11:57:39.779 |-WARN  in i.u.i.o.s.o.o.OWLAPITranslatorOWL2QL - Axiom does not belong to OWL 2 QL: DLSafeRule(Body(ClassAtom(<http://www.tcm-classics.org/tcm#ClinicalCase> Variable(<http://www.tcm-classics.org/swrl/rules#patient>)) ObjectPropertyAtom(<http://www.tcm-classics.org/tcm#has_symptom> Variable(<http://www.tcm-classics.org/swrl/rules#patient>) Variable(<http://www.tcm-classics.org/swrl/rules#symptom>)) DataPropertyAtom(<http://www.tcm-classics.org/tcm#has_diagnostic_weight> Variable(<http://www.tcm-classics.org/swrl/rules#symptom>) Variable(<http://www.tcm-classics.org/swrl/rules#weight>)) BuiltInAtom(<http://www.w3.org/2003/11/swrlb#lessThan> Variable(<http://www.tcm-classics.org/swrl/rules#weight>) "0.4"^^xsd:float) ObjectPropertyAtom(<http://www.tcm-classics.org/tcm#is_secondary_to> Variable(<http://www.tcm-classics.org/swrl/rules#symptom>) Variable(<http://www.tcm-classics.org/swrl/rules#mainSymptom>)) ObjectPropertyAtom(<http://www.tcm-classics.org/tcm#has_primary_pattern> Variable(<http://www.tcm-classics.org/swrl/rules#patient>) Variable(<http://www.tcm-classics.org/swrl/rules#primaryPattern>)) ObjectPropertyAtom(<http://www.tcm-classics.org/tcm#part_of_pattern> Variable(<http://www.tcm-classics.org/swrl/rules#mainSymptom>) Variable(<http://www.tcm-classics.org/swrl/rules#primaryPattern>))) Head(ObjectPropertyAtom(<http://www.tcm-classics.org/tcm#ignore_for_pattern_selection> Variable(<http://www.tcm-classics.org/swrl/rules#symptom>) Variable(<http://www.tcm-classics.org/swrl/rules#mainSymptom>))))
11:57:39.780 |-WARN  in i.u.i.o.s.o.o.OWLAPITranslatorOWL2QL - Axiom does not belong to OWL 2 QL: DataPropertyRange(<http://www.tcm-classics.org/tcm#has_diagnostic_weight> xsd:float) (unsupported datatype: XSD_FLOAT)
11:57:41.125 |-INFO  in i.u.i.o.a.impl.OntopQueryEngineImpl - Ontop has completed the setup and it is ready for query answering!
11:57:41.125 |-INFO  in i.u.i.o.r.r.i.OntopVirtualRepository - Ontop virtual repository initialized successfully!
11:57:41.708 |-INFO  in o.s.b.a.e.web.EndpointLinksResolver - Exposing 1 endpoint(s) beneath base path '/actuator'
11:57:41.760 |-INFO  in o.a.coyote.http11.Http11NioProtocol - Starting ProtocolHandler ["http-nio-8080"]
11:57:41.788 |-INFO  in o.s.b.w.e.tomcat.TomcatWebServer - Tomcat started on port(s): 8080 (http) with context path ''
11:57:41.812 |-INFO  in i.u.i.o.e.OntopEndpointApplication - Started OntopEndpointApplication in 5.705 seconds (JVM running for 6.145)
00:31:24.250 |-INFO  in o.a.c.c.C.[Tomcat].[localhost].[/] - Initializing Spring DispatcherServlet 'dispatcherServlet'
00:31:24.251 |-INFO  in o.s.web.servlet.DispatcherServlet - Initializing Servlet 'dispatcherServlet'
00:31:24.257 |-INFO  in o.s.web.servlet.DispatcherServlet - Completed initialization in 6 ms
-------------------------------------------

    ####    #   #   #####    ####    #####
   #    #   ##  #     #     #    #   #    #
   #    #   # # #     #     #    #   #####
   #    #   #  ##     #     #    #   #
    ####    #   #     #      ####    #

   v5.5.0
   (Java 26.0.1, Windows 11 10.0)
-------------------------------------------




00:47:09.937 |-INFO  in i.u.i.o.e.OntopEndpointApplication - Starting OntopEndpointApplication v5.5.0 using Java 26.0.1 on Ocean-win-Desktop with PID 41596 (D:\work\Ontology\ontop-cli-5.5.0\lib\ontop-endpoint-5.5.0.jar started by ocean in D:\work\Ontology\ontop-cli-5.5.0)
00:47:09.939 |-INFO  in i.u.i.o.e.OntopEndpointApplication - No active profile set, falling back to 1 default profile: "default"
WARNING: A restricted method in java.lang.System has been called
WARNING: java.lang.System::load has been called by org.apache.tomcat.jni.Library in an unnamed module (file:/D:/work/Ontology/ontop-cli-5.5.0/lib/tomcat-embed-core-9.0.111.jar)
WARNING: Use --enable-native-access=ALL-UNNAMED to avoid a warning for callers in this module
WARNING: Restricted methods will be blocked in a future release unless native access is enabled

00:47:10.909 |-INFO  in o.s.b.w.e.tomcat.TomcatWebServer - Tomcat initialized with port(s): 8080 (http)
00:47:10.920 |-INFO  in o.a.coyote.http11.Http11NioProtocol - Initializing ProtocolHandler ["http-nio-8080"]
00:47:10.922 |-INFO  in o.a.catalina.core.StandardService - Starting service [Tomcat]
00:47:10.922 |-INFO  in o.a.catalina.core.StandardEngine - Starting Servlet engine: [Apache Tomcat/9.0.111]
00:47:11.066 |-INFO  in o.a.c.c.C.[Tomcat].[localhost].[/] - Initializing Spring embedded WebApplicationContext
00:47:11.066 |-INFO  in o.s.b.w.s.c.ServletWebServerApplicationContext - Root WebApplicationContext: initialization completed in 1093 ms
WARNING: A terminally deprecated method in sun.misc.Unsafe has been called
WARNING: sun.misc.Unsafe::objectFieldOffset has been called by com.google.common.util.concurrent.AbstractFuture$UnsafeAtomicHelper (file:/D:/work/Ontology/ontop-cli-5.5.0/lib/guava-32.0.1-jre.jar)
WARNING: Please consider reporting this to the maintainers of class com.google.common.util.concurrent.AbstractFuture$UnsafeAtomicHelper
WARNING: sun.misc.Unsafe::objectFieldOffset will be removed in a future release
00:47:13.239 |-WARN  in o.s.o.u.OWLAnnotationPropertyTransformer - Annotation property range axiom turned to data property range after parsing. This could introduce errors if the original range was an anonymous expression: http://www.w3.org/2001/XMLSchema#float is the new domain.
00:47:13.241 |-WARN  in o.s.o.u.OWLAnnotationPropertyTransformer - Annotation property range axiom turned to object property range after parsing. This could introduce errors if the original range was an anonymous expression: http://www.tcm-classics.org/tcm#SymptomSign is the new domain.
00:47:13.241 |-WARN  in o.s.o.u.OWLAnnotationPropertyTransformer - Annotation property range axiom turned to data property range after parsing. This could introduce errors if the original range was an anonymous expression: http://www.w3.org/2001/XMLSchema#string is the new domain.
00:47:13.241 |-WARN  in o.s.o.u.OWLAnnotationPropertyTransformer - Annotation property range axiom turned to object property range after parsing. This could introduce errors if the original range was an anonymous expression: http://www.tcm-classics.org/tcm#SymptomSign is the new domain.
00:47:13.241 |-WARN  in o.s.o.u.OWLAnnotationPropertyTransformer - Annotation property range axiom turned to data property range after parsing. This could introduce errors if the original range was an anonymous expression: http://www.w3.org/1999/02/22-rdf-syntax-ns#PlainLiteral is the new domain.
00:47:13.241 |-WARN  in o.s.o.u.OWLAnnotationPropertyTransformer - Annotation property range axiom turned to object property range after parsing. This could introduce errors if the original range was an anonymous expression: http://www.tcm-classics.org/liujing#SixChannelSyndrome is the new domain.
00:47:13.241 |-WARN  in o.s.o.u.OWLAnnotationPropertyTransformer - Annotation property range axiom turned to object property range after parsing. This could introduce errors if the original range was an anonymous expression: http://www.tcm-classics.org/bagang#EightPrincipleElement is the new domain.
00:47:13.241 |-WARN  in o.s.o.u.OWLAnnotationPropertyTransformer - Annotation property range axiom turned to object property range after parsing. This could introduce errors if the original range was an anonymous expression: http://www.tcm-classics.org/bagang#EightPrincipleElement is the new domain.
00:47:13.241 |-WARN  in o.s.o.u.OWLAnnotationPropertyTransformer - Annotation property range axiom turned to object property range after parsing. This could introduce errors if the original range was an anonymous expression: http://www.tcm-classics.org/maixiang#PulseManifestation is the new domain.
00:47:13.370 |-WARN  in i.u.i.o.s.o.o.OWLAPITranslatorOWL2QL - Axiom does not belong to OWL 2 QL: SubClassOf(<http://www.tcm-classics.org/bagang#Shi> ObjectHasValue(<http://www.tcm-classics.org/bagang#summarizesAs> <http://www.tcm-classics.org/bagang#Yang>)) (unsupported operation in ObjectHasValue(<http://www.tcm-classics.org/bagang#summarizesAs> <http://www.tcm-classics.org/bagang#Yang>))
00:47:13.371 |-WARN  in i.u.i.o.s.o.o.OWLAPITranslatorOWL2QL - Axiom does not belong to OWL 2 QL: SubClassOf(<http://www.tcm-classics.org/bagang#Xu> ObjectHasValue(<http://www.tcm-classics.org/bagang#summarizesAs> <http://www.tcm-classics.org/bagang#Yin>)) (unsupported operation in ObjectHasValue(<http://www.tcm-classics.org/bagang#summarizesAs> <http://www.tcm-classics.org/bagang#Yin>))
00:47:13.371 |-WARN  in i.u.i.o.s.o.o.OWLAPITranslatorOWL2QL - Axiom does not belong to OWL 2 QL: SubClassOf(<http://www.tcm-classics.org/bagang#Re> ObjectHasValue(<http://www.tcm-classics.org/bagang#summarizesAs> <http://www.tcm-classics.org/bagang#Yang>)) (unsupported operation in ObjectHasValue(<http://www.tcm-classics.org/bagang#summarizesAs> <http://www.tcm-classics.org/bagang#Yang>))
00:47:13.371 |-WARN  in i.u.i.o.s.o.o.OWLAPITranslatorOWL2QL - Axiom does not belong to OWL 2 QL: SubClassOf(<http://www.tcm-classics.org/bagang#Han> ObjectHasValue(<http://www.tcm-classics.org/bagang#summarizesAs> <http://www.tcm-classics.org/bagang#Yin>)) (unsupported operation in ObjectHasValue(<http://www.tcm-classics.org/bagang#summarizesAs> <http://www.tcm-classics.org/bagang#Yin>))
00:47:13.374 |-WARN  in i.u.i.o.s.o.o.OWLAPITranslatorOWL2QL - Axiom does not belong to OWL 2 QL: DataPropertyDomain(<http://www.tcm-classics.org/bagang#diagnosticCriteria> ObjectUnionOf(<http://www.tcm-classics.org/bagang#DiseaseLocation> <http://www.tcm-classics.org/bagang#EightPrincipleElement>)) (unsupported operation in ObjectUnionOf(<http://www.tcm-classics.org/bagang#DiseaseLocation> <http://www.tcm-classics.org/bagang#EightPrincipleElement>))
00:47:13.403 |-WARN  in i.u.i.o.s.o.o.OWLAPITranslatorOWL2QL - Axiom does not belong to OWL 2 QL: DLSafeRule(Body(ClassAtom(<http://www.tcm-classics.org/tcm#ClinicalCase> Variable(<http://www.tcm-classics.org/swrl/rules#patient>)) ObjectPropertyAtom(<http://www.tcm-classics.org/tcm#has_symptom> Variable(<http://www.tcm-classics.org/swrl/rules#patient>) Variable(<http://www.tcm-classics.org/swrl/rules#symptom>)) DataPropertyAtom(<http://www.tcm-classics.org/tcm#has_diagnostic_weight> Variable(<http://www.tcm-classics.org/swrl/rules#symptom>) Variable(<http://www.tcm-classics.org/swrl/rules#weight>)) BuiltInAtom(<http://www.w3.org/2003/11/swrlb#greaterThanOrEqual> Variable(<http://www.tcm-classics.org/swrl/rules#weight>) "0.8"^^xsd:float) ObjectPropertyAtom(<http://www.tcm-classics.org/tcm#part_of_pattern> Variable(<http://www.tcm-classics.org/swrl/rules#symptom>) Variable(<http://www.tcm-classics.org/swrl/rules#primaryPattern>))) Head(ObjectPropertyAtom(<http://www.tcm-classics.org/tcm#has_primary_pattern> Variable(<http://www.tcm-classics.org/swrl/rules#patient>) Variable(<http://www.tcm-classics.org/swrl/rules#primaryPattern>))))
00:47:13.404 |-WARN  in i.u.i.o.s.o.o.OWLAPITranslatorOWL2QL - Axiom does not belong to OWL 2 QL: DLSafeRule(Body(ClassAtom(<http://www.tcm-classics.org/tcm#ClinicalCase> Variable(<http://www.tcm-classics.org/swrl/rules#patient>)) ObjectPropertyAtom(<http://www.tcm-classics.org/tcm#has_symptom> Variable(<http://www.tcm-classics.org/swrl/rules#patient>) Variable(<http://www.tcm-classics.org/swrl/rules#symptom>)) DataPropertyAtom(<http://www.tcm-classics.org/tcm#has_diagnostic_weight> Variable(<http://www.tcm-classics.org/swrl/rules#symptom>) Variable(<http://www.tcm-classics.org/swrl/rules#weight>)) BuiltInAtom(<http://www.w3.org/2003/11/swrlb#lessThan> Variable(<http://www.tcm-classics.org/swrl/rules#weight>) "0.4"^^xsd:float) ObjectPropertyAtom(<http://www.tcm-classics.org/tcm#is_secondary_to> Variable(<http://www.tcm-classics.org/swrl/rules#symptom>) Variable(<http://www.tcm-classics.org/swrl/rules#mainSymptom>)) ObjectPropertyAtom(<http://www.tcm-classics.org/tcm#has_primary_pattern> Variable(<http://www.tcm-classics.org/swrl/rules#patient>) Variable(<http://www.tcm-classics.org/swrl/rules#primaryPattern>)) ObjectPropertyAtom(<http://www.tcm-classics.org/tcm#part_of_pattern> Variable(<http://www.tcm-classics.org/swrl/rules#mainSymptom>) Variable(<http://www.tcm-classics.org/swrl/rules#primaryPattern>))) Head(ObjectPropertyAtom(<http://www.tcm-classics.org/tcm#ignore_for_pattern_selection> Variable(<http://www.tcm-classics.org/swrl/rules#symptom>) Variable(<http://www.tcm-classics.org/swrl/rules#mainSymptom>))))
00:47:13.405 |-WARN  in i.u.i.o.s.o.o.OWLAPITranslatorOWL2QL - Axiom does not belong to OWL 2 QL: DLSafeRule(Body(ClassAtom(<http://www.tcm-classics.org/tcm#ClinicalCase> Variable(<http://www.tcm-classics.org/swrl/rules#patient>)) ObjectPropertyAtom(<http://www.tcm-classics.org/tcm#has_primary_pattern> Variable(<http://www.tcm-classics.org/swrl/rules#patient>) Variable(<http://www.tcm-classics.org/swrl/rules#primaryPattern>)) ObjectPropertyAtom(<http://www.tcm-classics.org/liujing#belongs_to_six_channel> Variable(<http://www.tcm-classics.org/swrl/rules#primaryPattern>) Variable(<http://www.tcm-classics.org/swrl/rules#sixChannel>)) ObjectPropertyAtom(<http://www.tcm-classics.org/tcm#has_residual_symptom> Variable(<http://www.tcm-classics.org/swrl/rules#patient>) Variable(<http://www.tcm-classics.org/swrl/rules#residualSymptom>)) ClassAtom(<http://www.tcm-classics.org/jianjia#ResidualSymptomRule> Variable(<http://www.tcm-classics.org/swrl/rules#rule>)) ObjectPropertyAtom(<http://www.tcm-classics.org/jianjia#original_pattern> Variable(<http://www.tcm-classics.org/swrl/rules#rule>) Variable(<http://www.tcm-classics.org/swrl/rules#primaryPattern>)) ObjectPropertyAtom(<http://www.tcm-classics.org/jianjia#residual_symptom> Variable(<http://www.tcm-classics.org/swrl/rules#rule>) Variable(<http://www.tcm-classics.org/swrl/rules#residualSymptom>)) ObjectPropertyAtom(<http://www.tcm-classics.org/jianjia#target_pattern_for_residual> Variable(<http://www.tcm-classics.org/swrl/rules#rule>) Variable(<http://www.tcm-classics.org/swrl/rules#targetPattern>))) Head(ObjectPropertyAtom(<http://www.tcm-classics.org/tcm#suggested_new_pattern> Variable(<http://www.tcm-classics.org/swrl/rules#patient>) Variable(<http://www.tcm-classics.org/swrl/rules#targetPattern>))))
00:47:13.406 |-WARN  in i.u.i.o.s.o.o.OWLAPITranslatorOWL2QL - Axiom does not belong to OWL 2 QL: DataPropertyRange(<http://www.tcm-classics.org/tcm#has_diagnostic_weight> xsd:float) (unsupported datatype: XSD_FLOAT)
00:47:14.699 |-INFO  in i.u.i.o.a.impl.OntopQueryEngineImpl - Ontop has completed the setup and it is ready for query answering!
00:47:14.699 |-INFO  in i.u.i.o.r.r.i.OntopVirtualRepository - Ontop virtual repository initialized successfully!
00:47:15.311 |-INFO  in o.s.b.a.e.web.EndpointLinksResolver - Exposing 1 endpoint(s) beneath base path '/actuator'
00:47:15.375 |-INFO  in o.a.coyote.http11.Http11NioProtocol - Starting ProtocolHandler ["http-nio-8080"]
00:47:15.474 |-INFO  in o.s.b.w.e.tomcat.TomcatWebServer - Tomcat started on port(s): 8080 (http) with context path ''
00:47:15.495 |-INFO  in i.u.i.o.e.OntopEndpointApplication - Started OntopEndpointApplication in 5.833 seconds (JVM running for 6.269)
00:47:49.634 |-INFO  in o.a.c.c.C.[Tomcat].[localhost].[/] - Initializing Spring DispatcherServlet 'dispatcherServlet'
00:47:49.634 |-INFO  in o.s.web.servlet.DispatcherServlet - Initializing Servlet 'dispatcherServlet'
00:47:49.634 |-INFO  in o.s.web.servlet.DispatcherServlet - Completed initialization in 0 ms
-------------------------------------------

    ####    #   #   #####    ####    #####
   #    #   ##  #     #     #    #   #    #
   #    #   # # #     #     #    #   #####
   #    #   #  ##     #     #    #   #
    ####    #   #     #      ####    #

   v5.5.0
   (Java 26.0.1, Windows 11 10.0)
-------------------------------------------




00:38:55.662 |-INFO  in i.u.i.o.e.OntopEndpointApplication - Starting OntopEndpointApplication v5.5.0 using Java 26.0.1 on Ocean-win-Desktop with PID 31192 (D:\work\Ontology\ontop-cli-5.5.0\lib\ontop-endpoint-5.5.0.jar started by ocean in D:\work\Ontology\ontop-cli-5.5.0)
00:38:55.665 |-INFO  in i.u.i.o.e.OntopEndpointApplication - No active profile set, falling back to 1 default profile: "default"
WARNING: A restricted method in java.lang.System has been called
WARNING: java.lang.System::load has been called by org.apache.tomcat.jni.Library in an unnamed module (file:/D:/work/Ontology/ontop-cli-5.5.0/lib/tomcat-embed-core-9.0.111.jar)
WARNING: Use --enable-native-access=ALL-UNNAMED to avoid a warning for callers in this module
WARNING: Restricted methods will be blocked in a future release unless native access is enabled

00:38:56.695 |-INFO  in o.s.b.w.e.tomcat.TomcatWebServer - Tomcat initialized with port(s): 8080 (http)
00:38:56.704 |-INFO  in o.a.coyote.http11.Http11NioProtocol - Initializing ProtocolHandler ["http-nio-8080"]
00:38:56.706 |-INFO  in o.a.catalina.core.StandardService - Starting service [Tomcat]
00:38:56.706 |-INFO  in o.a.catalina.core.StandardEngine - Starting Servlet engine: [Apache Tomcat/9.0.111]
00:38:56.835 |-INFO  in o.a.c.c.C.[Tomcat].[localhost].[/] - Initializing Spring embedded WebApplicationContext
00:38:56.835 |-INFO  in o.s.b.w.s.c.ServletWebServerApplicationContext - Root WebApplicationContext: initialization completed in 1111 ms
WARNING: A terminally deprecated method in sun.misc.Unsafe has been called
WARNING: sun.misc.Unsafe::objectFieldOffset has been called by com.google.common.util.concurrent.AbstractFuture$UnsafeAtomicHelper (file:/D:/work/Ontology/ontop-cli-5.5.0/lib/guava-32.0.1-jre.jar)
WARNING: Please consider reporting this to the maintainers of class com.google.common.util.concurrent.AbstractFuture$UnsafeAtomicHelper
WARNING: sun.misc.Unsafe::objectFieldOffset will be removed in a future release
00:38:59.042 |-WARN  in o.s.b.w.s.c.AnnotationConfigServletWebServerApplicationContext - Exception encountered during context initialization - cancelling refresh attempt: org.springframework.beans.factory.UnsatisfiedDependencyException: Error creating bean with name 'sparqlQueryController' defined in URL [jar:file:/D:/work/Ontology/ontop-cli-5.5.0/lib/ontop-endpoint-5.5.0.jar!/it/unibz/inf/ontop/endpoint/controllers/SparqlQueryController.class]: Unsatisfied dependency expressed through constructor parameter 0; nested exception is org.springframework.beans.factory.BeanCreationException: Error creating bean with name 'setupVirtualRepository' defined in class path resource [it/unibz/inf/ontop/endpoint/beans/OntopVirtualRepositoryBean.class]: Bean instantiation via factory method failed; nested exception is org.springframework.beans.BeanInstantiationException: Failed to instantiate [it.unibz.inf.ontop.rdf4j.repository.impl.OntopVirtualRepository]: Factory method 'setupVirtualRepository' threw exception; nested exception is org.eclipse.rdf4j.repository.RepositoryException: org.semanticweb.owlapi.model.UnloadableImportException: Could not load imported ontology: <http://www.tcm-classics.org/fangji> Cause: Problem parsing file:/D:/work/Ontology/TraditionalChineseMedicineOntology/ontology/fangji.owl
Could not parse ontology.  Either a suitable parser could not be found, or parsing failed.  See parser logs below for explanation.
The following parsers were tried:
1) org.semanticweb.owlapi.rdf.rdfxml.parser.RDFXMLParser@2cd2c764
2) org.semanticweb.owlapi.owlxml.parser.OWLXMLParser@571c7572
3) org.semanticweb.owlapi.functional.parser.OWLFunctionalSyntaxOWLParser@c6a3f47
4) org.semanticweb.owlapi.rio.RioParserImpl : org.semanticweb.owlapi.formats.RioTurtleDocumentFormatFactory@95fd655c
5) org.semanticweb.owlapi.manchestersyntax.parser.ManchesterOWLSyntaxOntologyParser@59bbf82e
6) org.semanticweb.owlapi.rio.RioParserImpl : org.semanticweb.owlapi.formats.NQuadsDocumentFormatFactory@6f9c39ad
7) org.semanticweb.owlapi.rio.RioParserImpl : org.semanticweb.owlapi.formats.NTriplesDocumentFormatFactory@937ecd36
8) org.semanticweb.owlapi.rio.RioParserImpl : org.semanticweb.owlapi.formats.RDFJsonDocumentFormatFactory@cd748dc3
9) org.semanticweb.owlapi.rio.RioParserImpl : org.semanticweb.owlapi.formats.TrigDocumentFormatFactory@27e81c
10) org.semanticweb.owlapi.rio.RioParserImpl : org.semanticweb.owlapi.formats.RDFJsonLDDocumentFormatFactory@dcacc47d
11) org.semanticweb.owlapi.rio.RioParserImpl : org.semanticweb.owlapi.formats.N3DocumentFormatFactory@9a5
12) org.semanticweb.owlapi.rio.RioParserImpl : org.semanticweb.owlapi.formats.RioRDFXMLDocumentFormatFactory@69b9a3bc
13) org.semanticweb.owlapi.rdf.turtle.parser.TurtleOntologyParser@7c0a6f62
14) org.semanticweb.owlapi.oboformat.OBOFormatOWLAPIParser@6b170692
15) org.semanticweb.owlapi.dlsyntax.parser.DLSyntaxOWLParser@4603c412
16) org.semanticweb.owlapi.rio.RioParserImpl : org.semanticweb.owlapi.formats.BinaryRDFDocumentFormatFactory@3bf24493
17) org.semanticweb.owlapi.krss2.parser.KRSS2OWLParser@341df373
18) org.semanticweb.owlapi.rio.RioParserImpl : org.semanticweb.owlapi.formats.HDTRDFDocumentFormatFactory@116d8
19) org.semanticweb.owlapi.rio.RioParserImpl : org.semanticweb.owlapi.formats.RDFaDocumentFormatFactory@264e8d


Detailed logs:
--------------------------------------------------------------------------------
Parser: org.semanticweb.owlapi.rdf.rdfxml.parser.RDFXMLParser@2cd2c764
    Stack trace:
org.xml.sax.SAXParseException; systemId: file:/D:/work/Ontology/TraditionalChineseMedicineOntology/ontology/fangji.owl; lineNumber: 38; columnNumber: 12; 注释中不允许出现字符串 "--"。        org.semanticweb.owlapi.rdf.rdfxml.parser.RDFXMLParser.parse(RDFXMLParser.java:69)
        uk.ac.manchester.cs.owl.owlapi.OWLOntologyFactoryImpl.loadOWLOntology(OWLOntologyFactoryImpl.java:195)
        uk.ac.manchester.cs.owl.owlapi.OWLOntologyManagerImpl.load(OWLOntologyManagerImpl.java:1105)
        uk.ac.manchester.cs.owl.owlapi.OWLOntologyManagerImpl.loadOntology(OWLOntologyManagerImpl.java:1055)
        uk.ac.manchester.cs.owl.owlapi.OWLOntologyManagerImpl.loadOntology(OWLOntologyManagerImpl.java:955)
        uk.ac.manchester.cs.owl.owlapi.OWLOntologyManagerImpl.loadImports(OWLOntologyManagerImpl.java:1663)
        uk.ac.manchester.cs.owl.owlapi.OWLOntologyManagerImpl.makeLoadImportRequest(OWLOntologyManagerImpl.java:1703)
        org.semanticweb.owlapi.rdf.rdfxml.parser.TripleHandlers$TPImportsHandler.handleTriple(TripleHandlers.java:1555)
        org.semanticweb.owlapi.rdf.rdfxml.parser.TripleHandlers$HandlerAccessor.handleStreaming(TripleHandlers.java:369)
        org.semanticweb.owlapi.rdf.rdfxml.parser.OWLRDFConsumer.statementWithResourceValue(OWLRDFConsumer.java:1563)
注释中不允许出现字符串 "--"。        java.xml/com.sun.org.apache.xerces.internal.util.ErrorHandlerWrapper.createSAXParseException(ErrorHandlerWrapper.java:204)
        java.xml/com.sun.org.apache.xerces.internal.util.ErrorHandlerWrapper.fatalError(ErrorHandlerWrapper.java:178)
        java.xml/com.sun.org.apache.xerces.internal.impl.XMLErrorReporter.reportError(XMLErrorReporter.java:400)
        java.xml/com.sun.org.apache.xerces.internal.impl.XMLErrorReporter.reportError(XMLErrorReporter.java:327)
        java.xml/com.sun.org.apache.xerces.internal.impl.XMLScanner.reportFatalError(XMLScanner.java:1465)
        java.xml/com.sun.org.apache.xerces.internal.impl.XMLScanner.scanComment(XMLScanner.java:818)
        java.xml/com.sun.org.apache.xerces.internal.impl.XMLDocumentFragmentScannerImpl.scanComment(XMLDocumentFragmentScannerImpl.java:1088)
        java.xml/com.sun.org.apache.xerces.internal.impl.XMLDocumentFragmentScannerImpl$FragmentContentDriver.next(XMLDocumentFragmentScannerImpl.java:2924)
        java.xml/com.sun.org.apache.xerces.internal.impl.XMLDocumentScannerImpl.next(XMLDocumentScannerImpl.java:635)
        java.xml/com.sun.org.apache.xerces.internal.impl.XMLNSDocumentScannerImpl.next(XMLNSDocumentScannerImpl.java:113)


--------------------------------------------------------------------------------
Parser: org.semanticweb.owlapi.owlxml.parser.OWLXMLParser@571c7572
    Stack trace:
Attribute not found: IRI (Line 20)        org.semanticweb.owlapi.owlxml.parser.OWLEH.ensureAttributeNotNull(PARSER_OWLXMLVocabulary.java:597)
        org.semanticweb.owlapi.owlxml.parser.OWLEH.getIRIFromAttribute(PARSER_OWLXMLVocabulary.java:504)
        org.semanticweb.owlapi.owlxml.parser.OWLClassEH.attribute(PARSER_OWLXMLVocabulary.java:1008)
        org.semanticweb.owlapi.owlxml.parser.OWLXMLPH.startElement(OWLXMLPH.java:478)
        java.xml/com.sun.org.apache.xerces.internal.parsers.AbstractSAXParser.startElement(AbstractSAXParser.java:519)
        java.xml/com.sun.org.apache.xerces.internal.impl.XMLNSDocumentScannerImpl.scanStartElement(XMLNSDocumentScannerImpl.java:376)
        java.xml/com.sun.org.apache.xerces.internal.impl.XMLDocumentFragmentScannerImpl$FragmentContentDriver.next(XMLDocumentFragmentScannerImpl.java:2736)
        java.xml/com.sun.org.apache.xerces.internal.impl.XMLDocumentScannerImpl.next(XMLDocumentScannerImpl.java:635)
        java.xml/com.sun.org.apache.xerces.internal.impl.XMLNSDocumentScannerImpl.next(XMLNSDocumentScannerImpl.java:113)
        java.xml/com.sun.org.apache.xerces.internal.impl.XMLDocumentFragmentScannerImpl.scanDocument(XMLDocumentFragmentScannerImpl.java:551)


--------------------------------------------------------------------------------
Parser: org.semanticweb.owlapi.functional.parser.OWLFunctionalSyntaxOWLParser@c6a3f47
    Stack trace:
Encountered unexpected token: "<?xml version=\"1.0\" encoding=\"UTF-8\"?>" <FULLIRI>
    at line 1, column 1.

Was expecting one of:

    "Ontology"
    "Prefix"
 (Line 0)        org.semanticweb.owlapi.functional.parser.OWLFunctionalSyntaxOWLParser.parse(OWLFunctionalSyntaxOWLParser.java:49)
        uk.ac.manchester.cs.owl.owlapi.OWLOntologyFactoryImpl.loadOWLOntology(OWLOntologyFactoryImpl.java:195)
        uk.ac.manchester.cs.owl.owlapi.OWLOntologyManagerImpl.load(OWLOntologyManagerImpl.java:1105)
        uk.ac.manchester.cs.owl.owlapi.OWLOntologyManagerImpl.loadOntology(OWLOntologyManagerImpl.java:1055)
        uk.ac.manchester.cs.owl.owlapi.OWLOntologyManagerImpl.loadOntology(OWLOntologyManagerImpl.java:955)
        uk.ac.manchester.cs.owl.owlapi.OWLOntologyManagerImpl.loadImports(OWLOntologyManagerImpl.java:1663)
        uk.ac.manchester.cs.owl.owlapi.OWLOntologyManagerImpl.makeLoadImportRequest(OWLOntologyManagerImpl.java:1703)
        org.semanticweb.owlapi.rdf.rdfxml.parser.TripleHandlers$TPImportsHandler.handleTriple(TripleHandlers.java:1555)
        org.semanticweb.owlapi.rdf.rdfxml.parser.TripleHandlers$HandlerAccessor.handleStreaming(TripleHandlers.java:369)
        org.semanticweb.owlapi.rdf.rdfxml.parser.OWLRDFConsumer.statementWithResourceValue(OWLRDFConsumer.java:1563)
Encountered unexpected token: "<?xml version=\"1.0\" encoding=\"UTF-8\"?>" <FULLIRI>
    at line 1, column 1.

Was expecting one of:

    "Ontology"
    "Prefix"
        org.semanticweb.owlapi.functional.parser.OWLFunctionalSyntaxParser.generateParseException(OWLFunctionalSyntaxParser.java:2479)
        org.semanticweb.owlapi.functional.parser.OWLFunctionalSyntaxParser.jj_consume_token(OWLFunctionalSyntaxParser.java:2405)
        org.semanticweb.owlapi.functional.parser.OWLFunctionalSyntaxParser.Ontology(OWLFunctionalSyntaxParser.java:115)
        org.semanticweb.owlapi.functional.parser.OWLFunctionalSyntaxParser.parse(OWLFunctionalSyntaxParser.java:101)
        org.semanticweb.owlapi.functional.parser.OWLFunctionalSyntaxOWLParser.parse(OWLFunctionalSyntaxOWLParser.java:47)
        uk.ac.manchester.cs.owl.owlapi.OWLOntologyFactoryImpl.loadOWLOntology(OWLOntologyFactoryImpl.java:195)
        uk.ac.manchester.cs.owl.owlapi.OWLOntologyManagerImpl.load(OWLOntologyManagerImpl.java:1105)
        uk.ac.manchester.cs.owl.owlapi.OWLOntologyManagerImpl.loadOntology(OWLOntologyManagerImpl.java:1055)
        uk.ac.manchester.cs.owl.owlapi.OWLOntologyManagerImpl.loadOntology(OWLOntologyManagerImpl.java:955)
        uk.ac.manchester.cs.owl.owlapi.OWLOntologyManagerImpl.loadImports(OWLOntologyManagerImpl.java:1663)


--------------------------------------------------------------------------------
Parser: org.semanticweb.owlapi.rio.RioParserImpl : org.semanticweb.owlapi.formats.RioTurtleDocumentFormatFactory@95fd655c
    Stack trace:
org.eclipse.rdf4j.rio.RDFParseException: Expected '.', found '<' [line 5]        org.semanticweb.owlapi.rio.RioParserImpl.parse(RioParserImpl.java:148)
        uk.ac.manchester.cs.owl.owlapi.OWLOntologyFactoryImpl.loadOWLOntology(OWLOntologyFactoryImpl.java:195)
        uk.ac.manchester.cs.owl.owlapi.OWLOntologyManagerImpl.load(OWLOntologyManagerImpl.java:1105)
        uk.ac.manchester.cs.owl.owlapi.OWLOntologyManagerImpl.loadOntology(OWLOntologyManagerImpl.java:1055)
        uk.ac.manchester.cs.owl.owlapi.OWLOntologyManagerImpl.loadOntology(OWLOntologyManagerImpl.java:955)
        uk.ac.manchester.cs.owl.owlapi.OWLOntologyManagerImpl.loadImports(OWLOntologyManagerImpl.java:1663)
        uk.ac.manchester.cs.owl.owlapi.OWLOntologyManagerImpl.makeLoadImportRequest(OWLOntologyManagerImpl.java:1703)
        org.semanticweb.owlapi.rdf.rdfxml.parser.TripleHandlers$TPImportsHandler.handleTriple(TripleHandlers.java:1555)
        org.semanticweb.owlapi.rdf.rdfxml.parser.TripleHandlers$HandlerAccessor.handleStreaming(TripleHandlers.java:369)
        org.semanticweb.owlapi.rdf.rdfxml.parser.OWLRDFConsumer.statementWithResourceValue(OWLRDFConsumer.java:1563)
Expected '.', found '<' [line 5]        org.eclipse.rdf4j.rio.helpers.RDFParserHelper.reportFatalError(RDFParserHelper.java:347)
        org.eclipse.rdf4j.rio.helpers.AbstractRDFParser.reportFatalError(AbstractRDFParser.java:698)
        org.eclipse.rdf4j.rio.turtle.TurtleParser.reportFatalError(TurtleParser.java:1309)
        org.eclipse.rdf4j.rio.turtle.TurtleParser.verifyCharacterOrFail(TurtleParser.java:1154)
        org.eclipse.rdf4j.rio.turtle.TurtleParser.parseStatement(TurtleParser.java:205)
        org.eclipse.rdf4j.rio.turtle.TurtleParser.parse(TurtleParser.java:165)
        org.semanticweb.owlapi.rio.RioParserImpl.parseDocumentSource(RioParserImpl.java:186)
        org.semanticweb.owlapi.rio.RioParserImpl.parse(RioParserImpl.java:134)
        uk.ac.manchester.cs.owl.owlapi.OWLOntologyFactoryImpl.loadOWLOntology(OWLOntologyFactoryImpl.java:195)
        uk.ac.manchester.cs.owl.owlapi.OWLOntologyManagerImpl.load(OWLOntologyManagerImpl.java:1105)


--------------------------------------------------------------------------------
Parser: org.semanticweb.owlapi.manchestersyntax.parser.ManchesterOWLSyntaxOntologyParser@59bbf82e
    Stack trace:
Encountered '<?xml version="1.0" encoding="UTF-8"?>' at line 1 column 1.  Expected either 'Ontology:' or 'Prefix:' (Line 1)        org.semanticweb.owlapi.manchestersyntax.parser.ManchesterOWLSyntaxOntologyParser.parse(ManchesterOWLSyntaxOntologyParser.java:81)
        uk.ac.manchester.cs.owl.owlapi.OWLOntologyFactoryImpl.loadOWLOntology(OWLOntologyFactoryImpl.java:195)
        uk.ac.manchester.cs.owl.owlapi.OWLOntologyManagerImpl.load(OWLOntologyManagerImpl.java:1105)
        uk.ac.manchester.cs.owl.owlapi.OWLOntologyManagerImpl.loadOntology(OWLOntologyManagerImpl.java:1055)
        uk.ac.manchester.cs.owl.owlapi.OWLOntologyManagerImpl.loadOntology(OWLOntologyManagerImpl.java:955)
        uk.ac.manchester.cs.owl.owlapi.OWLOntologyManagerImpl.loadImports(OWLOntologyManagerImpl.java:1663)
        uk.ac.manchester.cs.owl.owlapi.OWLOntologyManagerImpl.makeLoadImportRequest(OWLOntologyManagerImpl.java:1703)
        org.semanticweb.owlapi.rdf.rdfxml.parser.TripleHandlers$TPImportsHandler.handleTriple(TripleHandlers.java:1555)
        org.semanticweb.owlapi.rdf.rdfxml.parser.TripleHandlers$HandlerAccessor.handleStreaming(TripleHandlers.java:369)
        org.semanticweb.owlapi.rdf.rdfxml.parser.OWLRDFConsumer.statementWithResourceValue(OWLRDFConsumer.java:1563)


--------------------------------------------------------------------------------
Parser: org.semanticweb.owlapi.rio.RioParserImpl : org.semanticweb.owlapi.formats.NQuadsDocumentFormatFactory@6f9c39ad
    Stack trace:
org.eclipse.rdf4j.rio.RDFParseException: Not a valid (absolute) IRI: ?xml version="1.0" encoding="UTF-8"? [line 1]        org.semanticweb.owlapi.rio.RioParserImpl.parse(RioParserImpl.java:148)
        uk.ac.manchester.cs.owl.owlapi.OWLOntologyFactoryImpl.loadOWLOntology(OWLOntologyFactoryImpl.java:195)
        uk.ac.manchester.cs.owl.owlapi.OWLOntologyManagerImpl.load(OWLOntologyManagerImpl.java:1105)
        uk.ac.manchester.cs.owl.owlapi.OWLOntologyManagerImpl.loadOntology(OWLOntologyManagerImpl.java:1055)
        uk.ac.manchester.cs.owl.owlapi.OWLOntologyManagerImpl.loadOntology(OWLOntologyManagerImpl.java:955)
        uk.ac.manchester.cs.owl.owlapi.OWLOntologyManagerImpl.loadImports(OWLOntologyManagerImpl.java:1663)
        uk.ac.manchester.cs.owl.owlapi.OWLOntologyManagerImpl.makeLoadImportRequest(OWLOntologyManagerImpl.java:1703)
        org.semanticweb.owlapi.rdf.rdfxml.parser.TripleHandlers$TPImportsHandler.handleTriple(TripleHandlers.java:1555)
        org.semanticweb.owlapi.rdf.rdfxml.parser.TripleHandlers$HandlerAccessor.handleStreaming(TripleHandlers.java:369)
        org.semanticweb.owlapi.rdf.rdfxml.parser.OWLRDFConsumer.statementWithResourceValue(OWLRDFConsumer.java:1563)
Not a valid (absolute) IRI: ?xml version="1.0" encoding="UTF-8"? [line 1]        org.eclipse.rdf4j.rio.helpers.RDFParserHelper.reportFatalError(RDFParserHelper.java:380)
        org.eclipse.rdf4j.rio.helpers.AbstractRDFParser.reportFatalError(AbstractRDFParser.java:723)
        org.eclipse.rdf4j.rio.ntriples.NTriplesParser.reportFatalError(NTriplesParser.java:468)
        org.eclipse.rdf4j.rio.helpers.AbstractRDFParser.createURI(AbstractRDFParser.java:360)
        org.eclipse.rdf4j.rio.ntriples.NTriplesParser.createURI(NTriplesParser.java:431)
        org.eclipse.rdf4j.rio.ntriples.NTriplesParser.parseIRI(NTriplesParser.java:260)
        org.eclipse.rdf4j.rio.ntriples.NTriplesParser.parseSubject(NTriplesParser.java:187)
        org.eclipse.rdf4j.rio.nquads.NQuadsParser.parseStatement(NQuadsParser.java:51)
        org.eclipse.rdf4j.rio.ntriples.NTriplesParser.parse(NTriplesParser.java:119)
        org.semanticweb.owlapi.rio.RioParserImpl.parseDocumentSource(RioParserImpl.java:186)
Not a valid (absolute) IRI: ?xml version="1.0" encoding="UTF-8"?        org.eclipse.rdf4j.model.impl.SimpleIRI.setIRIString(SimpleIRI.java:96)
        org.eclipse.rdf4j.model.impl.SimpleIRI.<init>(SimpleIRI.java:67)
        org.eclipse.rdf4j.model.impl.SimpleValueFactory.createIRI(SimpleValueFactory.java:83)
        org.eclipse.rdf4j.rio.helpers.RDFStarDecodingValueFactory.createIRI(RDFStarDecodingValueFactory.java:46)
        org.eclipse.rdf4j.rio.helpers.AbstractRDFParser.createURI(AbstractRDFParser.java:358)
        org.eclipse.rdf4j.rio.ntriples.NTriplesParser.createURI(NTriplesParser.java:431)
        org.eclipse.rdf4j.rio.ntriples.NTriplesParser.parseIRI(NTriplesParser.java:260)
        org.eclipse.rdf4j.rio.ntriples.NTriplesParser.parseSubject(NTriplesParser.java:187)
        org.eclipse.rdf4j.rio.nquads.NQuadsParser.parseStatement(NQuadsParser.java:51)
        org.eclipse.rdf4j.rio.ntriples.NTriplesParser.parse(NTriplesParser.java:119)


--------------------------------------------------------------------------------
Parser: org.semanticweb.owlapi.rio.RioParserImpl : org.semanticweb.owlapi.formats.NTriplesDocumentFormatFactory@937ecd36
    Stack trace:
org.eclipse.rdf4j.rio.RDFParseException: Not a valid (absolute) IRI: ?xml version="1.0" encoding="UTF-8"? [line 1]        org.semanticweb.owlapi.rio.RioParserImpl.parse(RioParserImpl.java:148)
        uk.ac.manchester.cs.owl.owlapi.OWLOntologyFactoryImpl.loadOWLOntology(OWLOntologyFactoryImpl.java:195)
        uk.ac.manchester.cs.owl.owlapi.OWLOntologyManagerImpl.load(OWLOntologyManagerImpl.java:1105)
        uk.ac.manchester.cs.owl.owlapi.OWLOntologyManagerImpl.loadOntology(OWLOntologyManagerImpl.java:1055)
        uk.ac.manchester.cs.owl.owlapi.OWLOntologyManagerImpl.loadOntology(OWLOntologyManagerImpl.java:955)
        uk.ac.manchester.cs.owl.owlapi.OWLOntologyManagerImpl.loadImports(OWLOntologyManagerImpl.java:1663)
        uk.ac.manchester.cs.owl.owlapi.OWLOntologyManagerImpl.makeLoadImportRequest(OWLOntologyManagerImpl.java:1703)
        org.semanticweb.owlapi.rdf.rdfxml.parser.TripleHandlers$TPImportsHandler.handleTriple(TripleHandlers.java:1555)
        org.semanticweb.owlapi.rdf.rdfxml.parser.TripleHandlers$HandlerAccessor.handleStreaming(TripleHandlers.java:369)
        org.semanticweb.owlapi.rdf.rdfxml.parser.OWLRDFConsumer.statementWithResourceValue(OWLRDFConsumer.java:1563)
Not a valid (absolute) IRI: ?xml version="1.0" encoding="UTF-8"? [line 1]        org.eclipse.rdf4j.rio.helpers.RDFParserHelper.reportFatalError(RDFParserHelper.java:380)
        org.eclipse.rdf4j.rio.helpers.AbstractRDFParser.reportFatalError(AbstractRDFParser.java:723)
        org.eclipse.rdf4j.rio.ntriples.NTriplesParser.reportFatalError(NTriplesParser.java:468)
        org.eclipse.rdf4j.rio.helpers.AbstractRDFParser.createURI(AbstractRDFParser.java:360)
        org.eclipse.rdf4j.rio.ntriples.NTriplesParser.createURI(NTriplesParser.java:431)
        org.eclipse.rdf4j.rio.ntriples.NTriplesParser.parseIRI(NTriplesParser.java:260)
        org.eclipse.rdf4j.rio.ntriples.NTriplesParser.parseSubject(NTriplesParser.java:187)
        org.eclipse.rdf4j.rio.ntriples.NTriplesParser.parseStatement(NTriplesParser.java:137)
        org.eclipse.rdf4j.rio.ntriples.NTriplesParser.parse(NTriplesParser.java:119)
        org.semanticweb.owlapi.rio.RioParserImpl.parseDocumentSource(RioParserImpl.java:186)
Not a valid (absolute) IRI: ?xml version="1.0" encoding="UTF-8"?        org.eclipse.rdf4j.model.impl.SimpleIRI.setIRIString(SimpleIRI.java:96)
        org.eclipse.rdf4j.model.impl.SimpleIRI.<init>(SimpleIRI.java:67)
        org.eclipse.rdf4j.model.impl.SimpleValueFactory.createIRI(SimpleValueFactory.java:83)
        org.eclipse.rdf4j.rio.helpers.RDFStarDecodingValueFactory.createIRI(RDFStarDecodingValueFactory.java:46)
        org.eclipse.rdf4j.rio.helpers.AbstractRDFParser.createURI(AbstractRDFParser.java:358)
        org.eclipse.rdf4j.rio.ntriples.NTriplesParser.createURI(NTriplesParser.java:431)
        org.eclipse.rdf4j.rio.ntriples.NTriplesParser.parseIRI(NTriplesParser.java:260)
        org.eclipse.rdf4j.rio.ntriples.NTriplesParser.parseSubject(NTriplesParser.java:187)
        org.eclipse.rdf4j.rio.ntriples.NTriplesParser.parseStatement(NTriplesParser.java:137)
        org.eclipse.rdf4j.rio.ntriples.NTriplesParser.parse(NTriplesParser.java:119)


--------------------------------------------------------------------------------
Parser: org.semanticweb.owlapi.rio.RioParserImpl : org.semanticweb.owlapi.formats.RDFJsonDocumentFormatFactory@cd748dc3
    Stack trace:
org.eclipse.rdf4j.rio.RDFParseException: Found IOException during parsing [line 1, column 2]        org.semanticweb.owlapi.rio.RioParserImpl.parse(RioParserImpl.java:148)
        uk.ac.manchester.cs.owl.owlapi.OWLOntologyFactoryImpl.loadOWLOntology(OWLOntologyFactoryImpl.java:195)
        uk.ac.manchester.cs.owl.owlapi.OWLOntologyManagerImpl.load(OWLOntologyManagerImpl.java:1105)
        uk.ac.manchester.cs.owl.owlapi.OWLOntologyManagerImpl.loadOntology(OWLOntologyManagerImpl.java:1055)
        uk.ac.manchester.cs.owl.owlapi.OWLOntologyManagerImpl.loadOntology(OWLOntologyManagerImpl.java:955)
        uk.ac.manchester.cs.owl.owlapi.OWLOntologyManagerImpl.loadImports(OWLOntologyManagerImpl.java:1663)
        uk.ac.manchester.cs.owl.owlapi.OWLOntologyManagerImpl.makeLoadImportRequest(OWLOntologyManagerImpl.java:1703)
        org.semanticweb.owlapi.rdf.rdfxml.parser.TripleHandlers$TPImportsHandler.handleTriple(TripleHandlers.java:1555)
        org.semanticweb.owlapi.rdf.rdfxml.parser.TripleHandlers$HandlerAccessor.handleStreaming(TripleHandlers.java:369)
        org.semanticweb.owlapi.rdf.rdfxml.parser.OWLRDFConsumer.statementWithResourceValue(OWLRDFConsumer.java:1563)
Found IOException during parsing [line 1, column 2]        org.eclipse.rdf4j.rio.helpers.RDFParserHelper.reportFatalError(RDFParserHelper.java:400)
        org.eclipse.rdf4j.rio.helpers.AbstractRDFParser.reportFatalError(AbstractRDFParser.java:734)
        org.eclipse.rdf4j.rio.rdfjson.RDFJSONParser.reportFatalError(RDFJSONParser.java:138)
        org.eclipse.rdf4j.rio.rdfjson.RDFJSONParser.parse(RDFJSONParser.java:161)
        org.semanticweb.owlapi.rio.RioParserImpl.parseDocumentSource(RioParserImpl.java:186)
        org.semanticweb.owlapi.rio.RioParserImpl.parse(RioParserImpl.java:134)
        uk.ac.manchester.cs.owl.owlapi.OWLOntologyFactoryImpl.loadOWLOntology(OWLOntologyFactoryImpl.java:195)
        uk.ac.manchester.cs.owl.owlapi.OWLOntologyManagerImpl.load(OWLOntologyManagerImpl.java:1105)
        uk.ac.manchester.cs.owl.owlapi.OWLOntologyManagerImpl.loadOntology(OWLOntologyManagerImpl.java:1055)
        uk.ac.manchester.cs.owl.owlapi.OWLOntologyManagerImpl.loadOntology(OWLOntologyManagerImpl.java:955)
Unexpected character ('<' (code 60)): expected a valid value (JSON String, Number, Array, Object or token 'null', 'true' or 'false')
 at [Source: (BufferedReader); line: 1, column: 2]        com.fasterxml.jackson.core.JsonParser._constructError(JsonParser.java:2477)
        com.fasterxml.jackson.core.base.ParserMinimalBase._reportError(ParserMinimalBase.java:750)
        com.fasterxml.jackson.core.base.ParserMinimalBase._reportUnexpectedChar(ParserMinimalBase.java:674)
        com.fasterxml.jackson.core.json.ReaderBasedJsonParser._handleOddValue(ReaderBasedJsonParser.java:2085)
        com.fasterxml.jackson.core.json.ReaderBasedJsonParser.nextToken(ReaderBasedJsonParser.java:808)
        org.eclipse.rdf4j.rio.rdfjson.RDFJSONParser.rdfJsonToHandlerInternal(RDFJSONParser.java:182)
        org.eclipse.rdf4j.rio.rdfjson.RDFJSONParser.parse(RDFJSONParser.java:158)
        org.semanticweb.owlapi.rio.RioParserImpl.parseDocumentSource(RioParserImpl.java:186)
        org.semanticweb.owlapi.rio.RioParserImpl.parse(RioParserImpl.java:134)
        uk.ac.manchester.cs.owl.owlapi.OWLOntologyFactoryImpl.loadOWLOntology(OWLOntologyFactoryImpl.java:195)


--------------------------------------------------------------------------------
Parser: org.semanticweb.owlapi.rio.RioParserImpl : org.semanticweb.owlapi.formats.TrigDocumentFormatFactory@27e81c
    Stack trace:
org.eclipse.rdf4j.rio.RDFParseException: Expected an RDF value here, found '=' [line 5]        org.semanticweb.owlapi.rio.RioParserImpl.parse(RioParserImpl.java:148)
        uk.ac.manchester.cs.owl.owlapi.OWLOntologyFactoryImpl.loadOWLOntology(OWLOntologyFactoryImpl.java:195)
        uk.ac.manchester.cs.owl.owlapi.OWLOntologyManagerImpl.load(OWLOntologyManagerImpl.java:1105)
        uk.ac.manchester.cs.owl.owlapi.OWLOntologyManagerImpl.loadOntology(OWLOntologyManagerImpl.java:1055)
        uk.ac.manchester.cs.owl.owlapi.OWLOntologyManagerImpl.loadOntology(OWLOntologyManagerImpl.java:955)
        uk.ac.manchester.cs.owl.owlapi.OWLOntologyManagerImpl.loadImports(OWLOntologyManagerImpl.java:1663)
        uk.ac.manchester.cs.owl.owlapi.OWLOntologyManagerImpl.makeLoadImportRequest(OWLOntologyManagerImpl.java:1703)
        org.semanticweb.owlapi.rdf.rdfxml.parser.TripleHandlers$TPImportsHandler.handleTriple(TripleHandlers.java:1555)
        org.semanticweb.owlapi.rdf.rdfxml.parser.TripleHandlers$HandlerAccessor.handleStreaming(TripleHandlers.java:369)
        org.semanticweb.owlapi.rdf.rdfxml.parser.OWLRDFConsumer.statementWithResourceValue(OWLRDFConsumer.java:1563)
Expected an RDF value here, found '=' [line 5]        org.eclipse.rdf4j.rio.helpers.RDFParserHelper.reportFatalError(RDFParserHelper.java:347)
        org.eclipse.rdf4j.rio.helpers.AbstractRDFParser.reportFatalError(AbstractRDFParser.java:698)
        org.eclipse.rdf4j.rio.turtle.TurtleParser.reportFatalError(TurtleParser.java:1309)
        org.eclipse.rdf4j.rio.turtle.TurtleParser.parseValue(TurtleParser.java:588)
        org.eclipse.rdf4j.rio.turtle.TurtleParser.parseObject(TurtleParser.java:453)
        org.eclipse.rdf4j.rio.turtle.TurtleParser.parseObjectList(TurtleParser.java:375)
        org.eclipse.rdf4j.rio.turtle.TurtleParser.parsePredicateObjectList(TurtleParser.java:348)
        org.eclipse.rdf4j.rio.trig.TriGParser.parseGraph(TriGParser.java:192)
        org.eclipse.rdf4j.rio.trig.TriGParser.parseStatement(TriGParser.java:115)
        org.eclipse.rdf4j.rio.turtle.TurtleParser.parse(TurtleParser.java:165)


--------------------------------------------------------------------------------
Parser: org.semanticweb.owlapi.rio.RioParserImpl : org.semanticweb.owlapi.formats.RDFJsonLDDocumentFormatFactory@dcacc47d
    Stack trace:
org.eclipse.rdf4j.rio.RDFParseException: Could not parse JSONLD        org.semanticweb.owlapi.rio.RioParserImpl.parse(RioParserImpl.java:148)
        uk.ac.manchester.cs.owl.owlapi.OWLOntologyFactoryImpl.loadOWLOntology(OWLOntologyFactoryImpl.java:195)
        uk.ac.manchester.cs.owl.owlapi.OWLOntologyManagerImpl.load(OWLOntologyManagerImpl.java:1105)
        uk.ac.manchester.cs.owl.owlapi.OWLOntologyManagerImpl.loadOntology(OWLOntologyManagerImpl.java:1055)
        uk.ac.manchester.cs.owl.owlapi.OWLOntologyManagerImpl.loadOntology(OWLOntologyManagerImpl.java:955)
        uk.ac.manchester.cs.owl.owlapi.OWLOntologyManagerImpl.loadImports(OWLOntologyManagerImpl.java:1663)
        uk.ac.manchester.cs.owl.owlapi.OWLOntologyManagerImpl.makeLoadImportRequest(OWLOntologyManagerImpl.java:1703)
        org.semanticweb.owlapi.rdf.rdfxml.parser.TripleHandlers$TPImportsHandler.handleTriple(TripleHandlers.java:1555)
        org.semanticweb.owlapi.rdf.rdfxml.parser.TripleHandlers$HandlerAccessor.handleStreaming(TripleHandlers.java:369)
        org.semanticweb.owlapi.rdf.rdfxml.parser.OWLRDFConsumer.statementWithResourceValue(OWLRDFConsumer.java:1563)
Could not parse JSONLD        org.eclipse.rdf4j.rio.jsonld.JSONLDParser.parse(JSONLDParser.java:261)
        org.eclipse.rdf4j.rio.jsonld.JSONLDParser.parse(JSONLDParser.java:112)
        org.semanticweb.owlapi.rio.RioParserImpl.parseDocumentSource(RioParserImpl.java:186)
        org.semanticweb.owlapi.rio.RioParserImpl.parse(RioParserImpl.java:134)
        uk.ac.manchester.cs.owl.owlapi.OWLOntologyFactoryImpl.loadOWLOntology(OWLOntologyFactoryImpl.java:195)
        uk.ac.manchester.cs.owl.owlapi.OWLOntologyManagerImpl.load(OWLOntologyManagerImpl.java:1105)
        uk.ac.manchester.cs.owl.owlapi.OWLOntologyManagerImpl.loadOntology(OWLOntologyManagerImpl.java:1055)
        uk.ac.manchester.cs.owl.owlapi.OWLOntologyManagerImpl.loadOntology(OWLOntologyManagerImpl.java:955)
        uk.ac.manchester.cs.owl.owlapi.OWLOntologyManagerImpl.loadImports(OWLOntologyManagerImpl.java:1663)
        uk.ac.manchester.cs.owl.owlapi.OWLOntologyManagerImpl.makeLoadImportRequest(OWLOntologyManagerImpl.java:1703)
The document could not be loaded or parsed [code=LOADING_DOCUMENT_FAILED].        no.hasmac.jsonld.document.JsonDocument.of(JsonDocument.java:154)
        no.hasmac.jsonld.document.JsonDocument.of(JsonDocument.java:129)
        org.eclipse.rdf4j.rio.jsonld.JSONLDParser.getDocument(JSONLDParser.java:285)
        org.eclipse.rdf4j.rio.jsonld.JSONLDParser.parse(JSONLDParser.java:134)
        org.eclipse.rdf4j.rio.jsonld.JSONLDParser.parse(JSONLDParser.java:112)
        org.semanticweb.owlapi.rio.RioParserImpl.parseDocumentSource(RioParserImpl.java:186)
        org.semanticweb.owlapi.rio.RioParserImpl.parse(RioParserImpl.java:134)
        uk.ac.manchester.cs.owl.owlapi.OWLOntologyFactoryImpl.loadOWLOntology(OWLOntologyFactoryImpl.java:195)
        uk.ac.manchester.cs.owl.owlapi.OWLOntologyManagerImpl.load(OWLOntologyManagerImpl.java:1105)
        uk.ac.manchester.cs.owl.owlapi.OWLOntologyManagerImpl.loadOntology(OWLOntologyManagerImpl.java:1055)
Unexpected char 60 at (line no=1, column no=1, offset=0)        org.glassfish.json.JsonTokenizer.unexpectedChar(JsonTokenizer.java:577)
        org.glassfish.json.JsonTokenizer.nextToken(JsonTokenizer.java:394)
        org.glassfish.json.JsonParserImpl$NoneContext.getNextEvent(JsonParserImpl.java:419)
        org.glassfish.json.JsonParserImpl.next(JsonParserImpl.java:369)
        no.hasmac.jsonld.document.JsonDocument.doParse(JsonDocument.java:164)
        no.hasmac.jsonld.document.JsonDocument.of(JsonDocument.java:151)
        no.hasmac.jsonld.document.JsonDocument.of(JsonDocument.java:129)
        org.eclipse.rdf4j.rio.jsonld.JSONLDParser.getDocument(JSONLDParser.java:285)
        org.eclipse.rdf4j.rio.jsonld.JSONLDParser.parse(JSONLDParser.java:134)
        org.eclipse.rdf4j.rio.jsonld.JSONLDParser.parse(JSONLDParser.java:112)


--------------------------------------------------------------------------------
Parser: org.semanticweb.owlapi.rio.RioParserImpl : org.semanticweb.owlapi.formats.N3DocumentFormatFactory@9a5
    Stack trace:
org.eclipse.rdf4j.rio.RDFParseException: Expected '.', found '<' [line 5]        org.semanticweb.owlapi.rio.RioParserImpl.parse(RioParserImpl.java:148)
        uk.ac.manchester.cs.owl.owlapi.OWLOntologyFactoryImpl.loadOWLOntology(OWLOntologyFactoryImpl.java:195)
        uk.ac.manchester.cs.owl.owlapi.OWLOntologyManagerImpl.load(OWLOntologyManagerImpl.java:1105)
        uk.ac.manchester.cs.owl.owlapi.OWLOntologyManagerImpl.loadOntology(OWLOntologyManagerImpl.java:1055)
        uk.ac.manchester.cs.owl.owlapi.OWLOntologyManagerImpl.loadOntology(OWLOntologyManagerImpl.java:955)
        uk.ac.manchester.cs.owl.owlapi.OWLOntologyManagerImpl.loadImports(OWLOntologyManagerImpl.java:1663)
        uk.ac.manchester.cs.owl.owlapi.OWLOntologyManagerImpl.makeLoadImportRequest(OWLOntologyManagerImpl.java:1703)
        org.semanticweb.owlapi.rdf.rdfxml.parser.TripleHandlers$TPImportsHandler.handleTriple(TripleHandlers.java:1555)
        org.semanticweb.owlapi.rdf.rdfxml.parser.TripleHandlers$HandlerAccessor.handleStreaming(TripleHandlers.java:369)
        org.semanticweb.owlapi.rdf.rdfxml.parser.OWLRDFConsumer.statementWithResourceValue(OWLRDFConsumer.java:1563)
Expected '.', found '<' [line 5]        org.eclipse.rdf4j.rio.helpers.RDFParserHelper.reportFatalError(RDFParserHelper.java:347)
        org.eclipse.rdf4j.rio.helpers.AbstractRDFParser.reportFatalError(AbstractRDFParser.java:698)
        org.eclipse.rdf4j.rio.turtle.TurtleParser.reportFatalError(TurtleParser.java:1309)
        org.eclipse.rdf4j.rio.turtle.TurtleParser.verifyCharacterOrFail(TurtleParser.java:1154)
        org.eclipse.rdf4j.rio.turtle.TurtleParser.parseStatement(TurtleParser.java:205)
        org.eclipse.rdf4j.rio.turtle.TurtleParser.parse(TurtleParser.java:165)
        org.semanticweb.owlapi.rio.RioParserImpl.parseDocumentSource(RioParserImpl.java:186)
        org.semanticweb.owlapi.rio.RioParserImpl.parse(RioParserImpl.java:134)
        uk.ac.manchester.cs.owl.owlapi.OWLOntologyFactoryImpl.loadOWLOntology(OWLOntologyFactoryImpl.java:195)
        uk.ac.manchester.cs.owl.owlapi.OWLOntologyManagerImpl.load(OWLOntologyManagerImpl.java:1105)


--------------------------------------------------------------------------------
Parser: org.semanticweb.owlapi.rio.RioParserImpl : org.semanticweb.owlapi.formats.RioRDFXMLDocumentFormatFactory@69b9a3bc
    Stack trace:
org.eclipse.rdf4j.rio.RDFParseException: 注释中不允许出现字符串 "--"。 [line 38, column 12]        org.semanticweb.owlapi.rio.RioParserImpl.parse(RioParserImpl.java:148)
        uk.ac.manchester.cs.owl.owlapi.OWLOntologyFactoryImpl.loadOWLOntology(OWLOntologyFactoryImpl.java:195)
        uk.ac.manchester.cs.owl.owlapi.OWLOntologyManagerImpl.load(OWLOntologyManagerImpl.java:1105)
        uk.ac.manchester.cs.owl.owlapi.OWLOntologyManagerImpl.loadOntology(OWLOntologyManagerImpl.java:1055)
        uk.ac.manchester.cs.owl.owlapi.OWLOntologyManagerImpl.loadOntology(OWLOntologyManagerImpl.java:955)
        uk.ac.manchester.cs.owl.owlapi.OWLOntologyManagerImpl.loadImports(OWLOntologyManagerImpl.java:1663)
        uk.ac.manchester.cs.owl.owlapi.OWLOntologyManagerImpl.makeLoadImportRequest(OWLOntologyManagerImpl.java:1703)
        org.semanticweb.owlapi.rdf.rdfxml.parser.TripleHandlers$TPImportsHandler.handleTriple(TripleHandlers.java:1555)
        org.semanticweb.owlapi.rdf.rdfxml.parser.TripleHandlers$HandlerAccessor.handleStreaming(TripleHandlers.java:369)
        org.semanticweb.owlapi.rdf.rdfxml.parser.OWLRDFConsumer.statementWithResourceValue(OWLRDFConsumer.java:1563)
注释中不允许出现字符串 "--"。 [line 38, column 12]        org.eclipse.rdf4j.rio.helpers.RDFParserHelper.reportFatalError(RDFParserHelper.java:380)
        org.eclipse.rdf4j.rio.helpers.AbstractRDFParser.reportFatalError(AbstractRDFParser.java:723)
        org.eclipse.rdf4j.rio.rdfxml.RDFXMLParser.reportFatalError(RDFXMLParser.java:1022)
        org.eclipse.rdf4j.rio.rdfxml.RDFXMLParser.fatalError(RDFXMLParser.java:1159)
        java.xml/com.sun.org.apache.xerces.internal.util.ErrorHandlerWrapper.fatalError(ErrorHandlerWrapper.java:181)
        java.xml/com.sun.org.apache.xerces.internal.impl.XMLErrorReporter.reportError(XMLErrorReporter.java:400)
        java.xml/com.sun.org.apache.xerces.internal.impl.XMLErrorReporter.reportError(XMLErrorReporter.java:327)
        java.xml/com.sun.org.apache.xerces.internal.impl.XMLScanner.reportFatalError(XMLScanner.java:1465)
        java.xml/com.sun.org.apache.xerces.internal.impl.XMLScanner.scanComment(XMLScanner.java:818)
        java.xml/com.sun.org.apache.xerces.internal.impl.XMLDocumentFragmentScannerImpl.scanComment(XMLDocumentFragmentScannerImpl.java:1088)
注释中不允许出现字符串 "--"。        java.xml/com.sun.org.apache.xerces.internal.util.ErrorHandlerWrapper.createSAXParseException(ErrorHandlerWrapper.java:204)
        java.xml/com.sun.org.apache.xerces.internal.util.ErrorHandlerWrapper.fatalError(ErrorHandlerWrapper.java:178)
        java.xml/com.sun.org.apache.xerces.internal.impl.XMLErrorReporter.reportError(XMLErrorReporter.java:400)
        java.xml/com.sun.org.apache.xerces.internal.impl.XMLErrorReporter.reportError(XMLErrorReporter.java:327)
        java.xml/com.sun.org.apache.xerces.internal.impl.XMLScanner.reportFatalError(XMLScanner.java:1465)
        java.xml/com.sun.org.apache.xerces.internal.impl.XMLScanner.scanComment(XMLScanner.java:818)
        java.xml/com.sun.org.apache.xerces.internal.impl.XMLDocumentFragmentScannerImpl.scanComment(XMLDocumentFragmentScannerImpl.java:1088)
        java.xml/com.sun.org.apache.xerces.internal.impl.XMLDocumentFragmentScannerImpl$FragmentContentDriver.next(XMLDocumentFragmentScannerImpl.java:2924)
        java.xml/com.sun.org.apache.xerces.internal.impl.XMLDocumentScannerImpl.next(XMLDocumentScannerImpl.java:635)
        java.xml/com.sun.org.apache.xerces.internal.impl.XMLNSDocumentScannerImpl.next(XMLNSDocumentScannerImpl.java:113)


--------------------------------------------------------------------------------
Parser: org.semanticweb.owlapi.rdf.turtle.parser.TurtleOntologyParser@7c0a6f62
    Stack trace:
org.semanticweb.owlapi.rdf.turtle.parser.ParseException: Encountered unexpected token: "<" <ERROR>
    at line 1, column 1.

Was expecting one of:

    "("
    "@base"
    "@prefix"
    "["
    <EMPTY_BLANK_NODE>
    <FULLIRI>
    <NODEID>
    <PNAME_LN>
    <PNAME_NS>
        org.semanticweb.owlapi.rdf.turtle.parser.TurtleOntologyParser.parse(TurtleOntologyParser.java:58)
        uk.ac.manchester.cs.owl.owlapi.OWLOntologyFactoryImpl.loadOWLOntology(OWLOntologyFactoryImpl.java:195)
        uk.ac.manchester.cs.owl.owlapi.OWLOntologyManagerImpl.load(OWLOntologyManagerImpl.java:1105)
        uk.ac.manchester.cs.owl.owlapi.OWLOntologyManagerImpl.loadOntology(OWLOntologyManagerImpl.java:1055)
        uk.ac.manchester.cs.owl.owlapi.OWLOntologyManagerImpl.loadOntology(OWLOntologyManagerImpl.java:955)
        uk.ac.manchester.cs.owl.owlapi.OWLOntologyManagerImpl.loadImports(OWLOntologyManagerImpl.java:1663)
        uk.ac.manchester.cs.owl.owlapi.OWLOntologyManagerImpl.makeLoadImportRequest(OWLOntologyManagerImpl.java:1703)
        org.semanticweb.owlapi.rdf.rdfxml.parser.TripleHandlers$TPImportsHandler.handleTriple(TripleHandlers.java:1555)
        org.semanticweb.owlapi.rdf.rdfxml.parser.TripleHandlers$HandlerAccessor.handleStreaming(TripleHandlers.java:369)
        org.semanticweb.owlapi.rdf.rdfxml.parser.OWLRDFConsumer.statementWithResourceValue(OWLRDFConsumer.java:1563)
Encountered unexpected token: "<" <ERROR>
    at line 1, column 1.

Was expecting one of:

    "("
    "@base"
    "@prefix"
    "["
    <EMPTY_BLANK_NODE>
    <FULLIRI>
    <NODEID>
    <PNAME_LN>
    <PNAME_NS>
        org.semanticweb.owlapi.rdf.turtle.parser.TurtleParser.generateParseException(TurtleParser.java:1034)
        org.semanticweb.owlapi.rdf.turtle.parser.TurtleParser.jj_consume_token(TurtleParser.java:902)
        org.semanticweb.owlapi.rdf.turtle.parser.TurtleParser.parseDocument(TurtleParser.java:165)
        org.semanticweb.owlapi.rdf.turtle.parser.TurtleOntologyParser.parse(TurtleOntologyParser.java:54)
        uk.ac.manchester.cs.owl.owlapi.OWLOntologyFactoryImpl.loadOWLOntology(OWLOntologyFactoryImpl.java:195)
        uk.ac.manchester.cs.owl.owlapi.OWLOntologyManagerImpl.load(OWLOntologyManagerImpl.java:1105)
        uk.ac.manchester.cs.owl.owlapi.OWLOntologyManagerImpl.loadOntology(OWLOntologyManagerImpl.java:1055)
        uk.ac.manchester.cs.owl.owlapi.OWLOntologyManagerImpl.loadOntology(OWLOntologyManagerImpl.java:955)
        uk.ac.manchester.cs.owl.owlapi.OWLOntologyManagerImpl.loadImports(OWLOntologyManagerImpl.java:1663)
        uk.ac.manchester.cs.owl.owlapi.OWLOntologyManagerImpl.makeLoadImportRequest(OWLOntologyManagerImpl.java:1703)


--------------------------------------------------------------------------------
Parser: org.semanticweb.owlapi.oboformat.OBOFormatOWLAPIParser@6b170692
    Stack trace:
LINENO: 1 - Could not find tag separator ':' in line.
LINE: <?xml version="1.0" encoding="UTF-8"?>        org.semanticweb.owlapi.oboformat.OBOFormatOWLAPIParser.parse(OBOFormatOWLAPIParser.java:50)
        uk.ac.manchester.cs.owl.owlapi.OWLOntologyFactoryImpl.loadOWLOntology(OWLOntologyFactoryImpl.java:195)
        uk.ac.manchester.cs.owl.owlapi.OWLOntologyManagerImpl.load(OWLOntologyManagerImpl.java:1105)
        uk.ac.manchester.cs.owl.owlapi.OWLOntologyManagerImpl.loadOntology(OWLOntologyManagerImpl.java:1055)
        uk.ac.manchester.cs.owl.owlapi.OWLOntologyManagerImpl.loadOntology(OWLOntologyManagerImpl.java:955)
        uk.ac.manchester.cs.owl.owlapi.OWLOntologyManagerImpl.loadImports(OWLOntologyManagerImpl.java:1663)
        uk.ac.manchester.cs.owl.owlapi.OWLOntologyManagerImpl.makeLoadImportRequest(OWLOntologyManagerImpl.java:1703)
        org.semanticweb.owlapi.rdf.rdfxml.parser.TripleHandlers$TPImportsHandler.handleTriple(TripleHandlers.java:1555)
        org.semanticweb.owlapi.rdf.rdfxml.parser.TripleHandlers$HandlerAccessor.handleStreaming(TripleHandlers.java:369)
        org.semanticweb.owlapi.rdf.rdfxml.parser.OWLRDFConsumer.statementWithResourceValue(OWLRDFConsumer.java:1563)
LINENO: 1 - Could not find tag separator ':' in line.
LINE: <?xml version="1.0" encoding="UTF-8"?>        org.obolibrary.oboformat.parser.OBOFormatParser.error(OBOFormatParser.java:1317)
        org.obolibrary.oboformat.parser.OBOFormatParser.getParseTag(OBOFormatParser.java:731)
        org.obolibrary.oboformat.parser.OBOFormatParser.parseHeaderClause(OBOFormatParser.java:409)
        org.obolibrary.oboformat.parser.OBOFormatParser.parseHeaderClauseNl(OBOFormatParser.java:402)
        org.obolibrary.oboformat.parser.OBOFormatParser.parseHeaderFrame(OBOFormatParser.java:385)
        org.obolibrary.oboformat.parser.OBOFormatParser.parseOBODoc(OBOFormatParser.java:268)
        org.obolibrary.oboformat.parser.OBOFormatParser.parse(OBOFormatParser.java:237)
        org.semanticweb.owlapi.oboformat.OBOFormatOWLAPIParser.parse(OBOFormatOWLAPIParser.java:44)
        uk.ac.manchester.cs.owl.owlapi.OWLOntologyFactoryImpl.loadOWLOntology(OWLOntologyFactoryImpl.java:195)
        uk.ac.manchester.cs.owl.owlapi.OWLOntologyManagerImpl.load(OWLOntologyManagerImpl.java:1105)


--------------------------------------------------------------------------------
Parser: org.semanticweb.owlapi.dlsyntax.parser.DLSyntaxOWLParser@4603c412
    Stack trace:
Encountered unexpected token: "<" <MAX>
    at line 1, column 1.

Was expecting one of:

    ":"
    "\n"
        org.semanticweb.owlapi.dlsyntax.parser.DLSyntaxOWLParser.parse(DLSyntaxOWLParser.java:52)
        uk.ac.manchester.cs.owl.owlapi.OWLOntologyFactoryImpl.loadOWLOntology(OWLOntologyFactoryImpl.java:195)
        uk.ac.manchester.cs.owl.owlapi.OWLOntologyManagerImpl.load(OWLOntologyManagerImpl.java:1105)
        uk.ac.manchester.cs.owl.owlapi.OWLOntologyManagerImpl.loadOntology(OWLOntologyManagerImpl.java:1055)
        uk.ac.manchester.cs.owl.owlapi.OWLOntologyManagerImpl.loadOntology(OWLOntologyManagerImpl.java:955)
        uk.ac.manchester.cs.owl.owlapi.OWLOntologyManagerImpl.loadImports(OWLOntologyManagerImpl.java:1663)
        uk.ac.manchester.cs.owl.owlapi.OWLOntologyManagerImpl.makeLoadImportRequest(OWLOntologyManagerImpl.java:1703)
        org.semanticweb.owlapi.rdf.rdfxml.parser.TripleHandlers$TPImportsHandler.handleTriple(TripleHandlers.java:1555)
        org.semanticweb.owlapi.rdf.rdfxml.parser.TripleHandlers$HandlerAccessor.handleStreaming(TripleHandlers.java:369)
        org.semanticweb.owlapi.rdf.rdfxml.parser.OWLRDFConsumer.statementWithResourceValue(OWLRDFConsumer.java:1563)
Encountered unexpected token: "<" <MAX>
    at line 1, column 1.

Was expecting one of:

    ":"
    "\n"
        org.semanticweb.owlapi.dlsyntax.parser.DLSyntaxParser.generateParseException(DLSyntaxParser.java:1572)
        org.semanticweb.owlapi.dlsyntax.parser.DLSyntaxParser.jj_consume_token(DLSyntaxParser.java:1443)
        org.semanticweb.owlapi.dlsyntax.parser.DLSyntaxParser.parseAxiom(DLSyntaxParser.java:141)
        org.semanticweb.owlapi.dlsyntax.parser.DLSyntaxParser.parseAxioms(DLSyntaxParser.java:114)
        org.semanticweb.owlapi.dlsyntax.parser.DLSyntaxOWLParser.parse(DLSyntaxOWLParser.java:48)
        uk.ac.manchester.cs.owl.owlapi.OWLOntologyFactoryImpl.loadOWLOntology(OWLOntologyFactoryImpl.java:195)
        uk.ac.manchester.cs.owl.owlapi.OWLOntologyManagerImpl.load(OWLOntologyManagerImpl.java:1105)
        uk.ac.manchester.cs.owl.owlapi.OWLOntologyManagerImpl.loadOntology(OWLOntologyManagerImpl.java:1055)
        uk.ac.manchester.cs.owl.owlapi.OWLOntologyManagerImpl.loadOntology(OWLOntologyManagerImpl.java:955)
        uk.ac.manchester.cs.owl.owlapi.OWLOntologyManagerImpl.loadImports(OWLOntologyManagerImpl.java:1663)


--------------------------------------------------------------------------------
Parser: org.semanticweb.owlapi.rio.RioParserImpl : org.semanticweb.owlapi.formats.BinaryRDFDocumentFormatFactory@3bf24493
    Stack trace:
org.eclipse.rdf4j.rio.RDFParseException: File does not contain a binary RDF document        org.semanticweb.owlapi.rio.RioParserImpl.parse(RioParserImpl.java:148)
        uk.ac.manchester.cs.owl.owlapi.OWLOntologyFactoryImpl.loadOWLOntology(OWLOntologyFactoryImpl.java:195)
        uk.ac.manchester.cs.owl.owlapi.OWLOntologyManagerImpl.load(OWLOntologyManagerImpl.java:1105)
        uk.ac.manchester.cs.owl.owlapi.OWLOntologyManagerImpl.loadOntology(OWLOntologyManagerImpl.java:1055)
        uk.ac.manchester.cs.owl.owlapi.OWLOntologyManagerImpl.loadOntology(OWLOntologyManagerImpl.java:955)
        uk.ac.manchester.cs.owl.owlapi.OWLOntologyManagerImpl.loadImports(OWLOntologyManagerImpl.java:1663)
        uk.ac.manchester.cs.owl.owlapi.OWLOntologyManagerImpl.makeLoadImportRequest(OWLOntologyManagerImpl.java:1703)
        org.semanticweb.owlapi.rdf.rdfxml.parser.TripleHandlers$TPImportsHandler.handleTriple(TripleHandlers.java:1555)
        org.semanticweb.owlapi.rdf.rdfxml.parser.TripleHandlers$HandlerAccessor.handleStreaming(TripleHandlers.java:369)
        org.semanticweb.owlapi.rdf.rdfxml.parser.OWLRDFConsumer.statementWithResourceValue(OWLRDFConsumer.java:1563)
File does not contain a binary RDF document        org.eclipse.rdf4j.rio.helpers.RDFParserHelper.reportFatalError(RDFParserHelper.java:347)
        org.eclipse.rdf4j.rio.helpers.RDFParserHelper.reportFatalError(RDFParserHelper.java:334)
        org.eclipse.rdf4j.rio.helpers.AbstractRDFParser.reportFatalError(AbstractRDFParser.java:690)
        org.eclipse.rdf4j.rio.binary.BinaryRDFParser.parse(BinaryRDFParser.java:92)
        org.semanticweb.owlapi.rio.RioParserImpl.parseDocumentSource(RioParserImpl.java:198)
        org.semanticweb.owlapi.rio.RioParserImpl.parse(RioParserImpl.java:134)
        uk.ac.manchester.cs.owl.owlapi.OWLOntologyFactoryImpl.loadOWLOntology(OWLOntologyFactoryImpl.java:195)
        uk.ac.manchester.cs.owl.owlapi.OWLOntologyManagerImpl.load(OWLOntologyManagerImpl.java:1105)
        uk.ac.manchester.cs.owl.owlapi.OWLOntologyManagerImpl.loadOntology(OWLOntologyManagerImpl.java:1055)
        uk.ac.manchester.cs.owl.owlapi.OWLOntologyManagerImpl.loadOntology(OWLOntologyManagerImpl.java:955)


--------------------------------------------------------------------------------
Parser: org.semanticweb.owlapi.krss2.parser.KRSS2OWLParser@341df373
    Stack trace:
org.semanticweb.owlapi.krss2.parser.ParseException: Encountered unexpected token: "<?xml version=\"1.0\" encoding=\"UTF-8\"?>" ">"
    at line 1, column 1.

Was expecting:

    <EOF>
        org.semanticweb.owlapi.krss2.parser.KRSS2OWLParser.parse(KRSS2OWLParser.java:252)
        uk.ac.manchester.cs.owl.owlapi.OWLOntologyFactoryImpl.loadOWLOntology(OWLOntologyFactoryImpl.java:195)
        uk.ac.manchester.cs.owl.owlapi.OWLOntologyManagerImpl.load(OWLOntologyManagerImpl.java:1105)
        uk.ac.manchester.cs.owl.owlapi.OWLOntologyManagerImpl.loadOntology(OWLOntologyManagerImpl.java:1055)
        uk.ac.manchester.cs.owl.owlapi.OWLOntologyManagerImpl.loadOntology(OWLOntologyManagerImpl.java:955)
        uk.ac.manchester.cs.owl.owlapi.OWLOntologyManagerImpl.loadImports(OWLOntologyManagerImpl.java:1663)
        uk.ac.manchester.cs.owl.owlapi.OWLOntologyManagerImpl.makeLoadImportRequest(OWLOntologyManagerImpl.java:1703)
        org.semanticweb.owlapi.rdf.rdfxml.parser.TripleHandlers$TPImportsHandler.handleTriple(TripleHandlers.java:1555)
        org.semanticweb.owlapi.rdf.rdfxml.parser.TripleHandlers$HandlerAccessor.handleStreaming(TripleHandlers.java:369)
        org.semanticweb.owlapi.rdf.rdfxml.parser.OWLRDFConsumer.statementWithResourceValue(OWLRDFConsumer.java:1563)
Encountered unexpected token: "<?xml version=\"1.0\" encoding=\"UTF-8\"?>" ">"
    at line 1, column 1.

Was expecting:

    <EOF>
        org.semanticweb.owlapi.krss2.parser.KRSS2Parser.generateParseException(KRSS2Parser.java:2103)
        org.semanticweb.owlapi.krss2.parser.KRSS2Parser.jj_consume_token(KRSS2Parser.java:1968)
        org.semanticweb.owlapi.krss2.parser.KRSS2Parser.parse(KRSS2Parser.java:124)
        org.semanticweb.owlapi.krss2.parser.KRSS2OWLParser.parse(KRSS2OWLParser.java:249)
        uk.ac.manchester.cs.owl.owlapi.OWLOntologyFactoryImpl.loadOWLOntology(OWLOntologyFactoryImpl.java:195)
        uk.ac.manchester.cs.owl.owlapi.OWLOntologyManagerImpl.load(OWLOntologyManagerImpl.java:1105)
        uk.ac.manchester.cs.owl.owlapi.OWLOntologyManagerImpl.loadOntology(OWLOntologyManagerImpl.java:1055)
        uk.ac.manchester.cs.owl.owlapi.OWLOntologyManagerImpl.loadOntology(OWLOntologyManagerImpl.java:955)
        uk.ac.manchester.cs.owl.owlapi.OWLOntologyManagerImpl.loadImports(OWLOntologyManagerImpl.java:1663)
        uk.ac.manchester.cs.owl.owlapi.OWLOntologyManagerImpl.makeLoadImportRequest(OWLOntologyManagerImpl.java:1703)


--------------------------------------------------------------------------------
Parser: org.semanticweb.owlapi.rio.RioParserImpl : org.semanticweb.owlapi.formats.HDTRDFDocumentFormatFactory@116d8
    Stack trace:
org.eclipse.rdf4j.rio.RDFParseException: $HDT marker not found [line 4]        org.semanticweb.owlapi.rio.RioParserImpl.parse(RioParserImpl.java:148)
        uk.ac.manchester.cs.owl.owlapi.OWLOntologyFactoryImpl.loadOWLOntology(OWLOntologyFactoryImpl.java:195)
        uk.ac.manchester.cs.owl.owlapi.OWLOntologyManagerImpl.load(OWLOntologyManagerImpl.java:1105)
        uk.ac.manchester.cs.owl.owlapi.OWLOntologyManagerImpl.loadOntology(OWLOntologyManagerImpl.java:1055)
        uk.ac.manchester.cs.owl.owlapi.OWLOntologyManagerImpl.loadOntology(OWLOntologyManagerImpl.java:955)
        uk.ac.manchester.cs.owl.owlapi.OWLOntologyManagerImpl.loadImports(OWLOntologyManagerImpl.java:1663)
        uk.ac.manchester.cs.owl.owlapi.OWLOntologyManagerImpl.makeLoadImportRequest(OWLOntologyManagerImpl.java:1703)
        org.semanticweb.owlapi.rdf.rdfxml.parser.TripleHandlers$TPImportsHandler.handleTriple(TripleHandlers.java:1555)
        org.semanticweb.owlapi.rdf.rdfxml.parser.TripleHandlers$HandlerAccessor.handleStreaming(TripleHandlers.java:369)
        org.semanticweb.owlapi.rdf.rdfxml.parser.OWLRDFConsumer.statementWithResourceValue(OWLRDFConsumer.java:1563)
$HDT marker not found [line 4]        org.eclipse.rdf4j.rio.helpers.RDFParserHelper.reportFatalError(RDFParserHelper.java:347)
        org.eclipse.rdf4j.rio.helpers.AbstractRDFParser.reportFatalError(AbstractRDFParser.java:698)
        org.eclipse.rdf4j.rio.hdt.HDTParser.parse(HDTParser.java:156)
        org.semanticweb.owlapi.rio.RioParserImpl.parseDocumentSource(RioParserImpl.java:198)
        org.semanticweb.owlapi.rio.RioParserImpl.parse(RioParserImpl.java:134)
        uk.ac.manchester.cs.owl.owlapi.OWLOntologyFactoryImpl.loadOWLOntology(OWLOntologyFactoryImpl.java:195)
        uk.ac.manchester.cs.owl.owlapi.OWLOntologyManagerImpl.load(OWLOntologyManagerImpl.java:1105)
        uk.ac.manchester.cs.owl.owlapi.OWLOntologyManagerImpl.loadOntology(OWLOntologyManagerImpl.java:1055)
        uk.ac.manchester.cs.owl.owlapi.OWLOntologyManagerImpl.loadOntology(OWLOntologyManagerImpl.java:955)
        uk.ac.manchester.cs.owl.owlapi.OWLOntologyManagerImpl.loadImports(OWLOntologyManagerImpl.java:1663)


--------------------------------------------------------------------------------
Parser: org.semanticweb.owlapi.rio.RioParserImpl : org.semanticweb.owlapi.formats.RDFaDocumentFormatFactory@264e8d
    Stack trace:
org.eclipse.rdf4j.rio.UnsupportedRDFormatException: Did not recognise RDF format object RDFa (mimeTypes=application/xhtml+xml, application/html, text/html; ext=xhtml, html)        org.semanticweb.owlapi.rio.RioParserImpl.parse(RioParserImpl.java:148)
        uk.ac.manchester.cs.owl.owlapi.OWLOntologyFactoryImpl.loadOWLOntology(OWLOntologyFactoryImpl.java:195)
        uk.ac.manchester.cs.owl.owlapi.OWLOntologyManagerImpl.load(OWLOntologyManagerImpl.java:1105)
        uk.ac.manchester.cs.owl.owlapi.OWLOntologyManagerImpl.loadOntology(OWLOntologyManagerImpl.java:1055)
        uk.ac.manchester.cs.owl.owlapi.OWLOntologyManagerImpl.loadOntology(OWLOntologyManagerImpl.java:955)
        uk.ac.manchester.cs.owl.owlapi.OWLOntologyManagerImpl.loadImports(OWLOntologyManagerImpl.java:1663)
        uk.ac.manchester.cs.owl.owlapi.OWLOntologyManagerImpl.makeLoadImportRequest(OWLOntologyManagerImpl.java:1703)
        org.semanticweb.owlapi.rdf.rdfxml.parser.TripleHandlers$TPImportsHandler.handleTriple(TripleHandlers.java:1555)
        org.semanticweb.owlapi.rdf.rdfxml.parser.TripleHandlers$HandlerAccessor.handleStreaming(TripleHandlers.java:369)
        org.semanticweb.owlapi.rdf.rdfxml.parser.OWLRDFConsumer.statementWithResourceValue(OWLRDFConsumer.java:1563)
Did not recognise RDF format object RDFa (mimeTypes=application/xhtml+xml, application/html, text/html; ext=xhtml, html)        org.eclipse.rdf4j.rio.Rio.lambda$unsupportedFormat$0(Rio.java:761)
        java.base/java.util.Optional.orElseThrow(Optional.java:407)
        org.eclipse.rdf4j.rio.Rio.createParser(Rio.java:99)
        org.semanticweb.owlapi.rio.RioParserImpl.parseDocumentSource(RioParserImpl.java:173)
        org.semanticweb.owlapi.rio.RioParserImpl.parse(RioParserImpl.java:134)
        uk.ac.manchester.cs.owl.owlapi.OWLOntologyFactoryImpl.loadOWLOntology(OWLOntologyFactoryImpl.java:195)
        uk.ac.manchester.cs.owl.owlapi.OWLOntologyManagerImpl.load(OWLOntologyManagerImpl.java:1105)
        uk.ac.manchester.cs.owl.owlapi.OWLOntologyManagerImpl.loadOntology(OWLOntologyManagerImpl.java:1055)
        uk.ac.manchester.cs.owl.owlapi.OWLOntologyManagerImpl.loadOntology(OWLOntologyManagerImpl.java:955)
        uk.ac.manchester.cs.owl.owlapi.OWLOntologyManagerImpl.loadImports(OWLOntologyManagerImpl.java:1663)



00:38:59.052 |-INFO  in o.a.catalina.core.StandardService - Stopping service [Tomcat]
00:38:59.079 |-INFO  in o.s.b.a.l.ConditionEvaluationReportLoggingListener - 

Error starting ApplicationContext. To display the conditions report re-run your application with 'debug' enabled.
00:38:59.111 |-ERROR in o.s.boot.SpringApplication - Application run failed
org.springframework.beans.factory.UnsatisfiedDependencyException: Error creating bean with name 'sparqlQueryController' defined in URL [jar:file:/D:/work/Ontology/ontop-cli-5.5.0/lib/ontop-endpoint-5.5.0.jar!/it/unibz/inf/ontop/endpoint/controllers/SparqlQueryController.class]: Unsatisfied dependency expressed through constructor parameter 0; nested exception is org.springframework.beans.factory.BeanCreationException: Error creating bean with name 'setupVirtualRepository' defined in class path resource [it/unibz/inf/ontop/endpoint/beans/OntopVirtualRepositoryBean.class]: Bean instantiation via factory method failed; nested exception is org.springframework.beans.BeanInstantiationException: Failed to instantiate [it.unibz.inf.ontop.rdf4j.repository.impl.OntopVirtualRepository]: Factory method 'setupVirtualRepository' threw exception; nested exception is org.eclipse.rdf4j.repository.RepositoryException: org.semanticweb.owlapi.model.UnloadableImportException: Could not load imported ontology: <http://www.tcm-classics.org/fangji> Cause: Problem parsing file:/D:/work/Ontology/TraditionalChineseMedicineOntology/ontology/fangji.owl
Could not parse ontology.  Either a suitable parser could not be found, or parsing failed.  See parser logs below for explanation.
The following parsers were tried:
1) org.semanticweb.owlapi.rdf.rdfxml.parser.RDFXMLParser@2cd2c764
2) org.semanticweb.owlapi.owlxml.parser.OWLXMLParser@571c7572
3) org.semanticweb.owlapi.functional.parser.OWLFunctionalSyntaxOWLParser@c6a3f47
4) org.semanticweb.owlapi.rio.RioParserImpl : org.semanticweb.owlapi.formats.RioTurtleDocumentFormatFactory@95fd655c
5) org.semanticweb.owlapi.manchestersyntax.parser.ManchesterOWLSyntaxOntologyParser@59bbf82e
6) org.semanticweb.owlapi.rio.RioParserImpl : org.semanticweb.owlapi.formats.NQuadsDocumentFormatFactory@6f9c39ad
7) org.semanticweb.owlapi.rio.RioParserImpl : org.semanticweb.owlapi.formats.NTriplesDocumentFormatFactory@937ecd36
8) org.semanticweb.owlapi.rio.RioParserImpl : org.semanticweb.owlapi.formats.RDFJsonDocumentFormatFactory@cd748dc3
9) org.semanticweb.owlapi.rio.RioParserImpl : org.semanticweb.owlapi.formats.TrigDocumentFormatFactory@27e81c
10) org.semanticweb.owlapi.rio.RioParserImpl : org.semanticweb.owlapi.formats.RDFJsonLDDocumentFormatFactory@dcacc47d
11) org.semanticweb.owlapi.rio.RioParserImpl : org.semanticweb.owlapi.formats.N3DocumentFormatFactory@9a5
12) org.semanticweb.owlapi.rio.RioParserImpl : org.semanticweb.owlapi.formats.RioRDFXMLDocumentFormatFactory@69b9a3bc
13) org.semanticweb.owlapi.rdf.turtle.parser.TurtleOntologyParser@7c0a6f62
14) org.semanticweb.owlapi.oboformat.OBOFormatOWLAPIParser@6b170692
15) org.semanticweb.owlapi.dlsyntax.parser.DLSyntaxOWLParser@4603c412
16) org.semanticweb.owlapi.rio.RioParserImpl : org.semanticweb.owlapi.formats.BinaryRDFDocumentFormatFactory@3bf24493
17) org.semanticweb.owlapi.krss2.parser.KRSS2OWLParser@341df373
18) org.semanticweb.owlapi.rio.RioParserImpl : org.semanticweb.owlapi.formats.HDTRDFDocumentFormatFactory@116d8
19) org.semanticweb.owlapi.rio.RioParserImpl : org.semanticweb.owlapi.formats.RDFaDocumentFormatFactory@264e8d


Detailed logs:
--------------------------------------------------------------------------------
Parser: org.semanticweb.owlapi.rdf.rdfxml.parser.RDFXMLParser@2cd2c764
    Stack trace:
org.xml.sax.SAXParseException; systemId: file:/D:/work/Ontology/TraditionalChineseMedicineOntology/ontology/fangji.owl; lineNumber: 38; columnNumber: 12; 注释中不允许出现字符串 "--"。        org.semanticweb.owlapi.rdf.rdfxml.parser.RDFXMLParser.parse(RDFXMLParser.java:69)
        uk.ac.manchester.cs.owl.owlapi.OWLOntologyFactoryImpl.loadOWLOntology(OWLOntologyFactoryImpl.java:195)
        uk.ac.manchester.cs.owl.owlapi.OWLOntologyManagerImpl.load(OWLOntologyManagerImpl.java:1105)
        uk.ac.manchester.cs.owl.owlapi.OWLOntologyManagerImpl.loadOntology(OWLOntologyManagerImpl.java:1055)
        uk.ac.manchester.cs.owl.owlapi.OWLOntologyManagerImpl.loadOntology(OWLOntologyManagerImpl.java:955)
        uk.ac.manchester.cs.owl.owlapi.OWLOntologyManagerImpl.loadImports(OWLOntologyManagerImpl.java:1663)
        uk.ac.manchester.cs.owl.owlapi.OWLOntologyManagerImpl.makeLoadImportRequest(OWLOntologyManagerImpl.java:1703)
        org.semanticweb.owlapi.rdf.rdfxml.parser.TripleHandlers$TPImportsHandler.handleTriple(TripleHandlers.java:1555)
        org.semanticweb.owlapi.rdf.rdfxml.parser.TripleHandlers$HandlerAccessor.handleStreaming(TripleHandlers.java:369)
        org.semanticweb.owlapi.rdf.rdfxml.parser.OWLRDFConsumer.statementWithResourceValue(OWLRDFConsumer.java:1563)
注释中不允许出现字符串 "--"。        java.xml/com.sun.org.apache.xerces.internal.util.ErrorHandlerWrapper.createSAXParseException(ErrorHandlerWrapper.java:204)
        java.xml/com.sun.org.apache.xerces.internal.util.ErrorHandlerWrapper.fatalError(ErrorHandlerWrapper.java:178)
        java.xml/com.sun.org.apache.xerces.internal.impl.XMLErrorReporter.reportError(XMLErrorReporter.java:400)
        java.xml/com.sun.org.apache.xerces.internal.impl.XMLErrorReporter.reportError(XMLErrorReporter.java:327)
        java.xml/com.sun.org.apache.xerces.internal.impl.XMLScanner.reportFatalError(XMLScanner.java:1465)
        java.xml/com.sun.org.apache.xerces.internal.impl.XMLScanner.scanComment(XMLScanner.java:818)
        java.xml/com.sun.org.apache.xerces.internal.impl.XMLDocumentFragmentScannerImpl.scanComment(XMLDocumentFragmentScannerImpl.java:1088)
        java.xml/com.sun.org.apache.xerces.internal.impl.XMLDocumentFragmentScannerImpl$FragmentContentDriver.next(XMLDocumentFragmentScannerImpl.java:2924)
        java.xml/com.sun.org.apache.xerces.internal.impl.XMLDocumentScannerImpl.next(XMLDocumentScannerImpl.java:635)
        java.xml/com.sun.org.apache.xerces.internal.impl.XMLNSDocumentScannerImpl.next(XMLNSDocumentScannerImpl.java:113)


--------------------------------------------------------------------------------
Parser: org.semanticweb.owlapi.owlxml.parser.OWLXMLParser@571c7572
    Stack trace:
Attribute not found: IRI (Line 20)        org.semanticweb.owlapi.owlxml.parser.OWLEH.ensureAttributeNotNull(PARSER_OWLXMLVocabulary.java:597)
        org.semanticweb.owlapi.owlxml.parser.OWLEH.getIRIFromAttribute(PARSER_OWLXMLVocabulary.java:504)
        org.semanticweb.owlapi.owlxml.parser.OWLClassEH.attribute(PARSER_OWLXMLVocabulary.java:1008)
        org.semanticweb.owlapi.owlxml.parser.OWLXMLPH.startElement(OWLXMLPH.java:478)
        java.xml/com.sun.org.apache.xerces.internal.parsers.AbstractSAXParser.startElement(AbstractSAXParser.java:519)
        java.xml/com.sun.org.apache.xerces.internal.impl.XMLNSDocumentScannerImpl.scanStartElement(XMLNSDocumentScannerImpl.java:376)
        java.xml/com.sun.org.apache.xerces.internal.impl.XMLDocumentFragmentScannerImpl$FragmentContentDriver.next(XMLDocumentFragmentScannerImpl.java:2736)
        java.xml/com.sun.org.apache.xerces.internal.impl.XMLDocumentScannerImpl.next(XMLDocumentScannerImpl.java:635)
        java.xml/com.sun.org.apache.xerces.internal.impl.XMLNSDocumentScannerImpl.next(XMLNSDocumentScannerImpl.java:113)
        java.xml/com.sun.org.apache.xerces.internal.impl.XMLDocumentFragmentScannerImpl.scanDocument(XMLDocumentFragmentScannerImpl.java:551)


--------------------------------------------------------------------------------
Parser: org.semanticweb.owlapi.functional.parser.OWLFunctionalSyntaxOWLParser@c6a3f47
    Stack trace:
Encountered unexpected token: "<?xml version=\"1.0\" encoding=\"UTF-8\"?>" <FULLIRI>
    at line 1, column 1.

Was expecting one of:

    "Ontology"
    "Prefix"
 (Line 0)        org.semanticweb.owlapi.functional.parser.OWLFunctionalSyntaxOWLParser.parse(OWLFunctionalSyntaxOWLParser.java:49)
        uk.ac.manchester.cs.owl.owlapi.OWLOntologyFactoryImpl.loadOWLOntology(OWLOntologyFactoryImpl.java:195)
        uk.ac.manchester.cs.owl.owlapi.OWLOntologyManagerImpl.load(OWLOntologyManagerImpl.java:1105)
        uk.ac.manchester.cs.owl.owlapi.OWLOntologyManagerImpl.loadOntology(OWLOntologyManagerImpl.java:1055)
        uk.ac.manchester.cs.owl.owlapi.OWLOntologyManagerImpl.loadOntology(OWLOntologyManagerImpl.java:955)
        uk.ac.manchester.cs.owl.owlapi.OWLOntologyManagerImpl.loadImports(OWLOntologyManagerImpl.java:1663)
        uk.ac.manchester.cs.owl.owlapi.OWLOntologyManagerImpl.makeLoadImportRequest(OWLOntologyManagerImpl.java:1703)
        org.semanticweb.owlapi.rdf.rdfxml.parser.TripleHandlers$TPImportsHandler.handleTriple(TripleHandlers.java:1555)
        org.semanticweb.owlapi.rdf.rdfxml.parser.TripleHandlers$HandlerAccessor.handleStreaming(TripleHandlers.java:369)
        org.semanticweb.owlapi.rdf.rdfxml.parser.OWLRDFConsumer.statementWithResourceValue(OWLRDFConsumer.java:1563)
Encountered unexpected token: "<?xml version=\"1.0\" encoding=\"UTF-8\"?>" <FULLIRI>
    at line 1, column 1.

Was expecting one of:

    "Ontology"
    "Prefix"
        org.semanticweb.owlapi.functional.parser.OWLFunctionalSyntaxParser.generateParseException(OWLFunctionalSyntaxParser.java:2479)
        org.semanticweb.owlapi.functional.parser.OWLFunctionalSyntaxParser.jj_consume_token(OWLFunctionalSyntaxParser.java:2405)
        org.semanticweb.owlapi.functional.parser.OWLFunctionalSyntaxParser.Ontology(OWLFunctionalSyntaxParser.java:115)
        org.semanticweb.owlapi.functional.parser.OWLFunctionalSyntaxParser.parse(OWLFunctionalSyntaxParser.java:101)
        org.semanticweb.owlapi.functional.parser.OWLFunctionalSyntaxOWLParser.parse(OWLFunctionalSyntaxOWLParser.java:47)
        uk.ac.manchester.cs.owl.owlapi.OWLOntologyFactoryImpl.loadOWLOntology(OWLOntologyFactoryImpl.java:195)
        uk.ac.manchester.cs.owl.owlapi.OWLOntologyManagerImpl.load(OWLOntologyManagerImpl.java:1105)
        uk.ac.manchester.cs.owl.owlapi.OWLOntologyManagerImpl.loadOntology(OWLOntologyManagerImpl.java:1055)
        uk.ac.manchester.cs.owl.owlapi.OWLOntologyManagerImpl.loadOntology(OWLOntologyManagerImpl.java:955)
        uk.ac.manchester.cs.owl.owlapi.OWLOntologyManagerImpl.loadImports(OWLOntologyManagerImpl.java:1663)


--------------------------------------------------------------------------------
Parser: org.semanticweb.owlapi.rio.RioParserImpl : org.semanticweb.owlapi.formats.RioTurtleDocumentFormatFactory@95fd655c
    Stack trace:
org.eclipse.rdf4j.rio.RDFParseException: Expected '.', found '<' [line 5]        org.semanticweb.owlapi.rio.RioParserImpl.parse(RioParserImpl.java:148)
        uk.ac.manchester.cs.owl.owlapi.OWLOntologyFactoryImpl.loadOWLOntology(OWLOntologyFactoryImpl.java:195)
        uk.ac.manchester.cs.owl.owlapi.OWLOntologyManagerImpl.load(OWLOntologyManagerImpl.java:1105)
        uk.ac.manchester.cs.owl.owlapi.OWLOntologyManagerImpl.loadOntology(OWLOntologyManagerImpl.java:1055)
        uk.ac.manchester.cs.owl.owlapi.OWLOntologyManagerImpl.loadOntology(OWLOntologyManagerImpl.java:955)
        uk.ac.manchester.cs.owl.owlapi.OWLOntologyManagerImpl.loadImports(OWLOntologyManagerImpl.java:1663)
        uk.ac.manchester.cs.owl.owlapi.OWLOntologyManagerImpl.makeLoadImportRequest(OWLOntologyManagerImpl.java:1703)
        org.semanticweb.owlapi.rdf.rdfxml.parser.TripleHandlers$TPImportsHandler.handleTriple(TripleHandlers.java:1555)
        org.semanticweb.owlapi.rdf.rdfxml.parser.TripleHandlers$HandlerAccessor.handleStreaming(TripleHandlers.java:369)
        org.semanticweb.owlapi.rdf.rdfxml.parser.OWLRDFConsumer.statementWithResourceValue(OWLRDFConsumer.java:1563)
Expected '.', found '<' [line 5]        org.eclipse.rdf4j.rio.helpers.RDFParserHelper.reportFatalError(RDFParserHelper.java:347)
        org.eclipse.rdf4j.rio.helpers.AbstractRDFParser.reportFatalError(AbstractRDFParser.java:698)
        org.eclipse.rdf4j.rio.turtle.TurtleParser.reportFatalError(TurtleParser.java:1309)
        org.eclipse.rdf4j.rio.turtle.TurtleParser.verifyCharacterOrFail(TurtleParser.java:1154)
        org.eclipse.rdf4j.rio.turtle.TurtleParser.parseStatement(TurtleParser.java:205)
        org.eclipse.rdf4j.rio.turtle.TurtleParser.parse(TurtleParser.java:165)
        org.semanticweb.owlapi.rio.RioParserImpl.parseDocumentSource(RioParserImpl.java:186)
        org.semanticweb.owlapi.rio.RioParserImpl.parse(RioParserImpl.java:134)
        uk.ac.manchester.cs.owl.owlapi.OWLOntologyFactoryImpl.loadOWLOntology(OWLOntologyFactoryImpl.java:195)
        uk.ac.manchester.cs.owl.owlapi.OWLOntologyManagerImpl.load(OWLOntologyManagerImpl.java:1105)


--------------------------------------------------------------------------------
Parser: org.semanticweb.owlapi.manchestersyntax.parser.ManchesterOWLSyntaxOntologyParser@59bbf82e
    Stack trace:
Encountered '<?xml version="1.0" encoding="UTF-8"?>' at line 1 column 1.  Expected either 'Ontology:' or 'Prefix:' (Line 1)        org.semanticweb.owlapi.manchestersyntax.parser.ManchesterOWLSyntaxOntologyParser.parse(ManchesterOWLSyntaxOntologyParser.java:81)
        uk.ac.manchester.cs.owl.owlapi.OWLOntologyFactoryImpl.loadOWLOntology(OWLOntologyFactoryImpl.java:195)
        uk.ac.manchester.cs.owl.owlapi.OWLOntologyManagerImpl.load(OWLOntologyManagerImpl.java:1105)
        uk.ac.manchester.cs.owl.owlapi.OWLOntologyManagerImpl.loadOntology(OWLOntologyManagerImpl.java:1055)
        uk.ac.manchester.cs.owl.owlapi.OWLOntologyManagerImpl.loadOntology(OWLOntologyManagerImpl.java:955)
        uk.ac.manchester.cs.owl.owlapi.OWLOntologyManagerImpl.loadImports(OWLOntologyManagerImpl.java:1663)
        uk.ac.manchester.cs.owl.owlapi.OWLOntologyManagerImpl.makeLoadImportRequest(OWLOntologyManagerImpl.java:1703)
        org.semanticweb.owlapi.rdf.rdfxml.parser.TripleHandlers$TPImportsHandler.handleTriple(TripleHandlers.java:1555)
        org.semanticweb.owlapi.rdf.rdfxml.parser.TripleHandlers$HandlerAccessor.handleStreaming(TripleHandlers.java:369)
        org.semanticweb.owlapi.rdf.rdfxml.parser.OWLRDFConsumer.statementWithResourceValue(OWLRDFConsumer.java:1563)


--------------------------------------------------------------------------------
Parser: org.semanticweb.owlapi.rio.RioParserImpl : org.semanticweb.owlapi.formats.NQuadsDocumentFormatFactory@6f9c39ad
    Stack trace:
org.eclipse.rdf4j.rio.RDFParseException: Not a valid (absolute) IRI: ?xml version="1.0" encoding="UTF-8"? [line 1]        org.semanticweb.owlapi.rio.RioParserImpl.parse(RioParserImpl.java:148)
        uk.ac.manchester.cs.owl.owlapi.OWLOntologyFactoryImpl.loadOWLOntology(OWLOntologyFactoryImpl.java:195)
        uk.ac.manchester.cs.owl.owlapi.OWLOntologyManagerImpl.load(OWLOntologyManagerImpl.java:1105)
        uk.ac.manchester.cs.owl.owlapi.OWLOntologyManagerImpl.loadOntology(OWLOntologyManagerImpl.java:1055)
        uk.ac.manchester.cs.owl.owlapi.OWLOntologyManagerImpl.loadOntology(OWLOntologyManagerImpl.java:955)
        uk.ac.manchester.cs.owl.owlapi.OWLOntologyManagerImpl.loadImports(OWLOntologyManagerImpl.java:1663)
        uk.ac.manchester.cs.owl.owlapi.OWLOntologyManagerImpl.makeLoadImportRequest(OWLOntologyManagerImpl.java:1703)
        org.semanticweb.owlapi.rdf.rdfxml.parser.TripleHandlers$TPImportsHandler.handleTriple(TripleHandlers.java:1555)
        org.semanticweb.owlapi.rdf.rdfxml.parser.TripleHandlers$HandlerAccessor.handleStreaming(TripleHandlers.java:369)
        org.semanticweb.owlapi.rdf.rdfxml.parser.OWLRDFConsumer.statementWithResourceValue(OWLRDFConsumer.java:1563)
Not a valid (absolute) IRI: ?xml version="1.0" encoding="UTF-8"? [line 1]        org.eclipse.rdf4j.rio.helpers.RDFParserHelper.reportFatalError(RDFParserHelper.java:380)
        org.eclipse.rdf4j.rio.helpers.AbstractRDFParser.reportFatalError(AbstractRDFParser.java:723)
        org.eclipse.rdf4j.rio.ntriples.NTriplesParser.reportFatalError(NTriplesParser.java:468)
        org.eclipse.rdf4j.rio.helpers.AbstractRDFParser.createURI(AbstractRDFParser.java:360)
        org.eclipse.rdf4j.rio.ntriples.NTriplesParser.createURI(NTriplesParser.java:431)
        org.eclipse.rdf4j.rio.ntriples.NTriplesParser.parseIRI(NTriplesParser.java:260)
        org.eclipse.rdf4j.rio.ntriples.NTriplesParser.parseSubject(NTriplesParser.java:187)
        org.eclipse.rdf4j.rio.nquads.NQuadsParser.parseStatement(NQuadsParser.java:51)
        org.eclipse.rdf4j.rio.ntriples.NTriplesParser.parse(NTriplesParser.java:119)
        org.semanticweb.owlapi.rio.RioParserImpl.parseDocumentSource(RioParserImpl.java:186)
Not a valid (absolute) IRI: ?xml version="1.0" encoding="UTF-8"?        org.eclipse.rdf4j.model.impl.SimpleIRI.setIRIString(SimpleIRI.java:96)
        org.eclipse.rdf4j.model.impl.SimpleIRI.<init>(SimpleIRI.java:67)
        org.eclipse.rdf4j.model.impl.SimpleValueFactory.createIRI(SimpleValueFactory.java:83)
        org.eclipse.rdf4j.rio.helpers.RDFStarDecodingValueFactory.createIRI(RDFStarDecodingValueFactory.java:46)
        org.eclipse.rdf4j.rio.helpers.AbstractRDFParser.createURI(AbstractRDFParser.java:358)
        org.eclipse.rdf4j.rio.ntriples.NTriplesParser.createURI(NTriplesParser.java:431)
        org.eclipse.rdf4j.rio.ntriples.NTriplesParser.parseIRI(NTriplesParser.java:260)
        org.eclipse.rdf4j.rio.ntriples.NTriplesParser.parseSubject(NTriplesParser.java:187)
        org.eclipse.rdf4j.rio.nquads.NQuadsParser.parseStatement(NQuadsParser.java:51)
        org.eclipse.rdf4j.rio.ntriples.NTriplesParser.parse(NTriplesParser.java:119)


--------------------------------------------------------------------------------
Parser: org.semanticweb.owlapi.rio.RioParserImpl : org.semanticweb.owlapi.formats.NTriplesDocumentFormatFactory@937ecd36
    Stack trace:
org.eclipse.rdf4j.rio.RDFParseException: Not a valid (absolute) IRI: ?xml version="1.0" encoding="UTF-8"? [line 1]        org.semanticweb.owlapi.rio.RioParserImpl.parse(RioParserImpl.java:148)
        uk.ac.manchester.cs.owl.owlapi.OWLOntologyFactoryImpl.loadOWLOntology(OWLOntologyFactoryImpl.java:195)
        uk.ac.manchester.cs.owl.owlapi.OWLOntologyManagerImpl.load(OWLOntologyManagerImpl.java:1105)
        uk.ac.manchester.cs.owl.owlapi.OWLOntologyManagerImpl.loadOntology(OWLOntologyManagerImpl.java:1055)
        uk.ac.manchester.cs.owl.owlapi.OWLOntologyManagerImpl.loadOntology(OWLOntologyManagerImpl.java:955)
        uk.ac.manchester.cs.owl.owlapi.OWLOntologyManagerImpl.loadImports(OWLOntologyManagerImpl.java:1663)
        uk.ac.manchester.cs.owl.owlapi.OWLOntologyManagerImpl.makeLoadImportRequest(OWLOntologyManagerImpl.java:1703)
        org.semanticweb.owlapi.rdf.rdfxml.parser.TripleHandlers$TPImportsHandler.handleTriple(TripleHandlers.java:1555)
        org.semanticweb.owlapi.rdf.rdfxml.parser.TripleHandlers$HandlerAccessor.handleStreaming(TripleHandlers.java:369)
        org.semanticweb.owlapi.rdf.rdfxml.parser.OWLRDFConsumer.statementWithResourceValue(OWLRDFConsumer.java:1563)
Not a valid (absolute) IRI: ?xml version="1.0" encoding="UTF-8"? [line 1]        org.eclipse.rdf4j.rio.helpers.RDFParserHelper.reportFatalError(RDFParserHelper.java:380)
        org.eclipse.rdf4j.rio.helpers.AbstractRDFParser.reportFatalError(AbstractRDFParser.java:723)
        org.eclipse.rdf4j.rio.ntriples.NTriplesParser.reportFatalError(NTriplesParser.java:468)
        org.eclipse.rdf4j.rio.helpers.AbstractRDFParser.createURI(AbstractRDFParser.java:360)
        org.eclipse.rdf4j.rio.ntriples.NTriplesParser.createURI(NTriplesParser.java:431)
        org.eclipse.rdf4j.rio.ntriples.NTriplesParser.parseIRI(NTriplesParser.java:260)
        org.eclipse.rdf4j.rio.ntriples.NTriplesParser.parseSubject(NTriplesParser.java:187)
        org.eclipse.rdf4j.rio.ntriples.NTriplesParser.parseStatement(NTriplesParser.java:137)
        org.eclipse.rdf4j.rio.ntriples.NTriplesParser.parse(NTriplesParser.java:119)
        org.semanticweb.owlapi.rio.RioParserImpl.parseDocumentSource(RioParserImpl.java:186)
Not a valid (absolute) IRI: ?xml version="1.0" encoding="UTF-8"?        org.eclipse.rdf4j.model.impl.SimpleIRI.setIRIString(SimpleIRI.java:96)
        org.eclipse.rdf4j.model.impl.SimpleIRI.<init>(SimpleIRI.java:67)
        org.eclipse.rdf4j.model.impl.SimpleValueFactory.createIRI(SimpleValueFactory.java:83)
        org.eclipse.rdf4j.rio.helpers.RDFStarDecodingValueFactory.createIRI(RDFStarDecodingValueFactory.java:46)
        org.eclipse.rdf4j.rio.helpers.AbstractRDFParser.createURI(AbstractRDFParser.java:358)
        org.eclipse.rdf4j.rio.ntriples.NTriplesParser.createURI(NTriplesParser.java:431)
        org.eclipse.rdf4j.rio.ntriples.NTriplesParser.parseIRI(NTriplesParser.java:260)
        org.eclipse.rdf4j.rio.ntriples.NTriplesParser.parseSubject(NTriplesParser.java:187)
        org.eclipse.rdf4j.rio.ntriples.NTriplesParser.parseStatement(NTriplesParser.java:137)
        org.eclipse.rdf4j.rio.ntriples.NTriplesParser.parse(NTriplesParser.java:119)


--------------------------------------------------------------------------------
Parser: org.semanticweb.owlapi.rio.RioParserImpl : org.semanticweb.owlapi.formats.RDFJsonDocumentFormatFactory@cd748dc3
    Stack trace:
org.eclipse.rdf4j.rio.RDFParseException: Found IOException during parsing [line 1, column 2]        org.semanticweb.owlapi.rio.RioParserImpl.parse(RioParserImpl.java:148)
        uk.ac.manchester.cs.owl.owlapi.OWLOntologyFactoryImpl.loadOWLOntology(OWLOntologyFactoryImpl.java:195)
        uk.ac.manchester.cs.owl.owlapi.OWLOntologyManagerImpl.load(OWLOntologyManagerImpl.java:1105)
        uk.ac.manchester.cs.owl.owlapi.OWLOntologyManagerImpl.loadOntology(OWLOntologyManagerImpl.java:1055)
        uk.ac.manchester.cs.owl.owlapi.OWLOntologyManagerImpl.loadOntology(OWLOntologyManagerImpl.java:955)
        uk.ac.manchester.cs.owl.owlapi.OWLOntologyManagerImpl.loadImports(OWLOntologyManagerImpl.java:1663)
        uk.ac.manchester.cs.owl.owlapi.OWLOntologyManagerImpl.makeLoadImportRequest(OWLOntologyManagerImpl.java:1703)
        org.semanticweb.owlapi.rdf.rdfxml.parser.TripleHandlers$TPImportsHandler.handleTriple(TripleHandlers.java:1555)
        org.semanticweb.owlapi.rdf.rdfxml.parser.TripleHandlers$HandlerAccessor.handleStreaming(TripleHandlers.java:369)
        org.semanticweb.owlapi.rdf.rdfxml.parser.OWLRDFConsumer.statementWithResourceValue(OWLRDFConsumer.java:1563)
Found IOException during parsing [line 1, column 2]        org.eclipse.rdf4j.rio.helpers.RDFParserHelper.reportFatalError(RDFParserHelper.java:400)
        org.eclipse.rdf4j.rio.helpers.AbstractRDFParser.reportFatalError(AbstractRDFParser.java:734)
        org.eclipse.rdf4j.rio.rdfjson.RDFJSONParser.reportFatalError(RDFJSONParser.java:138)
        org.eclipse.rdf4j.rio.rdfjson.RDFJSONParser.parse(RDFJSONParser.java:161)
        org.semanticweb.owlapi.rio.RioParserImpl.parseDocumentSource(RioParserImpl.java:186)
        org.semanticweb.owlapi.rio.RioParserImpl.parse(RioParserImpl.java:134)
        uk.ac.manchester.cs.owl.owlapi.OWLOntologyFactoryImpl.loadOWLOntology(OWLOntologyFactoryImpl.java:195)
        uk.ac.manchester.cs.owl.owlapi.OWLOntologyManagerImpl.load(OWLOntologyManagerImpl.java:1105)
        uk.ac.manchester.cs.owl.owlapi.OWLOntologyManagerImpl.loadOntology(OWLOntologyManagerImpl.java:1055)
        uk.ac.manchester.cs.owl.owlapi.OWLOntologyManagerImpl.loadOntology(OWLOntologyManagerImpl.java:955)
Unexpected character ('<' (code 60)): expected a valid value (JSON String, Number, Array, Object or token 'null', 'true' or 'false')
 at [Source: (BufferedReader); line: 1, column: 2]        com.fasterxml.jackson.core.JsonParser._constructError(JsonParser.java:2477)
        com.fasterxml.jackson.core.base.ParserMinimalBase._reportError(ParserMinimalBase.java:750)
        com.fasterxml.jackson.core.base.ParserMinimalBase._reportUnexpectedChar(ParserMinimalBase.java:674)
        com.fasterxml.jackson.core.json.ReaderBasedJsonParser._handleOddValue(ReaderBasedJsonParser.java:2085)
        com.fasterxml.jackson.core.json.ReaderBasedJsonParser.nextToken(ReaderBasedJsonParser.java:808)
        org.eclipse.rdf4j.rio.rdfjson.RDFJSONParser.rdfJsonToHandlerInternal(RDFJSONParser.java:182)
        org.eclipse.rdf4j.rio.rdfjson.RDFJSONParser.parse(RDFJSONParser.java:158)
        org.semanticweb.owlapi.rio.RioParserImpl.parseDocumentSource(RioParserImpl.java:186)
        org.semanticweb.owlapi.rio.RioParserImpl.parse(RioParserImpl.java:134)
        uk.ac.manchester.cs.owl.owlapi.OWLOntologyFactoryImpl.loadOWLOntology(OWLOntologyFactoryImpl.java:195)


--------------------------------------------------------------------------------
Parser: org.semanticweb.owlapi.rio.RioParserImpl : org.semanticweb.owlapi.formats.TrigDocumentFormatFactory@27e81c
    Stack trace:
org.eclipse.rdf4j.rio.RDFParseException: Expected an RDF value here, found '=' [line 5]        org.semanticweb.owlapi.rio.RioParserImpl.parse(RioParserImpl.java:148)
        uk.ac.manchester.cs.owl.owlapi.OWLOntologyFactoryImpl.loadOWLOntology(OWLOntologyFactoryImpl.java:195)
        uk.ac.manchester.cs.owl.owlapi.OWLOntologyManagerImpl.load(OWLOntologyManagerImpl.java:1105)
        uk.ac.manchester.cs.owl.owlapi.OWLOntologyManagerImpl.loadOntology(OWLOntologyManagerImpl.java:1055)
        uk.ac.manchester.cs.owl.owlapi.OWLOntologyManagerImpl.loadOntology(OWLOntologyManagerImpl.java:955)
        uk.ac.manchester.cs.owl.owlapi.OWLOntologyManagerImpl.loadImports(OWLOntologyManagerImpl.java:1663)
        uk.ac.manchester.cs.owl.owlapi.OWLOntologyManagerImpl.makeLoadImportRequest(OWLOntologyManagerImpl.java:1703)
        org.semanticweb.owlapi.rdf.rdfxml.parser.TripleHandlers$TPImportsHandler.handleTriple(TripleHandlers.java:1555)
        org.semanticweb.owlapi.rdf.rdfxml.parser.TripleHandlers$HandlerAccessor.handleStreaming(TripleHandlers.java:369)
        org.semanticweb.owlapi.rdf.rdfxml.parser.OWLRDFConsumer.statementWithResourceValue(OWLRDFConsumer.java:1563)
Expected an RDF value here, found '=' [line 5]        org.eclipse.rdf4j.rio.helpers.RDFParserHelper.reportFatalError(RDFParserHelper.java:347)
        org.eclipse.rdf4j.rio.helpers.AbstractRDFParser.reportFatalError(AbstractRDFParser.java:698)
        org.eclipse.rdf4j.rio.turtle.TurtleParser.reportFatalError(TurtleParser.java:1309)
        org.eclipse.rdf4j.rio.turtle.TurtleParser.parseValue(TurtleParser.java:588)
        org.eclipse.rdf4j.rio.turtle.TurtleParser.parseObject(TurtleParser.java:453)
        org.eclipse.rdf4j.rio.turtle.TurtleParser.parseObjectList(TurtleParser.java:375)
        org.eclipse.rdf4j.rio.turtle.TurtleParser.parsePredicateObjectList(TurtleParser.java:348)
        org.eclipse.rdf4j.rio.trig.TriGParser.parseGraph(TriGParser.java:192)
        org.eclipse.rdf4j.rio.trig.TriGParser.parseStatement(TriGParser.java:115)
        org.eclipse.rdf4j.rio.turtle.TurtleParser.parse(TurtleParser.java:165)


--------------------------------------------------------------------------------
Parser: org.semanticweb.owlapi.rio.RioParserImpl : org.semanticweb.owlapi.formats.RDFJsonLDDocumentFormatFactory@dcacc47d
    Stack trace:
org.eclipse.rdf4j.rio.RDFParseException: Could not parse JSONLD        org.semanticweb.owlapi.rio.RioParserImpl.parse(RioParserImpl.java:148)
        uk.ac.manchester.cs.owl.owlapi.OWLOntologyFactoryImpl.loadOWLOntology(OWLOntologyFactoryImpl.java:195)
        uk.ac.manchester.cs.owl.owlapi.OWLOntologyManagerImpl.load(OWLOntologyManagerImpl.java:1105)
        uk.ac.manchester.cs.owl.owlapi.OWLOntologyManagerImpl.loadOntology(OWLOntologyManagerImpl.java:1055)
        uk.ac.manchester.cs.owl.owlapi.OWLOntologyManagerImpl.loadOntology(OWLOntologyManagerImpl.java:955)
        uk.ac.manchester.cs.owl.owlapi.OWLOntologyManagerImpl.loadImports(OWLOntologyManagerImpl.java:1663)
        uk.ac.manchester.cs.owl.owlapi.OWLOntologyManagerImpl.makeLoadImportRequest(OWLOntologyManagerImpl.java:1703)
        org.semanticweb.owlapi.rdf.rdfxml.parser.TripleHandlers$TPImportsHandler.handleTriple(TripleHandlers.java:1555)
        org.semanticweb.owlapi.rdf.rdfxml.parser.TripleHandlers$HandlerAccessor.handleStreaming(TripleHandlers.java:369)
        org.semanticweb.owlapi.rdf.rdfxml.parser.OWLRDFConsumer.statementWithResourceValue(OWLRDFConsumer.java:1563)
Could not parse JSONLD        org.eclipse.rdf4j.rio.jsonld.JSONLDParser.parse(JSONLDParser.java:261)
        org.eclipse.rdf4j.rio.jsonld.JSONLDParser.parse(JSONLDParser.java:112)
        org.semanticweb.owlapi.rio.RioParserImpl.parseDocumentSource(RioParserImpl.java:186)
        org.semanticweb.owlapi.rio.RioParserImpl.parse(RioParserImpl.java:134)
        uk.ac.manchester.cs.owl.owlapi.OWLOntologyFactoryImpl.loadOWLOntology(OWLOntologyFactoryImpl.java:195)
        uk.ac.manchester.cs.owl.owlapi.OWLOntologyManagerImpl.load(OWLOntologyManagerImpl.java:1105)
        uk.ac.manchester.cs.owl.owlapi.OWLOntologyManagerImpl.loadOntology(OWLOntologyManagerImpl.java:1055)
        uk.ac.manchester.cs.owl.owlapi.OWLOntologyManagerImpl.loadOntology(OWLOntologyManagerImpl.java:955)
        uk.ac.manchester.cs.owl.owlapi.OWLOntologyManagerImpl.loadImports(OWLOntologyManagerImpl.java:1663)
        uk.ac.manchester.cs.owl.owlapi.OWLOntologyManagerImpl.makeLoadImportRequest(OWLOntologyManagerImpl.java:1703)
The document could not be loaded or parsed [code=LOADING_DOCUMENT_FAILED].        no.hasmac.jsonld.document.JsonDocument.of(JsonDocument.java:154)
        no.hasmac.jsonld.document.JsonDocument.of(JsonDocument.java:129)
        org.eclipse.rdf4j.rio.jsonld.JSONLDParser.getDocument(JSONLDParser.java:285)
        org.eclipse.rdf4j.rio.jsonld.JSONLDParser.parse(JSONLDParser.java:134)
        org.eclipse.rdf4j.rio.jsonld.JSONLDParser.parse(JSONLDParser.java:112)
        org.semanticweb.owlapi.rio.RioParserImpl.parseDocumentSource(RioParserImpl.java:186)
        org.semanticweb.owlapi.rio.RioParserImpl.parse(RioParserImpl.java:134)
        uk.ac.manchester.cs.owl.owlapi.OWLOntologyFactoryImpl.loadOWLOntology(OWLOntologyFactoryImpl.java:195)
        uk.ac.manchester.cs.owl.owlapi.OWLOntologyManagerImpl.load(OWLOntologyManagerImpl.java:1105)
        uk.ac.manchester.cs.owl.owlapi.OWLOntologyManagerImpl.loadOntology(OWLOntologyManagerImpl.java:1055)
Unexpected char 60 at (line no=1, column no=1, offset=0)        org.glassfish.json.JsonTokenizer.unexpectedChar(JsonTokenizer.java:577)
        org.glassfish.json.JsonTokenizer.nextToken(JsonTokenizer.java:394)
        org.glassfish.json.JsonParserImpl$NoneContext.getNextEvent(JsonParserImpl.java:419)
        org.glassfish.json.JsonParserImpl.next(JsonParserImpl.java:369)
        no.hasmac.jsonld.document.JsonDocument.doParse(JsonDocument.java:164)
        no.hasmac.jsonld.document.JsonDocument.of(JsonDocument.java:151)
        no.hasmac.jsonld.document.JsonDocument.of(JsonDocument.java:129)
        org.eclipse.rdf4j.rio.jsonld.JSONLDParser.getDocument(JSONLDParser.java:285)
        org.eclipse.rdf4j.rio.jsonld.JSONLDParser.parse(JSONLDParser.java:134)
        org.eclipse.rdf4j.rio.jsonld.JSONLDParser.parse(JSONLDParser.java:112)


--------------------------------------------------------------------------------
Parser: org.semanticweb.owlapi.rio.RioParserImpl : org.semanticweb.owlapi.formats.N3DocumentFormatFactory@9a5
    Stack trace:
org.eclipse.rdf4j.rio.RDFParseException: Expected '.', found '<' [line 5]        org.semanticweb.owlapi.rio.RioParserImpl.parse(RioParserImpl.java:148)
        uk.ac.manchester.cs.owl.owlapi.OWLOntologyFactoryImpl.loadOWLOntology(OWLOntologyFactoryImpl.java:195)
        uk.ac.manchester.cs.owl.owlapi.OWLOntologyManagerImpl.load(OWLOntologyManagerImpl.java:1105)
        uk.ac.manchester.cs.owl.owlapi.OWLOntologyManagerImpl.loadOntology(OWLOntologyManagerImpl.java:1055)
        uk.ac.manchester.cs.owl.owlapi.OWLOntologyManagerImpl.loadOntology(OWLOntologyManagerImpl.java:955)
        uk.ac.manchester.cs.owl.owlapi.OWLOntologyManagerImpl.loadImports(OWLOntologyManagerImpl.java:1663)
        uk.ac.manchester.cs.owl.owlapi.OWLOntologyManagerImpl.makeLoadImportRequest(OWLOntologyManagerImpl.java:1703)
        org.semanticweb.owlapi.rdf.rdfxml.parser.TripleHandlers$TPImportsHandler.handleTriple(TripleHandlers.java:1555)
        org.semanticweb.owlapi.rdf.rdfxml.parser.TripleHandlers$HandlerAccessor.handleStreaming(TripleHandlers.java:369)
        org.semanticweb.owlapi.rdf.rdfxml.parser.OWLRDFConsumer.statementWithResourceValue(OWLRDFConsumer.java:1563)
Expected '.', found '<' [line 5]        org.eclipse.rdf4j.rio.helpers.RDFParserHelper.reportFatalError(RDFParserHelper.java:347)
        org.eclipse.rdf4j.rio.helpers.AbstractRDFParser.reportFatalError(AbstractRDFParser.java:698)
        org.eclipse.rdf4j.rio.turtle.TurtleParser.reportFatalError(TurtleParser.java:1309)
        org.eclipse.rdf4j.rio.turtle.TurtleParser.verifyCharacterOrFail(TurtleParser.java:1154)
        org.eclipse.rdf4j.rio.turtle.TurtleParser.parseStatement(TurtleParser.java:205)
        org.eclipse.rdf4j.rio.turtle.TurtleParser.parse(TurtleParser.java:165)
        org.semanticweb.owlapi.rio.RioParserImpl.parseDocumentSource(RioParserImpl.java:186)
        org.semanticweb.owlapi.rio.RioParserImpl.parse(RioParserImpl.java:134)
        uk.ac.manchester.cs.owl.owlapi.OWLOntologyFactoryImpl.loadOWLOntology(OWLOntologyFactoryImpl.java:195)
        uk.ac.manchester.cs.owl.owlapi.OWLOntologyManagerImpl.load(OWLOntologyManagerImpl.java:1105)


--------------------------------------------------------------------------------
Parser: org.semanticweb.owlapi.rio.RioParserImpl : org.semanticweb.owlapi.formats.RioRDFXMLDocumentFormatFactory@69b9a3bc
    Stack trace:
org.eclipse.rdf4j.rio.RDFParseException: 注释中不允许出现字符串 "--"。 [line 38, column 12]        org.semanticweb.owlapi.rio.RioParserImpl.parse(RioParserImpl.java:148)
        uk.ac.manchester.cs.owl.owlapi.OWLOntologyFactoryImpl.loadOWLOntology(OWLOntologyFactoryImpl.java:195)
        uk.ac.manchester.cs.owl.owlapi.OWLOntologyManagerImpl.load(OWLOntologyManagerImpl.java:1105)
        uk.ac.manchester.cs.owl.owlapi.OWLOntologyManagerImpl.loadOntology(OWLOntologyManagerImpl.java:1055)
        uk.ac.manchester.cs.owl.owlapi.OWLOntologyManagerImpl.loadOntology(OWLOntologyManagerImpl.java:955)
        uk.ac.manchester.cs.owl.owlapi.OWLOntologyManagerImpl.loadImports(OWLOntologyManagerImpl.java:1663)
        uk.ac.manchester.cs.owl.owlapi.OWLOntologyManagerImpl.makeLoadImportRequest(OWLOntologyManagerImpl.java:1703)
        org.semanticweb.owlapi.rdf.rdfxml.parser.TripleHandlers$TPImportsHandler.handleTriple(TripleHandlers.java:1555)
        org.semanticweb.owlapi.rdf.rdfxml.parser.TripleHandlers$HandlerAccessor.handleStreaming(TripleHandlers.java:369)
        org.semanticweb.owlapi.rdf.rdfxml.parser.OWLRDFConsumer.statementWithResourceValue(OWLRDFConsumer.java:1563)
注释中不允许出现字符串 "--"。 [line 38, column 12]        org.eclipse.rdf4j.rio.helpers.RDFParserHelper.reportFatalError(RDFParserHelper.java:380)
        org.eclipse.rdf4j.rio.helpers.AbstractRDFParser.reportFatalError(AbstractRDFParser.java:723)
        org.eclipse.rdf4j.rio.rdfxml.RDFXMLParser.reportFatalError(RDFXMLParser.java:1022)
        org.eclipse.rdf4j.rio.rdfxml.RDFXMLParser.fatalError(RDFXMLParser.java:1159)
        java.xml/com.sun.org.apache.xerces.internal.util.ErrorHandlerWrapper.fatalError(ErrorHandlerWrapper.java:181)
        java.xml/com.sun.org.apache.xerces.internal.impl.XMLErrorReporter.reportError(XMLErrorReporter.java:400)
        java.xml/com.sun.org.apache.xerces.internal.impl.XMLErrorReporter.reportError(XMLErrorReporter.java:327)
        java.xml/com.sun.org.apache.xerces.internal.impl.XMLScanner.reportFatalError(XMLScanner.java:1465)
        java.xml/com.sun.org.apache.xerces.internal.impl.XMLScanner.scanComment(XMLScanner.java:818)
        java.xml/com.sun.org.apache.xerces.internal.impl.XMLDocumentFragmentScannerImpl.scanComment(XMLDocumentFragmentScannerImpl.java:1088)
注释中不允许出现字符串 "--"。        java.xml/com.sun.org.apache.xerces.internal.util.ErrorHandlerWrapper.createSAXParseException(ErrorHandlerWrapper.java:204)
        java.xml/com.sun.org.apache.xerces.internal.util.ErrorHandlerWrapper.fatalError(ErrorHandlerWrapper.java:178)
        java.xml/com.sun.org.apache.xerces.internal.impl.XMLErrorReporter.reportError(XMLErrorReporter.java:400)
        java.xml/com.sun.org.apache.xerces.internal.impl.XMLErrorReporter.reportError(XMLErrorReporter.java:327)
        java.xml/com.sun.org.apache.xerces.internal.impl.XMLScanner.reportFatalError(XMLScanner.java:1465)
        java.xml/com.sun.org.apache.xerces.internal.impl.XMLScanner.scanComment(XMLScanner.java:818)
        java.xml/com.sun.org.apache.xerces.internal.impl.XMLDocumentFragmentScannerImpl.scanComment(XMLDocumentFragmentScannerImpl.java:1088)
        java.xml/com.sun.org.apache.xerces.internal.impl.XMLDocumentFragmentScannerImpl$FragmentContentDriver.next(XMLDocumentFragmentScannerImpl.java:2924)
        java.xml/com.sun.org.apache.xerces.internal.impl.XMLDocumentScannerImpl.next(XMLDocumentScannerImpl.java:635)
        java.xml/com.sun.org.apache.xerces.internal.impl.XMLNSDocumentScannerImpl.next(XMLNSDocumentScannerImpl.java:113)


--------------------------------------------------------------------------------
Parser: org.semanticweb.owlapi.rdf.turtle.parser.TurtleOntologyParser@7c0a6f62
    Stack trace:
org.semanticweb.owlapi.rdf.turtle.parser.ParseException: Encountered unexpected token: "<" <ERROR>
    at line 1, column 1.

Was expecting one of:

    "("
    "@base"
    "@prefix"
    "["
    <EMPTY_BLANK_NODE>
    <FULLIRI>
    <NODEID>
    <PNAME_LN>
    <PNAME_NS>
        org.semanticweb.owlapi.rdf.turtle.parser.TurtleOntologyParser.parse(TurtleOntologyParser.java:58)
        uk.ac.manchester.cs.owl.owlapi.OWLOntologyFactoryImpl.loadOWLOntology(OWLOntologyFactoryImpl.java:195)
        uk.ac.manchester.cs.owl.owlapi.OWLOntologyManagerImpl.load(OWLOntologyManagerImpl.java:1105)
        uk.ac.manchester.cs.owl.owlapi.OWLOntologyManagerImpl.loadOntology(OWLOntologyManagerImpl.java:1055)
        uk.ac.manchester.cs.owl.owlapi.OWLOntologyManagerImpl.loadOntology(OWLOntologyManagerImpl.java:955)
        uk.ac.manchester.cs.owl.owlapi.OWLOntologyManagerImpl.loadImports(OWLOntologyManagerImpl.java:1663)
        uk.ac.manchester.cs.owl.owlapi.OWLOntologyManagerImpl.makeLoadImportRequest(OWLOntologyManagerImpl.java:1703)
        org.semanticweb.owlapi.rdf.rdfxml.parser.TripleHandlers$TPImportsHandler.handleTriple(TripleHandlers.java:1555)
        org.semanticweb.owlapi.rdf.rdfxml.parser.TripleHandlers$HandlerAccessor.handleStreaming(TripleHandlers.java:369)
        org.semanticweb.owlapi.rdf.rdfxml.parser.OWLRDFConsumer.statementWithResourceValue(OWLRDFConsumer.java:1563)
Encountered unexpected token: "<" <ERROR>
    at line 1, column 1.

Was expecting one of:

    "("
    "@base"
    "@prefix"
    "["
    <EMPTY_BLANK_NODE>
    <FULLIRI>
    <NODEID>
    <PNAME_LN>
    <PNAME_NS>
        org.semanticweb.owlapi.rdf.turtle.parser.TurtleParser.generateParseException(TurtleParser.java:1034)
        org.semanticweb.owlapi.rdf.turtle.parser.TurtleParser.jj_consume_token(TurtleParser.java:902)
        org.semanticweb.owlapi.rdf.turtle.parser.TurtleParser.parseDocument(TurtleParser.java:165)
        org.semanticweb.owlapi.rdf.turtle.parser.TurtleOntologyParser.parse(TurtleOntologyParser.java:54)
        uk.ac.manchester.cs.owl.owlapi.OWLOntologyFactoryImpl.loadOWLOntology(OWLOntologyFactoryImpl.java:195)
        uk.ac.manchester.cs.owl.owlapi.OWLOntologyManagerImpl.load(OWLOntologyManagerImpl.java:1105)
        uk.ac.manchester.cs.owl.owlapi.OWLOntologyManagerImpl.loadOntology(OWLOntologyManagerImpl.java:1055)
        uk.ac.manchester.cs.owl.owlapi.OWLOntologyManagerImpl.loadOntology(OWLOntologyManagerImpl.java:955)
        uk.ac.manchester.cs.owl.owlapi.OWLOntologyManagerImpl.loadImports(OWLOntologyManagerImpl.java:1663)
        uk.ac.manchester.cs.owl.owlapi.OWLOntologyManagerImpl.makeLoadImportRequest(OWLOntologyManagerImpl.java:1703)


--------------------------------------------------------------------------------
Parser: org.semanticweb.owlapi.oboformat.OBOFormatOWLAPIParser@6b170692
    Stack trace:
LINENO: 1 - Could not find tag separator ':' in line.
LINE: <?xml version="1.0" encoding="UTF-8"?>        org.semanticweb.owlapi.oboformat.OBOFormatOWLAPIParser.parse(OBOFormatOWLAPIParser.java:50)
        uk.ac.manchester.cs.owl.owlapi.OWLOntologyFactoryImpl.loadOWLOntology(OWLOntologyFactoryImpl.java:195)
        uk.ac.manchester.cs.owl.owlapi.OWLOntologyManagerImpl.load(OWLOntologyManagerImpl.java:1105)
        uk.ac.manchester.cs.owl.owlapi.OWLOntologyManagerImpl.loadOntology(OWLOntologyManagerImpl.java:1055)
        uk.ac.manchester.cs.owl.owlapi.OWLOntologyManagerImpl.loadOntology(OWLOntologyManagerImpl.java:955)
        uk.ac.manchester.cs.owl.owlapi.OWLOntologyManagerImpl.loadImports(OWLOntologyManagerImpl.java:1663)
        uk.ac.manchester.cs.owl.owlapi.OWLOntologyManagerImpl.makeLoadImportRequest(OWLOntologyManagerImpl.java:1703)
        org.semanticweb.owlapi.rdf.rdfxml.parser.TripleHandlers$TPImportsHandler.handleTriple(TripleHandlers.java:1555)
        org.semanticweb.owlapi.rdf.rdfxml.parser.TripleHandlers$HandlerAccessor.handleStreaming(TripleHandlers.java:369)
        org.semanticweb.owlapi.rdf.rdfxml.parser.OWLRDFConsumer.statementWithResourceValue(OWLRDFConsumer.java:1563)
LINENO: 1 - Could not find tag separator ':' in line.
LINE: <?xml version="1.0" encoding="UTF-8"?>        org.obolibrary.oboformat.parser.OBOFormatParser.error(OBOFormatParser.java:1317)
        org.obolibrary.oboformat.parser.OBOFormatParser.getParseTag(OBOFormatParser.java:731)
        org.obolibrary.oboformat.parser.OBOFormatParser.parseHeaderClause(OBOFormatParser.java:409)
        org.obolibrary.oboformat.parser.OBOFormatParser.parseHeaderClauseNl(OBOFormatParser.java:402)
        org.obolibrary.oboformat.parser.OBOFormatParser.parseHeaderFrame(OBOFormatParser.java:385)
        org.obolibrary.oboformat.parser.OBOFormatParser.parseOBODoc(OBOFormatParser.java:268)
        org.obolibrary.oboformat.parser.OBOFormatParser.parse(OBOFormatParser.java:237)
        org.semanticweb.owlapi.oboformat.OBOFormatOWLAPIParser.parse(OBOFormatOWLAPIParser.java:44)
        uk.ac.manchester.cs.owl.owlapi.OWLOntologyFactoryImpl.loadOWLOntology(OWLOntologyFactoryImpl.java:195)
        uk.ac.manchester.cs.owl.owlapi.OWLOntologyManagerImpl.load(OWLOntologyManagerImpl.java:1105)


--------------------------------------------------------------------------------
Parser: org.semanticweb.owlapi.dlsyntax.parser.DLSyntaxOWLParser@4603c412
    Stack trace:
Encountered unexpected token: "<" <MAX>
    at line 1, column 1.

Was expecting one of:

    ":"
    "\n"
        org.semanticweb.owlapi.dlsyntax.parser.DLSyntaxOWLParser.parse(DLSyntaxOWLParser.java:52)
        uk.ac.manchester.cs.owl.owlapi.OWLOntologyFactoryImpl.loadOWLOntology(OWLOntologyFactoryImpl.java:195)
        uk.ac.manchester.cs.owl.owlapi.OWLOntologyManagerImpl.load(OWLOntologyManagerImpl.java:1105)
        uk.ac.manchester.cs.owl.owlapi.OWLOntologyManagerImpl.loadOntology(OWLOntologyManagerImpl.java:1055)
        uk.ac.manchester.cs.owl.owlapi.OWLOntologyManagerImpl.loadOntology(OWLOntologyManagerImpl.java:955)
        uk.ac.manchester.cs.owl.owlapi.OWLOntologyManagerImpl.loadImports(OWLOntologyManagerImpl.java:1663)
        uk.ac.manchester.cs.owl.owlapi.OWLOntologyManagerImpl.makeLoadImportRequest(OWLOntologyManagerImpl.java:1703)
        org.semanticweb.owlapi.rdf.rdfxml.parser.TripleHandlers$TPImportsHandler.handleTriple(TripleHandlers.java:1555)
        org.semanticweb.owlapi.rdf.rdfxml.parser.TripleHandlers$HandlerAccessor.handleStreaming(TripleHandlers.java:369)
        org.semanticweb.owlapi.rdf.rdfxml.parser.OWLRDFConsumer.statementWithResourceValue(OWLRDFConsumer.java:1563)
Encountered unexpected token: "<" <MAX>
    at line 1, column 1.

Was expecting one of:

    ":"
    "\n"
        org.semanticweb.owlapi.dlsyntax.parser.DLSyntaxParser.generateParseException(DLSyntaxParser.java:1572)
        org.semanticweb.owlapi.dlsyntax.parser.DLSyntaxParser.jj_consume_token(DLSyntaxParser.java:1443)
        org.semanticweb.owlapi.dlsyntax.parser.DLSyntaxParser.parseAxiom(DLSyntaxParser.java:141)
        org.semanticweb.owlapi.dlsyntax.parser.DLSyntaxParser.parseAxioms(DLSyntaxParser.java:114)
        org.semanticweb.owlapi.dlsyntax.parser.DLSyntaxOWLParser.parse(DLSyntaxOWLParser.java:48)
        uk.ac.manchester.cs.owl.owlapi.OWLOntologyFactoryImpl.loadOWLOntology(OWLOntologyFactoryImpl.java:195)
        uk.ac.manchester.cs.owl.owlapi.OWLOntologyManagerImpl.load(OWLOntologyManagerImpl.java:1105)
        uk.ac.manchester.cs.owl.owlapi.OWLOntologyManagerImpl.loadOntology(OWLOntologyManagerImpl.java:1055)
        uk.ac.manchester.cs.owl.owlapi.OWLOntologyManagerImpl.loadOntology(OWLOntologyManagerImpl.java:955)
        uk.ac.manchester.cs.owl.owlapi.OWLOntologyManagerImpl.loadImports(OWLOntologyManagerImpl.java:1663)


--------------------------------------------------------------------------------
Parser: org.semanticweb.owlapi.rio.RioParserImpl : org.semanticweb.owlapi.formats.BinaryRDFDocumentFormatFactory@3bf24493
    Stack trace:
org.eclipse.rdf4j.rio.RDFParseException: File does not contain a binary RDF document        org.semanticweb.owlapi.rio.RioParserImpl.parse(RioParserImpl.java:148)
        uk.ac.manchester.cs.owl.owlapi.OWLOntologyFactoryImpl.loadOWLOntology(OWLOntologyFactoryImpl.java:195)
        uk.ac.manchester.cs.owl.owlapi.OWLOntologyManagerImpl.load(OWLOntologyManagerImpl.java:1105)
        uk.ac.manchester.cs.owl.owlapi.OWLOntologyManagerImpl.loadOntology(OWLOntologyManagerImpl.java:1055)
        uk.ac.manchester.cs.owl.owlapi.OWLOntologyManagerImpl.loadOntology(OWLOntologyManagerImpl.java:955)
        uk.ac.manchester.cs.owl.owlapi.OWLOntologyManagerImpl.loadImports(OWLOntologyManagerImpl.java:1663)
        uk.ac.manchester.cs.owl.owlapi.OWLOntologyManagerImpl.makeLoadImportRequest(OWLOntologyManagerImpl.java:1703)
        org.semanticweb.owlapi.rdf.rdfxml.parser.TripleHandlers$TPImportsHandler.handleTriple(TripleHandlers.java:1555)
        org.semanticweb.owlapi.rdf.rdfxml.parser.TripleHandlers$HandlerAccessor.handleStreaming(TripleHandlers.java:369)
        org.semanticweb.owlapi.rdf.rdfxml.parser.OWLRDFConsumer.statementWithResourceValue(OWLRDFConsumer.java:1563)
File does not contain a binary RDF document        org.eclipse.rdf4j.rio.helpers.RDFParserHelper.reportFatalError(RDFParserHelper.java:347)
        org.eclipse.rdf4j.rio.helpers.RDFParserHelper.reportFatalError(RDFParserHelper.java:334)
        org.eclipse.rdf4j.rio.helpers.AbstractRDFParser.reportFatalError(AbstractRDFParser.java:690)
        org.eclipse.rdf4j.rio.binary.BinaryRDFParser.parse(BinaryRDFParser.java:92)
        org.semanticweb.owlapi.rio.RioParserImpl.parseDocumentSource(RioParserImpl.java:198)
        org.semanticweb.owlapi.rio.RioParserImpl.parse(RioParserImpl.java:134)
        uk.ac.manchester.cs.owl.owlapi.OWLOntologyFactoryImpl.loadOWLOntology(OWLOntologyFactoryImpl.java:195)
        uk.ac.manchester.cs.owl.owlapi.OWLOntologyManagerImpl.load(OWLOntologyManagerImpl.java:1105)
        uk.ac.manchester.cs.owl.owlapi.OWLOntologyManagerImpl.loadOntology(OWLOntologyManagerImpl.java:1055)
        uk.ac.manchester.cs.owl.owlapi.OWLOntologyManagerImpl.loadOntology(OWLOntologyManagerImpl.java:955)


--------------------------------------------------------------------------------
Parser: org.semanticweb.owlapi.krss2.parser.KRSS2OWLParser@341df373
    Stack trace:
org.semanticweb.owlapi.krss2.parser.ParseException: Encountered unexpected token: "<?xml version=\"1.0\" encoding=\"UTF-8\"?>" ">"
    at line 1, column 1.

Was expecting:

    <EOF>
        org.semanticweb.owlapi.krss2.parser.KRSS2OWLParser.parse(KRSS2OWLParser.java:252)
        uk.ac.manchester.cs.owl.owlapi.OWLOntologyFactoryImpl.loadOWLOntology(OWLOntologyFactoryImpl.java:195)
        uk.ac.manchester.cs.owl.owlapi.OWLOntologyManagerImpl.load(OWLOntologyManagerImpl.java:1105)
        uk.ac.manchester.cs.owl.owlapi.OWLOntologyManagerImpl.loadOntology(OWLOntologyManagerImpl.java:1055)
        uk.ac.manchester.cs.owl.owlapi.OWLOntologyManagerImpl.loadOntology(OWLOntologyManagerImpl.java:955)
        uk.ac.manchester.cs.owl.owlapi.OWLOntologyManagerImpl.loadImports(OWLOntologyManagerImpl.java:1663)
        uk.ac.manchester.cs.owl.owlapi.OWLOntologyManagerImpl.makeLoadImportRequest(OWLOntologyManagerImpl.java:1703)
        org.semanticweb.owlapi.rdf.rdfxml.parser.TripleHandlers$TPImportsHandler.handleTriple(TripleHandlers.java:1555)
        org.semanticweb.owlapi.rdf.rdfxml.parser.TripleHandlers$HandlerAccessor.handleStreaming(TripleHandlers.java:369)
        org.semanticweb.owlapi.rdf.rdfxml.parser.OWLRDFConsumer.statementWithResourceValue(OWLRDFConsumer.java:1563)
Encountered unexpected token: "<?xml version=\"1.0\" encoding=\"UTF-8\"?>" ">"
    at line 1, column 1.

Was expecting:

    <EOF>
        org.semanticweb.owlapi.krss2.parser.KRSS2Parser.generateParseException(KRSS2Parser.java:2103)
        org.semanticweb.owlapi.krss2.parser.KRSS2Parser.jj_consume_token(KRSS2Parser.java:1968)
        org.semanticweb.owlapi.krss2.parser.KRSS2Parser.parse(KRSS2Parser.java:124)
        org.semanticweb.owlapi.krss2.parser.KRSS2OWLParser.parse(KRSS2OWLParser.java:249)
        uk.ac.manchester.cs.owl.owlapi.OWLOntologyFactoryImpl.loadOWLOntology(OWLOntologyFactoryImpl.java:195)
        uk.ac.manchester.cs.owl.owlapi.OWLOntologyManagerImpl.load(OWLOntologyManagerImpl.java:1105)
        uk.ac.manchester.cs.owl.owlapi.OWLOntologyManagerImpl.loadOntology(OWLOntologyManagerImpl.java:1055)
        uk.ac.manchester.cs.owl.owlapi.OWLOntologyManagerImpl.loadOntology(OWLOntologyManagerImpl.java:955)
        uk.ac.manchester.cs.owl.owlapi.OWLOntologyManagerImpl.loadImports(OWLOntologyManagerImpl.java:1663)
        uk.ac.manchester.cs.owl.owlapi.OWLOntologyManagerImpl.makeLoadImportRequest(OWLOntologyManagerImpl.java:1703)


--------------------------------------------------------------------------------
Parser: org.semanticweb.owlapi.rio.RioParserImpl : org.semanticweb.owlapi.formats.HDTRDFDocumentFormatFactory@116d8
    Stack trace:
org.eclipse.rdf4j.rio.RDFParseException: $HDT marker not found [line 4]        org.semanticweb.owlapi.rio.RioParserImpl.parse(RioParserImpl.java:148)
        uk.ac.manchester.cs.owl.owlapi.OWLOntologyFactoryImpl.loadOWLOntology(OWLOntologyFactoryImpl.java:195)
        uk.ac.manchester.cs.owl.owlapi.OWLOntologyManagerImpl.load(OWLOntologyManagerImpl.java:1105)
        uk.ac.manchester.cs.owl.owlapi.OWLOntologyManagerImpl.loadOntology(OWLOntologyManagerImpl.java:1055)
        uk.ac.manchester.cs.owl.owlapi.OWLOntologyManagerImpl.loadOntology(OWLOntologyManagerImpl.java:955)
        uk.ac.manchester.cs.owl.owlapi.OWLOntologyManagerImpl.loadImports(OWLOntologyManagerImpl.java:1663)
        uk.ac.manchester.cs.owl.owlapi.OWLOntologyManagerImpl.makeLoadImportRequest(OWLOntologyManagerImpl.java:1703)
        org.semanticweb.owlapi.rdf.rdfxml.parser.TripleHandlers$TPImportsHandler.handleTriple(TripleHandlers.java:1555)
        org.semanticweb.owlapi.rdf.rdfxml.parser.TripleHandlers$HandlerAccessor.handleStreaming(TripleHandlers.java:369)
        org.semanticweb.owlapi.rdf.rdfxml.parser.OWLRDFConsumer.statementWithResourceValue(OWLRDFConsumer.java:1563)
$HDT marker not found [line 4]        org.eclipse.rdf4j.rio.helpers.RDFParserHelper.reportFatalError(RDFParserHelper.java:347)
        org.eclipse.rdf4j.rio.helpers.AbstractRDFParser.reportFatalError(AbstractRDFParser.java:698)
        org.eclipse.rdf4j.rio.hdt.HDTParser.parse(HDTParser.java:156)
        org.semanticweb.owlapi.rio.RioParserImpl.parseDocumentSource(RioParserImpl.java:198)
        org.semanticweb.owlapi.rio.RioParserImpl.parse(RioParserImpl.java:134)
        uk.ac.manchester.cs.owl.owlapi.OWLOntologyFactoryImpl.loadOWLOntology(OWLOntologyFactoryImpl.java:195)
        uk.ac.manchester.cs.owl.owlapi.OWLOntologyManagerImpl.load(OWLOntologyManagerImpl.java:1105)
        uk.ac.manchester.cs.owl.owlapi.OWLOntologyManagerImpl.loadOntology(OWLOntologyManagerImpl.java:1055)
        uk.ac.manchester.cs.owl.owlapi.OWLOntologyManagerImpl.loadOntology(OWLOntologyManagerImpl.java:955)
        uk.ac.manchester.cs.owl.owlapi.OWLOntologyManagerImpl.loadImports(OWLOntologyManagerImpl.java:1663)


--------------------------------------------------------------------------------
Parser: org.semanticweb.owlapi.rio.RioParserImpl : org.semanticweb.owlapi.formats.RDFaDocumentFormatFactory@264e8d
    Stack trace:
org.eclipse.rdf4j.rio.UnsupportedRDFormatException: Did not recognise RDF format object RDFa (mimeTypes=application/xhtml+xml, application/html, text/html; ext=xhtml, html)        org.semanticweb.owlapi.rio.RioParserImpl.parse(RioParserImpl.java:148)
        uk.ac.manchester.cs.owl.owlapi.OWLOntologyFactoryImpl.loadOWLOntology(OWLOntologyFactoryImpl.java:195)
        uk.ac.manchester.cs.owl.owlapi.OWLOntologyManagerImpl.load(OWLOntologyManagerImpl.java:1105)
        uk.ac.manchester.cs.owl.owlapi.OWLOntologyManagerImpl.loadOntology(OWLOntologyManagerImpl.java:1055)
        uk.ac.manchester.cs.owl.owlapi.OWLOntologyManagerImpl.loadOntology(OWLOntologyManagerImpl.java:955)
        uk.ac.manchester.cs.owl.owlapi.OWLOntologyManagerImpl.loadImports(OWLOntologyManagerImpl.java:1663)
        uk.ac.manchester.cs.owl.owlapi.OWLOntologyManagerImpl.makeLoadImportRequest(OWLOntologyManagerImpl.java:1703)
        org.semanticweb.owlapi.rdf.rdfxml.parser.TripleHandlers$TPImportsHandler.handleTriple(TripleHandlers.java:1555)
        org.semanticweb.owlapi.rdf.rdfxml.parser.TripleHandlers$HandlerAccessor.handleStreaming(TripleHandlers.java:369)
        org.semanticweb.owlapi.rdf.rdfxml.parser.OWLRDFConsumer.statementWithResourceValue(OWLRDFConsumer.java:1563)
Did not recognise RDF format object RDFa (mimeTypes=application/xhtml+xml, application/html, text/html; ext=xhtml, html)        org.eclipse.rdf4j.rio.Rio.lambda$unsupportedFormat$0(Rio.java:761)
        java.base/java.util.Optional.orElseThrow(Optional.java:407)
        org.eclipse.rdf4j.rio.Rio.createParser(Rio.java:99)
        org.semanticweb.owlapi.rio.RioParserImpl.parseDocumentSource(RioParserImpl.java:173)
        org.semanticweb.owlapi.rio.RioParserImpl.parse(RioParserImpl.java:134)
        uk.ac.manchester.cs.owl.owlapi.OWLOntologyFactoryImpl.loadOWLOntology(OWLOntologyFactoryImpl.java:195)
        uk.ac.manchester.cs.owl.owlapi.OWLOntologyManagerImpl.load(OWLOntologyManagerImpl.java:1105)
        uk.ac.manchester.cs.owl.owlapi.OWLOntologyManagerImpl.loadOntology(OWLOntologyManagerImpl.java:1055)
        uk.ac.manchester.cs.owl.owlapi.OWLOntologyManagerImpl.loadOntology(OWLOntologyManagerImpl.java:955)
        uk.ac.manchester.cs.owl.owlapi.OWLOntologyManagerImpl.loadImports(OWLOntologyManagerImpl.java:1663)



	at org.springframework.beans.factory.support.ConstructorResolver.createArgumentArray(ConstructorResolver.java:801)
	at org.springframework.beans.factory.support.ConstructorResolver.autowireConstructor(ConstructorResolver.java:224)
	at org.springframework.beans.factory.support.AbstractAutowireCapableBeanFactory.autowireConstructor(AbstractAutowireCapableBeanFactory.java:1372)
	at org.springframework.beans.factory.support.AbstractAutowireCapableBeanFactory.createBeanInstance(AbstractAutowireCapableBeanFactory.java:1222)
	at org.springframework.beans.factory.support.AbstractAutowireCapableBeanFactory.doCreateBean(AbstractAutowireCapableBeanFactory.java:582)
	at org.springframework.beans.factory.support.AbstractAutowireCapableBeanFactory.createBean(AbstractAutowireCapableBeanFactory.java:542)
	at org.springframework.beans.factory.support.AbstractBeanFactory.lambda$doGetBean$0(AbstractBeanFactory.java:335)
	at org.springframework.beans.factory.support.DefaultSingletonBeanRegistry.getSingleton(DefaultSingletonBeanRegistry.java:234)
	at org.springframework.beans.factory.support.AbstractBeanFactory.doGetBean(AbstractBeanFactory.java:333)
	at org.springframework.beans.factory.support.AbstractBeanFactory.getBean(AbstractBeanFactory.java:208)
	at org.springframework.beans.factory.support.DefaultListableBeanFactory.preInstantiateSingletons(DefaultListableBeanFactory.java:955)
	at org.springframework.context.support.AbstractApplicationContext.finishBeanFactoryInitialization(AbstractApplicationContext.java:929)
	at org.springframework.context.support.AbstractApplicationContext.refresh(AbstractApplicationContext.java:591)
	at org.springframework.boot.web.servlet.context.ServletWebServerApplicationContext.refresh(ServletWebServerApplicationContext.java:147)
	at org.springframework.boot.SpringApplication.refresh(SpringApplication.java:732)
	at org.springframework.boot.SpringApplication.refreshContext(SpringApplication.java:409)
	at org.springframework.boot.SpringApplication.run(SpringApplication.java:308)
	at org.springframework.boot.SpringApplication.run(SpringApplication.java:1300)
	at org.springframework.boot.SpringApplication.run(SpringApplication.java:1289)
	at it.unibz.inf.ontop.endpoint.OntopEndpointApplication.main(OntopEndpointApplication.java:20)
	at it.unibz.inf.ontop.cli.OntopEndpoint.run(OntopEndpoint.java:152)
	at it.unibz.inf.ontop.cli.Ontop.main(Ontop.java:19)
Caused by: org.springframework.beans.factory.BeanCreationException: Error creating bean with name 'setupVirtualRepository' defined in class path resource [it/unibz/inf/ontop/endpoint/beans/OntopVirtualRepositoryBean.class]: Bean instantiation via factory method failed; nested exception is org.springframework.beans.BeanInstantiationException: Failed to instantiate [it.unibz.inf.ontop.rdf4j.repository.impl.OntopVirtualRepository]: Factory method 'setupVirtualRepository' threw exception; nested exception is org.eclipse.rdf4j.repository.RepositoryException: org.semanticweb.owlapi.model.UnloadableImportException: Could not load imported ontology: <http://www.tcm-classics.org/fangji> Cause: Problem parsing file:/D:/work/Ontology/TraditionalChineseMedicineOntology/ontology/fangji.owl
Could not parse ontology.  Either a suitable parser could not be found, or parsing failed.  See parser logs below for explanation.
The following parsers were tried:
1) org.semanticweb.owlapi.rdf.rdfxml.parser.RDFXMLParser@2cd2c764
2) org.semanticweb.owlapi.owlxml.parser.OWLXMLParser@571c7572
3) org.semanticweb.owlapi.functional.parser.OWLFunctionalSyntaxOWLParser@c6a3f47
4) org.semanticweb.owlapi.rio.RioParserImpl : org.semanticweb.owlapi.formats.RioTurtleDocumentFormatFactory@95fd655c
5) org.semanticweb.owlapi.manchestersyntax.parser.ManchesterOWLSyntaxOntologyParser@59bbf82e
6) org.semanticweb.owlapi.rio.RioParserImpl : org.semanticweb.owlapi.formats.NQuadsDocumentFormatFactory@6f9c39ad
7) org.semanticweb.owlapi.rio.RioParserImpl : org.semanticweb.owlapi.formats.NTriplesDocumentFormatFactory@937ecd36
8) org.semanticweb.owlapi.rio.RioParserImpl : org.semanticweb.owlapi.formats.RDFJsonDocumentFormatFactory@cd748dc3
9) org.semanticweb.owlapi.rio.RioParserImpl : org.semanticweb.owlapi.formats.TrigDocumentFormatFactory@27e81c
10) org.semanticweb.owlapi.rio.RioParserImpl : org.semanticweb.owlapi.formats.RDFJsonLDDocumentFormatFactory@dcacc47d
11) org.semanticweb.owlapi.rio.RioParserImpl : org.semanticweb.owlapi.formats.N3DocumentFormatFactory@9a5
12) org.semanticweb.owlapi.rio.RioParserImpl : org.semanticweb.owlapi.formats.RioRDFXMLDocumentFormatFactory@69b9a3bc
13) org.semanticweb.owlapi.rdf.turtle.parser.TurtleOntologyParser@7c0a6f62
14) org.semanticweb.owlapi.oboformat.OBOFormatOWLAPIParser@6b170692
15) org.semanticweb.owlapi.dlsyntax.parser.DLSyntaxOWLParser@4603c412
16) org.semanticweb.owlapi.rio.RioParserImpl : org.semanticweb.owlapi.formats.BinaryRDFDocumentFormatFactory@3bf24493
17) org.semanticweb.owlapi.krss2.parser.KRSS2OWLParser@341df373
18) org.semanticweb.owlapi.rio.RioParserImpl : org.semanticweb.owlapi.formats.HDTRDFDocumentFormatFactory@116d8
19) org.semanticweb.owlapi.rio.RioParserImpl : org.semanticweb.owlapi.formats.RDFaDocumentFormatFactory@264e8d


Detailed logs:
--------------------------------------------------------------------------------
Parser: org.semanticweb.owlapi.rdf.rdfxml.parser.RDFXMLParser@2cd2c764
    Stack trace:
org.xml.sax.SAXParseException; systemId: file:/D:/work/Ontology/TraditionalChineseMedicineOntology/ontology/fangji.owl; lineNumber: 38; columnNumber: 12; 注释中不允许出现字符串 "--"。        org.semanticweb.owlapi.rdf.rdfxml.parser.RDFXMLParser.parse(RDFXMLParser.java:69)
        uk.ac.manchester.cs.owl.owlapi.OWLOntologyFactoryImpl.loadOWLOntology(OWLOntologyFactoryImpl.java:195)
        uk.ac.manchester.cs.owl.owlapi.OWLOntologyManagerImpl.load(OWLOntologyManagerImpl.java:1105)
        uk.ac.manchester.cs.owl.owlapi.OWLOntologyManagerImpl.loadOntology(OWLOntologyManagerImpl.java:1055)
        uk.ac.manchester.cs.owl.owlapi.OWLOntologyManagerImpl.loadOntology(OWLOntologyManagerImpl.java:955)
        uk.ac.manchester.cs.owl.owlapi.OWLOntologyManagerImpl.loadImports(OWLOntologyManagerImpl.java:1663)
        uk.ac.manchester.cs.owl.owlapi.OWLOntologyManagerImpl.makeLoadImportRequest(OWLOntologyManagerImpl.java:1703)
        org.semanticweb.owlapi.rdf.rdfxml.parser.TripleHandlers$TPImportsHandler.handleTriple(TripleHandlers.java:1555)
        org.semanticweb.owlapi.rdf.rdfxml.parser.TripleHandlers$HandlerAccessor.handleStreaming(TripleHandlers.java:369)
        org.semanticweb.owlapi.rdf.rdfxml.parser.OWLRDFConsumer.statementWithResourceValue(OWLRDFConsumer.java:1563)
注释中不允许出现字符串 "--"。        java.xml/com.sun.org.apache.xerces.internal.util.ErrorHandlerWrapper.createSAXParseException(ErrorHandlerWrapper.java:204)
        java.xml/com.sun.org.apache.xerces.internal.util.ErrorHandlerWrapper.fatalError(ErrorHandlerWrapper.java:178)
        java.xml/com.sun.org.apache.xerces.internal.impl.XMLErrorReporter.reportError(XMLErrorReporter.java:400)
        java.xml/com.sun.org.apache.xerces.internal.impl.XMLErrorReporter.reportError(XMLErrorReporter.java:327)
        java.xml/com.sun.org.apache.xerces.internal.impl.XMLScanner.reportFatalError(XMLScanner.java:1465)
        java.xml/com.sun.org.apache.xerces.internal.impl.XMLScanner.scanComment(XMLScanner.java:818)
        java.xml/com.sun.org.apache.xerces.internal.impl.XMLDocumentFragmentScannerImpl.scanComment(XMLDocumentFragmentScannerImpl.java:1088)
        java.xml/com.sun.org.apache.xerces.internal.impl.XMLDocumentFragmentScannerImpl$FragmentContentDriver.next(XMLDocumentFragmentScannerImpl.java:2924)
        java.xml/com.sun.org.apache.xerces.internal.impl.XMLDocumentScannerImpl.next(XMLDocumentScannerImpl.java:635)
        java.xml/com.sun.org.apache.xerces.internal.impl.XMLNSDocumentScannerImpl.next(XMLNSDocumentScannerImpl.java:113)


--------------------------------------------------------------------------------
Parser: org.semanticweb.owlapi.owlxml.parser.OWLXMLParser@571c7572
    Stack trace:
Attribute not found: IRI (Line 20)        org.semanticweb.owlapi.owlxml.parser.OWLEH.ensureAttributeNotNull(PARSER_OWLXMLVocabulary.java:597)
        org.semanticweb.owlapi.owlxml.parser.OWLEH.getIRIFromAttribute(PARSER_OWLXMLVocabulary.java:504)
        org.semanticweb.owlapi.owlxml.parser.OWLClassEH.attribute(PARSER_OWLXMLVocabulary.java:1008)
        org.semanticweb.owlapi.owlxml.parser.OWLXMLPH.startElement(OWLXMLPH.java:478)
        java.xml/com.sun.org.apache.xerces.internal.parsers.AbstractSAXParser.startElement(AbstractSAXParser.java:519)
        java.xml/com.sun.org.apache.xerces.internal.impl.XMLNSDocumentScannerImpl.scanStartElement(XMLNSDocumentScannerImpl.java:376)
        java.xml/com.sun.org.apache.xerces.internal.impl.XMLDocumentFragmentScannerImpl$FragmentContentDriver.next(XMLDocumentFragmentScannerImpl.java:2736)
        java.xml/com.sun.org.apache.xerces.internal.impl.XMLDocumentScannerImpl.next(XMLDocumentScannerImpl.java:635)
        java.xml/com.sun.org.apache.xerces.internal.impl.XMLNSDocumentScannerImpl.next(XMLNSDocumentScannerImpl.java:113)
        java.xml/com.sun.org.apache.xerces.internal.impl.XMLDocumentFragmentScannerImpl.scanDocument(XMLDocumentFragmentScannerImpl.java:551)


--------------------------------------------------------------------------------
Parser: org.semanticweb.owlapi.functional.parser.OWLFunctionalSyntaxOWLParser@c6a3f47
    Stack trace:
Encountered unexpected token: "<?xml version=\"1.0\" encoding=\"UTF-8\"?>" <FULLIRI>
    at line 1, column 1.

Was expecting one of:

    "Ontology"
    "Prefix"
 (Line 0)        org.semanticweb.owlapi.functional.parser.OWLFunctionalSyntaxOWLParser.parse(OWLFunctionalSyntaxOWLParser.java:49)
        uk.ac.manchester.cs.owl.owlapi.OWLOntologyFactoryImpl.loadOWLOntology(OWLOntologyFactoryImpl.java:195)
        uk.ac.manchester.cs.owl.owlapi.OWLOntologyManagerImpl.load(OWLOntologyManagerImpl.java:1105)
        uk.ac.manchester.cs.owl.owlapi.OWLOntologyManagerImpl.loadOntology(OWLOntologyManagerImpl.java:1055)
        uk.ac.manchester.cs.owl.owlapi.OWLOntologyManagerImpl.loadOntology(OWLOntologyManagerImpl.java:955)
        uk.ac.manchester.cs.owl.owlapi.OWLOntologyManagerImpl.loadImports(OWLOntologyManagerImpl.java:1663)
        uk.ac.manchester.cs.owl.owlapi.OWLOntologyManagerImpl.makeLoadImportRequest(OWLOntologyManagerImpl.java:1703)
        org.semanticweb.owlapi.rdf.rdfxml.parser.TripleHandlers$TPImportsHandler.handleTriple(TripleHandlers.java:1555)
        org.semanticweb.owlapi.rdf.rdfxml.parser.TripleHandlers$HandlerAccessor.handleStreaming(TripleHandlers.java:369)
        org.semanticweb.owlapi.rdf.rdfxml.parser.OWLRDFConsumer.statementWithResourceValue(OWLRDFConsumer.java:1563)
Encountered unexpected token: "<?xml version=\"1.0\" encoding=\"UTF-8\"?>" <FULLIRI>
    at line 1, column 1.

Was expecting one of:

    "Ontology"
    "Prefix"
        org.semanticweb.owlapi.functional.parser.OWLFunctionalSyntaxParser.generateParseException(OWLFunctionalSyntaxParser.java:2479)
        org.semanticweb.owlapi.functional.parser.OWLFunctionalSyntaxParser.jj_consume_token(OWLFunctionalSyntaxParser.java:2405)
        org.semanticweb.owlapi.functional.parser.OWLFunctionalSyntaxParser.Ontology(OWLFunctionalSyntaxParser.java:115)
        org.semanticweb.owlapi.functional.parser.OWLFunctionalSyntaxParser.parse(OWLFunctionalSyntaxParser.java:101)
        org.semanticweb.owlapi.functional.parser.OWLFunctionalSyntaxOWLParser.parse(OWLFunctionalSyntaxOWLParser.java:47)
        uk.ac.manchester.cs.owl.owlapi.OWLOntologyFactoryImpl.loadOWLOntology(OWLOntologyFactoryImpl.java:195)
        uk.ac.manchester.cs.owl.owlapi.OWLOntologyManagerImpl.load(OWLOntologyManagerImpl.java:1105)
        uk.ac.manchester.cs.owl.owlapi.OWLOntologyManagerImpl.loadOntology(OWLOntologyManagerImpl.java:1055)
        uk.ac.manchester.cs.owl.owlapi.OWLOntologyManagerImpl.loadOntology(OWLOntologyManagerImpl.java:955)
        uk.ac.manchester.cs.owl.owlapi.OWLOntologyManagerImpl.loadImports(OWLOntologyManagerImpl.java:1663)


--------------------------------------------------------------------------------
Parser: org.semanticweb.owlapi.rio.RioParserImpl : org.semanticweb.owlapi.formats.RioTurtleDocumentFormatFactory@95fd655c
    Stack trace:
org.eclipse.rdf4j.rio.RDFParseException: Expected '.', found '<' [line 5]        org.semanticweb.owlapi.rio.RioParserImpl.parse(RioParserImpl.java:148)
        uk.ac.manchester.cs.owl.owlapi.OWLOntologyFactoryImpl.loadOWLOntology(OWLOntologyFactoryImpl.java:195)
        uk.ac.manchester.cs.owl.owlapi.OWLOntologyManagerImpl.load(OWLOntologyManagerImpl.java:1105)
        uk.ac.manchester.cs.owl.owlapi.OWLOntologyManagerImpl.loadOntology(OWLOntologyManagerImpl.java:1055)
        uk.ac.manchester.cs.owl.owlapi.OWLOntologyManagerImpl.loadOntology(OWLOntologyManagerImpl.java:955)
        uk.ac.manchester.cs.owl.owlapi.OWLOntologyManagerImpl.loadImports(OWLOntologyManagerImpl.java:1663)
        uk.ac.manchester.cs.owl.owlapi.OWLOntologyManagerImpl.makeLoadImportRequest(OWLOntologyManagerImpl.java:1703)
        org.semanticweb.owlapi.rdf.rdfxml.parser.TripleHandlers$TPImportsHandler.handleTriple(TripleHandlers.java:1555)
        org.semanticweb.owlapi.rdf.rdfxml.parser.TripleHandlers$HandlerAccessor.handleStreaming(TripleHandlers.java:369)
        org.semanticweb.owlapi.rdf.rdfxml.parser.OWLRDFConsumer.statementWithResourceValue(OWLRDFConsumer.java:1563)
Expected '.', found '<' [line 5]        org.eclipse.rdf4j.rio.helpers.RDFParserHelper.reportFatalError(RDFParserHelper.java:347)
        org.eclipse.rdf4j.rio.helpers.AbstractRDFParser.reportFatalError(AbstractRDFParser.java:698)
        org.eclipse.rdf4j.rio.turtle.TurtleParser.reportFatalError(TurtleParser.java:1309)
        org.eclipse.rdf4j.rio.turtle.TurtleParser.verifyCharacterOrFail(TurtleParser.java:1154)
        org.eclipse.rdf4j.rio.turtle.TurtleParser.parseStatement(TurtleParser.java:205)
        org.eclipse.rdf4j.rio.turtle.TurtleParser.parse(TurtleParser.java:165)
        org.semanticweb.owlapi.rio.RioParserImpl.parseDocumentSource(RioParserImpl.java:186)
        org.semanticweb.owlapi.rio.RioParserImpl.parse(RioParserImpl.java:134)
        uk.ac.manchester.cs.owl.owlapi.OWLOntologyFactoryImpl.loadOWLOntology(OWLOntologyFactoryImpl.java:195)
        uk.ac.manchester.cs.owl.owlapi.OWLOntologyManagerImpl.load(OWLOntologyManagerImpl.java:1105)


--------------------------------------------------------------------------------
Parser: org.semanticweb.owlapi.manchestersyntax.parser.ManchesterOWLSyntaxOntologyParser@59bbf82e
    Stack trace:
Encountered '<?xml version="1.0" encoding="UTF-8"?>' at line 1 column 1.  Expected either 'Ontology:' or 'Prefix:' (Line 1)        org.semanticweb.owlapi.manchestersyntax.parser.ManchesterOWLSyntaxOntologyParser.parse(ManchesterOWLSyntaxOntologyParser.java:81)
        uk.ac.manchester.cs.owl.owlapi.OWLOntologyFactoryImpl.loadOWLOntology(OWLOntologyFactoryImpl.java:195)
        uk.ac.manchester.cs.owl.owlapi.OWLOntologyManagerImpl.load(OWLOntologyManagerImpl.java:1105)
        uk.ac.manchester.cs.owl.owlapi.OWLOntologyManagerImpl.loadOntology(OWLOntologyManagerImpl.java:1055)
        uk.ac.manchester.cs.owl.owlapi.OWLOntologyManagerImpl.loadOntology(OWLOntologyManagerImpl.java:955)
        uk.ac.manchester.cs.owl.owlapi.OWLOntologyManagerImpl.loadImports(OWLOntologyManagerImpl.java:1663)
        uk.ac.manchester.cs.owl.owlapi.OWLOntologyManagerImpl.makeLoadImportRequest(OWLOntologyManagerImpl.java:1703)
        org.semanticweb.owlapi.rdf.rdfxml.parser.TripleHandlers$TPImportsHandler.handleTriple(TripleHandlers.java:1555)
        org.semanticweb.owlapi.rdf.rdfxml.parser.TripleHandlers$HandlerAccessor.handleStreaming(TripleHandlers.java:369)
        org.semanticweb.owlapi.rdf.rdfxml.parser.OWLRDFConsumer.statementWithResourceValue(OWLRDFConsumer.java:1563)


--------------------------------------------------------------------------------
Parser: org.semanticweb.owlapi.rio.RioParserImpl : org.semanticweb.owlapi.formats.NQuadsDocumentFormatFactory@6f9c39ad
    Stack trace:
org.eclipse.rdf4j.rio.RDFParseException: Not a valid (absolute) IRI: ?xml version="1.0" encoding="UTF-8"? [line 1]        org.semanticweb.owlapi.rio.RioParserImpl.parse(RioParserImpl.java:148)
        uk.ac.manchester.cs.owl.owlapi.OWLOntologyFactoryImpl.loadOWLOntology(OWLOntologyFactoryImpl.java:195)
        uk.ac.manchester.cs.owl.owlapi.OWLOntologyManagerImpl.load(OWLOntologyManagerImpl.java:1105)
        uk.ac.manchester.cs.owl.owlapi.OWLOntologyManagerImpl.loadOntology(OWLOntologyManagerImpl.java:1055)
        uk.ac.manchester.cs.owl.owlapi.OWLOntologyManagerImpl.loadOntology(OWLOntologyManagerImpl.java:955)
        uk.ac.manchester.cs.owl.owlapi.OWLOntologyManagerImpl.loadImports(OWLOntologyManagerImpl.java:1663)
        uk.ac.manchester.cs.owl.owlapi.OWLOntologyManagerImpl.makeLoadImportRequest(OWLOntologyManagerImpl.java:1703)
        org.semanticweb.owlapi.rdf.rdfxml.parser.TripleHandlers$TPImportsHandler.handleTriple(TripleHandlers.java:1555)
        org.semanticweb.owlapi.rdf.rdfxml.parser.TripleHandlers$HandlerAccessor.handleStreaming(TripleHandlers.java:369)
        org.semanticweb.owlapi.rdf.rdfxml.parser.OWLRDFConsumer.statementWithResourceValue(OWLRDFConsumer.java:1563)
Not a valid (absolute) IRI: ?xml version="1.0" encoding="UTF-8"? [line 1]        org.eclipse.rdf4j.rio.helpers.RDFParserHelper.reportFatalError(RDFParserHelper.java:380)
        org.eclipse.rdf4j.rio.helpers.AbstractRDFParser.reportFatalError(AbstractRDFParser.java:723)
        org.eclipse.rdf4j.rio.ntriples.NTriplesParser.reportFatalError(NTriplesParser.java:468)
        org.eclipse.rdf4j.rio.helpers.AbstractRDFParser.createURI(AbstractRDFParser.java:360)
        org.eclipse.rdf4j.rio.ntriples.NTriplesParser.createURI(NTriplesParser.java:431)
        org.eclipse.rdf4j.rio.ntriples.NTriplesParser.parseIRI(NTriplesParser.java:260)
        org.eclipse.rdf4j.rio.ntriples.NTriplesParser.parseSubject(NTriplesParser.java:187)
        org.eclipse.rdf4j.rio.nquads.NQuadsParser.parseStatement(NQuadsParser.java:51)
        org.eclipse.rdf4j.rio.ntriples.NTriplesParser.parse(NTriplesParser.java:119)
        org.semanticweb.owlapi.rio.RioParserImpl.parseDocumentSource(RioParserImpl.java:186)
Not a valid (absolute) IRI: ?xml version="1.0" encoding="UTF-8"?        org.eclipse.rdf4j.model.impl.SimpleIRI.setIRIString(SimpleIRI.java:96)
        org.eclipse.rdf4j.model.impl.SimpleIRI.<init>(SimpleIRI.java:67)
        org.eclipse.rdf4j.model.impl.SimpleValueFactory.createIRI(SimpleValueFactory.java:83)
        org.eclipse.rdf4j.rio.helpers.RDFStarDecodingValueFactory.createIRI(RDFStarDecodingValueFactory.java:46)
        org.eclipse.rdf4j.rio.helpers.AbstractRDFParser.createURI(AbstractRDFParser.java:358)
        org.eclipse.rdf4j.rio.ntriples.NTriplesParser.createURI(NTriplesParser.java:431)
        org.eclipse.rdf4j.rio.ntriples.NTriplesParser.parseIRI(NTriplesParser.java:260)
        org.eclipse.rdf4j.rio.ntriples.NTriplesParser.parseSubject(NTriplesParser.java:187)
        org.eclipse.rdf4j.rio.nquads.NQuadsParser.parseStatement(NQuadsParser.java:51)
        org.eclipse.rdf4j.rio.ntriples.NTriplesParser.parse(NTriplesParser.java:119)


--------------------------------------------------------------------------------
Parser: org.semanticweb.owlapi.rio.RioParserImpl : org.semanticweb.owlapi.formats.NTriplesDocumentFormatFactory@937ecd36
    Stack trace:
org.eclipse.rdf4j.rio.RDFParseException: Not a valid (absolute) IRI: ?xml version="1.0" encoding="UTF-8"? [line 1]        org.semanticweb.owlapi.rio.RioParserImpl.parse(RioParserImpl.java:148)
        uk.ac.manchester.cs.owl.owlapi.OWLOntologyFactoryImpl.loadOWLOntology(OWLOntologyFactoryImpl.java:195)
        uk.ac.manchester.cs.owl.owlapi.OWLOntologyManagerImpl.load(OWLOntologyManagerImpl.java:1105)
        uk.ac.manchester.cs.owl.owlapi.OWLOntologyManagerImpl.loadOntology(OWLOntologyManagerImpl.java:1055)
        uk.ac.manchester.cs.owl.owlapi.OWLOntologyManagerImpl.loadOntology(OWLOntologyManagerImpl.java:955)
        uk.ac.manchester.cs.owl.owlapi.OWLOntologyManagerImpl.loadImports(OWLOntologyManagerImpl.java:1663)
        uk.ac.manchester.cs.owl.owlapi.OWLOntologyManagerImpl.makeLoadImportRequest(OWLOntologyManagerImpl.java:1703)
        org.semanticweb.owlapi.rdf.rdfxml.parser.TripleHandlers$TPImportsHandler.handleTriple(TripleHandlers.java:1555)
        org.semanticweb.owlapi.rdf.rdfxml.parser.TripleHandlers$HandlerAccessor.handleStreaming(TripleHandlers.java:369)
        org.semanticweb.owlapi.rdf.rdfxml.parser.OWLRDFConsumer.statementWithResourceValue(OWLRDFConsumer.java:1563)
Not a valid (absolute) IRI: ?xml version="1.0" encoding="UTF-8"? [line 1]        org.eclipse.rdf4j.rio.helpers.RDFParserHelper.reportFatalError(RDFParserHelper.java:380)
        org.eclipse.rdf4j.rio.helpers.AbstractRDFParser.reportFatalError(AbstractRDFParser.java:723)
        org.eclipse.rdf4j.rio.ntriples.NTriplesParser.reportFatalError(NTriplesParser.java:468)
        org.eclipse.rdf4j.rio.helpers.AbstractRDFParser.createURI(AbstractRDFParser.java:360)
        org.eclipse.rdf4j.rio.ntriples.NTriplesParser.createURI(NTriplesParser.java:431)
        org.eclipse.rdf4j.rio.ntriples.NTriplesParser.parseIRI(NTriplesParser.java:260)
        org.eclipse.rdf4j.rio.ntriples.NTriplesParser.parseSubject(NTriplesParser.java:187)
        org.eclipse.rdf4j.rio.ntriples.NTriplesParser.parseStatement(NTriplesParser.java:137)
        org.eclipse.rdf4j.rio.ntriples.NTriplesParser.parse(NTriplesParser.java:119)
        org.semanticweb.owlapi.rio.RioParserImpl.parseDocumentSource(RioParserImpl.java:186)
Not a valid (absolute) IRI: ?xml version="1.0" encoding="UTF-8"?        org.eclipse.rdf4j.model.impl.SimpleIRI.setIRIString(SimpleIRI.java:96)
        org.eclipse.rdf4j.model.impl.SimpleIRI.<init>(SimpleIRI.java:67)
        org.eclipse.rdf4j.model.impl.SimpleValueFactory.createIRI(SimpleValueFactory.java:83)
        org.eclipse.rdf4j.rio.helpers.RDFStarDecodingValueFactory.createIRI(RDFStarDecodingValueFactory.java:46)
        org.eclipse.rdf4j.rio.helpers.AbstractRDFParser.createURI(AbstractRDFParser.java:358)
        org.eclipse.rdf4j.rio.ntriples.NTriplesParser.createURI(NTriplesParser.java:431)
        org.eclipse.rdf4j.rio.ntriples.NTriplesParser.parseIRI(NTriplesParser.java:260)
        org.eclipse.rdf4j.rio.ntriples.NTriplesParser.parseSubject(NTriplesParser.java:187)
        org.eclipse.rdf4j.rio.ntriples.NTriplesParser.parseStatement(NTriplesParser.java:137)
        org.eclipse.rdf4j.rio.ntriples.NTriplesParser.parse(NTriplesParser.java:119)


--------------------------------------------------------------------------------
Parser: org.semanticweb.owlapi.rio.RioParserImpl : org.semanticweb.owlapi.formats.RDFJsonDocumentFormatFactory@cd748dc3
    Stack trace:
org.eclipse.rdf4j.rio.RDFParseException: Found IOException during parsing [line 1, column 2]        org.semanticweb.owlapi.rio.RioParserImpl.parse(RioParserImpl.java:148)
        uk.ac.manchester.cs.owl.owlapi.OWLOntologyFactoryImpl.loadOWLOntology(OWLOntologyFactoryImpl.java:195)
        uk.ac.manchester.cs.owl.owlapi.OWLOntologyManagerImpl.load(OWLOntologyManagerImpl.java:1105)
        uk.ac.manchester.cs.owl.owlapi.OWLOntologyManagerImpl.loadOntology(OWLOntologyManagerImpl.java:1055)
        uk.ac.manchester.cs.owl.owlapi.OWLOntologyManagerImpl.loadOntology(OWLOntologyManagerImpl.java:955)
        uk.ac.manchester.cs.owl.owlapi.OWLOntologyManagerImpl.loadImports(OWLOntologyManagerImpl.java:1663)
        uk.ac.manchester.cs.owl.owlapi.OWLOntologyManagerImpl.makeLoadImportRequest(OWLOntologyManagerImpl.java:1703)
        org.semanticweb.owlapi.rdf.rdfxml.parser.TripleHandlers$TPImportsHandler.handleTriple(TripleHandlers.java:1555)
        org.semanticweb.owlapi.rdf.rdfxml.parser.TripleHandlers$HandlerAccessor.handleStreaming(TripleHandlers.java:369)
        org.semanticweb.owlapi.rdf.rdfxml.parser.OWLRDFConsumer.statementWithResourceValue(OWLRDFConsumer.java:1563)
Found IOException during parsing [line 1, column 2]        org.eclipse.rdf4j.rio.helpers.RDFParserHelper.reportFatalError(RDFParserHelper.java:400)
        org.eclipse.rdf4j.rio.helpers.AbstractRDFParser.reportFatalError(AbstractRDFParser.java:734)
        org.eclipse.rdf4j.rio.rdfjson.RDFJSONParser.reportFatalError(RDFJSONParser.java:138)
        org.eclipse.rdf4j.rio.rdfjson.RDFJSONParser.parse(RDFJSONParser.java:161)
        org.semanticweb.owlapi.rio.RioParserImpl.parseDocumentSource(RioParserImpl.java:186)
        org.semanticweb.owlapi.rio.RioParserImpl.parse(RioParserImpl.java:134)
        uk.ac.manchester.cs.owl.owlapi.OWLOntologyFactoryImpl.loadOWLOntology(OWLOntologyFactoryImpl.java:195)
        uk.ac.manchester.cs.owl.owlapi.OWLOntologyManagerImpl.load(OWLOntologyManagerImpl.java:1105)
        uk.ac.manchester.cs.owl.owlapi.OWLOntologyManagerImpl.loadOntology(OWLOntologyManagerImpl.java:1055)
        uk.ac.manchester.cs.owl.owlapi.OWLOntologyManagerImpl.loadOntology(OWLOntologyManagerImpl.java:955)
Unexpected character ('<' (code 60)): expected a valid value (JSON String, Number, Array, Object or token 'null', 'true' or 'false')
 at [Source: (BufferedReader); line: 1, column: 2]        com.fasterxml.jackson.core.JsonParser._constructError(JsonParser.java:2477)
        com.fasterxml.jackson.core.base.ParserMinimalBase._reportError(ParserMinimalBase.java:750)
        com.fasterxml.jackson.core.base.ParserMinimalBase._reportUnexpectedChar(ParserMinimalBase.java:674)
        com.fasterxml.jackson.core.json.ReaderBasedJsonParser._handleOddValue(ReaderBasedJsonParser.java:2085)
        com.fasterxml.jackson.core.json.ReaderBasedJsonParser.nextToken(ReaderBasedJsonParser.java:808)
        org.eclipse.rdf4j.rio.rdfjson.RDFJSONParser.rdfJsonToHandlerInternal(RDFJSONParser.java:182)
        org.eclipse.rdf4j.rio.rdfjson.RDFJSONParser.parse(RDFJSONParser.java:158)
        org.semanticweb.owlapi.rio.RioParserImpl.parseDocumentSource(RioParserImpl.java:186)
        org.semanticweb.owlapi.rio.RioParserImpl.parse(RioParserImpl.java:134)
        uk.ac.manchester.cs.owl.owlapi.OWLOntologyFactoryImpl.loadOWLOntology(OWLOntologyFactoryImpl.java:195)


--------------------------------------------------------------------------------
Parser: org.semanticweb.owlapi.rio.RioParserImpl : org.semanticweb.owlapi.formats.TrigDocumentFormatFactory@27e81c
    Stack trace:
org.eclipse.rdf4j.rio.RDFParseException: Expected an RDF value here, found '=' [line 5]        org.semanticweb.owlapi.rio.RioParserImpl.parse(RioParserImpl.java:148)
        uk.ac.manchester.cs.owl.owlapi.OWLOntologyFactoryImpl.loadOWLOntology(OWLOntologyFactoryImpl.java:195)
        uk.ac.manchester.cs.owl.owlapi.OWLOntologyManagerImpl.load(OWLOntologyManagerImpl.java:1105)
        uk.ac.manchester.cs.owl.owlapi.OWLOntologyManagerImpl.loadOntology(OWLOntologyManagerImpl.java:1055)
        uk.ac.manchester.cs.owl.owlapi.OWLOntologyManagerImpl.loadOntology(OWLOntologyManagerImpl.java:955)
        uk.ac.manchester.cs.owl.owlapi.OWLOntologyManagerImpl.loadImports(OWLOntologyManagerImpl.java:1663)
        uk.ac.manchester.cs.owl.owlapi.OWLOntologyManagerImpl.makeLoadImportRequest(OWLOntologyManagerImpl.java:1703)
        org.semanticweb.owlapi.rdf.rdfxml.parser.TripleHandlers$TPImportsHandler.handleTriple(TripleHandlers.java:1555)
        org.semanticweb.owlapi.rdf.rdfxml.parser.TripleHandlers$HandlerAccessor.handleStreaming(TripleHandlers.java:369)
        org.semanticweb.owlapi.rdf.rdfxml.parser.OWLRDFConsumer.statementWithResourceValue(OWLRDFConsumer.java:1563)
Expected an RDF value here, found '=' [line 5]        org.eclipse.rdf4j.rio.helpers.RDFParserHelper.reportFatalError(RDFParserHelper.java:347)
        org.eclipse.rdf4j.rio.helpers.AbstractRDFParser.reportFatalError(AbstractRDFParser.java:698)
        org.eclipse.rdf4j.rio.turtle.TurtleParser.reportFatalError(TurtleParser.java:1309)
        org.eclipse.rdf4j.rio.turtle.TurtleParser.parseValue(TurtleParser.java:588)
        org.eclipse.rdf4j.rio.turtle.TurtleParser.parseObject(TurtleParser.java:453)
        org.eclipse.rdf4j.rio.turtle.TurtleParser.parseObjectList(TurtleParser.java:375)
        org.eclipse.rdf4j.rio.turtle.TurtleParser.parsePredicateObjectList(TurtleParser.java:348)
        org.eclipse.rdf4j.rio.trig.TriGParser.parseGraph(TriGParser.java:192)
        org.eclipse.rdf4j.rio.trig.TriGParser.parseStatement(TriGParser.java:115)
        org.eclipse.rdf4j.rio.turtle.TurtleParser.parse(TurtleParser.java:165)


--------------------------------------------------------------------------------
Parser: org.semanticweb.owlapi.rio.RioParserImpl : org.semanticweb.owlapi.formats.RDFJsonLDDocumentFormatFactory@dcacc47d
    Stack trace:
org.eclipse.rdf4j.rio.RDFParseException: Could not parse JSONLD        org.semanticweb.owlapi.rio.RioParserImpl.parse(RioParserImpl.java:148)
        uk.ac.manchester.cs.owl.owlapi.OWLOntologyFactoryImpl.loadOWLOntology(OWLOntologyFactoryImpl.java:195)
        uk.ac.manchester.cs.owl.owlapi.OWLOntologyManagerImpl.load(OWLOntologyManagerImpl.java:1105)
        uk.ac.manchester.cs.owl.owlapi.OWLOntologyManagerImpl.loadOntology(OWLOntologyManagerImpl.java:1055)
        uk.ac.manchester.cs.owl.owlapi.OWLOntologyManagerImpl.loadOntology(OWLOntologyManagerImpl.java:955)
        uk.ac.manchester.cs.owl.owlapi.OWLOntologyManagerImpl.loadImports(OWLOntologyManagerImpl.java:1663)
        uk.ac.manchester.cs.owl.owlapi.OWLOntologyManagerImpl.makeLoadImportRequest(OWLOntologyManagerImpl.java:1703)
        org.semanticweb.owlapi.rdf.rdfxml.parser.TripleHandlers$TPImportsHandler.handleTriple(TripleHandlers.java:1555)
        org.semanticweb.owlapi.rdf.rdfxml.parser.TripleHandlers$HandlerAccessor.handleStreaming(TripleHandlers.java:369)
        org.semanticweb.owlapi.rdf.rdfxml.parser.OWLRDFConsumer.statementWithResourceValue(OWLRDFConsumer.java:1563)
Could not parse JSONLD        org.eclipse.rdf4j.rio.jsonld.JSONLDParser.parse(JSONLDParser.java:261)
        org.eclipse.rdf4j.rio.jsonld.JSONLDParser.parse(JSONLDParser.java:112)
        org.semanticweb.owlapi.rio.RioParserImpl.parseDocumentSource(RioParserImpl.java:186)
        org.semanticweb.owlapi.rio.RioParserImpl.parse(RioParserImpl.java:134)
        uk.ac.manchester.cs.owl.owlapi.OWLOntologyFactoryImpl.loadOWLOntology(OWLOntologyFactoryImpl.java:195)
        uk.ac.manchester.cs.owl.owlapi.OWLOntologyManagerImpl.load(OWLOntologyManagerImpl.java:1105)
        uk.ac.manchester.cs.owl.owlapi.OWLOntologyManagerImpl.loadOntology(OWLOntologyManagerImpl.java:1055)
        uk.ac.manchester.cs.owl.owlapi.OWLOntologyManagerImpl.loadOntology(OWLOntologyManagerImpl.java:955)
        uk.ac.manchester.cs.owl.owlapi.OWLOntologyManagerImpl.loadImports(OWLOntologyManagerImpl.java:1663)
        uk.ac.manchester.cs.owl.owlapi.OWLOntologyManagerImpl.makeLoadImportRequest(OWLOntologyManagerImpl.java:1703)
The document could not be loaded or parsed [code=LOADING_DOCUMENT_FAILED].        no.hasmac.jsonld.document.JsonDocument.of(JsonDocument.java:154)
        no.hasmac.jsonld.document.JsonDocument.of(JsonDocument.java:129)
        org.eclipse.rdf4j.rio.jsonld.JSONLDParser.getDocument(JSONLDParser.java:285)
        org.eclipse.rdf4j.rio.jsonld.JSONLDParser.parse(JSONLDParser.java:134)
        org.eclipse.rdf4j.rio.jsonld.JSONLDParser.parse(JSONLDParser.java:112)
        org.semanticweb.owlapi.rio.RioParserImpl.parseDocumentSource(RioParserImpl.java:186)
        org.semanticweb.owlapi.rio.RioParserImpl.parse(RioParserImpl.java:134)
        uk.ac.manchester.cs.owl.owlapi.OWLOntologyFactoryImpl.loadOWLOntology(OWLOntologyFactoryImpl.java:195)
        uk.ac.manchester.cs.owl.owlapi.OWLOntologyManagerImpl.load(OWLOntologyManagerImpl.java:1105)
        uk.ac.manchester.cs.owl.owlapi.OWLOntologyManagerImpl.loadOntology(OWLOntologyManagerImpl.java:1055)
Unexpected char 60 at (line no=1, column no=1, offset=0)        org.glassfish.json.JsonTokenizer.unexpectedChar(JsonTokenizer.java:577)
        org.glassfish.json.JsonTokenizer.nextToken(JsonTokenizer.java:394)
        org.glassfish.json.JsonParserImpl$NoneContext.getNextEvent(JsonParserImpl.java:419)
        org.glassfish.json.JsonParserImpl.next(JsonParserImpl.java:369)
        no.hasmac.jsonld.document.JsonDocument.doParse(JsonDocument.java:164)
        no.hasmac.jsonld.document.JsonDocument.of(JsonDocument.java:151)
        no.hasmac.jsonld.document.JsonDocument.of(JsonDocument.java:129)
        org.eclipse.rdf4j.rio.jsonld.JSONLDParser.getDocument(JSONLDParser.java:285)
        org.eclipse.rdf4j.rio.jsonld.JSONLDParser.parse(JSONLDParser.java:134)
        org.eclipse.rdf4j.rio.jsonld.JSONLDParser.parse(JSONLDParser.java:112)


--------------------------------------------------------------------------------
Parser: org.semanticweb.owlapi.rio.RioParserImpl : org.semanticweb.owlapi.formats.N3DocumentFormatFactory@9a5
    Stack trace:
org.eclipse.rdf4j.rio.RDFParseException: Expected '.', found '<' [line 5]        org.semanticweb.owlapi.rio.RioParserImpl.parse(RioParserImpl.java:148)
        uk.ac.manchester.cs.owl.owlapi.OWLOntologyFactoryImpl.loadOWLOntology(OWLOntologyFactoryImpl.java:195)
        uk.ac.manchester.cs.owl.owlapi.OWLOntologyManagerImpl.load(OWLOntologyManagerImpl.java:1105)
        uk.ac.manchester.cs.owl.owlapi.OWLOntologyManagerImpl.loadOntology(OWLOntologyManagerImpl.java:1055)
        uk.ac.manchester.cs.owl.owlapi.OWLOntologyManagerImpl.loadOntology(OWLOntologyManagerImpl.java:955)
        uk.ac.manchester.cs.owl.owlapi.OWLOntologyManagerImpl.loadImports(OWLOntologyManagerImpl.java:1663)
        uk.ac.manchester.cs.owl.owlapi.OWLOntologyManagerImpl.makeLoadImportRequest(OWLOntologyManagerImpl.java:1703)
        org.semanticweb.owlapi.rdf.rdfxml.parser.TripleHandlers$TPImportsHandler.handleTriple(TripleHandlers.java:1555)
        org.semanticweb.owlapi.rdf.rdfxml.parser.TripleHandlers$HandlerAccessor.handleStreaming(TripleHandlers.java:369)
        org.semanticweb.owlapi.rdf.rdfxml.parser.OWLRDFConsumer.statementWithResourceValue(OWLRDFConsumer.java:1563)
Expected '.', found '<' [line 5]        org.eclipse.rdf4j.rio.helpers.RDFParserHelper.reportFatalError(RDFParserHelper.java:347)
        org.eclipse.rdf4j.rio.helpers.AbstractRDFParser.reportFatalError(AbstractRDFParser.java:698)
        org.eclipse.rdf4j.rio.turtle.TurtleParser.reportFatalError(TurtleParser.java:1309)
        org.eclipse.rdf4j.rio.turtle.TurtleParser.verifyCharacterOrFail(TurtleParser.java:1154)
        org.eclipse.rdf4j.rio.turtle.TurtleParser.parseStatement(TurtleParser.java:205)
        org.eclipse.rdf4j.rio.turtle.TurtleParser.parse(TurtleParser.java:165)
        org.semanticweb.owlapi.rio.RioParserImpl.parseDocumentSource(RioParserImpl.java:186)
        org.semanticweb.owlapi.rio.RioParserImpl.parse(RioParserImpl.java:134)
        uk.ac.manchester.cs.owl.owlapi.OWLOntologyFactoryImpl.loadOWLOntology(OWLOntologyFactoryImpl.java:195)
        uk.ac.manchester.cs.owl.owlapi.OWLOntologyManagerImpl.load(OWLOntologyManagerImpl.java:1105)


--------------------------------------------------------------------------------
Parser: org.semanticweb.owlapi.rio.RioParserImpl : org.semanticweb.owlapi.formats.RioRDFXMLDocumentFormatFactory@69b9a3bc
    Stack trace:
org.eclipse.rdf4j.rio.RDFParseException: 注释中不允许出现字符串 "--"。 [line 38, column 12]        org.semanticweb.owlapi.rio.RioParserImpl.parse(RioParserImpl.java:148)
        uk.ac.manchester.cs.owl.owlapi.OWLOntologyFactoryImpl.loadOWLOntology(OWLOntologyFactoryImpl.java:195)
        uk.ac.manchester.cs.owl.owlapi.OWLOntologyManagerImpl.load(OWLOntologyManagerImpl.java:1105)
        uk.ac.manchester.cs.owl.owlapi.OWLOntologyManagerImpl.loadOntology(OWLOntologyManagerImpl.java:1055)
        uk.ac.manchester.cs.owl.owlapi.OWLOntologyManagerImpl.loadOntology(OWLOntologyManagerImpl.java:955)
        uk.ac.manchester.cs.owl.owlapi.OWLOntologyManagerImpl.loadImports(OWLOntologyManagerImpl.java:1663)
        uk.ac.manchester.cs.owl.owlapi.OWLOntologyManagerImpl.makeLoadImportRequest(OWLOntologyManagerImpl.java:1703)
        org.semanticweb.owlapi.rdf.rdfxml.parser.TripleHandlers$TPImportsHandler.handleTriple(TripleHandlers.java:1555)
        org.semanticweb.owlapi.rdf.rdfxml.parser.TripleHandlers$HandlerAccessor.handleStreaming(TripleHandlers.java:369)
        org.semanticweb.owlapi.rdf.rdfxml.parser.OWLRDFConsumer.statementWithResourceValue(OWLRDFConsumer.java:1563)
注释中不允许出现字符串 "--"。 [line 38, column 12]        org.eclipse.rdf4j.rio.helpers.RDFParserHelper.reportFatalError(RDFParserHelper.java:380)
        org.eclipse.rdf4j.rio.helpers.AbstractRDFParser.reportFatalError(AbstractRDFParser.java:723)
        org.eclipse.rdf4j.rio.rdfxml.RDFXMLParser.reportFatalError(RDFXMLParser.java:1022)
        org.eclipse.rdf4j.rio.rdfxml.RDFXMLParser.fatalError(RDFXMLParser.java:1159)
        java.xml/com.sun.org.apache.xerces.internal.util.ErrorHandlerWrapper.fatalError(ErrorHandlerWrapper.java:181)
        java.xml/com.sun.org.apache.xerces.internal.impl.XMLErrorReporter.reportError(XMLErrorReporter.java:400)
        java.xml/com.sun.org.apache.xerces.internal.impl.XMLErrorReporter.reportError(XMLErrorReporter.java:327)
        java.xml/com.sun.org.apache.xerces.internal.impl.XMLScanner.reportFatalError(XMLScanner.java:1465)
        java.xml/com.sun.org.apache.xerces.internal.impl.XMLScanner.scanComment(XMLScanner.java:818)
        java.xml/com.sun.org.apache.xerces.internal.impl.XMLDocumentFragmentScannerImpl.scanComment(XMLDocumentFragmentScannerImpl.java:1088)
注释中不允许出现字符串 "--"。        java.xml/com.sun.org.apache.xerces.internal.util.ErrorHandlerWrapper.createSAXParseException(ErrorHandlerWrapper.java:204)
        java.xml/com.sun.org.apache.xerces.internal.util.ErrorHandlerWrapper.fatalError(ErrorHandlerWrapper.java:178)
        java.xml/com.sun.org.apache.xerces.internal.impl.XMLErrorReporter.reportError(XMLErrorReporter.java:400)
        java.xml/com.sun.org.apache.xerces.internal.impl.XMLErrorReporter.reportError(XMLErrorReporter.java:327)
        java.xml/com.sun.org.apache.xerces.internal.impl.XMLScanner.reportFatalError(XMLScanner.java:1465)
        java.xml/com.sun.org.apache.xerces.internal.impl.XMLScanner.scanComment(XMLScanner.java:818)
        java.xml/com.sun.org.apache.xerces.internal.impl.XMLDocumentFragmentScannerImpl.scanComment(XMLDocumentFragmentScannerImpl.java:1088)
        java.xml/com.sun.org.apache.xerces.internal.impl.XMLDocumentFragmentScannerImpl$FragmentContentDriver.next(XMLDocumentFragmentScannerImpl.java:2924)
        java.xml/com.sun.org.apache.xerces.internal.impl.XMLDocumentScannerImpl.next(XMLDocumentScannerImpl.java:635)
        java.xml/com.sun.org.apache.xerces.internal.impl.XMLNSDocumentScannerImpl.next(XMLNSDocumentScannerImpl.java:113)


--------------------------------------------------------------------------------
Parser: org.semanticweb.owlapi.rdf.turtle.parser.TurtleOntologyParser@7c0a6f62
    Stack trace:
org.semanticweb.owlapi.rdf.turtle.parser.ParseException: Encountered unexpected token: "<" <ERROR>
    at line 1, column 1.

Was expecting one of:

    "("
    "@base"
    "@prefix"
    "["
    <EMPTY_BLANK_NODE>
    <FULLIRI>
    <NODEID>
    <PNAME_LN>
    <PNAME_NS>
        org.semanticweb.owlapi.rdf.turtle.parser.TurtleOntologyParser.parse(TurtleOntologyParser.java:58)
        uk.ac.manchester.cs.owl.owlapi.OWLOntologyFactoryImpl.loadOWLOntology(OWLOntologyFactoryImpl.java:195)
        uk.ac.manchester.cs.owl.owlapi.OWLOntologyManagerImpl.load(OWLOntologyManagerImpl.java:1105)
        uk.ac.manchester.cs.owl.owlapi.OWLOntologyManagerImpl.loadOntology(OWLOntologyManagerImpl.java:1055)
        uk.ac.manchester.cs.owl.owlapi.OWLOntologyManagerImpl.loadOntology(OWLOntologyManagerImpl.java:955)
        uk.ac.manchester.cs.owl.owlapi.OWLOntologyManagerImpl.loadImports(OWLOntologyManagerImpl.java:1663)
        uk.ac.manchester.cs.owl.owlapi.OWLOntologyManagerImpl.makeLoadImportRequest(OWLOntologyManagerImpl.java:1703)
        org.semanticweb.owlapi.rdf.rdfxml.parser.TripleHandlers$TPImportsHandler.handleTriple(TripleHandlers.java:1555)
        org.semanticweb.owlapi.rdf.rdfxml.parser.TripleHandlers$HandlerAccessor.handleStreaming(TripleHandlers.java:369)
        org.semanticweb.owlapi.rdf.rdfxml.parser.OWLRDFConsumer.statementWithResourceValue(OWLRDFConsumer.java:1563)
Encountered unexpected token: "<" <ERROR>
    at line 1, column 1.

Was expecting one of:

    "("
    "@base"
    "@prefix"
    "["
    <EMPTY_BLANK_NODE>
    <FULLIRI>
    <NODEID>
    <PNAME_LN>
    <PNAME_NS>
        org.semanticweb.owlapi.rdf.turtle.parser.TurtleParser.generateParseException(TurtleParser.java:1034)
        org.semanticweb.owlapi.rdf.turtle.parser.TurtleParser.jj_consume_token(TurtleParser.java:902)
        org.semanticweb.owlapi.rdf.turtle.parser.TurtleParser.parseDocument(TurtleParser.java:165)
        org.semanticweb.owlapi.rdf.turtle.parser.TurtleOntologyParser.parse(TurtleOntologyParser.java:54)
        uk.ac.manchester.cs.owl.owlapi.OWLOntologyFactoryImpl.loadOWLOntology(OWLOntologyFactoryImpl.java:195)
        uk.ac.manchester.cs.owl.owlapi.OWLOntologyManagerImpl.load(OWLOntologyManagerImpl.java:1105)
        uk.ac.manchester.cs.owl.owlapi.OWLOntologyManagerImpl.loadOntology(OWLOntologyManagerImpl.java:1055)
        uk.ac.manchester.cs.owl.owlapi.OWLOntologyManagerImpl.loadOntology(OWLOntologyManagerImpl.java:955)
        uk.ac.manchester.cs.owl.owlapi.OWLOntologyManagerImpl.loadImports(OWLOntologyManagerImpl.java:1663)
        uk.ac.manchester.cs.owl.owlapi.OWLOntologyManagerImpl.makeLoadImportRequest(OWLOntologyManagerImpl.java:1703)


--------------------------------------------------------------------------------
Parser: org.semanticweb.owlapi.oboformat.OBOFormatOWLAPIParser@6b170692
    Stack trace:
LINENO: 1 - Could not find tag separator ':' in line.
LINE: <?xml version="1.0" encoding="UTF-8"?>        org.semanticweb.owlapi.oboformat.OBOFormatOWLAPIParser.parse(OBOFormatOWLAPIParser.java:50)
        uk.ac.manchester.cs.owl.owlapi.OWLOntologyFactoryImpl.loadOWLOntology(OWLOntologyFactoryImpl.java:195)
        uk.ac.manchester.cs.owl.owlapi.OWLOntologyManagerImpl.load(OWLOntologyManagerImpl.java:1105)
        uk.ac.manchester.cs.owl.owlapi.OWLOntologyManagerImpl.loadOntology(OWLOntologyManagerImpl.java:1055)
        uk.ac.manchester.cs.owl.owlapi.OWLOntologyManagerImpl.loadOntology(OWLOntologyManagerImpl.java:955)
        uk.ac.manchester.cs.owl.owlapi.OWLOntologyManagerImpl.loadImports(OWLOntologyManagerImpl.java:1663)
        uk.ac.manchester.cs.owl.owlapi.OWLOntologyManagerImpl.makeLoadImportRequest(OWLOntologyManagerImpl.java:1703)
        org.semanticweb.owlapi.rdf.rdfxml.parser.TripleHandlers$TPImportsHandler.handleTriple(TripleHandlers.java:1555)
        org.semanticweb.owlapi.rdf.rdfxml.parser.TripleHandlers$HandlerAccessor.handleStreaming(TripleHandlers.java:369)
        org.semanticweb.owlapi.rdf.rdfxml.parser.OWLRDFConsumer.statementWithResourceValue(OWLRDFConsumer.java:1563)
LINENO: 1 - Could not find tag separator ':' in line.
LINE: <?xml version="1.0" encoding="UTF-8"?>        org.obolibrary.oboformat.parser.OBOFormatParser.error(OBOFormatParser.java:1317)
        org.obolibrary.oboformat.parser.OBOFormatParser.getParseTag(OBOFormatParser.java:731)
        org.obolibrary.oboformat.parser.OBOFormatParser.parseHeaderClause(OBOFormatParser.java:409)
        org.obolibrary.oboformat.parser.OBOFormatParser.parseHeaderClauseNl(OBOFormatParser.java:402)
        org.obolibrary.oboformat.parser.OBOFormatParser.parseHeaderFrame(OBOFormatParser.java:385)
        org.obolibrary.oboformat.parser.OBOFormatParser.parseOBODoc(OBOFormatParser.java:268)
        org.obolibrary.oboformat.parser.OBOFormatParser.parse(OBOFormatParser.java:237)
        org.semanticweb.owlapi.oboformat.OBOFormatOWLAPIParser.parse(OBOFormatOWLAPIParser.java:44)
        uk.ac.manchester.cs.owl.owlapi.OWLOntologyFactoryImpl.loadOWLOntology(OWLOntologyFactoryImpl.java:195)
        uk.ac.manchester.cs.owl.owlapi.OWLOntologyManagerImpl.load(OWLOntologyManagerImpl.java:1105)


--------------------------------------------------------------------------------
Parser: org.semanticweb.owlapi.dlsyntax.parser.DLSyntaxOWLParser@4603c412
    Stack trace:
Encountered unexpected token: "<" <MAX>
    at line 1, column 1.

Was expecting one of:

    ":"
    "\n"
        org.semanticweb.owlapi.dlsyntax.parser.DLSyntaxOWLParser.parse(DLSyntaxOWLParser.java:52)
        uk.ac.manchester.cs.owl.owlapi.OWLOntologyFactoryImpl.loadOWLOntology(OWLOntologyFactoryImpl.java:195)
        uk.ac.manchester.cs.owl.owlapi.OWLOntologyManagerImpl.load(OWLOntologyManagerImpl.java:1105)
        uk.ac.manchester.cs.owl.owlapi.OWLOntologyManagerImpl.loadOntology(OWLOntologyManagerImpl.java:1055)
        uk.ac.manchester.cs.owl.owlapi.OWLOntologyManagerImpl.loadOntology(OWLOntologyManagerImpl.java:955)
        uk.ac.manchester.cs.owl.owlapi.OWLOntologyManagerImpl.loadImports(OWLOntologyManagerImpl.java:1663)
        uk.ac.manchester.cs.owl.owlapi.OWLOntologyManagerImpl.makeLoadImportRequest(OWLOntologyManagerImpl.java:1703)
        org.semanticweb.owlapi.rdf.rdfxml.parser.TripleHandlers$TPImportsHandler.handleTriple(TripleHandlers.java:1555)
        org.semanticweb.owlapi.rdf.rdfxml.parser.TripleHandlers$HandlerAccessor.handleStreaming(TripleHandlers.java:369)
        org.semanticweb.owlapi.rdf.rdfxml.parser.OWLRDFConsumer.statementWithResourceValue(OWLRDFConsumer.java:1563)
Encountered unexpected token: "<" <MAX>
    at line 1, column 1.

Was expecting one of:

    ":"
    "\n"
        org.semanticweb.owlapi.dlsyntax.parser.DLSyntaxParser.generateParseException(DLSyntaxParser.java:1572)
        org.semanticweb.owlapi.dlsyntax.parser.DLSyntaxParser.jj_consume_token(DLSyntaxParser.java:1443)
        org.semanticweb.owlapi.dlsyntax.parser.DLSyntaxParser.parseAxiom(DLSyntaxParser.java:141)
        org.semanticweb.owlapi.dlsyntax.parser.DLSyntaxParser.parseAxioms(DLSyntaxParser.java:114)
        org.semanticweb.owlapi.dlsyntax.parser.DLSyntaxOWLParser.parse(DLSyntaxOWLParser.java:48)
        uk.ac.manchester.cs.owl.owlapi.OWLOntologyFactoryImpl.loadOWLOntology(OWLOntologyFactoryImpl.java:195)
        uk.ac.manchester.cs.owl.owlapi.OWLOntologyManagerImpl.load(OWLOntologyManagerImpl.java:1105)
        uk.ac.manchester.cs.owl.owlapi.OWLOntologyManagerImpl.loadOntology(OWLOntologyManagerImpl.java:1055)
        uk.ac.manchester.cs.owl.owlapi.OWLOntologyManagerImpl.loadOntology(OWLOntologyManagerImpl.java:955)
        uk.ac.manchester.cs.owl.owlapi.OWLOntologyManagerImpl.loadImports(OWLOntologyManagerImpl.java:1663)


--------------------------------------------------------------------------------
Parser: org.semanticweb.owlapi.rio.RioParserImpl : org.semanticweb.owlapi.formats.BinaryRDFDocumentFormatFactory@3bf24493
    Stack trace:
org.eclipse.rdf4j.rio.RDFParseException: File does not contain a binary RDF document        org.semanticweb.owlapi.rio.RioParserImpl.parse(RioParserImpl.java:148)
        uk.ac.manchester.cs.owl.owlapi.OWLOntologyFactoryImpl.loadOWLOntology(OWLOntologyFactoryImpl.java:195)
        uk.ac.manchester.cs.owl.owlapi.OWLOntologyManagerImpl.load(OWLOntologyManagerImpl.java:1105)
        uk.ac.manchester.cs.owl.owlapi.OWLOntologyManagerImpl.loadOntology(OWLOntologyManagerImpl.java:1055)
        uk.ac.manchester.cs.owl.owlapi.OWLOntologyManagerImpl.loadOntology(OWLOntologyManagerImpl.java:955)
        uk.ac.manchester.cs.owl.owlapi.OWLOntologyManagerImpl.loadImports(OWLOntologyManagerImpl.java:1663)
        uk.ac.manchester.cs.owl.owlapi.OWLOntologyManagerImpl.makeLoadImportRequest(OWLOntologyManagerImpl.java:1703)
        org.semanticweb.owlapi.rdf.rdfxml.parser.TripleHandlers$TPImportsHandler.handleTriple(TripleHandlers.java:1555)
        org.semanticweb.owlapi.rdf.rdfxml.parser.TripleHandlers$HandlerAccessor.handleStreaming(TripleHandlers.java:369)
        org.semanticweb.owlapi.rdf.rdfxml.parser.OWLRDFConsumer.statementWithResourceValue(OWLRDFConsumer.java:1563)
File does not contain a binary RDF document        org.eclipse.rdf4j.rio.helpers.RDFParserHelper.reportFatalError(RDFParserHelper.java:347)
        org.eclipse.rdf4j.rio.helpers.RDFParserHelper.reportFatalError(RDFParserHelper.java:334)
        org.eclipse.rdf4j.rio.helpers.AbstractRDFParser.reportFatalError(AbstractRDFParser.java:690)
        org.eclipse.rdf4j.rio.binary.BinaryRDFParser.parse(BinaryRDFParser.java:92)
        org.semanticweb.owlapi.rio.RioParserImpl.parseDocumentSource(RioParserImpl.java:198)
        org.semanticweb.owlapi.rio.RioParserImpl.parse(RioParserImpl.java:134)
        uk.ac.manchester.cs.owl.owlapi.OWLOntologyFactoryImpl.loadOWLOntology(OWLOntologyFactoryImpl.java:195)
        uk.ac.manchester.cs.owl.owlapi.OWLOntologyManagerImpl.load(OWLOntologyManagerImpl.java:1105)
        uk.ac.manchester.cs.owl.owlapi.OWLOntologyManagerImpl.loadOntology(OWLOntologyManagerImpl.java:1055)
        uk.ac.manchester.cs.owl.owlapi.OWLOntologyManagerImpl.loadOntology(OWLOntologyManagerImpl.java:955)


--------------------------------------------------------------------------------
Parser: org.semanticweb.owlapi.krss2.parser.KRSS2OWLParser@341df373
    Stack trace:
org.semanticweb.owlapi.krss2.parser.ParseException: Encountered unexpected token: "<?xml version=\"1.0\" encoding=\"UTF-8\"?>" ">"
    at line 1, column 1.

Was expecting:

    <EOF>
        org.semanticweb.owlapi.krss2.parser.KRSS2OWLParser.parse(KRSS2OWLParser.java:252)
        uk.ac.manchester.cs.owl.owlapi.OWLOntologyFactoryImpl.loadOWLOntology(OWLOntologyFactoryImpl.java:195)
        uk.ac.manchester.cs.owl.owlapi.OWLOntologyManagerImpl.load(OWLOntologyManagerImpl.java:1105)
        uk.ac.manchester.cs.owl.owlapi.OWLOntologyManagerImpl.loadOntology(OWLOntologyManagerImpl.java:1055)
        uk.ac.manchester.cs.owl.owlapi.OWLOntologyManagerImpl.loadOntology(OWLOntologyManagerImpl.java:955)
        uk.ac.manchester.cs.owl.owlapi.OWLOntologyManagerImpl.loadImports(OWLOntologyManagerImpl.java:1663)
        uk.ac.manchester.cs.owl.owlapi.OWLOntologyManagerImpl.makeLoadImportRequest(OWLOntologyManagerImpl.java:1703)
        org.semanticweb.owlapi.rdf.rdfxml.parser.TripleHandlers$TPImportsHandler.handleTriple(TripleHandlers.java:1555)
        org.semanticweb.owlapi.rdf.rdfxml.parser.TripleHandlers$HandlerAccessor.handleStreaming(TripleHandlers.java:369)
        org.semanticweb.owlapi.rdf.rdfxml.parser.OWLRDFConsumer.statementWithResourceValue(OWLRDFConsumer.java:1563)
Encountered unexpected token: "<?xml version=\"1.0\" encoding=\"UTF-8\"?>" ">"
    at line 1, column 1.

Was expecting:

    <EOF>
        org.semanticweb.owlapi.krss2.parser.KRSS2Parser.generateParseException(KRSS2Parser.java:2103)
        org.semanticweb.owlapi.krss2.parser.KRSS2Parser.jj_consume_token(KRSS2Parser.java:1968)
        org.semanticweb.owlapi.krss2.parser.KRSS2Parser.parse(KRSS2Parser.java:124)
        org.semanticweb.owlapi.krss2.parser.KRSS2OWLParser.parse(KRSS2OWLParser.java:249)
        uk.ac.manchester.cs.owl.owlapi.OWLOntologyFactoryImpl.loadOWLOntology(OWLOntologyFactoryImpl.java:195)
        uk.ac.manchester.cs.owl.owlapi.OWLOntologyManagerImpl.load(OWLOntologyManagerImpl.java:1105)
        uk.ac.manchester.cs.owl.owlapi.OWLOntologyManagerImpl.loadOntology(OWLOntologyManagerImpl.java:1055)
        uk.ac.manchester.cs.owl.owlapi.OWLOntologyManagerImpl.loadOntology(OWLOntologyManagerImpl.java:955)
        uk.ac.manchester.cs.owl.owlapi.OWLOntologyManagerImpl.loadImports(OWLOntologyManagerImpl.java:1663)
        uk.ac.manchester.cs.owl.owlapi.OWLOntologyManagerImpl.makeLoadImportRequest(OWLOntologyManagerImpl.java:1703)


--------------------------------------------------------------------------------
Parser: org.semanticweb.owlapi.rio.RioParserImpl : org.semanticweb.owlapi.formats.HDTRDFDocumentFormatFactory@116d8
    Stack trace:
org.eclipse.rdf4j.rio.RDFParseException: $HDT marker not found [line 4]        org.semanticweb.owlapi.rio.RioParserImpl.parse(RioParserImpl.java:148)
        uk.ac.manchester.cs.owl.owlapi.OWLOntologyFactoryImpl.loadOWLOntology(OWLOntologyFactoryImpl.java:195)
        uk.ac.manchester.cs.owl.owlapi.OWLOntologyManagerImpl.load(OWLOntologyManagerImpl.java:1105)
        uk.ac.manchester.cs.owl.owlapi.OWLOntologyManagerImpl.loadOntology(OWLOntologyManagerImpl.java:1055)
        uk.ac.manchester.cs.owl.owlapi.OWLOntologyManagerImpl.loadOntology(OWLOntologyManagerImpl.java:955)
        uk.ac.manchester.cs.owl.owlapi.OWLOntologyManagerImpl.loadImports(OWLOntologyManagerImpl.java:1663)
        uk.ac.manchester.cs.owl.owlapi.OWLOntologyManagerImpl.makeLoadImportRequest(OWLOntologyManagerImpl.java:1703)
        org.semanticweb.owlapi.rdf.rdfxml.parser.TripleHandlers$TPImportsHandler.handleTriple(TripleHandlers.java:1555)
        org.semanticweb.owlapi.rdf.rdfxml.parser.TripleHandlers$HandlerAccessor.handleStreaming(TripleHandlers.java:369)
        org.semanticweb.owlapi.rdf.rdfxml.parser.OWLRDFConsumer.statementWithResourceValue(OWLRDFConsumer.java:1563)
$HDT marker not found [line 4]        org.eclipse.rdf4j.rio.helpers.RDFParserHelper.reportFatalError(RDFParserHelper.java:347)
        org.eclipse.rdf4j.rio.helpers.AbstractRDFParser.reportFatalError(AbstractRDFParser.java:698)
        org.eclipse.rdf4j.rio.hdt.HDTParser.parse(HDTParser.java:156)
        org.semanticweb.owlapi.rio.RioParserImpl.parseDocumentSource(RioParserImpl.java:198)
        org.semanticweb.owlapi.rio.RioParserImpl.parse(RioParserImpl.java:134)
        uk.ac.manchester.cs.owl.owlapi.OWLOntologyFactoryImpl.loadOWLOntology(OWLOntologyFactoryImpl.java:195)
        uk.ac.manchester.cs.owl.owlapi.OWLOntologyManagerImpl.load(OWLOntologyManagerImpl.java:1105)
        uk.ac.manchester.cs.owl.owlapi.OWLOntologyManagerImpl.loadOntology(OWLOntologyManagerImpl.java:1055)
        uk.ac.manchester.cs.owl.owlapi.OWLOntologyManagerImpl.loadOntology(OWLOntologyManagerImpl.java:955)
        uk.ac.manchester.cs.owl.owlapi.OWLOntologyManagerImpl.loadImports(OWLOntologyManagerImpl.java:1663)


--------------------------------------------------------------------------------
Parser: org.semanticweb.owlapi.rio.RioParserImpl : org.semanticweb.owlapi.formats.RDFaDocumentFormatFactory@264e8d
    Stack trace:
org.eclipse.rdf4j.rio.UnsupportedRDFormatException: Did not recognise RDF format object RDFa (mimeTypes=application/xhtml+xml, application/html, text/html; ext=xhtml, html)        org.semanticweb.owlapi.rio.RioParserImpl.parse(RioParserImpl.java:148)
        uk.ac.manchester.cs.owl.owlapi.OWLOntologyFactoryImpl.loadOWLOntology(OWLOntologyFactoryImpl.java:195)
        uk.ac.manchester.cs.owl.owlapi.OWLOntologyManagerImpl.load(OWLOntologyManagerImpl.java:1105)
        uk.ac.manchester.cs.owl.owlapi.OWLOntologyManagerImpl.loadOntology(OWLOntologyManagerImpl.java:1055)
        uk.ac.manchester.cs.owl.owlapi.OWLOntologyManagerImpl.loadOntology(OWLOntologyManagerImpl.java:955)
        uk.ac.manchester.cs.owl.owlapi.OWLOntologyManagerImpl.loadImports(OWLOntologyManagerImpl.java:1663)
        uk.ac.manchester.cs.owl.owlapi.OWLOntologyManagerImpl.makeLoadImportRequest(OWLOntologyManagerImpl.java:1703)
        org.semanticweb.owlapi.rdf.rdfxml.parser.TripleHandlers$TPImportsHandler.handleTriple(TripleHandlers.java:1555)
        org.semanticweb.owlapi.rdf.rdfxml.parser.TripleHandlers$HandlerAccessor.handleStreaming(TripleHandlers.java:369)
        org.semanticweb.owlapi.rdf.rdfxml.parser.OWLRDFConsumer.statementWithResourceValue(OWLRDFConsumer.java:1563)
Did not recognise RDF format object RDFa (mimeTypes=application/xhtml+xml, application/html, text/html; ext=xhtml, html)        org.eclipse.rdf4j.rio.Rio.lambda$unsupportedFormat$0(Rio.java:761)
        java.base/java.util.Optional.orElseThrow(Optional.java:407)
        org.eclipse.rdf4j.rio.Rio.createParser(Rio.java:99)
        org.semanticweb.owlapi.rio.RioParserImpl.parseDocumentSource(RioParserImpl.java:173)
        org.semanticweb.owlapi.rio.RioParserImpl.parse(RioParserImpl.java:134)
        uk.ac.manchester.cs.owl.owlapi.OWLOntologyFactoryImpl.loadOWLOntology(OWLOntologyFactoryImpl.java:195)
        uk.ac.manchester.cs.owl.owlapi.OWLOntologyManagerImpl.load(OWLOntologyManagerImpl.java:1105)
        uk.ac.manchester.cs.owl.owlapi.OWLOntologyManagerImpl.loadOntology(OWLOntologyManagerImpl.java:1055)
        uk.ac.manchester.cs.owl.owlapi.OWLOntologyManagerImpl.loadOntology(OWLOntologyManagerImpl.java:955)
        uk.ac.manchester.cs.owl.owlapi.OWLOntologyManagerImpl.loadImports(OWLOntologyManagerImpl.java:1663)



	at org.springframework.beans.factory.support.ConstructorResolver.instantiate(ConstructorResolver.java:653)
	at org.springframework.beans.factory.support.ConstructorResolver.instantiateUsingFactoryMethod(ConstructorResolver.java:633)
	at org.springframework.beans.factory.support.AbstractAutowireCapableBeanFactory.instantiateUsingFactoryMethod(AbstractAutowireCapableBeanFactory.java:1352)
	at org.springframework.beans.factory.support.AbstractAutowireCapableBeanFactory.createBeanInstance(AbstractAutowireCapableBeanFactory.java:1195)
	at org.springframework.beans.factory.support.AbstractAutowireCapableBeanFactory.doCreateBean(AbstractAutowireCapableBeanFactory.java:582)
	at org.springframework.beans.factory.support.AbstractAutowireCapableBeanFactory.createBean(AbstractAutowireCapableBeanFactory.java:542)
	at org.springframework.beans.factory.support.AbstractBeanFactory.lambda$doGetBean$0(AbstractBeanFactory.java:335)
	at org.springframework.beans.factory.support.DefaultSingletonBeanRegistry.getSingleton(DefaultSingletonBeanRegistry.java:234)
	at org.springframework.beans.factory.support.AbstractBeanFactory.doGetBean(AbstractBeanFactory.java:333)
	at org.springframework.beans.factory.support.AbstractBeanFactory.getBean(AbstractBeanFactory.java:208)
	at org.springframework.beans.factory.config.DependencyDescriptor.resolveCandidate(DependencyDescriptor.java:276)
	at org.springframework.beans.factory.support.DefaultListableBeanFactory.doResolveDependency(DefaultListableBeanFactory.java:1391)
	at org.springframework.beans.factory.support.DefaultListableBeanFactory.resolveDependency(DefaultListableBeanFactory.java:1311)
	at org.springframework.beans.factory.support.ConstructorResolver.resolveAutowiredArgument(ConstructorResolver.java:911)
	at org.springframework.beans.factory.support.ConstructorResolver.createArgumentArray(ConstructorResolver.java:788)
	... 21 common frames omitted
Caused by: org.springframework.beans.BeanInstantiationException: Failed to instantiate [it.unibz.inf.ontop.rdf4j.repository.impl.OntopVirtualRepository]: Factory method 'setupVirtualRepository' threw exception; nested exception is org.eclipse.rdf4j.repository.RepositoryException: org.semanticweb.owlapi.model.UnloadableImportException: Could not load imported ontology: <http://www.tcm-classics.org/fangji> Cause: Problem parsing file:/D:/work/Ontology/TraditionalChineseMedicineOntology/ontology/fangji.owl
Could not parse ontology.  Either a suitable parser could not be found, or parsing failed.  See parser logs below for explanation.
The following parsers were tried:
1) org.semanticweb.owlapi.rdf.rdfxml.parser.RDFXMLParser@2cd2c764
2) org.semanticweb.owlapi.owlxml.parser.OWLXMLParser@571c7572
3) org.semanticweb.owlapi.functional.parser.OWLFunctionalSyntaxOWLParser@c6a3f47
4) org.semanticweb.owlapi.rio.RioParserImpl : org.semanticweb.owlapi.formats.RioTurtleDocumentFormatFactory@95fd655c
5) org.semanticweb.owlapi.manchestersyntax.parser.ManchesterOWLSyntaxOntologyParser@59bbf82e
6) org.semanticweb.owlapi.rio.RioParserImpl : org.semanticweb.owlapi.formats.NQuadsDocumentFormatFactory@6f9c39ad
7) org.semanticweb.owlapi.rio.RioParserImpl : org.semanticweb.owlapi.formats.NTriplesDocumentFormatFactory@937ecd36
8) org.semanticweb.owlapi.rio.RioParserImpl : org.semanticweb.owlapi.formats.RDFJsonDocumentFormatFactory@cd748dc3
9) org.semanticweb.owlapi.rio.RioParserImpl : org.semanticweb.owlapi.formats.TrigDocumentFormatFactory@27e81c
10) org.semanticweb.owlapi.rio.RioParserImpl : org.semanticweb.owlapi.formats.RDFJsonLDDocumentFormatFactory@dcacc47d
11) org.semanticweb.owlapi.rio.RioParserImpl : org.semanticweb.owlapi.formats.N3DocumentFormatFactory@9a5
12) org.semanticweb.owlapi.rio.RioParserImpl : org.semanticweb.owlapi.formats.RioRDFXMLDocumentFormatFactory@69b9a3bc
13) org.semanticweb.owlapi.rdf.turtle.parser.TurtleOntologyParser@7c0a6f62
14) org.semanticweb.owlapi.oboformat.OBOFormatOWLAPIParser@6b170692
15) org.semanticweb.owlapi.dlsyntax.parser.DLSyntaxOWLParser@4603c412
16) org.semanticweb.owlapi.rio.RioParserImpl : org.semanticweb.owlapi.formats.BinaryRDFDocumentFormatFactory@3bf24493
17) org.semanticweb.owlapi.krss2.parser.KRSS2OWLParser@341df373
18) org.semanticweb.owlapi.rio.RioParserImpl : org.semanticweb.owlapi.formats.HDTRDFDocumentFormatFactory@116d8
19) org.semanticweb.owlapi.rio.RioParserImpl : org.semanticweb.owlapi.formats.RDFaDocumentFormatFactory@264e8d


Detailed logs:
--------------------------------------------------------------------------------
Parser: org.semanticweb.owlapi.rdf.rdfxml.parser.RDFXMLParser@2cd2c764
    Stack trace:
org.xml.sax.SAXParseException; systemId: file:/D:/work/Ontology/TraditionalChineseMedicineOntology/ontology/fangji.owl; lineNumber: 38; columnNumber: 12; 注释中不允许出现字符串 "--"。        org.semanticweb.owlapi.rdf.rdfxml.parser.RDFXMLParser.parse(RDFXMLParser.java:69)
        uk.ac.manchester.cs.owl.owlapi.OWLOntologyFactoryImpl.loadOWLOntology(OWLOntologyFactoryImpl.java:195)
        uk.ac.manchester.cs.owl.owlapi.OWLOntologyManagerImpl.load(OWLOntologyManagerImpl.java:1105)
        uk.ac.manchester.cs.owl.owlapi.OWLOntologyManagerImpl.loadOntology(OWLOntologyManagerImpl.java:1055)
        uk.ac.manchester.cs.owl.owlapi.OWLOntologyManagerImpl.loadOntology(OWLOntologyManagerImpl.java:955)
        uk.ac.manchester.cs.owl.owlapi.OWLOntologyManagerImpl.loadImports(OWLOntologyManagerImpl.java:1663)
        uk.ac.manchester.cs.owl.owlapi.OWLOntologyManagerImpl.makeLoadImportRequest(OWLOntologyManagerImpl.java:1703)
        org.semanticweb.owlapi.rdf.rdfxml.parser.TripleHandlers$TPImportsHandler.handleTriple(TripleHandlers.java:1555)
        org.semanticweb.owlapi.rdf.rdfxml.parser.TripleHandlers$HandlerAccessor.handleStreaming(TripleHandlers.java:369)
        org.semanticweb.owlapi.rdf.rdfxml.parser.OWLRDFConsumer.statementWithResourceValue(OWLRDFConsumer.java:1563)
注释中不允许出现字符串 "--"。        java.xml/com.sun.org.apache.xerces.internal.util.ErrorHandlerWrapper.createSAXParseException(ErrorHandlerWrapper.java:204)
        java.xml/com.sun.org.apache.xerces.internal.util.ErrorHandlerWrapper.fatalError(ErrorHandlerWrapper.java:178)
        java.xml/com.sun.org.apache.xerces.internal.impl.XMLErrorReporter.reportError(XMLErrorReporter.java:400)
        java.xml/com.sun.org.apache.xerces.internal.impl.XMLErrorReporter.reportError(XMLErrorReporter.java:327)
        java.xml/com.sun.org.apache.xerces.internal.impl.XMLScanner.reportFatalError(XMLScanner.java:1465)
        java.xml/com.sun.org.apache.xerces.internal.impl.XMLScanner.scanComment(XMLScanner.java:818)
        java.xml/com.sun.org.apache.xerces.internal.impl.XMLDocumentFragmentScannerImpl.scanComment(XMLDocumentFragmentScannerImpl.java:1088)
        java.xml/com.sun.org.apache.xerces.internal.impl.XMLDocumentFragmentScannerImpl$FragmentContentDriver.next(XMLDocumentFragmentScannerImpl.java:2924)
        java.xml/com.sun.org.apache.xerces.internal.impl.XMLDocumentScannerImpl.next(XMLDocumentScannerImpl.java:635)
        java.xml/com.sun.org.apache.xerces.internal.impl.XMLNSDocumentScannerImpl.next(XMLNSDocumentScannerImpl.java:113)


--------------------------------------------------------------------------------
Parser: org.semanticweb.owlapi.owlxml.parser.OWLXMLParser@571c7572
    Stack trace:
Attribute not found: IRI (Line 20)        org.semanticweb.owlapi.owlxml.parser.OWLEH.ensureAttributeNotNull(PARSER_OWLXMLVocabulary.java:597)
        org.semanticweb.owlapi.owlxml.parser.OWLEH.getIRIFromAttribute(PARSER_OWLXMLVocabulary.java:504)
        org.semanticweb.owlapi.owlxml.parser.OWLClassEH.attribute(PARSER_OWLXMLVocabulary.java:1008)
        org.semanticweb.owlapi.owlxml.parser.OWLXMLPH.startElement(OWLXMLPH.java:478)
        java.xml/com.sun.org.apache.xerces.internal.parsers.AbstractSAXParser.startElement(AbstractSAXParser.java:519)
        java.xml/com.sun.org.apache.xerces.internal.impl.XMLNSDocumentScannerImpl.scanStartElement(XMLNSDocumentScannerImpl.java:376)
        java.xml/com.sun.org.apache.xerces.internal.impl.XMLDocumentFragmentScannerImpl$FragmentContentDriver.next(XMLDocumentFragmentScannerImpl.java:2736)
        java.xml/com.sun.org.apache.xerces.internal.impl.XMLDocumentScannerImpl.next(XMLDocumentScannerImpl.java:635)
        java.xml/com.sun.org.apache.xerces.internal.impl.XMLNSDocumentScannerImpl.next(XMLNSDocumentScannerImpl.java:113)
        java.xml/com.sun.org.apache.xerces.internal.impl.XMLDocumentFragmentScannerImpl.scanDocument(XMLDocumentFragmentScannerImpl.java:551)


--------------------------------------------------------------------------------
Parser: org.semanticweb.owlapi.functional.parser.OWLFunctionalSyntaxOWLParser@c6a3f47
    Stack trace:
Encountered unexpected token: "<?xml version=\"1.0\" encoding=\"UTF-8\"?>" <FULLIRI>
    at line 1, column 1.

Was expecting one of:

    "Ontology"
    "Prefix"
 (Line 0)        org.semanticweb.owlapi.functional.parser.OWLFunctionalSyntaxOWLParser.parse(OWLFunctionalSyntaxOWLParser.java:49)
        uk.ac.manchester.cs.owl.owlapi.OWLOntologyFactoryImpl.loadOWLOntology(OWLOntologyFactoryImpl.java:195)
        uk.ac.manchester.cs.owl.owlapi.OWLOntologyManagerImpl.load(OWLOntologyManagerImpl.java:1105)
        uk.ac.manchester.cs.owl.owlapi.OWLOntologyManagerImpl.loadOntology(OWLOntologyManagerImpl.java:1055)
        uk.ac.manchester.cs.owl.owlapi.OWLOntologyManagerImpl.loadOntology(OWLOntologyManagerImpl.java:955)
        uk.ac.manchester.cs.owl.owlapi.OWLOntologyManagerImpl.loadImports(OWLOntologyManagerImpl.java:1663)
        uk.ac.manchester.cs.owl.owlapi.OWLOntologyManagerImpl.makeLoadImportRequest(OWLOntologyManagerImpl.java:1703)
        org.semanticweb.owlapi.rdf.rdfxml.parser.TripleHandlers$TPImportsHandler.handleTriple(TripleHandlers.java:1555)
        org.semanticweb.owlapi.rdf.rdfxml.parser.TripleHandlers$HandlerAccessor.handleStreaming(TripleHandlers.java:369)
        org.semanticweb.owlapi.rdf.rdfxml.parser.OWLRDFConsumer.statementWithResourceValue(OWLRDFConsumer.java:1563)
Encountered unexpected token: "<?xml version=\"1.0\" encoding=\"UTF-8\"?>" <FULLIRI>
    at line 1, column 1.

Was expecting one of:

    "Ontology"
    "Prefix"
        org.semanticweb.owlapi.functional.parser.OWLFunctionalSyntaxParser.generateParseException(OWLFunctionalSyntaxParser.java:2479)
        org.semanticweb.owlapi.functional.parser.OWLFunctionalSyntaxParser.jj_consume_token(OWLFunctionalSyntaxParser.java:2405)
        org.semanticweb.owlapi.functional.parser.OWLFunctionalSyntaxParser.Ontology(OWLFunctionalSyntaxParser.java:115)
        org.semanticweb.owlapi.functional.parser.OWLFunctionalSyntaxParser.parse(OWLFunctionalSyntaxParser.java:101)
        org.semanticweb.owlapi.functional.parser.OWLFunctionalSyntaxOWLParser.parse(OWLFunctionalSyntaxOWLParser.java:47)
        uk.ac.manchester.cs.owl.owlapi.OWLOntologyFactoryImpl.loadOWLOntology(OWLOntologyFactoryImpl.java:195)
        uk.ac.manchester.cs.owl.owlapi.OWLOntologyManagerImpl.load(OWLOntologyManagerImpl.java:1105)
        uk.ac.manchester.cs.owl.owlapi.OWLOntologyManagerImpl.loadOntology(OWLOntologyManagerImpl.java:1055)
        uk.ac.manchester.cs.owl.owlapi.OWLOntologyManagerImpl.loadOntology(OWLOntologyManagerImpl.java:955)
        uk.ac.manchester.cs.owl.owlapi.OWLOntologyManagerImpl.loadImports(OWLOntologyManagerImpl.java:1663)


--------------------------------------------------------------------------------
Parser: org.semanticweb.owlapi.rio.RioParserImpl : org.semanticweb.owlapi.formats.RioTurtleDocumentFormatFactory@95fd655c
    Stack trace:
org.eclipse.rdf4j.rio.RDFParseException: Expected '.', found '<' [line 5]        org.semanticweb.owlapi.rio.RioParserImpl.parse(RioParserImpl.java:148)
        uk.ac.manchester.cs.owl.owlapi.OWLOntologyFactoryImpl.loadOWLOntology(OWLOntologyFactoryImpl.java:195)
        uk.ac.manchester.cs.owl.owlapi.OWLOntologyManagerImpl.load(OWLOntologyManagerImpl.java:1105)
        uk.ac.manchester.cs.owl.owlapi.OWLOntologyManagerImpl.loadOntology(OWLOntologyManagerImpl.java:1055)
        uk.ac.manchester.cs.owl.owlapi.OWLOntologyManagerImpl.loadOntology(OWLOntologyManagerImpl.java:955)
        uk.ac.manchester.cs.owl.owlapi.OWLOntologyManagerImpl.loadImports(OWLOntologyManagerImpl.java:1663)
        uk.ac.manchester.cs.owl.owlapi.OWLOntologyManagerImpl.makeLoadImportRequest(OWLOntologyManagerImpl.java:1703)
        org.semanticweb.owlapi.rdf.rdfxml.parser.TripleHandlers$TPImportsHandler.handleTriple(TripleHandlers.java:1555)
        org.semanticweb.owlapi.rdf.rdfxml.parser.TripleHandlers$HandlerAccessor.handleStreaming(TripleHandlers.java:369)
        org.semanticweb.owlapi.rdf.rdfxml.parser.OWLRDFConsumer.statementWithResourceValue(OWLRDFConsumer.java:1563)
Expected '.', found '<' [line 5]        org.eclipse.rdf4j.rio.helpers.RDFParserHelper.reportFatalError(RDFParserHelper.java:347)
        org.eclipse.rdf4j.rio.helpers.AbstractRDFParser.reportFatalError(AbstractRDFParser.java:698)
        org.eclipse.rdf4j.rio.turtle.TurtleParser.reportFatalError(TurtleParser.java:1309)
        org.eclipse.rdf4j.rio.turtle.TurtleParser.verifyCharacterOrFail(TurtleParser.java:1154)
        org.eclipse.rdf4j.rio.turtle.TurtleParser.parseStatement(TurtleParser.java:205)
        org.eclipse.rdf4j.rio.turtle.TurtleParser.parse(TurtleParser.java:165)
        org.semanticweb.owlapi.rio.RioParserImpl.parseDocumentSource(RioParserImpl.java:186)
        org.semanticweb.owlapi.rio.RioParserImpl.parse(RioParserImpl.java:134)
        uk.ac.manchester.cs.owl.owlapi.OWLOntologyFactoryImpl.loadOWLOntology(OWLOntologyFactoryImpl.java:195)
        uk.ac.manchester.cs.owl.owlapi.OWLOntologyManagerImpl.load(OWLOntologyManagerImpl.java:1105)


--------------------------------------------------------------------------------
Parser: org.semanticweb.owlapi.manchestersyntax.parser.ManchesterOWLSyntaxOntologyParser@59bbf82e
    Stack trace:
Encountered '<?xml version="1.0" encoding="UTF-8"?>' at line 1 column 1.  Expected either 'Ontology:' or 'Prefix:' (Line 1)        org.semanticweb.owlapi.manchestersyntax.parser.ManchesterOWLSyntaxOntologyParser.parse(ManchesterOWLSyntaxOntologyParser.java:81)
        uk.ac.manchester.cs.owl.owlapi.OWLOntologyFactoryImpl.loadOWLOntology(OWLOntologyFactoryImpl.java:195)
        uk.ac.manchester.cs.owl.owlapi.OWLOntologyManagerImpl.load(OWLOntologyManagerImpl.java:1105)
        uk.ac.manchester.cs.owl.owlapi.OWLOntologyManagerImpl.loadOntology(OWLOntologyManagerImpl.java:1055)
        uk.ac.manchester.cs.owl.owlapi.OWLOntologyManagerImpl.loadOntology(OWLOntologyManagerImpl.java:955)
        uk.ac.manchester.cs.owl.owlapi.OWLOntologyManagerImpl.loadImports(OWLOntologyManagerImpl.java:1663)
        uk.ac.manchester.cs.owl.owlapi.OWLOntologyManagerImpl.makeLoadImportRequest(OWLOntologyManagerImpl.java:1703)
        org.semanticweb.owlapi.rdf.rdfxml.parser.TripleHandlers$TPImportsHandler.handleTriple(TripleHandlers.java:1555)
        org.semanticweb.owlapi.rdf.rdfxml.parser.TripleHandlers$HandlerAccessor.handleStreaming(TripleHandlers.java:369)
        org.semanticweb.owlapi.rdf.rdfxml.parser.OWLRDFConsumer.statementWithResourceValue(OWLRDFConsumer.java:1563)


--------------------------------------------------------------------------------
Parser: org.semanticweb.owlapi.rio.RioParserImpl : org.semanticweb.owlapi.formats.NQuadsDocumentFormatFactory@6f9c39ad
    Stack trace:
org.eclipse.rdf4j.rio.RDFParseException: Not a valid (absolute) IRI: ?xml version="1.0" encoding="UTF-8"? [line 1]        org.semanticweb.owlapi.rio.RioParserImpl.parse(RioParserImpl.java:148)
        uk.ac.manchester.cs.owl.owlapi.OWLOntologyFactoryImpl.loadOWLOntology(OWLOntologyFactoryImpl.java:195)
        uk.ac.manchester.cs.owl.owlapi.OWLOntologyManagerImpl.load(OWLOntologyManagerImpl.java:1105)
        uk.ac.manchester.cs.owl.owlapi.OWLOntologyManagerImpl.loadOntology(OWLOntologyManagerImpl.java:1055)
        uk.ac.manchester.cs.owl.owlapi.OWLOntologyManagerImpl.loadOntology(OWLOntologyManagerImpl.java:955)
        uk.ac.manchester.cs.owl.owlapi.OWLOntologyManagerImpl.loadImports(OWLOntologyManagerImpl.java:1663)
        uk.ac.manchester.cs.owl.owlapi.OWLOntologyManagerImpl.makeLoadImportRequest(OWLOntologyManagerImpl.java:1703)
        org.semanticweb.owlapi.rdf.rdfxml.parser.TripleHandlers$TPImportsHandler.handleTriple(TripleHandlers.java:1555)
        org.semanticweb.owlapi.rdf.rdfxml.parser.TripleHandlers$HandlerAccessor.handleStreaming(TripleHandlers.java:369)
        org.semanticweb.owlapi.rdf.rdfxml.parser.OWLRDFConsumer.statementWithResourceValue(OWLRDFConsumer.java:1563)
Not a valid (absolute) IRI: ?xml version="1.0" encoding="UTF-8"? [line 1]        org.eclipse.rdf4j.rio.helpers.RDFParserHelper.reportFatalError(RDFParserHelper.java:380)
        org.eclipse.rdf4j.rio.helpers.AbstractRDFParser.reportFatalError(AbstractRDFParser.java:723)
        org.eclipse.rdf4j.rio.ntriples.NTriplesParser.reportFatalError(NTriplesParser.java:468)
        org.eclipse.rdf4j.rio.helpers.AbstractRDFParser.createURI(AbstractRDFParser.java:360)
        org.eclipse.rdf4j.rio.ntriples.NTriplesParser.createURI(NTriplesParser.java:431)
        org.eclipse.rdf4j.rio.ntriples.NTriplesParser.parseIRI(NTriplesParser.java:260)
        org.eclipse.rdf4j.rio.ntriples.NTriplesParser.parseSubject(NTriplesParser.java:187)
        org.eclipse.rdf4j.rio.nquads.NQuadsParser.parseStatement(NQuadsParser.java:51)
        org.eclipse.rdf4j.rio.ntriples.NTriplesParser.parse(NTriplesParser.java:119)
        org.semanticweb.owlapi.rio.RioParserImpl.parseDocumentSource(RioParserImpl.java:186)
Not a valid (absolute) IRI: ?xml version="1.0" encoding="UTF-8"?        org.eclipse.rdf4j.model.impl.SimpleIRI.setIRIString(SimpleIRI.java:96)
        org.eclipse.rdf4j.model.impl.SimpleIRI.<init>(SimpleIRI.java:67)
        org.eclipse.rdf4j.model.impl.SimpleValueFactory.createIRI(SimpleValueFactory.java:83)
        org.eclipse.rdf4j.rio.helpers.RDFStarDecodingValueFactory.createIRI(RDFStarDecodingValueFactory.java:46)
        org.eclipse.rdf4j.rio.helpers.AbstractRDFParser.createURI(AbstractRDFParser.java:358)
        org.eclipse.rdf4j.rio.ntriples.NTriplesParser.createURI(NTriplesParser.java:431)
        org.eclipse.rdf4j.rio.ntriples.NTriplesParser.parseIRI(NTriplesParser.java:260)
        org.eclipse.rdf4j.rio.ntriples.NTriplesParser.parseSubject(NTriplesParser.java:187)
        org.eclipse.rdf4j.rio.nquads.NQuadsParser.parseStatement(NQuadsParser.java:51)
        org.eclipse.rdf4j.rio.ntriples.NTriplesParser.parse(NTriplesParser.java:119)


--------------------------------------------------------------------------------
Parser: org.semanticweb.owlapi.rio.RioParserImpl : org.semanticweb.owlapi.formats.NTriplesDocumentFormatFactory@937ecd36
    Stack trace:
org.eclipse.rdf4j.rio.RDFParseException: Not a valid (absolute) IRI: ?xml version="1.0" encoding="UTF-8"? [line 1]        org.semanticweb.owlapi.rio.RioParserImpl.parse(RioParserImpl.java:148)
        uk.ac.manchester.cs.owl.owlapi.OWLOntologyFactoryImpl.loadOWLOntology(OWLOntologyFactoryImpl.java:195)
        uk.ac.manchester.cs.owl.owlapi.OWLOntologyManagerImpl.load(OWLOntologyManagerImpl.java:1105)
        uk.ac.manchester.cs.owl.owlapi.OWLOntologyManagerImpl.loadOntology(OWLOntologyManagerImpl.java:1055)
        uk.ac.manchester.cs.owl.owlapi.OWLOntologyManagerImpl.loadOntology(OWLOntologyManagerImpl.java:955)
        uk.ac.manchester.cs.owl.owlapi.OWLOntologyManagerImpl.loadImports(OWLOntologyManagerImpl.java:1663)
        uk.ac.manchester.cs.owl.owlapi.OWLOntologyManagerImpl.makeLoadImportRequest(OWLOntologyManagerImpl.java:1703)
        org.semanticweb.owlapi.rdf.rdfxml.parser.TripleHandlers$TPImportsHandler.handleTriple(TripleHandlers.java:1555)
        org.semanticweb.owlapi.rdf.rdfxml.parser.TripleHandlers$HandlerAccessor.handleStreaming(TripleHandlers.java:369)
        org.semanticweb.owlapi.rdf.rdfxml.parser.OWLRDFConsumer.statementWithResourceValue(OWLRDFConsumer.java:1563)
Not a valid (absolute) IRI: ?xml version="1.0" encoding="UTF-8"? [line 1]        org.eclipse.rdf4j.rio.helpers.RDFParserHelper.reportFatalError(RDFParserHelper.java:380)
        org.eclipse.rdf4j.rio.helpers.AbstractRDFParser.reportFatalError(AbstractRDFParser.java:723)
        org.eclipse.rdf4j.rio.ntriples.NTriplesParser.reportFatalError(NTriplesParser.java:468)
        org.eclipse.rdf4j.rio.helpers.AbstractRDFParser.createURI(AbstractRDFParser.java:360)
        org.eclipse.rdf4j.rio.ntriples.NTriplesParser.createURI(NTriplesParser.java:431)
        org.eclipse.rdf4j.rio.ntriples.NTriplesParser.parseIRI(NTriplesParser.java:260)
        org.eclipse.rdf4j.rio.ntriples.NTriplesParser.parseSubject(NTriplesParser.java:187)
        org.eclipse.rdf4j.rio.ntriples.NTriplesParser.parseStatement(NTriplesParser.java:137)
        org.eclipse.rdf4j.rio.ntriples.NTriplesParser.parse(NTriplesParser.java:119)
        org.semanticweb.owlapi.rio.RioParserImpl.parseDocumentSource(RioParserImpl.java:186)
Not a valid (absolute) IRI: ?xml version="1.0" encoding="UTF-8"?        org.eclipse.rdf4j.model.impl.SimpleIRI.setIRIString(SimpleIRI.java:96)
        org.eclipse.rdf4j.model.impl.SimpleIRI.<init>(SimpleIRI.java:67)
        org.eclipse.rdf4j.model.impl.SimpleValueFactory.createIRI(SimpleValueFactory.java:83)
        org.eclipse.rdf4j.rio.helpers.RDFStarDecodingValueFactory.createIRI(RDFStarDecodingValueFactory.java:46)
        org.eclipse.rdf4j.rio.helpers.AbstractRDFParser.createURI(AbstractRDFParser.java:358)
        org.eclipse.rdf4j.rio.ntriples.NTriplesParser.createURI(NTriplesParser.java:431)
        org.eclipse.rdf4j.rio.ntriples.NTriplesParser.parseIRI(NTriplesParser.java:260)
        org.eclipse.rdf4j.rio.ntriples.NTriplesParser.parseSubject(NTriplesParser.java:187)
        org.eclipse.rdf4j.rio.ntriples.NTriplesParser.parseStatement(NTriplesParser.java:137)
        org.eclipse.rdf4j.rio.ntriples.NTriplesParser.parse(NTriplesParser.java:119)


--------------------------------------------------------------------------------
Parser: org.semanticweb.owlapi.rio.RioParserImpl : org.semanticweb.owlapi.formats.RDFJsonDocumentFormatFactory@cd748dc3
    Stack trace:
org.eclipse.rdf4j.rio.RDFParseException: Found IOException during parsing [line 1, column 2]        org.semanticweb.owlapi.rio.RioParserImpl.parse(RioParserImpl.java:148)
        uk.ac.manchester.cs.owl.owlapi.OWLOntologyFactoryImpl.loadOWLOntology(OWLOntologyFactoryImpl.java:195)
        uk.ac.manchester.cs.owl.owlapi.OWLOntologyManagerImpl.load(OWLOntologyManagerImpl.java:1105)
        uk.ac.manchester.cs.owl.owlapi.OWLOntologyManagerImpl.loadOntology(OWLOntologyManagerImpl.java:1055)
        uk.ac.manchester.cs.owl.owlapi.OWLOntologyManagerImpl.loadOntology(OWLOntologyManagerImpl.java:955)
        uk.ac.manchester.cs.owl.owlapi.OWLOntologyManagerImpl.loadImports(OWLOntologyManagerImpl.java:1663)
        uk.ac.manchester.cs.owl.owlapi.OWLOntologyManagerImpl.makeLoadImportRequest(OWLOntologyManagerImpl.java:1703)
        org.semanticweb.owlapi.rdf.rdfxml.parser.TripleHandlers$TPImportsHandler.handleTriple(TripleHandlers.java:1555)
        org.semanticweb.owlapi.rdf.rdfxml.parser.TripleHandlers$HandlerAccessor.handleStreaming(TripleHandlers.java:369)
        org.semanticweb.owlapi.rdf.rdfxml.parser.OWLRDFConsumer.statementWithResourceValue(OWLRDFConsumer.java:1563)
Found IOException during parsing [line 1, column 2]        org.eclipse.rdf4j.rio.helpers.RDFParserHelper.reportFatalError(RDFParserHelper.java:400)
        org.eclipse.rdf4j.rio.helpers.AbstractRDFParser.reportFatalError(AbstractRDFParser.java:734)
        org.eclipse.rdf4j.rio.rdfjson.RDFJSONParser.reportFatalError(RDFJSONParser.java:138)
        org.eclipse.rdf4j.rio.rdfjson.RDFJSONParser.parse(RDFJSONParser.java:161)
        org.semanticweb.owlapi.rio.RioParserImpl.parseDocumentSource(RioParserImpl.java:186)
        org.semanticweb.owlapi.rio.RioParserImpl.parse(RioParserImpl.java:134)
        uk.ac.manchester.cs.owl.owlapi.OWLOntologyFactoryImpl.loadOWLOntology(OWLOntologyFactoryImpl.java:195)
        uk.ac.manchester.cs.owl.owlapi.OWLOntologyManagerImpl.load(OWLOntologyManagerImpl.java:1105)
        uk.ac.manchester.cs.owl.owlapi.OWLOntologyManagerImpl.loadOntology(OWLOntologyManagerImpl.java:1055)
        uk.ac.manchester.cs.owl.owlapi.OWLOntologyManagerImpl.loadOntology(OWLOntologyManagerImpl.java:955)
Unexpected character ('<' (code 60)): expected a valid value (JSON String, Number, Array, Object or token 'null', 'true' or 'false')
 at [Source: (BufferedReader); line: 1, column: 2]        com.fasterxml.jackson.core.JsonParser._constructError(JsonParser.java:2477)
        com.fasterxml.jackson.core.base.ParserMinimalBase._reportError(ParserMinimalBase.java:750)
        com.fasterxml.jackson.core.base.ParserMinimalBase._reportUnexpectedChar(ParserMinimalBase.java:674)
        com.fasterxml.jackson.core.json.ReaderBasedJsonParser._handleOddValue(ReaderBasedJsonParser.java:2085)
        com.fasterxml.jackson.core.json.ReaderBasedJsonParser.nextToken(ReaderBasedJsonParser.java:808)
        org.eclipse.rdf4j.rio.rdfjson.RDFJSONParser.rdfJsonToHandlerInternal(RDFJSONParser.java:182)
        org.eclipse.rdf4j.rio.rdfjson.RDFJSONParser.parse(RDFJSONParser.java:158)
        org.semanticweb.owlapi.rio.RioParserImpl.parseDocumentSource(RioParserImpl.java:186)
        org.semanticweb.owlapi.rio.RioParserImpl.parse(RioParserImpl.java:134)
        uk.ac.manchester.cs.owl.owlapi.OWLOntologyFactoryImpl.loadOWLOntology(OWLOntologyFactoryImpl.java:195)


--------------------------------------------------------------------------------
Parser: org.semanticweb.owlapi.rio.RioParserImpl : org.semanticweb.owlapi.formats.TrigDocumentFormatFactory@27e81c
    Stack trace:
org.eclipse.rdf4j.rio.RDFParseException: Expected an RDF value here, found '=' [line 5]        org.semanticweb.owlapi.rio.RioParserImpl.parse(RioParserImpl.java:148)
        uk.ac.manchester.cs.owl.owlapi.OWLOntologyFactoryImpl.loadOWLOntology(OWLOntologyFactoryImpl.java:195)
        uk.ac.manchester.cs.owl.owlapi.OWLOntologyManagerImpl.load(OWLOntologyManagerImpl.java:1105)
        uk.ac.manchester.cs.owl.owlapi.OWLOntologyManagerImpl.loadOntology(OWLOntologyManagerImpl.java:1055)
        uk.ac.manchester.cs.owl.owlapi.OWLOntologyManagerImpl.loadOntology(OWLOntologyManagerImpl.java:955)
        uk.ac.manchester.cs.owl.owlapi.OWLOntologyManagerImpl.loadImports(OWLOntologyManagerImpl.java:1663)
        uk.ac.manchester.cs.owl.owlapi.OWLOntologyManagerImpl.makeLoadImportRequest(OWLOntologyManagerImpl.java:1703)
        org.semanticweb.owlapi.rdf.rdfxml.parser.TripleHandlers$TPImportsHandler.handleTriple(TripleHandlers.java:1555)
        org.semanticweb.owlapi.rdf.rdfxml.parser.TripleHandlers$HandlerAccessor.handleStreaming(TripleHandlers.java:369)
        org.semanticweb.owlapi.rdf.rdfxml.parser.OWLRDFConsumer.statementWithResourceValue(OWLRDFConsumer.java:1563)
Expected an RDF value here, found '=' [line 5]        org.eclipse.rdf4j.rio.helpers.RDFParserHelper.reportFatalError(RDFParserHelper.java:347)
        org.eclipse.rdf4j.rio.helpers.AbstractRDFParser.reportFatalError(AbstractRDFParser.java:698)
        org.eclipse.rdf4j.rio.turtle.TurtleParser.reportFatalError(TurtleParser.java:1309)
        org.eclipse.rdf4j.rio.turtle.TurtleParser.parseValue(TurtleParser.java:588)
        org.eclipse.rdf4j.rio.turtle.TurtleParser.parseObject(TurtleParser.java:453)
        org.eclipse.rdf4j.rio.turtle.TurtleParser.parseObjectList(TurtleParser.java:375)
        org.eclipse.rdf4j.rio.turtle.TurtleParser.parsePredicateObjectList(TurtleParser.java:348)
        org.eclipse.rdf4j.rio.trig.TriGParser.parseGraph(TriGParser.java:192)
        org.eclipse.rdf4j.rio.trig.TriGParser.parseStatement(TriGParser.java:115)
        org.eclipse.rdf4j.rio.turtle.TurtleParser.parse(TurtleParser.java:165)


--------------------------------------------------------------------------------
Parser: org.semanticweb.owlapi.rio.RioParserImpl : org.semanticweb.owlapi.formats.RDFJsonLDDocumentFormatFactory@dcacc47d
    Stack trace:
org.eclipse.rdf4j.rio.RDFParseException: Could not parse JSONLD        org.semanticweb.owlapi.rio.RioParserImpl.parse(RioParserImpl.java:148)
        uk.ac.manchester.cs.owl.owlapi.OWLOntologyFactoryImpl.loadOWLOntology(OWLOntologyFactoryImpl.java:195)
        uk.ac.manchester.cs.owl.owlapi.OWLOntologyManagerImpl.load(OWLOntologyManagerImpl.java:1105)
        uk.ac.manchester.cs.owl.owlapi.OWLOntologyManagerImpl.loadOntology(OWLOntologyManagerImpl.java:1055)
        uk.ac.manchester.cs.owl.owlapi.OWLOntologyManagerImpl.loadOntology(OWLOntologyManagerImpl.java:955)
        uk.ac.manchester.cs.owl.owlapi.OWLOntologyManagerImpl.loadImports(OWLOntologyManagerImpl.java:1663)
        uk.ac.manchester.cs.owl.owlapi.OWLOntologyManagerImpl.makeLoadImportRequest(OWLOntologyManagerImpl.java:1703)
        org.semanticweb.owlapi.rdf.rdfxml.parser.TripleHandlers$TPImportsHandler.handleTriple(TripleHandlers.java:1555)
        org.semanticweb.owlapi.rdf.rdfxml.parser.TripleHandlers$HandlerAccessor.handleStreaming(TripleHandlers.java:369)
        org.semanticweb.owlapi.rdf.rdfxml.parser.OWLRDFConsumer.statementWithResourceValue(OWLRDFConsumer.java:1563)
Could not parse JSONLD        org.eclipse.rdf4j.rio.jsonld.JSONLDParser.parse(JSONLDParser.java:261)
        org.eclipse.rdf4j.rio.jsonld.JSONLDParser.parse(JSONLDParser.java:112)
        org.semanticweb.owlapi.rio.RioParserImpl.parseDocumentSource(RioParserImpl.java:186)
        org.semanticweb.owlapi.rio.RioParserImpl.parse(RioParserImpl.java:134)
        uk.ac.manchester.cs.owl.owlapi.OWLOntologyFactoryImpl.loadOWLOntology(OWLOntologyFactoryImpl.java:195)
        uk.ac.manchester.cs.owl.owlapi.OWLOntologyManagerImpl.load(OWLOntologyManagerImpl.java:1105)
        uk.ac.manchester.cs.owl.owlapi.OWLOntologyManagerImpl.loadOntology(OWLOntologyManagerImpl.java:1055)
        uk.ac.manchester.cs.owl.owlapi.OWLOntologyManagerImpl.loadOntology(OWLOntologyManagerImpl.java:955)
        uk.ac.manchester.cs.owl.owlapi.OWLOntologyManagerImpl.loadImports(OWLOntologyManagerImpl.java:1663)
        uk.ac.manchester.cs.owl.owlapi.OWLOntologyManagerImpl.makeLoadImportRequest(OWLOntologyManagerImpl.java:1703)
The document could not be loaded or parsed [code=LOADING_DOCUMENT_FAILED].        no.hasmac.jsonld.document.JsonDocument.of(JsonDocument.java:154)
        no.hasmac.jsonld.document.JsonDocument.of(JsonDocument.java:129)
        org.eclipse.rdf4j.rio.jsonld.JSONLDParser.getDocument(JSONLDParser.java:285)
        org.eclipse.rdf4j.rio.jsonld.JSONLDParser.parse(JSONLDParser.java:134)
        org.eclipse.rdf4j.rio.jsonld.JSONLDParser.parse(JSONLDParser.java:112)
        org.semanticweb.owlapi.rio.RioParserImpl.parseDocumentSource(RioParserImpl.java:186)
        org.semanticweb.owlapi.rio.RioParserImpl.parse(RioParserImpl.java:134)
        uk.ac.manchester.cs.owl.owlapi.OWLOntologyFactoryImpl.loadOWLOntology(OWLOntologyFactoryImpl.java:195)
        uk.ac.manchester.cs.owl.owlapi.OWLOntologyManagerImpl.load(OWLOntologyManagerImpl.java:1105)
        uk.ac.manchester.cs.owl.owlapi.OWLOntologyManagerImpl.loadOntology(OWLOntologyManagerImpl.java:1055)
Unexpected char 60 at (line no=1, column no=1, offset=0)        org.glassfish.json.JsonTokenizer.unexpectedChar(JsonTokenizer.java:577)
        org.glassfish.json.JsonTokenizer.nextToken(JsonTokenizer.java:394)
        org.glassfish.json.JsonParserImpl$NoneContext.getNextEvent(JsonParserImpl.java:419)
        org.glassfish.json.JsonParserImpl.next(JsonParserImpl.java:369)
        no.hasmac.jsonld.document.JsonDocument.doParse(JsonDocument.java:164)
        no.hasmac.jsonld.document.JsonDocument.of(JsonDocument.java:151)
        no.hasmac.jsonld.document.JsonDocument.of(JsonDocument.java:129)
        org.eclipse.rdf4j.rio.jsonld.JSONLDParser.getDocument(JSONLDParser.java:285)
        org.eclipse.rdf4j.rio.jsonld.JSONLDParser.parse(JSONLDParser.java:134)
        org.eclipse.rdf4j.rio.jsonld.JSONLDParser.parse(JSONLDParser.java:112)


--------------------------------------------------------------------------------
Parser: org.semanticweb.owlapi.rio.RioParserImpl : org.semanticweb.owlapi.formats.N3DocumentFormatFactory@9a5
    Stack trace:
org.eclipse.rdf4j.rio.RDFParseException: Expected '.', found '<' [line 5]        org.semanticweb.owlapi.rio.RioParserImpl.parse(RioParserImpl.java:148)
        uk.ac.manchester.cs.owl.owlapi.OWLOntologyFactoryImpl.loadOWLOntology(OWLOntologyFactoryImpl.java:195)
        uk.ac.manchester.cs.owl.owlapi.OWLOntologyManagerImpl.load(OWLOntologyManagerImpl.java:1105)
        uk.ac.manchester.cs.owl.owlapi.OWLOntologyManagerImpl.loadOntology(OWLOntologyManagerImpl.java:1055)
        uk.ac.manchester.cs.owl.owlapi.OWLOntologyManagerImpl.loadOntology(OWLOntologyManagerImpl.java:955)
        uk.ac.manchester.cs.owl.owlapi.OWLOntologyManagerImpl.loadImports(OWLOntologyManagerImpl.java:1663)
        uk.ac.manchester.cs.owl.owlapi.OWLOntologyManagerImpl.makeLoadImportRequest(OWLOntologyManagerImpl.java:1703)
        org.semanticweb.owlapi.rdf.rdfxml.parser.TripleHandlers$TPImportsHandler.handleTriple(TripleHandlers.java:1555)
        org.semanticweb.owlapi.rdf.rdfxml.parser.TripleHandlers$HandlerAccessor.handleStreaming(TripleHandlers.java:369)
        org.semanticweb.owlapi.rdf.rdfxml.parser.OWLRDFConsumer.statementWithResourceValue(OWLRDFConsumer.java:1563)
Expected '.', found '<' [line 5]        org.eclipse.rdf4j.rio.helpers.RDFParserHelper.reportFatalError(RDFParserHelper.java:347)
        org.eclipse.rdf4j.rio.helpers.AbstractRDFParser.reportFatalError(AbstractRDFParser.java:698)
        org.eclipse.rdf4j.rio.turtle.TurtleParser.reportFatalError(TurtleParser.java:1309)
        org.eclipse.rdf4j.rio.turtle.TurtleParser.verifyCharacterOrFail(TurtleParser.java:1154)
        org.eclipse.rdf4j.rio.turtle.TurtleParser.parseStatement(TurtleParser.java:205)
        org.eclipse.rdf4j.rio.turtle.TurtleParser.parse(TurtleParser.java:165)
        org.semanticweb.owlapi.rio.RioParserImpl.parseDocumentSource(RioParserImpl.java:186)
        org.semanticweb.owlapi.rio.RioParserImpl.parse(RioParserImpl.java:134)
        uk.ac.manchester.cs.owl.owlapi.OWLOntologyFactoryImpl.loadOWLOntology(OWLOntologyFactoryImpl.java:195)
        uk.ac.manchester.cs.owl.owlapi.OWLOntologyManagerImpl.load(OWLOntologyManagerImpl.java:1105)


--------------------------------------------------------------------------------
Parser: org.semanticweb.owlapi.rio.RioParserImpl : org.semanticweb.owlapi.formats.RioRDFXMLDocumentFormatFactory@69b9a3bc
    Stack trace:
org.eclipse.rdf4j.rio.RDFParseException: 注释中不允许出现字符串 "--"。 [line 38, column 12]        org.semanticweb.owlapi.rio.RioParserImpl.parse(RioParserImpl.java:148)
        uk.ac.manchester.cs.owl.owlapi.OWLOntologyFactoryImpl.loadOWLOntology(OWLOntologyFactoryImpl.java:195)
        uk.ac.manchester.cs.owl.owlapi.OWLOntologyManagerImpl.load(OWLOntologyManagerImpl.java:1105)
        uk.ac.manchester.cs.owl.owlapi.OWLOntologyManagerImpl.loadOntology(OWLOntologyManagerImpl.java:1055)
        uk.ac.manchester.cs.owl.owlapi.OWLOntologyManagerImpl.loadOntology(OWLOntologyManagerImpl.java:955)
        uk.ac.manchester.cs.owl.owlapi.OWLOntologyManagerImpl.loadImports(OWLOntologyManagerImpl.java:1663)
        uk.ac.manchester.cs.owl.owlapi.OWLOntologyManagerImpl.makeLoadImportRequest(OWLOntologyManagerImpl.java:1703)
        org.semanticweb.owlapi.rdf.rdfxml.parser.TripleHandlers$TPImportsHandler.handleTriple(TripleHandlers.java:1555)
        org.semanticweb.owlapi.rdf.rdfxml.parser.TripleHandlers$HandlerAccessor.handleStreaming(TripleHandlers.java:369)
        org.semanticweb.owlapi.rdf.rdfxml.parser.OWLRDFConsumer.statementWithResourceValue(OWLRDFConsumer.java:1563)
注释中不允许出现字符串 "--"。 [line 38, column 12]        org.eclipse.rdf4j.rio.helpers.RDFParserHelper.reportFatalError(RDFParserHelper.java:380)
        org.eclipse.rdf4j.rio.helpers.AbstractRDFParser.reportFatalError(AbstractRDFParser.java:723)
        org.eclipse.rdf4j.rio.rdfxml.RDFXMLParser.reportFatalError(RDFXMLParser.java:1022)
        org.eclipse.rdf4j.rio.rdfxml.RDFXMLParser.fatalError(RDFXMLParser.java:1159)
        java.xml/com.sun.org.apache.xerces.internal.util.ErrorHandlerWrapper.fatalError(ErrorHandlerWrapper.java:181)
        java.xml/com.sun.org.apache.xerces.internal.impl.XMLErrorReporter.reportError(XMLErrorReporter.java:400)
        java.xml/com.sun.org.apache.xerces.internal.impl.XMLErrorReporter.reportError(XMLErrorReporter.java:327)
        java.xml/com.sun.org.apache.xerces.internal.impl.XMLScanner.reportFatalError(XMLScanner.java:1465)
        java.xml/com.sun.org.apache.xerces.internal.impl.XMLScanner.scanComment(XMLScanner.java:818)
        java.xml/com.sun.org.apache.xerces.internal.impl.XMLDocumentFragmentScannerImpl.scanComment(XMLDocumentFragmentScannerImpl.java:1088)
注释中不允许出现字符串 "--"。        java.xml/com.sun.org.apache.xerces.internal.util.ErrorHandlerWrapper.createSAXParseException(ErrorHandlerWrapper.java:204)
        java.xml/com.sun.org.apache.xerces.internal.util.ErrorHandlerWrapper.fatalError(ErrorHandlerWrapper.java:178)
        java.xml/com.sun.org.apache.xerces.internal.impl.XMLErrorReporter.reportError(XMLErrorReporter.java:400)
        java.xml/com.sun.org.apache.xerces.internal.impl.XMLErrorReporter.reportError(XMLErrorReporter.java:327)
        java.xml/com.sun.org.apache.xerces.internal.impl.XMLScanner.reportFatalError(XMLScanner.java:1465)
        java.xml/com.sun.org.apache.xerces.internal.impl.XMLScanner.scanComment(XMLScanner.java:818)
        java.xml/com.sun.org.apache.xerces.internal.impl.XMLDocumentFragmentScannerImpl.scanComment(XMLDocumentFragmentScannerImpl.java:1088)
        java.xml/com.sun.org.apache.xerces.internal.impl.XMLDocumentFragmentScannerImpl$FragmentContentDriver.next(XMLDocumentFragmentScannerImpl.java:2924)
        java.xml/com.sun.org.apache.xerces.internal.impl.XMLDocumentScannerImpl.next(XMLDocumentScannerImpl.java:635)
        java.xml/com.sun.org.apache.xerces.internal.impl.XMLNSDocumentScannerImpl.next(XMLNSDocumentScannerImpl.java:113)


--------------------------------------------------------------------------------
Parser: org.semanticweb.owlapi.rdf.turtle.parser.TurtleOntologyParser@7c0a6f62
    Stack trace:
org.semanticweb.owlapi.rdf.turtle.parser.ParseException: Encountered unexpected token: "<" <ERROR>
    at line 1, column 1.

Was expecting one of:

    "("
    "@base"
    "@prefix"
    "["
    <EMPTY_BLANK_NODE>
    <FULLIRI>
    <NODEID>
    <PNAME_LN>
    <PNAME_NS>
        org.semanticweb.owlapi.rdf.turtle.parser.TurtleOntologyParser.parse(TurtleOntologyParser.java:58)
        uk.ac.manchester.cs.owl.owlapi.OWLOntologyFactoryImpl.loadOWLOntology(OWLOntologyFactoryImpl.java:195)
        uk.ac.manchester.cs.owl.owlapi.OWLOntologyManagerImpl.load(OWLOntologyManagerImpl.java:1105)
        uk.ac.manchester.cs.owl.owlapi.OWLOntologyManagerImpl.loadOntology(OWLOntologyManagerImpl.java:1055)
        uk.ac.manchester.cs.owl.owlapi.OWLOntologyManagerImpl.loadOntology(OWLOntologyManagerImpl.java:955)
        uk.ac.manchester.cs.owl.owlapi.OWLOntologyManagerImpl.loadImports(OWLOntologyManagerImpl.java:1663)
        uk.ac.manchester.cs.owl.owlapi.OWLOntologyManagerImpl.makeLoadImportRequest(OWLOntologyManagerImpl.java:1703)
        org.semanticweb.owlapi.rdf.rdfxml.parser.TripleHandlers$TPImportsHandler.handleTriple(TripleHandlers.java:1555)
        org.semanticweb.owlapi.rdf.rdfxml.parser.TripleHandlers$HandlerAccessor.handleStreaming(TripleHandlers.java:369)
        org.semanticweb.owlapi.rdf.rdfxml.parser.OWLRDFConsumer.statementWithResourceValue(OWLRDFConsumer.java:1563)
Encountered unexpected token: "<" <ERROR>
    at line 1, column 1.

Was expecting one of:

    "("
    "@base"
    "@prefix"
    "["
    <EMPTY_BLANK_NODE>
    <FULLIRI>
    <NODEID>
    <PNAME_LN>
    <PNAME_NS>
        org.semanticweb.owlapi.rdf.turtle.parser.TurtleParser.generateParseException(TurtleParser.java:1034)
        org.semanticweb.owlapi.rdf.turtle.parser.TurtleParser.jj_consume_token(TurtleParser.java:902)
        org.semanticweb.owlapi.rdf.turtle.parser.TurtleParser.parseDocument(TurtleParser.java:165)
        org.semanticweb.owlapi.rdf.turtle.parser.TurtleOntologyParser.parse(TurtleOntologyParser.java:54)
        uk.ac.manchester.cs.owl.owlapi.OWLOntologyFactoryImpl.loadOWLOntology(OWLOntologyFactoryImpl.java:195)
        uk.ac.manchester.cs.owl.owlapi.OWLOntologyManagerImpl.load(OWLOntologyManagerImpl.java:1105)
        uk.ac.manchester.cs.owl.owlapi.OWLOntologyManagerImpl.loadOntology(OWLOntologyManagerImpl.java:1055)
        uk.ac.manchester.cs.owl.owlapi.OWLOntologyManagerImpl.loadOntology(OWLOntologyManagerImpl.java:955)
        uk.ac.manchester.cs.owl.owlapi.OWLOntologyManagerImpl.loadImports(OWLOntologyManagerImpl.java:1663)
        uk.ac.manchester.cs.owl.owlapi.OWLOntologyManagerImpl.makeLoadImportRequest(OWLOntologyManagerImpl.java:1703)


--------------------------------------------------------------------------------
Parser: org.semanticweb.owlapi.oboformat.OBOFormatOWLAPIParser@6b170692
    Stack trace:
LINENO: 1 - Could not find tag separator ':' in line.
LINE: <?xml version="1.0" encoding="UTF-8"?>        org.semanticweb.owlapi.oboformat.OBOFormatOWLAPIParser.parse(OBOFormatOWLAPIParser.java:50)
        uk.ac.manchester.cs.owl.owlapi.OWLOntologyFactoryImpl.loadOWLOntology(OWLOntologyFactoryImpl.java:195)
        uk.ac.manchester.cs.owl.owlapi.OWLOntologyManagerImpl.load(OWLOntologyManagerImpl.java:1105)
        uk.ac.manchester.cs.owl.owlapi.OWLOntologyManagerImpl.loadOntology(OWLOntologyManagerImpl.java:1055)
        uk.ac.manchester.cs.owl.owlapi.OWLOntologyManagerImpl.loadOntology(OWLOntologyManagerImpl.java:955)
        uk.ac.manchester.cs.owl.owlapi.OWLOntologyManagerImpl.loadImports(OWLOntologyManagerImpl.java:1663)
        uk.ac.manchester.cs.owl.owlapi.OWLOntologyManagerImpl.makeLoadImportRequest(OWLOntologyManagerImpl.java:1703)
        org.semanticweb.owlapi.rdf.rdfxml.parser.TripleHandlers$TPImportsHandler.handleTriple(TripleHandlers.java:1555)
        org.semanticweb.owlapi.rdf.rdfxml.parser.TripleHandlers$HandlerAccessor.handleStreaming(TripleHandlers.java:369)
        org.semanticweb.owlapi.rdf.rdfxml.parser.OWLRDFConsumer.statementWithResourceValue(OWLRDFConsumer.java:1563)
LINENO: 1 - Could not find tag separator ':' in line.
LINE: <?xml version="1.0" encoding="UTF-8"?>        org.obolibrary.oboformat.parser.OBOFormatParser.error(OBOFormatParser.java:1317)
        org.obolibrary.oboformat.parser.OBOFormatParser.getParseTag(OBOFormatParser.java:731)
        org.obolibrary.oboformat.parser.OBOFormatParser.parseHeaderClause(OBOFormatParser.java:409)
        org.obolibrary.oboformat.parser.OBOFormatParser.parseHeaderClauseNl(OBOFormatParser.java:402)
        org.obolibrary.oboformat.parser.OBOFormatParser.parseHeaderFrame(OBOFormatParser.java:385)
        org.obolibrary.oboformat.parser.OBOFormatParser.parseOBODoc(OBOFormatParser.java:268)
        org.obolibrary.oboformat.parser.OBOFormatParser.parse(OBOFormatParser.java:237)
        org.semanticweb.owlapi.oboformat.OBOFormatOWLAPIParser.parse(OBOFormatOWLAPIParser.java:44)
        uk.ac.manchester.cs.owl.owlapi.OWLOntologyFactoryImpl.loadOWLOntology(OWLOntologyFactoryImpl.java:195)
        uk.ac.manchester.cs.owl.owlapi.OWLOntologyManagerImpl.load(OWLOntologyManagerImpl.java:1105)


--------------------------------------------------------------------------------
Parser: org.semanticweb.owlapi.dlsyntax.parser.DLSyntaxOWLParser@4603c412
    Stack trace:
Encountered unexpected token: "<" <MAX>
    at line 1, column 1.

Was expecting one of:

    ":"
    "\n"
        org.semanticweb.owlapi.dlsyntax.parser.DLSyntaxOWLParser.parse(DLSyntaxOWLParser.java:52)
        uk.ac.manchester.cs.owl.owlapi.OWLOntologyFactoryImpl.loadOWLOntology(OWLOntologyFactoryImpl.java:195)
        uk.ac.manchester.cs.owl.owlapi.OWLOntologyManagerImpl.load(OWLOntologyManagerImpl.java:1105)
        uk.ac.manchester.cs.owl.owlapi.OWLOntologyManagerImpl.loadOntology(OWLOntologyManagerImpl.java:1055)
        uk.ac.manchester.cs.owl.owlapi.OWLOntologyManagerImpl.loadOntology(OWLOntologyManagerImpl.java:955)
        uk.ac.manchester.cs.owl.owlapi.OWLOntologyManagerImpl.loadImports(OWLOntologyManagerImpl.java:1663)
        uk.ac.manchester.cs.owl.owlapi.OWLOntologyManagerImpl.makeLoadImportRequest(OWLOntologyManagerImpl.java:1703)
        org.semanticweb.owlapi.rdf.rdfxml.parser.TripleHandlers$TPImportsHandler.handleTriple(TripleHandlers.java:1555)
        org.semanticweb.owlapi.rdf.rdfxml.parser.TripleHandlers$HandlerAccessor.handleStreaming(TripleHandlers.java:369)
        org.semanticweb.owlapi.rdf.rdfxml.parser.OWLRDFConsumer.statementWithResourceValue(OWLRDFConsumer.java:1563)
Encountered unexpected token: "<" <MAX>
    at line 1, column 1.

Was expecting one of:

    ":"
    "\n"
        org.semanticweb.owlapi.dlsyntax.parser.DLSyntaxParser.generateParseException(DLSyntaxParser.java:1572)
        org.semanticweb.owlapi.dlsyntax.parser.DLSyntaxParser.jj_consume_token(DLSyntaxParser.java:1443)
        org.semanticweb.owlapi.dlsyntax.parser.DLSyntaxParser.parseAxiom(DLSyntaxParser.java:141)
        org.semanticweb.owlapi.dlsyntax.parser.DLSyntaxParser.parseAxioms(DLSyntaxParser.java:114)
        org.semanticweb.owlapi.dlsyntax.parser.DLSyntaxOWLParser.parse(DLSyntaxOWLParser.java:48)
        uk.ac.manchester.cs.owl.owlapi.OWLOntologyFactoryImpl.loadOWLOntology(OWLOntologyFactoryImpl.java:195)
        uk.ac.manchester.cs.owl.owlapi.OWLOntologyManagerImpl.load(OWLOntologyManagerImpl.java:1105)
        uk.ac.manchester.cs.owl.owlapi.OWLOntologyManagerImpl.loadOntology(OWLOntologyManagerImpl.java:1055)
        uk.ac.manchester.cs.owl.owlapi.OWLOntologyManagerImpl.loadOntology(OWLOntologyManagerImpl.java:955)
        uk.ac.manchester.cs.owl.owlapi.OWLOntologyManagerImpl.loadImports(OWLOntologyManagerImpl.java:1663)


--------------------------------------------------------------------------------
Parser: org.semanticweb.owlapi.rio.RioParserImpl : org.semanticweb.owlapi.formats.BinaryRDFDocumentFormatFactory@3bf24493
    Stack trace:
org.eclipse.rdf4j.rio.RDFParseException: File does not contain a binary RDF document        org.semanticweb.owlapi.rio.RioParserImpl.parse(RioParserImpl.java:148)
        uk.ac.manchester.cs.owl.owlapi.OWLOntologyFactoryImpl.loadOWLOntology(OWLOntologyFactoryImpl.java:195)
        uk.ac.manchester.cs.owl.owlapi.OWLOntologyManagerImpl.load(OWLOntologyManagerImpl.java:1105)
        uk.ac.manchester.cs.owl.owlapi.OWLOntologyManagerImpl.loadOntology(OWLOntologyManagerImpl.java:1055)
        uk.ac.manchester.cs.owl.owlapi.OWLOntologyManagerImpl.loadOntology(OWLOntologyManagerImpl.java:955)
        uk.ac.manchester.cs.owl.owlapi.OWLOntologyManagerImpl.loadImports(OWLOntologyManagerImpl.java:1663)
        uk.ac.manchester.cs.owl.owlapi.OWLOntologyManagerImpl.makeLoadImportRequest(OWLOntologyManagerImpl.java:1703)
        org.semanticweb.owlapi.rdf.rdfxml.parser.TripleHandlers$TPImportsHandler.handleTriple(TripleHandlers.java:1555)
        org.semanticweb.owlapi.rdf.rdfxml.parser.TripleHandlers$HandlerAccessor.handleStreaming(TripleHandlers.java:369)
        org.semanticweb.owlapi.rdf.rdfxml.parser.OWLRDFConsumer.statementWithResourceValue(OWLRDFConsumer.java:1563)
File does not contain a binary RDF document        org.eclipse.rdf4j.rio.helpers.RDFParserHelper.reportFatalError(RDFParserHelper.java:347)
        org.eclipse.rdf4j.rio.helpers.RDFParserHelper.reportFatalError(RDFParserHelper.java:334)
        org.eclipse.rdf4j.rio.helpers.AbstractRDFParser.reportFatalError(AbstractRDFParser.java:690)
        org.eclipse.rdf4j.rio.binary.BinaryRDFParser.parse(BinaryRDFParser.java:92)
        org.semanticweb.owlapi.rio.RioParserImpl.parseDocumentSource(RioParserImpl.java:198)
        org.semanticweb.owlapi.rio.RioParserImpl.parse(RioParserImpl.java:134)
        uk.ac.manchester.cs.owl.owlapi.OWLOntologyFactoryImpl.loadOWLOntology(OWLOntologyFactoryImpl.java:195)
        uk.ac.manchester.cs.owl.owlapi.OWLOntologyManagerImpl.load(OWLOntologyManagerImpl.java:1105)
        uk.ac.manchester.cs.owl.owlapi.OWLOntologyManagerImpl.loadOntology(OWLOntologyManagerImpl.java:1055)
        uk.ac.manchester.cs.owl.owlapi.OWLOntologyManagerImpl.loadOntology(OWLOntologyManagerImpl.java:955)


--------------------------------------------------------------------------------
Parser: org.semanticweb.owlapi.krss2.parser.KRSS2OWLParser@341df373
    Stack trace:
org.semanticweb.owlapi.krss2.parser.ParseException: Encountered unexpected token: "<?xml version=\"1.0\" encoding=\"UTF-8\"?>" ">"
    at line 1, column 1.

Was expecting:

    <EOF>
        org.semanticweb.owlapi.krss2.parser.KRSS2OWLParser.parse(KRSS2OWLParser.java:252)
        uk.ac.manchester.cs.owl.owlapi.OWLOntologyFactoryImpl.loadOWLOntology(OWLOntologyFactoryImpl.java:195)
        uk.ac.manchester.cs.owl.owlapi.OWLOntologyManagerImpl.load(OWLOntologyManagerImpl.java:1105)
        uk.ac.manchester.cs.owl.owlapi.OWLOntologyManagerImpl.loadOntology(OWLOntologyManagerImpl.java:1055)
        uk.ac.manchester.cs.owl.owlapi.OWLOntologyManagerImpl.loadOntology(OWLOntologyManagerImpl.java:955)
        uk.ac.manchester.cs.owl.owlapi.OWLOntologyManagerImpl.loadImports(OWLOntologyManagerImpl.java:1663)
        uk.ac.manchester.cs.owl.owlapi.OWLOntologyManagerImpl.makeLoadImportRequest(OWLOntologyManagerImpl.java:1703)
        org.semanticweb.owlapi.rdf.rdfxml.parser.TripleHandlers$TPImportsHandler.handleTriple(TripleHandlers.java:1555)
        org.semanticweb.owlapi.rdf.rdfxml.parser.TripleHandlers$HandlerAccessor.handleStreaming(TripleHandlers.java:369)
        org.semanticweb.owlapi.rdf.rdfxml.parser.OWLRDFConsumer.statementWithResourceValue(OWLRDFConsumer.java:1563)
Encountered unexpected token: "<?xml version=\"1.0\" encoding=\"UTF-8\"?>" ">"
    at line 1, column 1.

Was expecting:

    <EOF>
        org.semanticweb.owlapi.krss2.parser.KRSS2Parser.generateParseException(KRSS2Parser.java:2103)
        org.semanticweb.owlapi.krss2.parser.KRSS2Parser.jj_consume_token(KRSS2Parser.java:1968)
        org.semanticweb.owlapi.krss2.parser.KRSS2Parser.parse(KRSS2Parser.java:124)
        org.semanticweb.owlapi.krss2.parser.KRSS2OWLParser.parse(KRSS2OWLParser.java:249)
        uk.ac.manchester.cs.owl.owlapi.OWLOntologyFactoryImpl.loadOWLOntology(OWLOntologyFactoryImpl.java:195)
        uk.ac.manchester.cs.owl.owlapi.OWLOntologyManagerImpl.load(OWLOntologyManagerImpl.java:1105)
        uk.ac.manchester.cs.owl.owlapi.OWLOntologyManagerImpl.loadOntology(OWLOntologyManagerImpl.java:1055)
        uk.ac.manchester.cs.owl.owlapi.OWLOntologyManagerImpl.loadOntology(OWLOntologyManagerImpl.java:955)
        uk.ac.manchester.cs.owl.owlapi.OWLOntologyManagerImpl.loadImports(OWLOntologyManagerImpl.java:1663)
        uk.ac.manchester.cs.owl.owlapi.OWLOntologyManagerImpl.makeLoadImportRequest(OWLOntologyManagerImpl.java:1703)


--------------------------------------------------------------------------------
Parser: org.semanticweb.owlapi.rio.RioParserImpl : org.semanticweb.owlapi.formats.HDTRDFDocumentFormatFactory@116d8
    Stack trace:
org.eclipse.rdf4j.rio.RDFParseException: $HDT marker not found [line 4]        org.semanticweb.owlapi.rio.RioParserImpl.parse(RioParserImpl.java:148)
        uk.ac.manchester.cs.owl.owlapi.OWLOntologyFactoryImpl.loadOWLOntology(OWLOntologyFactoryImpl.java:195)
        uk.ac.manchester.cs.owl.owlapi.OWLOntologyManagerImpl.load(OWLOntologyManagerImpl.java:1105)
        uk.ac.manchester.cs.owl.owlapi.OWLOntologyManagerImpl.loadOntology(OWLOntologyManagerImpl.java:1055)
        uk.ac.manchester.cs.owl.owlapi.OWLOntologyManagerImpl.loadOntology(OWLOntologyManagerImpl.java:955)
        uk.ac.manchester.cs.owl.owlapi.OWLOntologyManagerImpl.loadImports(OWLOntologyManagerImpl.java:1663)
        uk.ac.manchester.cs.owl.owlapi.OWLOntologyManagerImpl.makeLoadImportRequest(OWLOntologyManagerImpl.java:1703)
        org.semanticweb.owlapi.rdf.rdfxml.parser.TripleHandlers$TPImportsHandler.handleTriple(TripleHandlers.java:1555)
        org.semanticweb.owlapi.rdf.rdfxml.parser.TripleHandlers$HandlerAccessor.handleStreaming(TripleHandlers.java:369)
        org.semanticweb.owlapi.rdf.rdfxml.parser.OWLRDFConsumer.statementWithResourceValue(OWLRDFConsumer.java:1563)
$HDT marker not found [line 4]        org.eclipse.rdf4j.rio.helpers.RDFParserHelper.reportFatalError(RDFParserHelper.java:347)
        org.eclipse.rdf4j.rio.helpers.AbstractRDFParser.reportFatalError(AbstractRDFParser.java:698)
        org.eclipse.rdf4j.rio.hdt.HDTParser.parse(HDTParser.java:156)
        org.semanticweb.owlapi.rio.RioParserImpl.parseDocumentSource(RioParserImpl.java:198)
        org.semanticweb.owlapi.rio.RioParserImpl.parse(RioParserImpl.java:134)
        uk.ac.manchester.cs.owl.owlapi.OWLOntologyFactoryImpl.loadOWLOntology(OWLOntologyFactoryImpl.java:195)
        uk.ac.manchester.cs.owl.owlapi.OWLOntologyManagerImpl.load(OWLOntologyManagerImpl.java:1105)
        uk.ac.manchester.cs.owl.owlapi.OWLOntologyManagerImpl.loadOntology(OWLOntologyManagerImpl.java:1055)
        uk.ac.manchester.cs.owl.owlapi.OWLOntologyManagerImpl.loadOntology(OWLOntologyManagerImpl.java:955)
        uk.ac.manchester.cs.owl.owlapi.OWLOntologyManagerImpl.loadImports(OWLOntologyManagerImpl.java:1663)


--------------------------------------------------------------------------------
Parser: org.semanticweb.owlapi.rio.RioParserImpl : org.semanticweb.owlapi.formats.RDFaDocumentFormatFactory@264e8d
    Stack trace:
org.eclipse.rdf4j.rio.UnsupportedRDFormatException: Did not recognise RDF format object RDFa (mimeTypes=application/xhtml+xml, application/html, text/html; ext=xhtml, html)        org.semanticweb.owlapi.rio.RioParserImpl.parse(RioParserImpl.java:148)
        uk.ac.manchester.cs.owl.owlapi.OWLOntologyFactoryImpl.loadOWLOntology(OWLOntologyFactoryImpl.java:195)
        uk.ac.manchester.cs.owl.owlapi.OWLOntologyManagerImpl.load(OWLOntologyManagerImpl.java:1105)
        uk.ac.manchester.cs.owl.owlapi.OWLOntologyManagerImpl.loadOntology(OWLOntologyManagerImpl.java:1055)
        uk.ac.manchester.cs.owl.owlapi.OWLOntologyManagerImpl.loadOntology(OWLOntologyManagerImpl.java:955)
        uk.ac.manchester.cs.owl.owlapi.OWLOntologyManagerImpl.loadImports(OWLOntologyManagerImpl.java:1663)
        uk.ac.manchester.cs.owl.owlapi.OWLOntologyManagerImpl.makeLoadImportRequest(OWLOntologyManagerImpl.java:1703)
        org.semanticweb.owlapi.rdf.rdfxml.parser.TripleHandlers$TPImportsHandler.handleTriple(TripleHandlers.java:1555)
        org.semanticweb.owlapi.rdf.rdfxml.parser.TripleHandlers$HandlerAccessor.handleStreaming(TripleHandlers.java:369)
        org.semanticweb.owlapi.rdf.rdfxml.parser.OWLRDFConsumer.statementWithResourceValue(OWLRDFConsumer.java:1563)
Did not recognise RDF format object RDFa (mimeTypes=application/xhtml+xml, application/html, text/html; ext=xhtml, html)        org.eclipse.rdf4j.rio.Rio.lambda$unsupportedFormat$0(Rio.java:761)
        java.base/java.util.Optional.orElseThrow(Optional.java:407)
        org.eclipse.rdf4j.rio.Rio.createParser(Rio.java:99)
        org.semanticweb.owlapi.rio.RioParserImpl.parseDocumentSource(RioParserImpl.java:173)
        org.semanticweb.owlapi.rio.RioParserImpl.parse(RioParserImpl.java:134)
        uk.ac.manchester.cs.owl.owlapi.OWLOntologyFactoryImpl.loadOWLOntology(OWLOntologyFactoryImpl.java:195)
        uk.ac.manchester.cs.owl.owlapi.OWLOntologyManagerImpl.load(OWLOntologyManagerImpl.java:1105)
        uk.ac.manchester.cs.owl.owlapi.OWLOntologyManagerImpl.loadOntology(OWLOntologyManagerImpl.java:1055)
        uk.ac.manchester.cs.owl.owlapi.OWLOntologyManagerImpl.loadOntology(OWLOntologyManagerImpl.java:955)
        uk.ac.manchester.cs.owl.owlapi.OWLOntologyManagerImpl.loadImports(OWLOntologyManagerImpl.java:1663)



	at org.springframework.beans.factory.support.SimpleInstantiationStrategy.instantiate(SimpleInstantiationStrategy.java:185)
	at org.springframework.beans.factory.support.ConstructorResolver.instantiate(ConstructorResolver.java:648)
	... 35 common frames omitted
Caused by: org.eclipse.rdf4j.repository.RepositoryException: org.semanticweb.owlapi.model.UnloadableImportException: Could not load imported ontology: <http://www.tcm-classics.org/fangji> Cause: Problem parsing file:/D:/work/Ontology/TraditionalChineseMedicineOntology/ontology/fangji.owl
Could not parse ontology.  Either a suitable parser could not be found, or parsing failed.  See parser logs below for explanation.
The following parsers were tried:
1) org.semanticweb.owlapi.rdf.rdfxml.parser.RDFXMLParser@2cd2c764
2) org.semanticweb.owlapi.owlxml.parser.OWLXMLParser@571c7572
3) org.semanticweb.owlapi.functional.parser.OWLFunctionalSyntaxOWLParser@c6a3f47
4) org.semanticweb.owlapi.rio.RioParserImpl : org.semanticweb.owlapi.formats.RioTurtleDocumentFormatFactory@95fd655c
5) org.semanticweb.owlapi.manchestersyntax.parser.ManchesterOWLSyntaxOntologyParser@59bbf82e
6) org.semanticweb.owlapi.rio.RioParserImpl : org.semanticweb.owlapi.formats.NQuadsDocumentFormatFactory@6f9c39ad
7) org.semanticweb.owlapi.rio.RioParserImpl : org.semanticweb.owlapi.formats.NTriplesDocumentFormatFactory@937ecd36
8) org.semanticweb.owlapi.rio.RioParserImpl : org.semanticweb.owlapi.formats.RDFJsonDocumentFormatFactory@cd748dc3
9) org.semanticweb.owlapi.rio.RioParserImpl : org.semanticweb.owlapi.formats.TrigDocumentFormatFactory@27e81c
10) org.semanticweb.owlapi.rio.RioParserImpl : org.semanticweb.owlapi.formats.RDFJsonLDDocumentFormatFactory@dcacc47d
11) org.semanticweb.owlapi.rio.RioParserImpl : org.semanticweb.owlapi.formats.N3DocumentFormatFactory@9a5
12) org.semanticweb.owlapi.rio.RioParserImpl : org.semanticweb.owlapi.formats.RioRDFXMLDocumentFormatFactory@69b9a3bc
13) org.semanticweb.owlapi.rdf.turtle.parser.TurtleOntologyParser@7c0a6f62
14) org.semanticweb.owlapi.oboformat.OBOFormatOWLAPIParser@6b170692
15) org.semanticweb.owlapi.dlsyntax.parser.DLSyntaxOWLParser@4603c412
16) org.semanticweb.owlapi.rio.RioParserImpl : org.semanticweb.owlapi.formats.BinaryRDFDocumentFormatFactory@3bf24493
17) org.semanticweb.owlapi.krss2.parser.KRSS2OWLParser@341df373
18) org.semanticweb.owlapi.rio.RioParserImpl : org.semanticweb.owlapi.formats.HDTRDFDocumentFormatFactory@116d8
19) org.semanticweb.owlapi.rio.RioParserImpl : org.semanticweb.owlapi.formats.RDFaDocumentFormatFactory@264e8d


Detailed logs:
--------------------------------------------------------------------------------
Parser: org.semanticweb.owlapi.rdf.rdfxml.parser.RDFXMLParser@2cd2c764
    Stack trace:
org.xml.sax.SAXParseException; systemId: file:/D:/work/Ontology/TraditionalChineseMedicineOntology/ontology/fangji.owl; lineNumber: 38; columnNumber: 12; 注释中不允许出现字符串 "--"。        org.semanticweb.owlapi.rdf.rdfxml.parser.RDFXMLParser.parse(RDFXMLParser.java:69)
        uk.ac.manchester.cs.owl.owlapi.OWLOntologyFactoryImpl.loadOWLOntology(OWLOntologyFactoryImpl.java:195)
        uk.ac.manchester.cs.owl.owlapi.OWLOntologyManagerImpl.load(OWLOntologyManagerImpl.java:1105)
        uk.ac.manchester.cs.owl.owlapi.OWLOntologyManagerImpl.loadOntology(OWLOntologyManagerImpl.java:1055)
        uk.ac.manchester.cs.owl.owlapi.OWLOntologyManagerImpl.loadOntology(OWLOntologyManagerImpl.java:955)
        uk.ac.manchester.cs.owl.owlapi.OWLOntologyManagerImpl.loadImports(OWLOntologyManagerImpl.java:1663)
        uk.ac.manchester.cs.owl.owlapi.OWLOntologyManagerImpl.makeLoadImportRequest(OWLOntologyManagerImpl.java:1703)
        org.semanticweb.owlapi.rdf.rdfxml.parser.TripleHandlers$TPImportsHandler.handleTriple(TripleHandlers.java:1555)
        org.semanticweb.owlapi.rdf.rdfxml.parser.TripleHandlers$HandlerAccessor.handleStreaming(TripleHandlers.java:369)
        org.semanticweb.owlapi.rdf.rdfxml.parser.OWLRDFConsumer.statementWithResourceValue(OWLRDFConsumer.java:1563)
注释中不允许出现字符串 "--"。        java.xml/com.sun.org.apache.xerces.internal.util.ErrorHandlerWrapper.createSAXParseException(ErrorHandlerWrapper.java:204)
        java.xml/com.sun.org.apache.xerces.internal.util.ErrorHandlerWrapper.fatalError(ErrorHandlerWrapper.java:178)
        java.xml/com.sun.org.apache.xerces.internal.impl.XMLErrorReporter.reportError(XMLErrorReporter.java:400)
        java.xml/com.sun.org.apache.xerces.internal.impl.XMLErrorReporter.reportError(XMLErrorReporter.java:327)
        java.xml/com.sun.org.apache.xerces.internal.impl.XMLScanner.reportFatalError(XMLScanner.java:1465)
        java.xml/com.sun.org.apache.xerces.internal.impl.XMLScanner.scanComment(XMLScanner.java:818)
        java.xml/com.sun.org.apache.xerces.internal.impl.XMLDocumentFragmentScannerImpl.scanComment(XMLDocumentFragmentScannerImpl.java:1088)
        java.xml/com.sun.org.apache.xerces.internal.impl.XMLDocumentFragmentScannerImpl$FragmentContentDriver.next(XMLDocumentFragmentScannerImpl.java:2924)
        java.xml/com.sun.org.apache.xerces.internal.impl.XMLDocumentScannerImpl.next(XMLDocumentScannerImpl.java:635)
        java.xml/com.sun.org.apache.xerces.internal.impl.XMLNSDocumentScannerImpl.next(XMLNSDocumentScannerImpl.java:113)


--------------------------------------------------------------------------------
Parser: org.semanticweb.owlapi.owlxml.parser.OWLXMLParser@571c7572
    Stack trace:
Attribute not found: IRI (Line 20)        org.semanticweb.owlapi.owlxml.parser.OWLEH.ensureAttributeNotNull(PARSER_OWLXMLVocabulary.java:597)
        org.semanticweb.owlapi.owlxml.parser.OWLEH.getIRIFromAttribute(PARSER_OWLXMLVocabulary.java:504)
        org.semanticweb.owlapi.owlxml.parser.OWLClassEH.attribute(PARSER_OWLXMLVocabulary.java:1008)
        org.semanticweb.owlapi.owlxml.parser.OWLXMLPH.startElement(OWLXMLPH.java:478)
        java.xml/com.sun.org.apache.xerces.internal.parsers.AbstractSAXParser.startElement(AbstractSAXParser.java:519)
        java.xml/com.sun.org.apache.xerces.internal.impl.XMLNSDocumentScannerImpl.scanStartElement(XMLNSDocumentScannerImpl.java:376)
        java.xml/com.sun.org.apache.xerces.internal.impl.XMLDocumentFragmentScannerImpl$FragmentContentDriver.next(XMLDocumentFragmentScannerImpl.java:2736)
        java.xml/com.sun.org.apache.xerces.internal.impl.XMLDocumentScannerImpl.next(XMLDocumentScannerImpl.java:635)
        java.xml/com.sun.org.apache.xerces.internal.impl.XMLNSDocumentScannerImpl.next(XMLNSDocumentScannerImpl.java:113)
        java.xml/com.sun.org.apache.xerces.internal.impl.XMLDocumentFragmentScannerImpl.scanDocument(XMLDocumentFragmentScannerImpl.java:551)


--------------------------------------------------------------------------------
Parser: org.semanticweb.owlapi.functional.parser.OWLFunctionalSyntaxOWLParser@c6a3f47
    Stack trace:
Encountered unexpected token: "<?xml version=\"1.0\" encoding=\"UTF-8\"?>" <FULLIRI>
    at line 1, column 1.

Was expecting one of:

    "Ontology"
    "Prefix"
 (Line 0)        org.semanticweb.owlapi.functional.parser.OWLFunctionalSyntaxOWLParser.parse(OWLFunctionalSyntaxOWLParser.java:49)
        uk.ac.manchester.cs.owl.owlapi.OWLOntologyFactoryImpl.loadOWLOntology(OWLOntologyFactoryImpl.java:195)
        uk.ac.manchester.cs.owl.owlapi.OWLOntologyManagerImpl.load(OWLOntologyManagerImpl.java:1105)
        uk.ac.manchester.cs.owl.owlapi.OWLOntologyManagerImpl.loadOntology(OWLOntologyManagerImpl.java:1055)
        uk.ac.manchester.cs.owl.owlapi.OWLOntologyManagerImpl.loadOntology(OWLOntologyManagerImpl.java:955)
        uk.ac.manchester.cs.owl.owlapi.OWLOntologyManagerImpl.loadImports(OWLOntologyManagerImpl.java:1663)
        uk.ac.manchester.cs.owl.owlapi.OWLOntologyManagerImpl.makeLoadImportRequest(OWLOntologyManagerImpl.java:1703)
        org.semanticweb.owlapi.rdf.rdfxml.parser.TripleHandlers$TPImportsHandler.handleTriple(TripleHandlers.java:1555)
        org.semanticweb.owlapi.rdf.rdfxml.parser.TripleHandlers$HandlerAccessor.handleStreaming(TripleHandlers.java:369)
        org.semanticweb.owlapi.rdf.rdfxml.parser.OWLRDFConsumer.statementWithResourceValue(OWLRDFConsumer.java:1563)
Encountered unexpected token: "<?xml version=\"1.0\" encoding=\"UTF-8\"?>" <FULLIRI>
    at line 1, column 1.

Was expecting one of:

    "Ontology"
    "Prefix"
        org.semanticweb.owlapi.functional.parser.OWLFunctionalSyntaxParser.generateParseException(OWLFunctionalSyntaxParser.java:2479)
        org.semanticweb.owlapi.functional.parser.OWLFunctionalSyntaxParser.jj_consume_token(OWLFunctionalSyntaxParser.java:2405)
        org.semanticweb.owlapi.functional.parser.OWLFunctionalSyntaxParser.Ontology(OWLFunctionalSyntaxParser.java:115)
        org.semanticweb.owlapi.functional.parser.OWLFunctionalSyntaxParser.parse(OWLFunctionalSyntaxParser.java:101)
        org.semanticweb.owlapi.functional.parser.OWLFunctionalSyntaxOWLParser.parse(OWLFunctionalSyntaxOWLParser.java:47)
        uk.ac.manchester.cs.owl.owlapi.OWLOntologyFactoryImpl.loadOWLOntology(OWLOntologyFactoryImpl.java:195)
        uk.ac.manchester.cs.owl.owlapi.OWLOntologyManagerImpl.load(OWLOntologyManagerImpl.java:1105)
        uk.ac.manchester.cs.owl.owlapi.OWLOntologyManagerImpl.loadOntology(OWLOntologyManagerImpl.java:1055)
        uk.ac.manchester.cs.owl.owlapi.OWLOntologyManagerImpl.loadOntology(OWLOntologyManagerImpl.java:955)
        uk.ac.manchester.cs.owl.owlapi.OWLOntologyManagerImpl.loadImports(OWLOntologyManagerImpl.java:1663)


--------------------------------------------------------------------------------
Parser: org.semanticweb.owlapi.rio.RioParserImpl : org.semanticweb.owlapi.formats.RioTurtleDocumentFormatFactory@95fd655c
    Stack trace:
org.eclipse.rdf4j.rio.RDFParseException: Expected '.', found '<' [line 5]        org.semanticweb.owlapi.rio.RioParserImpl.parse(RioParserImpl.java:148)
        uk.ac.manchester.cs.owl.owlapi.OWLOntologyFactoryImpl.loadOWLOntology(OWLOntologyFactoryImpl.java:195)
        uk.ac.manchester.cs.owl.owlapi.OWLOntologyManagerImpl.load(OWLOntologyManagerImpl.java:1105)
        uk.ac.manchester.cs.owl.owlapi.OWLOntologyManagerImpl.loadOntology(OWLOntologyManagerImpl.java:1055)
        uk.ac.manchester.cs.owl.owlapi.OWLOntologyManagerImpl.loadOntology(OWLOntologyManagerImpl.java:955)
        uk.ac.manchester.cs.owl.owlapi.OWLOntologyManagerImpl.loadImports(OWLOntologyManagerImpl.java:1663)
        uk.ac.manchester.cs.owl.owlapi.OWLOntologyManagerImpl.makeLoadImportRequest(OWLOntologyManagerImpl.java:1703)
        org.semanticweb.owlapi.rdf.rdfxml.parser.TripleHandlers$TPImportsHandler.handleTriple(TripleHandlers.java:1555)
        org.semanticweb.owlapi.rdf.rdfxml.parser.TripleHandlers$HandlerAccessor.handleStreaming(TripleHandlers.java:369)
        org.semanticweb.owlapi.rdf.rdfxml.parser.OWLRDFConsumer.statementWithResourceValue(OWLRDFConsumer.java:1563)
Expected '.', found '<' [line 5]        org.eclipse.rdf4j.rio.helpers.RDFParserHelper.reportFatalError(RDFParserHelper.java:347)
        org.eclipse.rdf4j.rio.helpers.AbstractRDFParser.reportFatalError(AbstractRDFParser.java:698)
        org.eclipse.rdf4j.rio.turtle.TurtleParser.reportFatalError(TurtleParser.java:1309)
        org.eclipse.rdf4j.rio.turtle.TurtleParser.verifyCharacterOrFail(TurtleParser.java:1154)
        org.eclipse.rdf4j.rio.turtle.TurtleParser.parseStatement(TurtleParser.java:205)
        org.eclipse.rdf4j.rio.turtle.TurtleParser.parse(TurtleParser.java:165)
        org.semanticweb.owlapi.rio.RioParserImpl.parseDocumentSource(RioParserImpl.java:186)
        org.semanticweb.owlapi.rio.RioParserImpl.parse(RioParserImpl.java:134)
        uk.ac.manchester.cs.owl.owlapi.OWLOntologyFactoryImpl.loadOWLOntology(OWLOntologyFactoryImpl.java:195)
        uk.ac.manchester.cs.owl.owlapi.OWLOntologyManagerImpl.load(OWLOntologyManagerImpl.java:1105)


--------------------------------------------------------------------------------
Parser: org.semanticweb.owlapi.manchestersyntax.parser.ManchesterOWLSyntaxOntologyParser@59bbf82e
    Stack trace:
Encountered '<?xml version="1.0" encoding="UTF-8"?>' at line 1 column 1.  Expected either 'Ontology:' or 'Prefix:' (Line 1)        org.semanticweb.owlapi.manchestersyntax.parser.ManchesterOWLSyntaxOntologyParser.parse(ManchesterOWLSyntaxOntologyParser.java:81)
        uk.ac.manchester.cs.owl.owlapi.OWLOntologyFactoryImpl.loadOWLOntology(OWLOntologyFactoryImpl.java:195)
        uk.ac.manchester.cs.owl.owlapi.OWLOntologyManagerImpl.load(OWLOntologyManagerImpl.java:1105)
        uk.ac.manchester.cs.owl.owlapi.OWLOntologyManagerImpl.loadOntology(OWLOntologyManagerImpl.java:1055)
        uk.ac.manchester.cs.owl.owlapi.OWLOntologyManagerImpl.loadOntology(OWLOntologyManagerImpl.java:955)
        uk.ac.manchester.cs.owl.owlapi.OWLOntologyManagerImpl.loadImports(OWLOntologyManagerImpl.java:1663)
        uk.ac.manchester.cs.owl.owlapi.OWLOntologyManagerImpl.makeLoadImportRequest(OWLOntologyManagerImpl.java:1703)
        org.semanticweb.owlapi.rdf.rdfxml.parser.TripleHandlers$TPImportsHandler.handleTriple(TripleHandlers.java:1555)
        org.semanticweb.owlapi.rdf.rdfxml.parser.TripleHandlers$HandlerAccessor.handleStreaming(TripleHandlers.java:369)
        org.semanticweb.owlapi.rdf.rdfxml.parser.OWLRDFConsumer.statementWithResourceValue(OWLRDFConsumer.java:1563)


--------------------------------------------------------------------------------
Parser: org.semanticweb.owlapi.rio.RioParserImpl : org.semanticweb.owlapi.formats.NQuadsDocumentFormatFactory@6f9c39ad
    Stack trace:
org.eclipse.rdf4j.rio.RDFParseException: Not a valid (absolute) IRI: ?xml version="1.0" encoding="UTF-8"? [line 1]        org.semanticweb.owlapi.rio.RioParserImpl.parse(RioParserImpl.java:148)
        uk.ac.manchester.cs.owl.owlapi.OWLOntologyFactoryImpl.loadOWLOntology(OWLOntologyFactoryImpl.java:195)
        uk.ac.manchester.cs.owl.owlapi.OWLOntologyManagerImpl.load(OWLOntologyManagerImpl.java:1105)
        uk.ac.manchester.cs.owl.owlapi.OWLOntologyManagerImpl.loadOntology(OWLOntologyManagerImpl.java:1055)
        uk.ac.manchester.cs.owl.owlapi.OWLOntologyManagerImpl.loadOntology(OWLOntologyManagerImpl.java:955)
        uk.ac.manchester.cs.owl.owlapi.OWLOntologyManagerImpl.loadImports(OWLOntologyManagerImpl.java:1663)
        uk.ac.manchester.cs.owl.owlapi.OWLOntologyManagerImpl.makeLoadImportRequest(OWLOntologyManagerImpl.java:1703)
        org.semanticweb.owlapi.rdf.rdfxml.parser.TripleHandlers$TPImportsHandler.handleTriple(TripleHandlers.java:1555)
        org.semanticweb.owlapi.rdf.rdfxml.parser.TripleHandlers$HandlerAccessor.handleStreaming(TripleHandlers.java:369)
        org.semanticweb.owlapi.rdf.rdfxml.parser.OWLRDFConsumer.statementWithResourceValue(OWLRDFConsumer.java:1563)
Not a valid (absolute) IRI: ?xml version="1.0" encoding="UTF-8"? [line 1]        org.eclipse.rdf4j.rio.helpers.RDFParserHelper.reportFatalError(RDFParserHelper.java:380)
        org.eclipse.rdf4j.rio.helpers.AbstractRDFParser.reportFatalError(AbstractRDFParser.java:723)
        org.eclipse.rdf4j.rio.ntriples.NTriplesParser.reportFatalError(NTriplesParser.java:468)
        org.eclipse.rdf4j.rio.helpers.AbstractRDFParser.createURI(AbstractRDFParser.java:360)
        org.eclipse.rdf4j.rio.ntriples.NTriplesParser.createURI(NTriplesParser.java:431)
        org.eclipse.rdf4j.rio.ntriples.NTriplesParser.parseIRI(NTriplesParser.java:260)
        org.eclipse.rdf4j.rio.ntriples.NTriplesParser.parseSubject(NTriplesParser.java:187)
        org.eclipse.rdf4j.rio.nquads.NQuadsParser.parseStatement(NQuadsParser.java:51)
        org.eclipse.rdf4j.rio.ntriples.NTriplesParser.parse(NTriplesParser.java:119)
        org.semanticweb.owlapi.rio.RioParserImpl.parseDocumentSource(RioParserImpl.java:186)
Not a valid (absolute) IRI: ?xml version="1.0" encoding="UTF-8"?        org.eclipse.rdf4j.model.impl.SimpleIRI.setIRIString(SimpleIRI.java:96)
        org.eclipse.rdf4j.model.impl.SimpleIRI.<init>(SimpleIRI.java:67)
        org.eclipse.rdf4j.model.impl.SimpleValueFactory.createIRI(SimpleValueFactory.java:83)
        org.eclipse.rdf4j.rio.helpers.RDFStarDecodingValueFactory.createIRI(RDFStarDecodingValueFactory.java:46)
        org.eclipse.rdf4j.rio.helpers.AbstractRDFParser.createURI(AbstractRDFParser.java:358)
        org.eclipse.rdf4j.rio.ntriples.NTriplesParser.createURI(NTriplesParser.java:431)
        org.eclipse.rdf4j.rio.ntriples.NTriplesParser.parseIRI(NTriplesParser.java:260)
        org.eclipse.rdf4j.rio.ntriples.NTriplesParser.parseSubject(NTriplesParser.java:187)
        org.eclipse.rdf4j.rio.nquads.NQuadsParser.parseStatement(NQuadsParser.java:51)
        org.eclipse.rdf4j.rio.ntriples.NTriplesParser.parse(NTriplesParser.java:119)


--------------------------------------------------------------------------------
Parser: org.semanticweb.owlapi.rio.RioParserImpl : org.semanticweb.owlapi.formats.NTriplesDocumentFormatFactory@937ecd36
    Stack trace:
org.eclipse.rdf4j.rio.RDFParseException: Not a valid (absolute) IRI: ?xml version="1.0" encoding="UTF-8"? [line 1]        org.semanticweb.owlapi.rio.RioParserImpl.parse(RioParserImpl.java:148)
        uk.ac.manchester.cs.owl.owlapi.OWLOntologyFactoryImpl.loadOWLOntology(OWLOntologyFactoryImpl.java:195)
        uk.ac.manchester.cs.owl.owlapi.OWLOntologyManagerImpl.load(OWLOntologyManagerImpl.java:1105)
        uk.ac.manchester.cs.owl.owlapi.OWLOntologyManagerImpl.loadOntology(OWLOntologyManagerImpl.java:1055)
        uk.ac.manchester.cs.owl.owlapi.OWLOntologyManagerImpl.loadOntology(OWLOntologyManagerImpl.java:955)
        uk.ac.manchester.cs.owl.owlapi.OWLOntologyManagerImpl.loadImports(OWLOntologyManagerImpl.java:1663)
        uk.ac.manchester.cs.owl.owlapi.OWLOntologyManagerImpl.makeLoadImportRequest(OWLOntologyManagerImpl.java:1703)
        org.semanticweb.owlapi.rdf.rdfxml.parser.TripleHandlers$TPImportsHandler.handleTriple(TripleHandlers.java:1555)
        org.semanticweb.owlapi.rdf.rdfxml.parser.TripleHandlers$HandlerAccessor.handleStreaming(TripleHandlers.java:369)
        org.semanticweb.owlapi.rdf.rdfxml.parser.OWLRDFConsumer.statementWithResourceValue(OWLRDFConsumer.java:1563)
Not a valid (absolute) IRI: ?xml version="1.0" encoding="UTF-8"? [line 1]        org.eclipse.rdf4j.rio.helpers.RDFParserHelper.reportFatalError(RDFParserHelper.java:380)
        org.eclipse.rdf4j.rio.helpers.AbstractRDFParser.reportFatalError(AbstractRDFParser.java:723)
        org.eclipse.rdf4j.rio.ntriples.NTriplesParser.reportFatalError(NTriplesParser.java:468)
        org.eclipse.rdf4j.rio.helpers.AbstractRDFParser.createURI(AbstractRDFParser.java:360)
        org.eclipse.rdf4j.rio.ntriples.NTriplesParser.createURI(NTriplesParser.java:431)
        org.eclipse.rdf4j.rio.ntriples.NTriplesParser.parseIRI(NTriplesParser.java:260)
        org.eclipse.rdf4j.rio.ntriples.NTriplesParser.parseSubject(NTriplesParser.java:187)
        org.eclipse.rdf4j.rio.ntriples.NTriplesParser.parseStatement(NTriplesParser.java:137)
        org.eclipse.rdf4j.rio.ntriples.NTriplesParser.parse(NTriplesParser.java:119)
        org.semanticweb.owlapi.rio.RioParserImpl.parseDocumentSource(RioParserImpl.java:186)
Not a valid (absolute) IRI: ?xml version="1.0" encoding="UTF-8"?        org.eclipse.rdf4j.model.impl.SimpleIRI.setIRIString(SimpleIRI.java:96)
        org.eclipse.rdf4j.model.impl.SimpleIRI.<init>(SimpleIRI.java:67)
        org.eclipse.rdf4j.model.impl.SimpleValueFactory.createIRI(SimpleValueFactory.java:83)
        org.eclipse.rdf4j.rio.helpers.RDFStarDecodingValueFactory.createIRI(RDFStarDecodingValueFactory.java:46)
        org.eclipse.rdf4j.rio.helpers.AbstractRDFParser.createURI(AbstractRDFParser.java:358)
        org.eclipse.rdf4j.rio.ntriples.NTriplesParser.createURI(NTriplesParser.java:431)
        org.eclipse.rdf4j.rio.ntriples.NTriplesParser.parseIRI(NTriplesParser.java:260)
        org.eclipse.rdf4j.rio.ntriples.NTriplesParser.parseSubject(NTriplesParser.java:187)
        org.eclipse.rdf4j.rio.ntriples.NTriplesParser.parseStatement(NTriplesParser.java:137)
        org.eclipse.rdf4j.rio.ntriples.NTriplesParser.parse(NTriplesParser.java:119)


--------------------------------------------------------------------------------
Parser: org.semanticweb.owlapi.rio.RioParserImpl : org.semanticweb.owlapi.formats.RDFJsonDocumentFormatFactory@cd748dc3
    Stack trace:
org.eclipse.rdf4j.rio.RDFParseException: Found IOException during parsing [line 1, column 2]        org.semanticweb.owlapi.rio.RioParserImpl.parse(RioParserImpl.java:148)
        uk.ac.manchester.cs.owl.owlapi.OWLOntologyFactoryImpl.loadOWLOntology(OWLOntologyFactoryImpl.java:195)
        uk.ac.manchester.cs.owl.owlapi.OWLOntologyManagerImpl.load(OWLOntologyManagerImpl.java:1105)
        uk.ac.manchester.cs.owl.owlapi.OWLOntologyManagerImpl.loadOntology(OWLOntologyManagerImpl.java:1055)
        uk.ac.manchester.cs.owl.owlapi.OWLOntologyManagerImpl.loadOntology(OWLOntologyManagerImpl.java:955)
        uk.ac.manchester.cs.owl.owlapi.OWLOntologyManagerImpl.loadImports(OWLOntologyManagerImpl.java:1663)
        uk.ac.manchester.cs.owl.owlapi.OWLOntologyManagerImpl.makeLoadImportRequest(OWLOntologyManagerImpl.java:1703)
        org.semanticweb.owlapi.rdf.rdfxml.parser.TripleHandlers$TPImportsHandler.handleTriple(TripleHandlers.java:1555)
        org.semanticweb.owlapi.rdf.rdfxml.parser.TripleHandlers$HandlerAccessor.handleStreaming(TripleHandlers.java:369)
        org.semanticweb.owlapi.rdf.rdfxml.parser.OWLRDFConsumer.statementWithResourceValue(OWLRDFConsumer.java:1563)
Found IOException during parsing [line 1, column 2]        org.eclipse.rdf4j.rio.helpers.RDFParserHelper.reportFatalError(RDFParserHelper.java:400)
        org.eclipse.rdf4j.rio.helpers.AbstractRDFParser.reportFatalError(AbstractRDFParser.java:734)
        org.eclipse.rdf4j.rio.rdfjson.RDFJSONParser.reportFatalError(RDFJSONParser.java:138)
        org.eclipse.rdf4j.rio.rdfjson.RDFJSONParser.parse(RDFJSONParser.java:161)
        org.semanticweb.owlapi.rio.RioParserImpl.parseDocumentSource(RioParserImpl.java:186)
        org.semanticweb.owlapi.rio.RioParserImpl.parse(RioParserImpl.java:134)
        uk.ac.manchester.cs.owl.owlapi.OWLOntologyFactoryImpl.loadOWLOntology(OWLOntologyFactoryImpl.java:195)
        uk.ac.manchester.cs.owl.owlapi.OWLOntologyManagerImpl.load(OWLOntologyManagerImpl.java:1105)
        uk.ac.manchester.cs.owl.owlapi.OWLOntologyManagerImpl.loadOntology(OWLOntologyManagerImpl.java:1055)
        uk.ac.manchester.cs.owl.owlapi.OWLOntologyManagerImpl.loadOntology(OWLOntologyManagerImpl.java:955)
Unexpected character ('<' (code 60)): expected a valid value (JSON String, Number, Array, Object or token 'null', 'true' or 'false')
 at [Source: (BufferedReader); line: 1, column: 2]        com.fasterxml.jackson.core.JsonParser._constructError(JsonParser.java:2477)
        com.fasterxml.jackson.core.base.ParserMinimalBase._reportError(ParserMinimalBase.java:750)
        com.fasterxml.jackson.core.base.ParserMinimalBase._reportUnexpectedChar(ParserMinimalBase.java:674)
        com.fasterxml.jackson.core.json.ReaderBasedJsonParser._handleOddValue(ReaderBasedJsonParser.java:2085)
        com.fasterxml.jackson.core.json.ReaderBasedJsonParser.nextToken(ReaderBasedJsonParser.java:808)
        org.eclipse.rdf4j.rio.rdfjson.RDFJSONParser.rdfJsonToHandlerInternal(RDFJSONParser.java:182)
        org.eclipse.rdf4j.rio.rdfjson.RDFJSONParser.parse(RDFJSONParser.java:158)
        org.semanticweb.owlapi.rio.RioParserImpl.parseDocumentSource(RioParserImpl.java:186)
        org.semanticweb.owlapi.rio.RioParserImpl.parse(RioParserImpl.java:134)
        uk.ac.manchester.cs.owl.owlapi.OWLOntologyFactoryImpl.loadOWLOntology(OWLOntologyFactoryImpl.java:195)


--------------------------------------------------------------------------------
Parser: org.semanticweb.owlapi.rio.RioParserImpl : org.semanticweb.owlapi.formats.TrigDocumentFormatFactory@27e81c
    Stack trace:
org.eclipse.rdf4j.rio.RDFParseException: Expected an RDF value here, found '=' [line 5]        org.semanticweb.owlapi.rio.RioParserImpl.parse(RioParserImpl.java:148)
        uk.ac.manchester.cs.owl.owlapi.OWLOntologyFactoryImpl.loadOWLOntology(OWLOntologyFactoryImpl.java:195)
        uk.ac.manchester.cs.owl.owlapi.OWLOntologyManagerImpl.load(OWLOntologyManagerImpl.java:1105)
        uk.ac.manchester.cs.owl.owlapi.OWLOntologyManagerImpl.loadOntology(OWLOntologyManagerImpl.java:1055)
        uk.ac.manchester.cs.owl.owlapi.OWLOntologyManagerImpl.loadOntology(OWLOntologyManagerImpl.java:955)
        uk.ac.manchester.cs.owl.owlapi.OWLOntologyManagerImpl.loadImports(OWLOntologyManagerImpl.java:1663)
        uk.ac.manchester.cs.owl.owlapi.OWLOntologyManagerImpl.makeLoadImportRequest(OWLOntologyManagerImpl.java:1703)
        org.semanticweb.owlapi.rdf.rdfxml.parser.TripleHandlers$TPImportsHandler.handleTriple(TripleHandlers.java:1555)
        org.semanticweb.owlapi.rdf.rdfxml.parser.TripleHandlers$HandlerAccessor.handleStreaming(TripleHandlers.java:369)
        org.semanticweb.owlapi.rdf.rdfxml.parser.OWLRDFConsumer.statementWithResourceValue(OWLRDFConsumer.java:1563)
Expected an RDF value here, found '=' [line 5]        org.eclipse.rdf4j.rio.helpers.RDFParserHelper.reportFatalError(RDFParserHelper.java:347)
        org.eclipse.rdf4j.rio.helpers.AbstractRDFParser.reportFatalError(AbstractRDFParser.java:698)
        org.eclipse.rdf4j.rio.turtle.TurtleParser.reportFatalError(TurtleParser.java:1309)
        org.eclipse.rdf4j.rio.turtle.TurtleParser.parseValue(TurtleParser.java:588)
        org.eclipse.rdf4j.rio.turtle.TurtleParser.parseObject(TurtleParser.java:453)
        org.eclipse.rdf4j.rio.turtle.TurtleParser.parseObjectList(TurtleParser.java:375)
        org.eclipse.rdf4j.rio.turtle.TurtleParser.parsePredicateObjectList(TurtleParser.java:348)
        org.eclipse.rdf4j.rio.trig.TriGParser.parseGraph(TriGParser.java:192)
        org.eclipse.rdf4j.rio.trig.TriGParser.parseStatement(TriGParser.java:115)
        org.eclipse.rdf4j.rio.turtle.TurtleParser.parse(TurtleParser.java:165)


--------------------------------------------------------------------------------
Parser: org.semanticweb.owlapi.rio.RioParserImpl : org.semanticweb.owlapi.formats.RDFJsonLDDocumentFormatFactory@dcacc47d
    Stack trace:
org.eclipse.rdf4j.rio.RDFParseException: Could not parse JSONLD        org.semanticweb.owlapi.rio.RioParserImpl.parse(RioParserImpl.java:148)
        uk.ac.manchester.cs.owl.owlapi.OWLOntologyFactoryImpl.loadOWLOntology(OWLOntologyFactoryImpl.java:195)
        uk.ac.manchester.cs.owl.owlapi.OWLOntologyManagerImpl.load(OWLOntologyManagerImpl.java:1105)
        uk.ac.manchester.cs.owl.owlapi.OWLOntologyManagerImpl.loadOntology(OWLOntologyManagerImpl.java:1055)
        uk.ac.manchester.cs.owl.owlapi.OWLOntologyManagerImpl.loadOntology(OWLOntologyManagerImpl.java:955)
        uk.ac.manchester.cs.owl.owlapi.OWLOntologyManagerImpl.loadImports(OWLOntologyManagerImpl.java:1663)
        uk.ac.manchester.cs.owl.owlapi.OWLOntologyManagerImpl.makeLoadImportRequest(OWLOntologyManagerImpl.java:1703)
        org.semanticweb.owlapi.rdf.rdfxml.parser.TripleHandlers$TPImportsHandler.handleTriple(TripleHandlers.java:1555)
        org.semanticweb.owlapi.rdf.rdfxml.parser.TripleHandlers$HandlerAccessor.handleStreaming(TripleHandlers.java:369)
        org.semanticweb.owlapi.rdf.rdfxml.parser.OWLRDFConsumer.statementWithResourceValue(OWLRDFConsumer.java:1563)
Could not parse JSONLD        org.eclipse.rdf4j.rio.jsonld.JSONLDParser.parse(JSONLDParser.java:261)
        org.eclipse.rdf4j.rio.jsonld.JSONLDParser.parse(JSONLDParser.java:112)
        org.semanticweb.owlapi.rio.RioParserImpl.parseDocumentSource(RioParserImpl.java:186)
        org.semanticweb.owlapi.rio.RioParserImpl.parse(RioParserImpl.java:134)
        uk.ac.manchester.cs.owl.owlapi.OWLOntologyFactoryImpl.loadOWLOntology(OWLOntologyFactoryImpl.java:195)
        uk.ac.manchester.cs.owl.owlapi.OWLOntologyManagerImpl.load(OWLOntologyManagerImpl.java:1105)
        uk.ac.manchester.cs.owl.owlapi.OWLOntologyManagerImpl.loadOntology(OWLOntologyManagerImpl.java:1055)
        uk.ac.manchester.cs.owl.owlapi.OWLOntologyManagerImpl.loadOntology(OWLOntologyManagerImpl.java:955)
        uk.ac.manchester.cs.owl.owlapi.OWLOntologyManagerImpl.loadImports(OWLOntologyManagerImpl.java:1663)
        uk.ac.manchester.cs.owl.owlapi.OWLOntologyManagerImpl.makeLoadImportRequest(OWLOntologyManagerImpl.java:1703)
The document could not be loaded or parsed [code=LOADING_DOCUMENT_FAILED].        no.hasmac.jsonld.document.JsonDocument.of(JsonDocument.java:154)
        no.hasmac.jsonld.document.JsonDocument.of(JsonDocument.java:129)
        org.eclipse.rdf4j.rio.jsonld.JSONLDParser.getDocument(JSONLDParser.java:285)
        org.eclipse.rdf4j.rio.jsonld.JSONLDParser.parse(JSONLDParser.java:134)
        org.eclipse.rdf4j.rio.jsonld.JSONLDParser.parse(JSONLDParser.java:112)
        org.semanticweb.owlapi.rio.RioParserImpl.parseDocumentSource(RioParserImpl.java:186)
        org.semanticweb.owlapi.rio.RioParserImpl.parse(RioParserImpl.java:134)
        uk.ac.manchester.cs.owl.owlapi.OWLOntologyFactoryImpl.loadOWLOntology(OWLOntologyFactoryImpl.java:195)
        uk.ac.manchester.cs.owl.owlapi.OWLOntologyManagerImpl.load(OWLOntologyManagerImpl.java:1105)
        uk.ac.manchester.cs.owl.owlapi.OWLOntologyManagerImpl.loadOntology(OWLOntologyManagerImpl.java:1055)
Unexpected char 60 at (line no=1, column no=1, offset=0)        org.glassfish.json.JsonTokenizer.unexpectedChar(JsonTokenizer.java:577)
        org.glassfish.json.JsonTokenizer.nextToken(JsonTokenizer.java:394)
        org.glassfish.json.JsonParserImpl$NoneContext.getNextEvent(JsonParserImpl.java:419)
        org.glassfish.json.JsonParserImpl.next(JsonParserImpl.java:369)
        no.hasmac.jsonld.document.JsonDocument.doParse(JsonDocument.java:164)
        no.hasmac.jsonld.document.JsonDocument.of(JsonDocument.java:151)
        no.hasmac.jsonld.document.JsonDocument.of(JsonDocument.java:129)
        org.eclipse.rdf4j.rio.jsonld.JSONLDParser.getDocument(JSONLDParser.java:285)
        org.eclipse.rdf4j.rio.jsonld.JSONLDParser.parse(JSONLDParser.java:134)
        org.eclipse.rdf4j.rio.jsonld.JSONLDParser.parse(JSONLDParser.java:112)


--------------------------------------------------------------------------------
Parser: org.semanticweb.owlapi.rio.RioParserImpl : org.semanticweb.owlapi.formats.N3DocumentFormatFactory@9a5
    Stack trace:
org.eclipse.rdf4j.rio.RDFParseException: Expected '.', found '<' [line 5]        org.semanticweb.owlapi.rio.RioParserImpl.parse(RioParserImpl.java:148)
        uk.ac.manchester.cs.owl.owlapi.OWLOntologyFactoryImpl.loadOWLOntology(OWLOntologyFactoryImpl.java:195)
        uk.ac.manchester.cs.owl.owlapi.OWLOntologyManagerImpl.load(OWLOntologyManagerImpl.java:1105)
        uk.ac.manchester.cs.owl.owlapi.OWLOntologyManagerImpl.loadOntology(OWLOntologyManagerImpl.java:1055)
        uk.ac.manchester.cs.owl.owlapi.OWLOntologyManagerImpl.loadOntology(OWLOntologyManagerImpl.java:955)
        uk.ac.manchester.cs.owl.owlapi.OWLOntologyManagerImpl.loadImports(OWLOntologyManagerImpl.java:1663)
        uk.ac.manchester.cs.owl.owlapi.OWLOntologyManagerImpl.makeLoadImportRequest(OWLOntologyManagerImpl.java:1703)
        org.semanticweb.owlapi.rdf.rdfxml.parser.TripleHandlers$TPImportsHandler.handleTriple(TripleHandlers.java:1555)
        org.semanticweb.owlapi.rdf.rdfxml.parser.TripleHandlers$HandlerAccessor.handleStreaming(TripleHandlers.java:369)
        org.semanticweb.owlapi.rdf.rdfxml.parser.OWLRDFConsumer.statementWithResourceValue(OWLRDFConsumer.java:1563)
Expected '.', found '<' [line 5]        org.eclipse.rdf4j.rio.helpers.RDFParserHelper.reportFatalError(RDFParserHelper.java:347)
        org.eclipse.rdf4j.rio.helpers.AbstractRDFParser.reportFatalError(AbstractRDFParser.java:698)
        org.eclipse.rdf4j.rio.turtle.TurtleParser.reportFatalError(TurtleParser.java:1309)
        org.eclipse.rdf4j.rio.turtle.TurtleParser.verifyCharacterOrFail(TurtleParser.java:1154)
        org.eclipse.rdf4j.rio.turtle.TurtleParser.parseStatement(TurtleParser.java:205)
        org.eclipse.rdf4j.rio.turtle.TurtleParser.parse(TurtleParser.java:165)
        org.semanticweb.owlapi.rio.RioParserImpl.parseDocumentSource(RioParserImpl.java:186)
        org.semanticweb.owlapi.rio.RioParserImpl.parse(RioParserImpl.java:134)
        uk.ac.manchester.cs.owl.owlapi.OWLOntologyFactoryImpl.loadOWLOntology(OWLOntologyFactoryImpl.java:195)
        uk.ac.manchester.cs.owl.owlapi.OWLOntologyManagerImpl.load(OWLOntologyManagerImpl.java:1105)


--------------------------------------------------------------------------------
Parser: org.semanticweb.owlapi.rio.RioParserImpl : org.semanticweb.owlapi.formats.RioRDFXMLDocumentFormatFactory@69b9a3bc
    Stack trace:
org.eclipse.rdf4j.rio.RDFParseException: 注释中不允许出现字符串 "--"。 [line 38, column 12]        org.semanticweb.owlapi.rio.RioParserImpl.parse(RioParserImpl.java:148)
        uk.ac.manchester.cs.owl.owlapi.OWLOntologyFactoryImpl.loadOWLOntology(OWLOntologyFactoryImpl.java:195)
        uk.ac.manchester.cs.owl.owlapi.OWLOntologyManagerImpl.load(OWLOntologyManagerImpl.java:1105)
        uk.ac.manchester.cs.owl.owlapi.OWLOntologyManagerImpl.loadOntology(OWLOntologyManagerImpl.java:1055)
        uk.ac.manchester.cs.owl.owlapi.OWLOntologyManagerImpl.loadOntology(OWLOntologyManagerImpl.java:955)
        uk.ac.manchester.cs.owl.owlapi.OWLOntologyManagerImpl.loadImports(OWLOntologyManagerImpl.java:1663)
        uk.ac.manchester.cs.owl.owlapi.OWLOntologyManagerImpl.makeLoadImportRequest(OWLOntologyManagerImpl.java:1703)
        org.semanticweb.owlapi.rdf.rdfxml.parser.TripleHandlers$TPImportsHandler.handleTriple(TripleHandlers.java:1555)
        org.semanticweb.owlapi.rdf.rdfxml.parser.TripleHandlers$HandlerAccessor.handleStreaming(TripleHandlers.java:369)
        org.semanticweb.owlapi.rdf.rdfxml.parser.OWLRDFConsumer.statementWithResourceValue(OWLRDFConsumer.java:1563)
注释中不允许出现字符串 "--"。 [line 38, column 12]        org.eclipse.rdf4j.rio.helpers.RDFParserHelper.reportFatalError(RDFParserHelper.java:380)
        org.eclipse.rdf4j.rio.helpers.AbstractRDFParser.reportFatalError(AbstractRDFParser.java:723)
        org.eclipse.rdf4j.rio.rdfxml.RDFXMLParser.reportFatalError(RDFXMLParser.java:1022)
        org.eclipse.rdf4j.rio.rdfxml.RDFXMLParser.fatalError(RDFXMLParser.java:1159)
        java.xml/com.sun.org.apache.xerces.internal.util.ErrorHandlerWrapper.fatalError(ErrorHandlerWrapper.java:181)
        java.xml/com.sun.org.apache.xerces.internal.impl.XMLErrorReporter.reportError(XMLErrorReporter.java:400)
        java.xml/com.sun.org.apache.xerces.internal.impl.XMLErrorReporter.reportError(XMLErrorReporter.java:327)
        java.xml/com.sun.org.apache.xerces.internal.impl.XMLScanner.reportFatalError(XMLScanner.java:1465)
        java.xml/com.sun.org.apache.xerces.internal.impl.XMLScanner.scanComment(XMLScanner.java:818)
        java.xml/com.sun.org.apache.xerces.internal.impl.XMLDocumentFragmentScannerImpl.scanComment(XMLDocumentFragmentScannerImpl.java:1088)
注释中不允许出现字符串 "--"。        java.xml/com.sun.org.apache.xerces.internal.util.ErrorHandlerWrapper.createSAXParseException(ErrorHandlerWrapper.java:204)
        java.xml/com.sun.org.apache.xerces.internal.util.ErrorHandlerWrapper.fatalError(ErrorHandlerWrapper.java:178)
        java.xml/com.sun.org.apache.xerces.internal.impl.XMLErrorReporter.reportError(XMLErrorReporter.java:400)
        java.xml/com.sun.org.apache.xerces.internal.impl.XMLErrorReporter.reportError(XMLErrorReporter.java:327)
        java.xml/com.sun.org.apache.xerces.internal.impl.XMLScanner.reportFatalError(XMLScanner.java:1465)
        java.xml/com.sun.org.apache.xerces.internal.impl.XMLScanner.scanComment(XMLScanner.java:818)
        java.xml/com.sun.org.apache.xerces.internal.impl.XMLDocumentFragmentScannerImpl.scanComment(XMLDocumentFragmentScannerImpl.java:1088)
        java.xml/com.sun.org.apache.xerces.internal.impl.XMLDocumentFragmentScannerImpl$FragmentContentDriver.next(XMLDocumentFragmentScannerImpl.java:2924)
        java.xml/com.sun.org.apache.xerces.internal.impl.XMLDocumentScannerImpl.next(XMLDocumentScannerImpl.java:635)
        java.xml/com.sun.org.apache.xerces.internal.impl.XMLNSDocumentScannerImpl.next(XMLNSDocumentScannerImpl.java:113)


--------------------------------------------------------------------------------
Parser: org.semanticweb.owlapi.rdf.turtle.parser.TurtleOntologyParser@7c0a6f62
    Stack trace:
org.semanticweb.owlapi.rdf.turtle.parser.ParseException: Encountered unexpected token: "<" <ERROR>
    at line 1, column 1.

Was expecting one of:

    "("
    "@base"
    "@prefix"
    "["
    <EMPTY_BLANK_NODE>
    <FULLIRI>
    <NODEID>
    <PNAME_LN>
    <PNAME_NS>
        org.semanticweb.owlapi.rdf.turtle.parser.TurtleOntologyParser.parse(TurtleOntologyParser.java:58)
        uk.ac.manchester.cs.owl.owlapi.OWLOntologyFactoryImpl.loadOWLOntology(OWLOntologyFactoryImpl.java:195)
        uk.ac.manchester.cs.owl.owlapi.OWLOntologyManagerImpl.load(OWLOntologyManagerImpl.java:1105)
        uk.ac.manchester.cs.owl.owlapi.OWLOntologyManagerImpl.loadOntology(OWLOntologyManagerImpl.java:1055)
        uk.ac.manchester.cs.owl.owlapi.OWLOntologyManagerImpl.loadOntology(OWLOntologyManagerImpl.java:955)
        uk.ac.manchester.cs.owl.owlapi.OWLOntologyManagerImpl.loadImports(OWLOntologyManagerImpl.java:1663)
        uk.ac.manchester.cs.owl.owlapi.OWLOntologyManagerImpl.makeLoadImportRequest(OWLOntologyManagerImpl.java:1703)
        org.semanticweb.owlapi.rdf.rdfxml.parser.TripleHandlers$TPImportsHandler.handleTriple(TripleHandlers.java:1555)
        org.semanticweb.owlapi.rdf.rdfxml.parser.TripleHandlers$HandlerAccessor.handleStreaming(TripleHandlers.java:369)
        org.semanticweb.owlapi.rdf.rdfxml.parser.OWLRDFConsumer.statementWithResourceValue(OWLRDFConsumer.java:1563)
Encountered unexpected token: "<" <ERROR>
    at line 1, column 1.

Was expecting one of:

    "("
    "@base"
    "@prefix"
    "["
    <EMPTY_BLANK_NODE>
    <FULLIRI>
    <NODEID>
    <PNAME_LN>
    <PNAME_NS>
        org.semanticweb.owlapi.rdf.turtle.parser.TurtleParser.generateParseException(TurtleParser.java:1034)
        org.semanticweb.owlapi.rdf.turtle.parser.TurtleParser.jj_consume_token(TurtleParser.java:902)
        org.semanticweb.owlapi.rdf.turtle.parser.TurtleParser.parseDocument(TurtleParser.java:165)
        org.semanticweb.owlapi.rdf.turtle.parser.TurtleOntologyParser.parse(TurtleOntologyParser.java:54)
        uk.ac.manchester.cs.owl.owlapi.OWLOntologyFactoryImpl.loadOWLOntology(OWLOntologyFactoryImpl.java:195)
        uk.ac.manchester.cs.owl.owlapi.OWLOntologyManagerImpl.load(OWLOntologyManagerImpl.java:1105)
        uk.ac.manchester.cs.owl.owlapi.OWLOntologyManagerImpl.loadOntology(OWLOntologyManagerImpl.java:1055)
        uk.ac.manchester.cs.owl.owlapi.OWLOntologyManagerImpl.loadOntology(OWLOntologyManagerImpl.java:955)
        uk.ac.manchester.cs.owl.owlapi.OWLOntologyManagerImpl.loadImports(OWLOntologyManagerImpl.java:1663)
        uk.ac.manchester.cs.owl.owlapi.OWLOntologyManagerImpl.makeLoadImportRequest(OWLOntologyManagerImpl.java:1703)


--------------------------------------------------------------------------------
Parser: org.semanticweb.owlapi.oboformat.OBOFormatOWLAPIParser@6b170692
    Stack trace:
LINENO: 1 - Could not find tag separator ':' in line.
LINE: <?xml version="1.0" encoding="UTF-8"?>        org.semanticweb.owlapi.oboformat.OBOFormatOWLAPIParser.parse(OBOFormatOWLAPIParser.java:50)
        uk.ac.manchester.cs.owl.owlapi.OWLOntologyFactoryImpl.loadOWLOntology(OWLOntologyFactoryImpl.java:195)
        uk.ac.manchester.cs.owl.owlapi.OWLOntologyManagerImpl.load(OWLOntologyManagerImpl.java:1105)
        uk.ac.manchester.cs.owl.owlapi.OWLOntologyManagerImpl.loadOntology(OWLOntologyManagerImpl.java:1055)
        uk.ac.manchester.cs.owl.owlapi.OWLOntologyManagerImpl.loadOntology(OWLOntologyManagerImpl.java:955)
        uk.ac.manchester.cs.owl.owlapi.OWLOntologyManagerImpl.loadImports(OWLOntologyManagerImpl.java:1663)
        uk.ac.manchester.cs.owl.owlapi.OWLOntologyManagerImpl.makeLoadImportRequest(OWLOntologyManagerImpl.java:1703)
        org.semanticweb.owlapi.rdf.rdfxml.parser.TripleHandlers$TPImportsHandler.handleTriple(TripleHandlers.java:1555)
        org.semanticweb.owlapi.rdf.rdfxml.parser.TripleHandlers$HandlerAccessor.handleStreaming(TripleHandlers.java:369)
        org.semanticweb.owlapi.rdf.rdfxml.parser.OWLRDFConsumer.statementWithResourceValue(OWLRDFConsumer.java:1563)
LINENO: 1 - Could not find tag separator ':' in line.
LINE: <?xml version="1.0" encoding="UTF-8"?>        org.obolibrary.oboformat.parser.OBOFormatParser.error(OBOFormatParser.java:1317)
        org.obolibrary.oboformat.parser.OBOFormatParser.getParseTag(OBOFormatParser.java:731)
        org.obolibrary.oboformat.parser.OBOFormatParser.parseHeaderClause(OBOFormatParser.java:409)
        org.obolibrary.oboformat.parser.OBOFormatParser.parseHeaderClauseNl(OBOFormatParser.java:402)
        org.obolibrary.oboformat.parser.OBOFormatParser.parseHeaderFrame(OBOFormatParser.java:385)
        org.obolibrary.oboformat.parser.OBOFormatParser.parseOBODoc(OBOFormatParser.java:268)
        org.obolibrary.oboformat.parser.OBOFormatParser.parse(OBOFormatParser.java:237)
        org.semanticweb.owlapi.oboformat.OBOFormatOWLAPIParser.parse(OBOFormatOWLAPIParser.java:44)
        uk.ac.manchester.cs.owl.owlapi.OWLOntologyFactoryImpl.loadOWLOntology(OWLOntologyFactoryImpl.java:195)
        uk.ac.manchester.cs.owl.owlapi.OWLOntologyManagerImpl.load(OWLOntologyManagerImpl.java:1105)


--------------------------------------------------------------------------------
Parser: org.semanticweb.owlapi.dlsyntax.parser.DLSyntaxOWLParser@4603c412
    Stack trace:
Encountered unexpected token: "<" <MAX>
    at line 1, column 1.

Was expecting one of:

    ":"
    "\n"
        org.semanticweb.owlapi.dlsyntax.parser.DLSyntaxOWLParser.parse(DLSyntaxOWLParser.java:52)
        uk.ac.manchester.cs.owl.owlapi.OWLOntologyFactoryImpl.loadOWLOntology(OWLOntologyFactoryImpl.java:195)
        uk.ac.manchester.cs.owl.owlapi.OWLOntologyManagerImpl.load(OWLOntologyManagerImpl.java:1105)
        uk.ac.manchester.cs.owl.owlapi.OWLOntologyManagerImpl.loadOntology(OWLOntologyManagerImpl.java:1055)
        uk.ac.manchester.cs.owl.owlapi.OWLOntologyManagerImpl.loadOntology(OWLOntologyManagerImpl.java:955)
        uk.ac.manchester.cs.owl.owlapi.OWLOntologyManagerImpl.loadImports(OWLOntologyManagerImpl.java:1663)
        uk.ac.manchester.cs.owl.owlapi.OWLOntologyManagerImpl.makeLoadImportRequest(OWLOntologyManagerImpl.java:1703)
        org.semanticweb.owlapi.rdf.rdfxml.parser.TripleHandlers$TPImportsHandler.handleTriple(TripleHandlers.java:1555)
        org.semanticweb.owlapi.rdf.rdfxml.parser.TripleHandlers$HandlerAccessor.handleStreaming(TripleHandlers.java:369)
        org.semanticweb.owlapi.rdf.rdfxml.parser.OWLRDFConsumer.statementWithResourceValue(OWLRDFConsumer.java:1563)
Encountered unexpected token: "<" <MAX>
    at line 1, column 1.

Was expecting one of:

    ":"
    "\n"
        org.semanticweb.owlapi.dlsyntax.parser.DLSyntaxParser.generateParseException(DLSyntaxParser.java:1572)
        org.semanticweb.owlapi.dlsyntax.parser.DLSyntaxParser.jj_consume_token(DLSyntaxParser.java:1443)
        org.semanticweb.owlapi.dlsyntax.parser.DLSyntaxParser.parseAxiom(DLSyntaxParser.java:141)
        org.semanticweb.owlapi.dlsyntax.parser.DLSyntaxParser.parseAxioms(DLSyntaxParser.java:114)
        org.semanticweb.owlapi.dlsyntax.parser.DLSyntaxOWLParser.parse(DLSyntaxOWLParser.java:48)
        uk.ac.manchester.cs.owl.owlapi.OWLOntologyFactoryImpl.loadOWLOntology(OWLOntologyFactoryImpl.java:195)
        uk.ac.manchester.cs.owl.owlapi.OWLOntologyManagerImpl.load(OWLOntologyManagerImpl.java:1105)
        uk.ac.manchester.cs.owl.owlapi.OWLOntologyManagerImpl.loadOntology(OWLOntologyManagerImpl.java:1055)
        uk.ac.manchester.cs.owl.owlapi.OWLOntologyManagerImpl.loadOntology(OWLOntologyManagerImpl.java:955)
        uk.ac.manchester.cs.owl.owlapi.OWLOntologyManagerImpl.loadImports(OWLOntologyManagerImpl.java:1663)


--------------------------------------------------------------------------------
Parser: org.semanticweb.owlapi.rio.RioParserImpl : org.semanticweb.owlapi.formats.BinaryRDFDocumentFormatFactory@3bf24493
    Stack trace:
org.eclipse.rdf4j.rio.RDFParseException: File does not contain a binary RDF document        org.semanticweb.owlapi.rio.RioParserImpl.parse(RioParserImpl.java:148)
        uk.ac.manchester.cs.owl.owlapi.OWLOntologyFactoryImpl.loadOWLOntology(OWLOntologyFactoryImpl.java:195)
        uk.ac.manchester.cs.owl.owlapi.OWLOntologyManagerImpl.load(OWLOntologyManagerImpl.java:1105)
        uk.ac.manchester.cs.owl.owlapi.OWLOntologyManagerImpl.loadOntology(OWLOntologyManagerImpl.java:1055)
        uk.ac.manchester.cs.owl.owlapi.OWLOntologyManagerImpl.loadOntology(OWLOntologyManagerImpl.java:955)
        uk.ac.manchester.cs.owl.owlapi.OWLOntologyManagerImpl.loadImports(OWLOntologyManagerImpl.java:1663)
        uk.ac.manchester.cs.owl.owlapi.OWLOntologyManagerImpl.makeLoadImportRequest(OWLOntologyManagerImpl.java:1703)
        org.semanticweb.owlapi.rdf.rdfxml.parser.TripleHandlers$TPImportsHandler.handleTriple(TripleHandlers.java:1555)
        org.semanticweb.owlapi.rdf.rdfxml.parser.TripleHandlers$HandlerAccessor.handleStreaming(TripleHandlers.java:369)
        org.semanticweb.owlapi.rdf.rdfxml.parser.OWLRDFConsumer.statementWithResourceValue(OWLRDFConsumer.java:1563)
File does not contain a binary RDF document        org.eclipse.rdf4j.rio.helpers.RDFParserHelper.reportFatalError(RDFParserHelper.java:347)
        org.eclipse.rdf4j.rio.helpers.RDFParserHelper.reportFatalError(RDFParserHelper.java:334)
        org.eclipse.rdf4j.rio.helpers.AbstractRDFParser.reportFatalError(AbstractRDFParser.java:690)
        org.eclipse.rdf4j.rio.binary.BinaryRDFParser.parse(BinaryRDFParser.java:92)
        org.semanticweb.owlapi.rio.RioParserImpl.parseDocumentSource(RioParserImpl.java:198)
        org.semanticweb.owlapi.rio.RioParserImpl.parse(RioParserImpl.java:134)
        uk.ac.manchester.cs.owl.owlapi.OWLOntologyFactoryImpl.loadOWLOntology(OWLOntologyFactoryImpl.java:195)
        uk.ac.manchester.cs.owl.owlapi.OWLOntologyManagerImpl.load(OWLOntologyManagerImpl.java:1105)
        uk.ac.manchester.cs.owl.owlapi.OWLOntologyManagerImpl.loadOntology(OWLOntologyManagerImpl.java:1055)
        uk.ac.manchester.cs.owl.owlapi.OWLOntologyManagerImpl.loadOntology(OWLOntologyManagerImpl.java:955)


--------------------------------------------------------------------------------
Parser: org.semanticweb.owlapi.krss2.parser.KRSS2OWLParser@341df373
    Stack trace:
org.semanticweb.owlapi.krss2.parser.ParseException: Encountered unexpected token: "<?xml version=\"1.0\" encoding=\"UTF-8\"?>" ">"
    at line 1, column 1.

Was expecting:

    <EOF>
        org.semanticweb.owlapi.krss2.parser.KRSS2OWLParser.parse(KRSS2OWLParser.java:252)
        uk.ac.manchester.cs.owl.owlapi.OWLOntologyFactoryImpl.loadOWLOntology(OWLOntologyFactoryImpl.java:195)
        uk.ac.manchester.cs.owl.owlapi.OWLOntologyManagerImpl.load(OWLOntologyManagerImpl.java:1105)
        uk.ac.manchester.cs.owl.owlapi.OWLOntologyManagerImpl.loadOntology(OWLOntologyManagerImpl.java:1055)
        uk.ac.manchester.cs.owl.owlapi.OWLOntologyManagerImpl.loadOntology(OWLOntologyManagerImpl.java:955)
        uk.ac.manchester.cs.owl.owlapi.OWLOntologyManagerImpl.loadImports(OWLOntologyManagerImpl.java:1663)
        uk.ac.manchester.cs.owl.owlapi.OWLOntologyManagerImpl.makeLoadImportRequest(OWLOntologyManagerImpl.java:1703)
        org.semanticweb.owlapi.rdf.rdfxml.parser.TripleHandlers$TPImportsHandler.handleTriple(TripleHandlers.java:1555)
        org.semanticweb.owlapi.rdf.rdfxml.parser.TripleHandlers$HandlerAccessor.handleStreaming(TripleHandlers.java:369)
        org.semanticweb.owlapi.rdf.rdfxml.parser.OWLRDFConsumer.statementWithResourceValue(OWLRDFConsumer.java:1563)
Encountered unexpected token: "<?xml version=\"1.0\" encoding=\"UTF-8\"?>" ">"
    at line 1, column 1.

Was expecting:

    <EOF>
        org.semanticweb.owlapi.krss2.parser.KRSS2Parser.generateParseException(KRSS2Parser.java:2103)
        org.semanticweb.owlapi.krss2.parser.KRSS2Parser.jj_consume_token(KRSS2Parser.java:1968)
        org.semanticweb.owlapi.krss2.parser.KRSS2Parser.parse(KRSS2Parser.java:124)
        org.semanticweb.owlapi.krss2.parser.KRSS2OWLParser.parse(KRSS2OWLParser.java:249)
        uk.ac.manchester.cs.owl.owlapi.OWLOntologyFactoryImpl.loadOWLOntology(OWLOntologyFactoryImpl.java:195)
        uk.ac.manchester.cs.owl.owlapi.OWLOntologyManagerImpl.load(OWLOntologyManagerImpl.java:1105)
        uk.ac.manchester.cs.owl.owlapi.OWLOntologyManagerImpl.loadOntology(OWLOntologyManagerImpl.java:1055)
        uk.ac.manchester.cs.owl.owlapi.OWLOntologyManagerImpl.loadOntology(OWLOntologyManagerImpl.java:955)
        uk.ac.manchester.cs.owl.owlapi.OWLOntologyManagerImpl.loadImports(OWLOntologyManagerImpl.java:1663)
        uk.ac.manchester.cs.owl.owlapi.OWLOntologyManagerImpl.makeLoadImportRequest(OWLOntologyManagerImpl.java:1703)


--------------------------------------------------------------------------------
Parser: org.semanticweb.owlapi.rio.RioParserImpl : org.semanticweb.owlapi.formats.HDTRDFDocumentFormatFactory@116d8
    Stack trace:
org.eclipse.rdf4j.rio.RDFParseException: $HDT marker not found [line 4]        org.semanticweb.owlapi.rio.RioParserImpl.parse(RioParserImpl.java:148)
        uk.ac.manchester.cs.owl.owlapi.OWLOntologyFactoryImpl.loadOWLOntology(OWLOntologyFactoryImpl.java:195)
        uk.ac.manchester.cs.owl.owlapi.OWLOntologyManagerImpl.load(OWLOntologyManagerImpl.java:1105)
        uk.ac.manchester.cs.owl.owlapi.OWLOntologyManagerImpl.loadOntology(OWLOntologyManagerImpl.java:1055)
        uk.ac.manchester.cs.owl.owlapi.OWLOntologyManagerImpl.loadOntology(OWLOntologyManagerImpl.java:955)
        uk.ac.manchester.cs.owl.owlapi.OWLOntologyManagerImpl.loadImports(OWLOntologyManagerImpl.java:1663)
        uk.ac.manchester.cs.owl.owlapi.OWLOntologyManagerImpl.makeLoadImportRequest(OWLOntologyManagerImpl.java:1703)
        org.semanticweb.owlapi.rdf.rdfxml.parser.TripleHandlers$TPImportsHandler.handleTriple(TripleHandlers.java:1555)
        org.semanticweb.owlapi.rdf.rdfxml.parser.TripleHandlers$HandlerAccessor.handleStreaming(TripleHandlers.java:369)
        org.semanticweb.owlapi.rdf.rdfxml.parser.OWLRDFConsumer.statementWithResourceValue(OWLRDFConsumer.java:1563)
$HDT marker not found [line 4]        org.eclipse.rdf4j.rio.helpers.RDFParserHelper.reportFatalError(RDFParserHelper.java:347)
        org.eclipse.rdf4j.rio.helpers.AbstractRDFParser.reportFatalError(AbstractRDFParser.java:698)
        org.eclipse.rdf4j.rio.hdt.HDTParser.parse(HDTParser.java:156)
        org.semanticweb.owlapi.rio.RioParserImpl.parseDocumentSource(RioParserImpl.java:198)
        org.semanticweb.owlapi.rio.RioParserImpl.parse(RioParserImpl.java:134)
        uk.ac.manchester.cs.owl.owlapi.OWLOntologyFactoryImpl.loadOWLOntology(OWLOntologyFactoryImpl.java:195)
        uk.ac.manchester.cs.owl.owlapi.OWLOntologyManagerImpl.load(OWLOntologyManagerImpl.java:1105)
        uk.ac.manchester.cs.owl.owlapi.OWLOntologyManagerImpl.loadOntology(OWLOntologyManagerImpl.java:1055)
        uk.ac.manchester.cs.owl.owlapi.OWLOntologyManagerImpl.loadOntology(OWLOntologyManagerImpl.java:955)
        uk.ac.manchester.cs.owl.owlapi.OWLOntologyManagerImpl.loadImports(OWLOntologyManagerImpl.java:1663)


--------------------------------------------------------------------------------
Parser: org.semanticweb.owlapi.rio.RioParserImpl : org.semanticweb.owlapi.formats.RDFaDocumentFormatFactory@264e8d
    Stack trace:
org.eclipse.rdf4j.rio.UnsupportedRDFormatException: Did not recognise RDF format object RDFa (mimeTypes=application/xhtml+xml, application/html, text/html; ext=xhtml, html)        org.semanticweb.owlapi.rio.RioParserImpl.parse(RioParserImpl.java:148)
        uk.ac.manchester.cs.owl.owlapi.OWLOntologyFactoryImpl.loadOWLOntology(OWLOntologyFactoryImpl.java:195)
        uk.ac.manchester.cs.owl.owlapi.OWLOntologyManagerImpl.load(OWLOntologyManagerImpl.java:1105)
        uk.ac.manchester.cs.owl.owlapi.OWLOntologyManagerImpl.loadOntology(OWLOntologyManagerImpl.java:1055)
        uk.ac.manchester.cs.owl.owlapi.OWLOntologyManagerImpl.loadOntology(OWLOntologyManagerImpl.java:955)
        uk.ac.manchester.cs.owl.owlapi.OWLOntologyManagerImpl.loadImports(OWLOntologyManagerImpl.java:1663)
        uk.ac.manchester.cs.owl.owlapi.OWLOntologyManagerImpl.makeLoadImportRequest(OWLOntologyManagerImpl.java:1703)
        org.semanticweb.owlapi.rdf.rdfxml.parser.TripleHandlers$TPImportsHandler.handleTriple(TripleHandlers.java:1555)
        org.semanticweb.owlapi.rdf.rdfxml.parser.TripleHandlers$HandlerAccessor.handleStreaming(TripleHandlers.java:369)
        org.semanticweb.owlapi.rdf.rdfxml.parser.OWLRDFConsumer.statementWithResourceValue(OWLRDFConsumer.java:1563)
Did not recognise RDF format object RDFa (mimeTypes=application/xhtml+xml, application/html, text/html; ext=xhtml, html)        org.eclipse.rdf4j.rio.Rio.lambda$unsupportedFormat$0(Rio.java:761)
        java.base/java.util.Optional.orElseThrow(Optional.java:407)
        org.eclipse.rdf4j.rio.Rio.createParser(Rio.java:99)
        org.semanticweb.owlapi.rio.RioParserImpl.parseDocumentSource(RioParserImpl.java:173)
        org.semanticweb.owlapi.rio.RioParserImpl.parse(RioParserImpl.java:134)
        uk.ac.manchester.cs.owl.owlapi.OWLOntologyFactoryImpl.loadOWLOntology(OWLOntologyFactoryImpl.java:195)
        uk.ac.manchester.cs.owl.owlapi.OWLOntologyManagerImpl.load(OWLOntologyManagerImpl.java:1105)
        uk.ac.manchester.cs.owl.owlapi.OWLOntologyManagerImpl.loadOntology(OWLOntologyManagerImpl.java:1055)
        uk.ac.manchester.cs.owl.owlapi.OWLOntologyManagerImpl.loadOntology(OWLOntologyManagerImpl.java:955)
        uk.ac.manchester.cs.owl.owlapi.OWLOntologyManagerImpl.loadImports(OWLOntologyManagerImpl.java:1663)



	at it.unibz.inf.ontop.rdf4j.repository.impl.OntopVirtualRepository.initializeInternal(OntopVirtualRepository.java:76)
	at org.eclipse.rdf4j.repository.base.AbstractRepository.init(AbstractRepository.java:36)
	at it.unibz.inf.ontop.endpoint.beans.OntopVirtualRepositoryBean.setupVirtualRepository(OntopVirtualRepositoryBean.java:91)
	at java.base/jdk.internal.reflect.DirectMethodHandleAccessor.invoke(DirectMethodHandleAccessor.java:104)
	at java.base/java.lang.reflect.Method.invoke(Method.java:565)
	at org.springframework.beans.factory.support.SimpleInstantiationStrategy.instantiate(SimpleInstantiationStrategy.java:154)
	... 36 common frames omitted
Caused by: org.semanticweb.owlapi.model.UnloadableImportException: Could not load imported ontology: <http://www.tcm-classics.org/fangji> Cause: Problem parsing file:/D:/work/Ontology/TraditionalChineseMedicineOntology/ontology/fangji.owl
Could not parse ontology.  Either a suitable parser could not be found, or parsing failed.  See parser logs below for explanation.
The following parsers were tried:
1) org.semanticweb.owlapi.rdf.rdfxml.parser.RDFXMLParser@2cd2c764
2) org.semanticweb.owlapi.owlxml.parser.OWLXMLParser@571c7572
3) org.semanticweb.owlapi.functional.parser.OWLFunctionalSyntaxOWLParser@c6a3f47
4) org.semanticweb.owlapi.rio.RioParserImpl : org.semanticweb.owlapi.formats.RioTurtleDocumentFormatFactory@95fd655c
5) org.semanticweb.owlapi.manchestersyntax.parser.ManchesterOWLSyntaxOntologyParser@59bbf82e
6) org.semanticweb.owlapi.rio.RioParserImpl : org.semanticweb.owlapi.formats.NQuadsDocumentFormatFactory@6f9c39ad
7) org.semanticweb.owlapi.rio.RioParserImpl : org.semanticweb.owlapi.formats.NTriplesDocumentFormatFactory@937ecd36
8) org.semanticweb.owlapi.rio.RioParserImpl : org.semanticweb.owlapi.formats.RDFJsonDocumentFormatFactory@cd748dc3
9) org.semanticweb.owlapi.rio.RioParserImpl : org.semanticweb.owlapi.formats.TrigDocumentFormatFactory@27e81c
10) org.semanticweb.owlapi.rio.RioParserImpl : org.semanticweb.owlapi.formats.RDFJsonLDDocumentFormatFactory@dcacc47d
11) org.semanticweb.owlapi.rio.RioParserImpl : org.semanticweb.owlapi.formats.N3DocumentFormatFactory@9a5
12) org.semanticweb.owlapi.rio.RioParserImpl : org.semanticweb.owlapi.formats.RioRDFXMLDocumentFormatFactory@69b9a3bc
13) org.semanticweb.owlapi.rdf.turtle.parser.TurtleOntologyParser@7c0a6f62
14) org.semanticweb.owlapi.oboformat.OBOFormatOWLAPIParser@6b170692
15) org.semanticweb.owlapi.dlsyntax.parser.DLSyntaxOWLParser@4603c412
16) org.semanticweb.owlapi.rio.RioParserImpl : org.semanticweb.owlapi.formats.BinaryRDFDocumentFormatFactory@3bf24493
17) org.semanticweb.owlapi.krss2.parser.KRSS2OWLParser@341df373
18) org.semanticweb.owlapi.rio.RioParserImpl : org.semanticweb.owlapi.formats.HDTRDFDocumentFormatFactory@116d8
19) org.semanticweb.owlapi.rio.RioParserImpl : org.semanticweb.owlapi.formats.RDFaDocumentFormatFactory@264e8d


Detailed logs:
--------------------------------------------------------------------------------
Parser: org.semanticweb.owlapi.rdf.rdfxml.parser.RDFXMLParser@2cd2c764
    Stack trace:
org.xml.sax.SAXParseException; systemId: file:/D:/work/Ontology/TraditionalChineseMedicineOntology/ontology/fangji.owl; lineNumber: 38; columnNumber: 12; 注释中不允许出现字符串 "--"。        org.semanticweb.owlapi.rdf.rdfxml.parser.RDFXMLParser.parse(RDFXMLParser.java:69)
        uk.ac.manchester.cs.owl.owlapi.OWLOntologyFactoryImpl.loadOWLOntology(OWLOntologyFactoryImpl.java:195)
        uk.ac.manchester.cs.owl.owlapi.OWLOntologyManagerImpl.load(OWLOntologyManagerImpl.java:1105)
        uk.ac.manchester.cs.owl.owlapi.OWLOntologyManagerImpl.loadOntology(OWLOntologyManagerImpl.java:1055)
        uk.ac.manchester.cs.owl.owlapi.OWLOntologyManagerImpl.loadOntology(OWLOntologyManagerImpl.java:955)
        uk.ac.manchester.cs.owl.owlapi.OWLOntologyManagerImpl.loadImports(OWLOntologyManagerImpl.java:1663)
        uk.ac.manchester.cs.owl.owlapi.OWLOntologyManagerImpl.makeLoadImportRequest(OWLOntologyManagerImpl.java:1703)
        org.semanticweb.owlapi.rdf.rdfxml.parser.TripleHandlers$TPImportsHandler.handleTriple(TripleHandlers.java:1555)
        org.semanticweb.owlapi.rdf.rdfxml.parser.TripleHandlers$HandlerAccessor.handleStreaming(TripleHandlers.java:369)
        org.semanticweb.owlapi.rdf.rdfxml.parser.OWLRDFConsumer.statementWithResourceValue(OWLRDFConsumer.java:1563)
注释中不允许出现字符串 "--"。        java.xml/com.sun.org.apache.xerces.internal.util.ErrorHandlerWrapper.createSAXParseException(ErrorHandlerWrapper.java:204)
        java.xml/com.sun.org.apache.xerces.internal.util.ErrorHandlerWrapper.fatalError(ErrorHandlerWrapper.java:178)
        java.xml/com.sun.org.apache.xerces.internal.impl.XMLErrorReporter.reportError(XMLErrorReporter.java:400)
        java.xml/com.sun.org.apache.xerces.internal.impl.XMLErrorReporter.reportError(XMLErrorReporter.java:327)
        java.xml/com.sun.org.apache.xerces.internal.impl.XMLScanner.reportFatalError(XMLScanner.java:1465)
        java.xml/com.sun.org.apache.xerces.internal.impl.XMLScanner.scanComment(XMLScanner.java:818)
        java.xml/com.sun.org.apache.xerces.internal.impl.XMLDocumentFragmentScannerImpl.scanComment(XMLDocumentFragmentScannerImpl.java:1088)
        java.xml/com.sun.org.apache.xerces.internal.impl.XMLDocumentFragmentScannerImpl$FragmentContentDriver.next(XMLDocumentFragmentScannerImpl.java:2924)
        java.xml/com.sun.org.apache.xerces.internal.impl.XMLDocumentScannerImpl.next(XMLDocumentScannerImpl.java:635)
        java.xml/com.sun.org.apache.xerces.internal.impl.XMLNSDocumentScannerImpl.next(XMLNSDocumentScannerImpl.java:113)


--------------------------------------------------------------------------------
Parser: org.semanticweb.owlapi.owlxml.parser.OWLXMLParser@571c7572
    Stack trace:
Attribute not found: IRI (Line 20)        org.semanticweb.owlapi.owlxml.parser.OWLEH.ensureAttributeNotNull(PARSER_OWLXMLVocabulary.java:597)
        org.semanticweb.owlapi.owlxml.parser.OWLEH.getIRIFromAttribute(PARSER_OWLXMLVocabulary.java:504)
        org.semanticweb.owlapi.owlxml.parser.OWLClassEH.attribute(PARSER_OWLXMLVocabulary.java:1008)
        org.semanticweb.owlapi.owlxml.parser.OWLXMLPH.startElement(OWLXMLPH.java:478)
        java.xml/com.sun.org.apache.xerces.internal.parsers.AbstractSAXParser.startElement(AbstractSAXParser.java:519)
        java.xml/com.sun.org.apache.xerces.internal.impl.XMLNSDocumentScannerImpl.scanStartElement(XMLNSDocumentScannerImpl.java:376)
        java.xml/com.sun.org.apache.xerces.internal.impl.XMLDocumentFragmentScannerImpl$FragmentContentDriver.next(XMLDocumentFragmentScannerImpl.java:2736)
        java.xml/com.sun.org.apache.xerces.internal.impl.XMLDocumentScannerImpl.next(XMLDocumentScannerImpl.java:635)
        java.xml/com.sun.org.apache.xerces.internal.impl.XMLNSDocumentScannerImpl.next(XMLNSDocumentScannerImpl.java:113)
        java.xml/com.sun.org.apache.xerces.internal.impl.XMLDocumentFragmentScannerImpl.scanDocument(XMLDocumentFragmentScannerImpl.java:551)


--------------------------------------------------------------------------------
Parser: org.semanticweb.owlapi.functional.parser.OWLFunctionalSyntaxOWLParser@c6a3f47
    Stack trace:
Encountered unexpected token: "<?xml version=\"1.0\" encoding=\"UTF-8\"?>" <FULLIRI>
    at line 1, column 1.

Was expecting one of:

    "Ontology"
    "Prefix"
 (Line 0)        org.semanticweb.owlapi.functional.parser.OWLFunctionalSyntaxOWLParser.parse(OWLFunctionalSyntaxOWLParser.java:49)
        uk.ac.manchester.cs.owl.owlapi.OWLOntologyFactoryImpl.loadOWLOntology(OWLOntologyFactoryImpl.java:195)
        uk.ac.manchester.cs.owl.owlapi.OWLOntologyManagerImpl.load(OWLOntologyManagerImpl.java:1105)
        uk.ac.manchester.cs.owl.owlapi.OWLOntologyManagerImpl.loadOntology(OWLOntologyManagerImpl.java:1055)
        uk.ac.manchester.cs.owl.owlapi.OWLOntologyManagerImpl.loadOntology(OWLOntologyManagerImpl.java:955)
        uk.ac.manchester.cs.owl.owlapi.OWLOntologyManagerImpl.loadImports(OWLOntologyManagerImpl.java:1663)
        uk.ac.manchester.cs.owl.owlapi.OWLOntologyManagerImpl.makeLoadImportRequest(OWLOntologyManagerImpl.java:1703)
        org.semanticweb.owlapi.rdf.rdfxml.parser.TripleHandlers$TPImportsHandler.handleTriple(TripleHandlers.java:1555)
        org.semanticweb.owlapi.rdf.rdfxml.parser.TripleHandlers$HandlerAccessor.handleStreaming(TripleHandlers.java:369)
        org.semanticweb.owlapi.rdf.rdfxml.parser.OWLRDFConsumer.statementWithResourceValue(OWLRDFConsumer.java:1563)
Encountered unexpected token: "<?xml version=\"1.0\" encoding=\"UTF-8\"?>" <FULLIRI>
    at line 1, column 1.

Was expecting one of:

    "Ontology"
    "Prefix"
        org.semanticweb.owlapi.functional.parser.OWLFunctionalSyntaxParser.generateParseException(OWLFunctionalSyntaxParser.java:2479)
        org.semanticweb.owlapi.functional.parser.OWLFunctionalSyntaxParser.jj_consume_token(OWLFunctionalSyntaxParser.java:2405)
        org.semanticweb.owlapi.functional.parser.OWLFunctionalSyntaxParser.Ontology(OWLFunctionalSyntaxParser.java:115)
        org.semanticweb.owlapi.functional.parser.OWLFunctionalSyntaxParser.parse(OWLFunctionalSyntaxParser.java:101)
        org.semanticweb.owlapi.functional.parser.OWLFunctionalSyntaxOWLParser.parse(OWLFunctionalSyntaxOWLParser.java:47)
        uk.ac.manchester.cs.owl.owlapi.OWLOntologyFactoryImpl.loadOWLOntology(OWLOntologyFactoryImpl.java:195)
        uk.ac.manchester.cs.owl.owlapi.OWLOntologyManagerImpl.load(OWLOntologyManagerImpl.java:1105)
        uk.ac.manchester.cs.owl.owlapi.OWLOntologyManagerImpl.loadOntology(OWLOntologyManagerImpl.java:1055)
        uk.ac.manchester.cs.owl.owlapi.OWLOntologyManagerImpl.loadOntology(OWLOntologyManagerImpl.java:955)
        uk.ac.manchester.cs.owl.owlapi.OWLOntologyManagerImpl.loadImports(OWLOntologyManagerImpl.java:1663)


--------------------------------------------------------------------------------
Parser: org.semanticweb.owlapi.rio.RioParserImpl : org.semanticweb.owlapi.formats.RioTurtleDocumentFormatFactory@95fd655c
    Stack trace:
org.eclipse.rdf4j.rio.RDFParseException: Expected '.', found '<' [line 5]        org.semanticweb.owlapi.rio.RioParserImpl.parse(RioParserImpl.java:148)
        uk.ac.manchester.cs.owl.owlapi.OWLOntologyFactoryImpl.loadOWLOntology(OWLOntologyFactoryImpl.java:195)
        uk.ac.manchester.cs.owl.owlapi.OWLOntologyManagerImpl.load(OWLOntologyManagerImpl.java:1105)
        uk.ac.manchester.cs.owl.owlapi.OWLOntologyManagerImpl.loadOntology(OWLOntologyManagerImpl.java:1055)
        uk.ac.manchester.cs.owl.owlapi.OWLOntologyManagerImpl.loadOntology(OWLOntologyManagerImpl.java:955)
        uk.ac.manchester.cs.owl.owlapi.OWLOntologyManagerImpl.loadImports(OWLOntologyManagerImpl.java:1663)
        uk.ac.manchester.cs.owl.owlapi.OWLOntologyManagerImpl.makeLoadImportRequest(OWLOntologyManagerImpl.java:1703)
        org.semanticweb.owlapi.rdf.rdfxml.parser.TripleHandlers$TPImportsHandler.handleTriple(TripleHandlers.java:1555)
        org.semanticweb.owlapi.rdf.rdfxml.parser.TripleHandlers$HandlerAccessor.handleStreaming(TripleHandlers.java:369)
        org.semanticweb.owlapi.rdf.rdfxml.parser.OWLRDFConsumer.statementWithResourceValue(OWLRDFConsumer.java:1563)
Expected '.', found '<' [line 5]        org.eclipse.rdf4j.rio.helpers.RDFParserHelper.reportFatalError(RDFParserHelper.java:347)
        org.eclipse.rdf4j.rio.helpers.AbstractRDFParser.reportFatalError(AbstractRDFParser.java:698)
        org.eclipse.rdf4j.rio.turtle.TurtleParser.reportFatalError(TurtleParser.java:1309)
        org.eclipse.rdf4j.rio.turtle.TurtleParser.verifyCharacterOrFail(TurtleParser.java:1154)
        org.eclipse.rdf4j.rio.turtle.TurtleParser.parseStatement(TurtleParser.java:205)
        org.eclipse.rdf4j.rio.turtle.TurtleParser.parse(TurtleParser.java:165)
        org.semanticweb.owlapi.rio.RioParserImpl.parseDocumentSource(RioParserImpl.java:186)
        org.semanticweb.owlapi.rio.RioParserImpl.parse(RioParserImpl.java:134)
        uk.ac.manchester.cs.owl.owlapi.OWLOntologyFactoryImpl.loadOWLOntology(OWLOntologyFactoryImpl.java:195)
        uk.ac.manchester.cs.owl.owlapi.OWLOntologyManagerImpl.load(OWLOntologyManagerImpl.java:1105)


--------------------------------------------------------------------------------
Parser: org.semanticweb.owlapi.manchestersyntax.parser.ManchesterOWLSyntaxOntologyParser@59bbf82e
    Stack trace:
Encountered '<?xml version="1.0" encoding="UTF-8"?>' at line 1 column 1.  Expected either 'Ontology:' or 'Prefix:' (Line 1)        org.semanticweb.owlapi.manchestersyntax.parser.ManchesterOWLSyntaxOntologyParser.parse(ManchesterOWLSyntaxOntologyParser.java:81)
        uk.ac.manchester.cs.owl.owlapi.OWLOntologyFactoryImpl.loadOWLOntology(OWLOntologyFactoryImpl.java:195)
        uk.ac.manchester.cs.owl.owlapi.OWLOntologyManagerImpl.load(OWLOntologyManagerImpl.java:1105)
        uk.ac.manchester.cs.owl.owlapi.OWLOntologyManagerImpl.loadOntology(OWLOntologyManagerImpl.java:1055)
        uk.ac.manchester.cs.owl.owlapi.OWLOntologyManagerImpl.loadOntology(OWLOntologyManagerImpl.java:955)
        uk.ac.manchester.cs.owl.owlapi.OWLOntologyManagerImpl.loadImports(OWLOntologyManagerImpl.java:1663)
        uk.ac.manchester.cs.owl.owlapi.OWLOntologyManagerImpl.makeLoadImportRequest(OWLOntologyManagerImpl.java:1703)
        org.semanticweb.owlapi.rdf.rdfxml.parser.TripleHandlers$TPImportsHandler.handleTriple(TripleHandlers.java:1555)
        org.semanticweb.owlapi.rdf.rdfxml.parser.TripleHandlers$HandlerAccessor.handleStreaming(TripleHandlers.java:369)
        org.semanticweb.owlapi.rdf.rdfxml.parser.OWLRDFConsumer.statementWithResourceValue(OWLRDFConsumer.java:1563)


--------------------------------------------------------------------------------
Parser: org.semanticweb.owlapi.rio.RioParserImpl : org.semanticweb.owlapi.formats.NQuadsDocumentFormatFactory@6f9c39ad
    Stack trace:
org.eclipse.rdf4j.rio.RDFParseException: Not a valid (absolute) IRI: ?xml version="1.0" encoding="UTF-8"? [line 1]        org.semanticweb.owlapi.rio.RioParserImpl.parse(RioParserImpl.java:148)
        uk.ac.manchester.cs.owl.owlapi.OWLOntologyFactoryImpl.loadOWLOntology(OWLOntologyFactoryImpl.java:195)
        uk.ac.manchester.cs.owl.owlapi.OWLOntologyManagerImpl.load(OWLOntologyManagerImpl.java:1105)
        uk.ac.manchester.cs.owl.owlapi.OWLOntologyManagerImpl.loadOntology(OWLOntologyManagerImpl.java:1055)
        uk.ac.manchester.cs.owl.owlapi.OWLOntologyManagerImpl.loadOntology(OWLOntologyManagerImpl.java:955)
        uk.ac.manchester.cs.owl.owlapi.OWLOntologyManagerImpl.loadImports(OWLOntologyManagerImpl.java:1663)
        uk.ac.manchester.cs.owl.owlapi.OWLOntologyManagerImpl.makeLoadImportRequest(OWLOntologyManagerImpl.java:1703)
        org.semanticweb.owlapi.rdf.rdfxml.parser.TripleHandlers$TPImportsHandler.handleTriple(TripleHandlers.java:1555)
        org.semanticweb.owlapi.rdf.rdfxml.parser.TripleHandlers$HandlerAccessor.handleStreaming(TripleHandlers.java:369)
        org.semanticweb.owlapi.rdf.rdfxml.parser.OWLRDFConsumer.statementWithResourceValue(OWLRDFConsumer.java:1563)
Not a valid (absolute) IRI: ?xml version="1.0" encoding="UTF-8"? [line 1]        org.eclipse.rdf4j.rio.helpers.RDFParserHelper.reportFatalError(RDFParserHelper.java:380)
        org.eclipse.rdf4j.rio.helpers.AbstractRDFParser.reportFatalError(AbstractRDFParser.java:723)
        org.eclipse.rdf4j.rio.ntriples.NTriplesParser.reportFatalError(NTriplesParser.java:468)
        org.eclipse.rdf4j.rio.helpers.AbstractRDFParser.createURI(AbstractRDFParser.java:360)
        org.eclipse.rdf4j.rio.ntriples.NTriplesParser.createURI(NTriplesParser.java:431)
        org.eclipse.rdf4j.rio.ntriples.NTriplesParser.parseIRI(NTriplesParser.java:260)
        org.eclipse.rdf4j.rio.ntriples.NTriplesParser.parseSubject(NTriplesParser.java:187)
        org.eclipse.rdf4j.rio.nquads.NQuadsParser.parseStatement(NQuadsParser.java:51)
        org.eclipse.rdf4j.rio.ntriples.NTriplesParser.parse(NTriplesParser.java:119)
        org.semanticweb.owlapi.rio.RioParserImpl.parseDocumentSource(RioParserImpl.java:186)
Not a valid (absolute) IRI: ?xml version="1.0" encoding="UTF-8"?        org.eclipse.rdf4j.model.impl.SimpleIRI.setIRIString(SimpleIRI.java:96)
        org.eclipse.rdf4j.model.impl.SimpleIRI.<init>(SimpleIRI.java:67)
        org.eclipse.rdf4j.model.impl.SimpleValueFactory.createIRI(SimpleValueFactory.java:83)
        org.eclipse.rdf4j.rio.helpers.RDFStarDecodingValueFactory.createIRI(RDFStarDecodingValueFactory.java:46)
        org.eclipse.rdf4j.rio.helpers.AbstractRDFParser.createURI(AbstractRDFParser.java:358)
        org.eclipse.rdf4j.rio.ntriples.NTriplesParser.createURI(NTriplesParser.java:431)
        org.eclipse.rdf4j.rio.ntriples.NTriplesParser.parseIRI(NTriplesParser.java:260)
        org.eclipse.rdf4j.rio.ntriples.NTriplesParser.parseSubject(NTriplesParser.java:187)
        org.eclipse.rdf4j.rio.nquads.NQuadsParser.parseStatement(NQuadsParser.java:51)
        org.eclipse.rdf4j.rio.ntriples.NTriplesParser.parse(NTriplesParser.java:119)


--------------------------------------------------------------------------------
Parser: org.semanticweb.owlapi.rio.RioParserImpl : org.semanticweb.owlapi.formats.NTriplesDocumentFormatFactory@937ecd36
    Stack trace:
org.eclipse.rdf4j.rio.RDFParseException: Not a valid (absolute) IRI: ?xml version="1.0" encoding="UTF-8"? [line 1]        org.semanticweb.owlapi.rio.RioParserImpl.parse(RioParserImpl.java:148)
        uk.ac.manchester.cs.owl.owlapi.OWLOntologyFactoryImpl.loadOWLOntology(OWLOntologyFactoryImpl.java:195)
        uk.ac.manchester.cs.owl.owlapi.OWLOntologyManagerImpl.load(OWLOntologyManagerImpl.java:1105)
        uk.ac.manchester.cs.owl.owlapi.OWLOntologyManagerImpl.loadOntology(OWLOntologyManagerImpl.java:1055)
        uk.ac.manchester.cs.owl.owlapi.OWLOntologyManagerImpl.loadOntology(OWLOntologyManagerImpl.java:955)
        uk.ac.manchester.cs.owl.owlapi.OWLOntologyManagerImpl.loadImports(OWLOntologyManagerImpl.java:1663)
        uk.ac.manchester.cs.owl.owlapi.OWLOntologyManagerImpl.makeLoadImportRequest(OWLOntologyManagerImpl.java:1703)
        org.semanticweb.owlapi.rdf.rdfxml.parser.TripleHandlers$TPImportsHandler.handleTriple(TripleHandlers.java:1555)
        org.semanticweb.owlapi.rdf.rdfxml.parser.TripleHandlers$HandlerAccessor.handleStreaming(TripleHandlers.java:369)
        org.semanticweb.owlapi.rdf.rdfxml.parser.OWLRDFConsumer.statementWithResourceValue(OWLRDFConsumer.java:1563)
Not a valid (absolute) IRI: ?xml version="1.0" encoding="UTF-8"? [line 1]        org.eclipse.rdf4j.rio.helpers.RDFParserHelper.reportFatalError(RDFParserHelper.java:380)
        org.eclipse.rdf4j.rio.helpers.AbstractRDFParser.reportFatalError(AbstractRDFParser.java:723)
        org.eclipse.rdf4j.rio.ntriples.NTriplesParser.reportFatalError(NTriplesParser.java:468)
        org.eclipse.rdf4j.rio.helpers.AbstractRDFParser.createURI(AbstractRDFParser.java:360)
        org.eclipse.rdf4j.rio.ntriples.NTriplesParser.createURI(NTriplesParser.java:431)
        org.eclipse.rdf4j.rio.ntriples.NTriplesParser.parseIRI(NTriplesParser.java:260)
        org.eclipse.rdf4j.rio.ntriples.NTriplesParser.parseSubject(NTriplesParser.java:187)
        org.eclipse.rdf4j.rio.ntriples.NTriplesParser.parseStatement(NTriplesParser.java:137)
        org.eclipse.rdf4j.rio.ntriples.NTriplesParser.parse(NTriplesParser.java:119)
        org.semanticweb.owlapi.rio.RioParserImpl.parseDocumentSource(RioParserImpl.java:186)
Not a valid (absolute) IRI: ?xml version="1.0" encoding="UTF-8"?        org.eclipse.rdf4j.model.impl.SimpleIRI.setIRIString(SimpleIRI.java:96)
        org.eclipse.rdf4j.model.impl.SimpleIRI.<init>(SimpleIRI.java:67)
        org.eclipse.rdf4j.model.impl.SimpleValueFactory.createIRI(SimpleValueFactory.java:83)
        org.eclipse.rdf4j.rio.helpers.RDFStarDecodingValueFactory.createIRI(RDFStarDecodingValueFactory.java:46)
        org.eclipse.rdf4j.rio.helpers.AbstractRDFParser.createURI(AbstractRDFParser.java:358)
        org.eclipse.rdf4j.rio.ntriples.NTriplesParser.createURI(NTriplesParser.java:431)
        org.eclipse.rdf4j.rio.ntriples.NTriplesParser.parseIRI(NTriplesParser.java:260)
        org.eclipse.rdf4j.rio.ntriples.NTriplesParser.parseSubject(NTriplesParser.java:187)
        org.eclipse.rdf4j.rio.ntriples.NTriplesParser.parseStatement(NTriplesParser.java:137)
        org.eclipse.rdf4j.rio.ntriples.NTriplesParser.parse(NTriplesParser.java:119)


--------------------------------------------------------------------------------
Parser: org.semanticweb.owlapi.rio.RioParserImpl : org.semanticweb.owlapi.formats.RDFJsonDocumentFormatFactory@cd748dc3
    Stack trace:
org.eclipse.rdf4j.rio.RDFParseException: Found IOException during parsing [line 1, column 2]        org.semanticweb.owlapi.rio.RioParserImpl.parse(RioParserImpl.java:148)
        uk.ac.manchester.cs.owl.owlapi.OWLOntologyFactoryImpl.loadOWLOntology(OWLOntologyFactoryImpl.java:195)
        uk.ac.manchester.cs.owl.owlapi.OWLOntologyManagerImpl.load(OWLOntologyManagerImpl.java:1105)
        uk.ac.manchester.cs.owl.owlapi.OWLOntologyManagerImpl.loadOntology(OWLOntologyManagerImpl.java:1055)
        uk.ac.manchester.cs.owl.owlapi.OWLOntologyManagerImpl.loadOntology(OWLOntologyManagerImpl.java:955)
        uk.ac.manchester.cs.owl.owlapi.OWLOntologyManagerImpl.loadImports(OWLOntologyManagerImpl.java:1663)
        uk.ac.manchester.cs.owl.owlapi.OWLOntologyManagerImpl.makeLoadImportRequest(OWLOntologyManagerImpl.java:1703)
        org.semanticweb.owlapi.rdf.rdfxml.parser.TripleHandlers$TPImportsHandler.handleTriple(TripleHandlers.java:1555)
        org.semanticweb.owlapi.rdf.rdfxml.parser.TripleHandlers$HandlerAccessor.handleStreaming(TripleHandlers.java:369)
        org.semanticweb.owlapi.rdf.rdfxml.parser.OWLRDFConsumer.statementWithResourceValue(OWLRDFConsumer.java:1563)
Found IOException during parsing [line 1, column 2]        org.eclipse.rdf4j.rio.helpers.RDFParserHelper.reportFatalError(RDFParserHelper.java:400)
        org.eclipse.rdf4j.rio.helpers.AbstractRDFParser.reportFatalError(AbstractRDFParser.java:734)
        org.eclipse.rdf4j.rio.rdfjson.RDFJSONParser.reportFatalError(RDFJSONParser.java:138)
        org.eclipse.rdf4j.rio.rdfjson.RDFJSONParser.parse(RDFJSONParser.java:161)
        org.semanticweb.owlapi.rio.RioParserImpl.parseDocumentSource(RioParserImpl.java:186)
        org.semanticweb.owlapi.rio.RioParserImpl.parse(RioParserImpl.java:134)
        uk.ac.manchester.cs.owl.owlapi.OWLOntologyFactoryImpl.loadOWLOntology(OWLOntologyFactoryImpl.java:195)
        uk.ac.manchester.cs.owl.owlapi.OWLOntologyManagerImpl.load(OWLOntologyManagerImpl.java:1105)
        uk.ac.manchester.cs.owl.owlapi.OWLOntologyManagerImpl.loadOntology(OWLOntologyManagerImpl.java:1055)
        uk.ac.manchester.cs.owl.owlapi.OWLOntologyManagerImpl.loadOntology(OWLOntologyManagerImpl.java:955)
Unexpected character ('<' (code 60)): expected a valid value (JSON String, Number, Array, Object or token 'null', 'true' or 'false')
 at [Source: (BufferedReader); line: 1, column: 2]        com.fasterxml.jackson.core.JsonParser._constructError(JsonParser.java:2477)
        com.fasterxml.jackson.core.base.ParserMinimalBase._reportError(ParserMinimalBase.java:750)
        com.fasterxml.jackson.core.base.ParserMinimalBase._reportUnexpectedChar(ParserMinimalBase.java:674)
        com.fasterxml.jackson.core.json.ReaderBasedJsonParser._handleOddValue(ReaderBasedJsonParser.java:2085)
        com.fasterxml.jackson.core.json.ReaderBasedJsonParser.nextToken(ReaderBasedJsonParser.java:808)
        org.eclipse.rdf4j.rio.rdfjson.RDFJSONParser.rdfJsonToHandlerInternal(RDFJSONParser.java:182)
        org.eclipse.rdf4j.rio.rdfjson.RDFJSONParser.parse(RDFJSONParser.java:158)
        org.semanticweb.owlapi.rio.RioParserImpl.parseDocumentSource(RioParserImpl.java:186)
        org.semanticweb.owlapi.rio.RioParserImpl.parse(RioParserImpl.java:134)
        uk.ac.manchester.cs.owl.owlapi.OWLOntologyFactoryImpl.loadOWLOntology(OWLOntologyFactoryImpl.java:195)


--------------------------------------------------------------------------------
Parser: org.semanticweb.owlapi.rio.RioParserImpl : org.semanticweb.owlapi.formats.TrigDocumentFormatFactory@27e81c
    Stack trace:
org.eclipse.rdf4j.rio.RDFParseException: Expected an RDF value here, found '=' [line 5]        org.semanticweb.owlapi.rio.RioParserImpl.parse(RioParserImpl.java:148)
        uk.ac.manchester.cs.owl.owlapi.OWLOntologyFactoryImpl.loadOWLOntology(OWLOntologyFactoryImpl.java:195)
        uk.ac.manchester.cs.owl.owlapi.OWLOntologyManagerImpl.load(OWLOntologyManagerImpl.java:1105)
        uk.ac.manchester.cs.owl.owlapi.OWLOntologyManagerImpl.loadOntology(OWLOntologyManagerImpl.java:1055)
        uk.ac.manchester.cs.owl.owlapi.OWLOntologyManagerImpl.loadOntology(OWLOntologyManagerImpl.java:955)
        uk.ac.manchester.cs.owl.owlapi.OWLOntologyManagerImpl.loadImports(OWLOntologyManagerImpl.java:1663)
        uk.ac.manchester.cs.owl.owlapi.OWLOntologyManagerImpl.makeLoadImportRequest(OWLOntologyManagerImpl.java:1703)
        org.semanticweb.owlapi.rdf.rdfxml.parser.TripleHandlers$TPImportsHandler.handleTriple(TripleHandlers.java:1555)
        org.semanticweb.owlapi.rdf.rdfxml.parser.TripleHandlers$HandlerAccessor.handleStreaming(TripleHandlers.java:369)
        org.semanticweb.owlapi.rdf.rdfxml.parser.OWLRDFConsumer.statementWithResourceValue(OWLRDFConsumer.java:1563)
Expected an RDF value here, found '=' [line 5]        org.eclipse.rdf4j.rio.helpers.RDFParserHelper.reportFatalError(RDFParserHelper.java:347)
        org.eclipse.rdf4j.rio.helpers.AbstractRDFParser.reportFatalError(AbstractRDFParser.java:698)
        org.eclipse.rdf4j.rio.turtle.TurtleParser.reportFatalError(TurtleParser.java:1309)
        org.eclipse.rdf4j.rio.turtle.TurtleParser.parseValue(TurtleParser.java:588)
        org.eclipse.rdf4j.rio.turtle.TurtleParser.parseObject(TurtleParser.java:453)
        org.eclipse.rdf4j.rio.turtle.TurtleParser.parseObjectList(TurtleParser.java:375)
        org.eclipse.rdf4j.rio.turtle.TurtleParser.parsePredicateObjectList(TurtleParser.java:348)
        org.eclipse.rdf4j.rio.trig.TriGParser.parseGraph(TriGParser.java:192)
        org.eclipse.rdf4j.rio.trig.TriGParser.parseStatement(TriGParser.java:115)
        org.eclipse.rdf4j.rio.turtle.TurtleParser.parse(TurtleParser.java:165)


--------------------------------------------------------------------------------
Parser: org.semanticweb.owlapi.rio.RioParserImpl : org.semanticweb.owlapi.formats.RDFJsonLDDocumentFormatFactory@dcacc47d
    Stack trace:
org.eclipse.rdf4j.rio.RDFParseException: Could not parse JSONLD        org.semanticweb.owlapi.rio.RioParserImpl.parse(RioParserImpl.java:148)
        uk.ac.manchester.cs.owl.owlapi.OWLOntologyFactoryImpl.loadOWLOntology(OWLOntologyFactoryImpl.java:195)
        uk.ac.manchester.cs.owl.owlapi.OWLOntologyManagerImpl.load(OWLOntologyManagerImpl.java:1105)
        uk.ac.manchester.cs.owl.owlapi.OWLOntologyManagerImpl.loadOntology(OWLOntologyManagerImpl.java:1055)
        uk.ac.manchester.cs.owl.owlapi.OWLOntologyManagerImpl.loadOntology(OWLOntologyManagerImpl.java:955)
        uk.ac.manchester.cs.owl.owlapi.OWLOntologyManagerImpl.loadImports(OWLOntologyManagerImpl.java:1663)
        uk.ac.manchester.cs.owl.owlapi.OWLOntologyManagerImpl.makeLoadImportRequest(OWLOntologyManagerImpl.java:1703)
        org.semanticweb.owlapi.rdf.rdfxml.parser.TripleHandlers$TPImportsHandler.handleTriple(TripleHandlers.java:1555)
        org.semanticweb.owlapi.rdf.rdfxml.parser.TripleHandlers$HandlerAccessor.handleStreaming(TripleHandlers.java:369)
        org.semanticweb.owlapi.rdf.rdfxml.parser.OWLRDFConsumer.statementWithResourceValue(OWLRDFConsumer.java:1563)
Could not parse JSONLD        org.eclipse.rdf4j.rio.jsonld.JSONLDParser.parse(JSONLDParser.java:261)
        org.eclipse.rdf4j.rio.jsonld.JSONLDParser.parse(JSONLDParser.java:112)
        org.semanticweb.owlapi.rio.RioParserImpl.parseDocumentSource(RioParserImpl.java:186)
        org.semanticweb.owlapi.rio.RioParserImpl.parse(RioParserImpl.java:134)
        uk.ac.manchester.cs.owl.owlapi.OWLOntologyFactoryImpl.loadOWLOntology(OWLOntologyFactoryImpl.java:195)
        uk.ac.manchester.cs.owl.owlapi.OWLOntologyManagerImpl.load(OWLOntologyManagerImpl.java:1105)
        uk.ac.manchester.cs.owl.owlapi.OWLOntologyManagerImpl.loadOntology(OWLOntologyManagerImpl.java:1055)
        uk.ac.manchester.cs.owl.owlapi.OWLOntologyManagerImpl.loadOntology(OWLOntologyManagerImpl.java:955)
        uk.ac.manchester.cs.owl.owlapi.OWLOntologyManagerImpl.loadImports(OWLOntologyManagerImpl.java:1663)
        uk.ac.manchester.cs.owl.owlapi.OWLOntologyManagerImpl.makeLoadImportRequest(OWLOntologyManagerImpl.java:1703)
The document could not be loaded or parsed [code=LOADING_DOCUMENT_FAILED].        no.hasmac.jsonld.document.JsonDocument.of(JsonDocument.java:154)
        no.hasmac.jsonld.document.JsonDocument.of(JsonDocument.java:129)
        org.eclipse.rdf4j.rio.jsonld.JSONLDParser.getDocument(JSONLDParser.java:285)
        org.eclipse.rdf4j.rio.jsonld.JSONLDParser.parse(JSONLDParser.java:134)
        org.eclipse.rdf4j.rio.jsonld.JSONLDParser.parse(JSONLDParser.java:112)
        org.semanticweb.owlapi.rio.RioParserImpl.parseDocumentSource(RioParserImpl.java:186)
        org.semanticweb.owlapi.rio.RioParserImpl.parse(RioParserImpl.java:134)
        uk.ac.manchester.cs.owl.owlapi.OWLOntologyFactoryImpl.loadOWLOntology(OWLOntologyFactoryImpl.java:195)
        uk.ac.manchester.cs.owl.owlapi.OWLOntologyManagerImpl.load(OWLOntologyManagerImpl.java:1105)
        uk.ac.manchester.cs.owl.owlapi.OWLOntologyManagerImpl.loadOntology(OWLOntologyManagerImpl.java:1055)
Unexpected char 60 at (line no=1, column no=1, offset=0)        org.glassfish.json.JsonTokenizer.unexpectedChar(JsonTokenizer.java:577)
        org.glassfish.json.JsonTokenizer.nextToken(JsonTokenizer.java:394)
        org.glassfish.json.JsonParserImpl$NoneContext.getNextEvent(JsonParserImpl.java:419)
        org.glassfish.json.JsonParserImpl.next(JsonParserImpl.java:369)
        no.hasmac.jsonld.document.JsonDocument.doParse(JsonDocument.java:164)
        no.hasmac.jsonld.document.JsonDocument.of(JsonDocument.java:151)
        no.hasmac.jsonld.document.JsonDocument.of(JsonDocument.java:129)
        org.eclipse.rdf4j.rio.jsonld.JSONLDParser.getDocument(JSONLDParser.java:285)
        org.eclipse.rdf4j.rio.jsonld.JSONLDParser.parse(JSONLDParser.java:134)
        org.eclipse.rdf4j.rio.jsonld.JSONLDParser.parse(JSONLDParser.java:112)


--------------------------------------------------------------------------------
Parser: org.semanticweb.owlapi.rio.RioParserImpl : org.semanticweb.owlapi.formats.N3DocumentFormatFactory@9a5
    Stack trace:
org.eclipse.rdf4j.rio.RDFParseException: Expected '.', found '<' [line 5]        org.semanticweb.owlapi.rio.RioParserImpl.parse(RioParserImpl.java:148)
        uk.ac.manchester.cs.owl.owlapi.OWLOntologyFactoryImpl.loadOWLOntology(OWLOntologyFactoryImpl.java:195)
        uk.ac.manchester.cs.owl.owlapi.OWLOntologyManagerImpl.load(OWLOntologyManagerImpl.java:1105)
        uk.ac.manchester.cs.owl.owlapi.OWLOntologyManagerImpl.loadOntology(OWLOntologyManagerImpl.java:1055)
        uk.ac.manchester.cs.owl.owlapi.OWLOntologyManagerImpl.loadOntology(OWLOntologyManagerImpl.java:955)
        uk.ac.manchester.cs.owl.owlapi.OWLOntologyManagerImpl.loadImports(OWLOntologyManagerImpl.java:1663)
        uk.ac.manchester.cs.owl.owlapi.OWLOntologyManagerImpl.makeLoadImportRequest(OWLOntologyManagerImpl.java:1703)
        org.semanticweb.owlapi.rdf.rdfxml.parser.TripleHandlers$TPImportsHandler.handleTriple(TripleHandlers.java:1555)
        org.semanticweb.owlapi.rdf.rdfxml.parser.TripleHandlers$HandlerAccessor.handleStreaming(TripleHandlers.java:369)
        org.semanticweb.owlapi.rdf.rdfxml.parser.OWLRDFConsumer.statementWithResourceValue(OWLRDFConsumer.java:1563)
Expected '.', found '<' [line 5]        org.eclipse.rdf4j.rio.helpers.RDFParserHelper.reportFatalError(RDFParserHelper.java:347)
        org.eclipse.rdf4j.rio.helpers.AbstractRDFParser.reportFatalError(AbstractRDFParser.java:698)
        org.eclipse.rdf4j.rio.turtle.TurtleParser.reportFatalError(TurtleParser.java:1309)
        org.eclipse.rdf4j.rio.turtle.TurtleParser.verifyCharacterOrFail(TurtleParser.java:1154)
        org.eclipse.rdf4j.rio.turtle.TurtleParser.parseStatement(TurtleParser.java:205)
        org.eclipse.rdf4j.rio.turtle.TurtleParser.parse(TurtleParser.java:165)
        org.semanticweb.owlapi.rio.RioParserImpl.parseDocumentSource(RioParserImpl.java:186)
        org.semanticweb.owlapi.rio.RioParserImpl.parse(RioParserImpl.java:134)
        uk.ac.manchester.cs.owl.owlapi.OWLOntologyFactoryImpl.loadOWLOntology(OWLOntologyFactoryImpl.java:195)
        uk.ac.manchester.cs.owl.owlapi.OWLOntologyManagerImpl.load(OWLOntologyManagerImpl.java:1105)


--------------------------------------------------------------------------------
Parser: org.semanticweb.owlapi.rio.RioParserImpl : org.semanticweb.owlapi.formats.RioRDFXMLDocumentFormatFactory@69b9a3bc
    Stack trace:
org.eclipse.rdf4j.rio.RDFParseException: 注释中不允许出现字符串 "--"。 [line 38, column 12]        org.semanticweb.owlapi.rio.RioParserImpl.parse(RioParserImpl.java:148)
        uk.ac.manchester.cs.owl.owlapi.OWLOntologyFactoryImpl.loadOWLOntology(OWLOntologyFactoryImpl.java:195)
        uk.ac.manchester.cs.owl.owlapi.OWLOntologyManagerImpl.load(OWLOntologyManagerImpl.java:1105)
        uk.ac.manchester.cs.owl.owlapi.OWLOntologyManagerImpl.loadOntology(OWLOntologyManagerImpl.java:1055)
        uk.ac.manchester.cs.owl.owlapi.OWLOntologyManagerImpl.loadOntology(OWLOntologyManagerImpl.java:955)
        uk.ac.manchester.cs.owl.owlapi.OWLOntologyManagerImpl.loadImports(OWLOntologyManagerImpl.java:1663)
        uk.ac.manchester.cs.owl.owlapi.OWLOntologyManagerImpl.makeLoadImportRequest(OWLOntologyManagerImpl.java:1703)
        org.semanticweb.owlapi.rdf.rdfxml.parser.TripleHandlers$TPImportsHandler.handleTriple(TripleHandlers.java:1555)
        org.semanticweb.owlapi.rdf.rdfxml.parser.TripleHandlers$HandlerAccessor.handleStreaming(TripleHandlers.java:369)
        org.semanticweb.owlapi.rdf.rdfxml.parser.OWLRDFConsumer.statementWithResourceValue(OWLRDFConsumer.java:1563)
注释中不允许出现字符串 "--"。 [line 38, column 12]        org.eclipse.rdf4j.rio.helpers.RDFParserHelper.reportFatalError(RDFParserHelper.java:380)
        org.eclipse.rdf4j.rio.helpers.AbstractRDFParser.reportFatalError(AbstractRDFParser.java:723)
        org.eclipse.rdf4j.rio.rdfxml.RDFXMLParser.reportFatalError(RDFXMLParser.java:1022)
        org.eclipse.rdf4j.rio.rdfxml.RDFXMLParser.fatalError(RDFXMLParser.java:1159)
        java.xml/com.sun.org.apache.xerces.internal.util.ErrorHandlerWrapper.fatalError(ErrorHandlerWrapper.java:181)
        java.xml/com.sun.org.apache.xerces.internal.impl.XMLErrorReporter.reportError(XMLErrorReporter.java:400)
        java.xml/com.sun.org.apache.xerces.internal.impl.XMLErrorReporter.reportError(XMLErrorReporter.java:327)
        java.xml/com.sun.org.apache.xerces.internal.impl.XMLScanner.reportFatalError(XMLScanner.java:1465)
        java.xml/com.sun.org.apache.xerces.internal.impl.XMLScanner.scanComment(XMLScanner.java:818)
        java.xml/com.sun.org.apache.xerces.internal.impl.XMLDocumentFragmentScannerImpl.scanComment(XMLDocumentFragmentScannerImpl.java:1088)
注释中不允许出现字符串 "--"。        java.xml/com.sun.org.apache.xerces.internal.util.ErrorHandlerWrapper.createSAXParseException(ErrorHandlerWrapper.java:204)
        java.xml/com.sun.org.apache.xerces.internal.util.ErrorHandlerWrapper.fatalError(ErrorHandlerWrapper.java:178)
        java.xml/com.sun.org.apache.xerces.internal.impl.XMLErrorReporter.reportError(XMLErrorReporter.java:400)
        java.xml/com.sun.org.apache.xerces.internal.impl.XMLErrorReporter.reportError(XMLErrorReporter.java:327)
        java.xml/com.sun.org.apache.xerces.internal.impl.XMLScanner.reportFatalError(XMLScanner.java:1465)
        java.xml/com.sun.org.apache.xerces.internal.impl.XMLScanner.scanComment(XMLScanner.java:818)
        java.xml/com.sun.org.apache.xerces.internal.impl.XMLDocumentFragmentScannerImpl.scanComment(XMLDocumentFragmentScannerImpl.java:1088)
        java.xml/com.sun.org.apache.xerces.internal.impl.XMLDocumentFragmentScannerImpl$FragmentContentDriver.next(XMLDocumentFragmentScannerImpl.java:2924)
        java.xml/com.sun.org.apache.xerces.internal.impl.XMLDocumentScannerImpl.next(XMLDocumentScannerImpl.java:635)
        java.xml/com.sun.org.apache.xerces.internal.impl.XMLNSDocumentScannerImpl.next(XMLNSDocumentScannerImpl.java:113)


--------------------------------------------------------------------------------
Parser: org.semanticweb.owlapi.rdf.turtle.parser.TurtleOntologyParser@7c0a6f62
    Stack trace:
org.semanticweb.owlapi.rdf.turtle.parser.ParseException: Encountered unexpected token: "<" <ERROR>
    at line 1, column 1.

Was expecting one of:

    "("
    "@base"
    "@prefix"
    "["
    <EMPTY_BLANK_NODE>
    <FULLIRI>
    <NODEID>
    <PNAME_LN>
    <PNAME_NS>
        org.semanticweb.owlapi.rdf.turtle.parser.TurtleOntologyParser.parse(TurtleOntologyParser.java:58)
        uk.ac.manchester.cs.owl.owlapi.OWLOntologyFactoryImpl.loadOWLOntology(OWLOntologyFactoryImpl.java:195)
        uk.ac.manchester.cs.owl.owlapi.OWLOntologyManagerImpl.load(OWLOntologyManagerImpl.java:1105)
        uk.ac.manchester.cs.owl.owlapi.OWLOntologyManagerImpl.loadOntology(OWLOntologyManagerImpl.java:1055)
        uk.ac.manchester.cs.owl.owlapi.OWLOntologyManagerImpl.loadOntology(OWLOntologyManagerImpl.java:955)
        uk.ac.manchester.cs.owl.owlapi.OWLOntologyManagerImpl.loadImports(OWLOntologyManagerImpl.java:1663)
        uk.ac.manchester.cs.owl.owlapi.OWLOntologyManagerImpl.makeLoadImportRequest(OWLOntologyManagerImpl.java:1703)
        org.semanticweb.owlapi.rdf.rdfxml.parser.TripleHandlers$TPImportsHandler.handleTriple(TripleHandlers.java:1555)
        org.semanticweb.owlapi.rdf.rdfxml.parser.TripleHandlers$HandlerAccessor.handleStreaming(TripleHandlers.java:369)
        org.semanticweb.owlapi.rdf.rdfxml.parser.OWLRDFConsumer.statementWithResourceValue(OWLRDFConsumer.java:1563)
Encountered unexpected token: "<" <ERROR>
    at line 1, column 1.

Was expecting one of:

    "("
    "@base"
    "@prefix"
    "["
    <EMPTY_BLANK_NODE>
    <FULLIRI>
    <NODEID>
    <PNAME_LN>
    <PNAME_NS>
        org.semanticweb.owlapi.rdf.turtle.parser.TurtleParser.generateParseException(TurtleParser.java:1034)
        org.semanticweb.owlapi.rdf.turtle.parser.TurtleParser.jj_consume_token(TurtleParser.java:902)
        org.semanticweb.owlapi.rdf.turtle.parser.TurtleParser.parseDocument(TurtleParser.java:165)
        org.semanticweb.owlapi.rdf.turtle.parser.TurtleOntologyParser.parse(TurtleOntologyParser.java:54)
        uk.ac.manchester.cs.owl.owlapi.OWLOntologyFactoryImpl.loadOWLOntology(OWLOntologyFactoryImpl.java:195)
        uk.ac.manchester.cs.owl.owlapi.OWLOntologyManagerImpl.load(OWLOntologyManagerImpl.java:1105)
        uk.ac.manchester.cs.owl.owlapi.OWLOntologyManagerImpl.loadOntology(OWLOntologyManagerImpl.java:1055)
        uk.ac.manchester.cs.owl.owlapi.OWLOntologyManagerImpl.loadOntology(OWLOntologyManagerImpl.java:955)
        uk.ac.manchester.cs.owl.owlapi.OWLOntologyManagerImpl.loadImports(OWLOntologyManagerImpl.java:1663)
        uk.ac.manchester.cs.owl.owlapi.OWLOntologyManagerImpl.makeLoadImportRequest(OWLOntologyManagerImpl.java:1703)


--------------------------------------------------------------------------------
Parser: org.semanticweb.owlapi.oboformat.OBOFormatOWLAPIParser@6b170692
    Stack trace:
LINENO: 1 - Could not find tag separator ':' in line.
LINE: <?xml version="1.0" encoding="UTF-8"?>        org.semanticweb.owlapi.oboformat.OBOFormatOWLAPIParser.parse(OBOFormatOWLAPIParser.java:50)
        uk.ac.manchester.cs.owl.owlapi.OWLOntologyFactoryImpl.loadOWLOntology(OWLOntologyFactoryImpl.java:195)
        uk.ac.manchester.cs.owl.owlapi.OWLOntologyManagerImpl.load(OWLOntologyManagerImpl.java:1105)
        uk.ac.manchester.cs.owl.owlapi.OWLOntologyManagerImpl.loadOntology(OWLOntologyManagerImpl.java:1055)
        uk.ac.manchester.cs.owl.owlapi.OWLOntologyManagerImpl.loadOntology(OWLOntologyManagerImpl.java:955)
        uk.ac.manchester.cs.owl.owlapi.OWLOntologyManagerImpl.loadImports(OWLOntologyManagerImpl.java:1663)
        uk.ac.manchester.cs.owl.owlapi.OWLOntologyManagerImpl.makeLoadImportRequest(OWLOntologyManagerImpl.java:1703)
        org.semanticweb.owlapi.rdf.rdfxml.parser.TripleHandlers$TPImportsHandler.handleTriple(TripleHandlers.java:1555)
        org.semanticweb.owlapi.rdf.rdfxml.parser.TripleHandlers$HandlerAccessor.handleStreaming(TripleHandlers.java:369)
        org.semanticweb.owlapi.rdf.rdfxml.parser.OWLRDFConsumer.statementWithResourceValue(OWLRDFConsumer.java:1563)
LINENO: 1 - Could not find tag separator ':' in line.
LINE: <?xml version="1.0" encoding="UTF-8"?>        org.obolibrary.oboformat.parser.OBOFormatParser.error(OBOFormatParser.java:1317)
        org.obolibrary.oboformat.parser.OBOFormatParser.getParseTag(OBOFormatParser.java:731)
        org.obolibrary.oboformat.parser.OBOFormatParser.parseHeaderClause(OBOFormatParser.java:409)
        org.obolibrary.oboformat.parser.OBOFormatParser.parseHeaderClauseNl(OBOFormatParser.java:402)
        org.obolibrary.oboformat.parser.OBOFormatParser.parseHeaderFrame(OBOFormatParser.java:385)
        org.obolibrary.oboformat.parser.OBOFormatParser.parseOBODoc(OBOFormatParser.java:268)
        org.obolibrary.oboformat.parser.OBOFormatParser.parse(OBOFormatParser.java:237)
        org.semanticweb.owlapi.oboformat.OBOFormatOWLAPIParser.parse(OBOFormatOWLAPIParser.java:44)
        uk.ac.manchester.cs.owl.owlapi.OWLOntologyFactoryImpl.loadOWLOntology(OWLOntologyFactoryImpl.java:195)
        uk.ac.manchester.cs.owl.owlapi.OWLOntologyManagerImpl.load(OWLOntologyManagerImpl.java:1105)


--------------------------------------------------------------------------------
Parser: org.semanticweb.owlapi.dlsyntax.parser.DLSyntaxOWLParser@4603c412
    Stack trace:
Encountered unexpected token: "<" <MAX>
    at line 1, column 1.

Was expecting one of:

    ":"
    "\n"
        org.semanticweb.owlapi.dlsyntax.parser.DLSyntaxOWLParser.parse(DLSyntaxOWLParser.java:52)
        uk.ac.manchester.cs.owl.owlapi.OWLOntologyFactoryImpl.loadOWLOntology(OWLOntologyFactoryImpl.java:195)
        uk.ac.manchester.cs.owl.owlapi.OWLOntologyManagerImpl.load(OWLOntologyManagerImpl.java:1105)
        uk.ac.manchester.cs.owl.owlapi.OWLOntologyManagerImpl.loadOntology(OWLOntologyManagerImpl.java:1055)
        uk.ac.manchester.cs.owl.owlapi.OWLOntologyManagerImpl.loadOntology(OWLOntologyManagerImpl.java:955)
        uk.ac.manchester.cs.owl.owlapi.OWLOntologyManagerImpl.loadImports(OWLOntologyManagerImpl.java:1663)
        uk.ac.manchester.cs.owl.owlapi.OWLOntologyManagerImpl.makeLoadImportRequest(OWLOntologyManagerImpl.java:1703)
        org.semanticweb.owlapi.rdf.rdfxml.parser.TripleHandlers$TPImportsHandler.handleTriple(TripleHandlers.java:1555)
        org.semanticweb.owlapi.rdf.rdfxml.parser.TripleHandlers$HandlerAccessor.handleStreaming(TripleHandlers.java:369)
        org.semanticweb.owlapi.rdf.rdfxml.parser.OWLRDFConsumer.statementWithResourceValue(OWLRDFConsumer.java:1563)
Encountered unexpected token: "<" <MAX>
    at line 1, column 1.

Was expecting one of:

    ":"
    "\n"
        org.semanticweb.owlapi.dlsyntax.parser.DLSyntaxParser.generateParseException(DLSyntaxParser.java:1572)
        org.semanticweb.owlapi.dlsyntax.parser.DLSyntaxParser.jj_consume_token(DLSyntaxParser.java:1443)
        org.semanticweb.owlapi.dlsyntax.parser.DLSyntaxParser.parseAxiom(DLSyntaxParser.java:141)
        org.semanticweb.owlapi.dlsyntax.parser.DLSyntaxParser.parseAxioms(DLSyntaxParser.java:114)
        org.semanticweb.owlapi.dlsyntax.parser.DLSyntaxOWLParser.parse(DLSyntaxOWLParser.java:48)
        uk.ac.manchester.cs.owl.owlapi.OWLOntologyFactoryImpl.loadOWLOntology(OWLOntologyFactoryImpl.java:195)
        uk.ac.manchester.cs.owl.owlapi.OWLOntologyManagerImpl.load(OWLOntologyManagerImpl.java:1105)
        uk.ac.manchester.cs.owl.owlapi.OWLOntologyManagerImpl.loadOntology(OWLOntologyManagerImpl.java:1055)
        uk.ac.manchester.cs.owl.owlapi.OWLOntologyManagerImpl.loadOntology(OWLOntologyManagerImpl.java:955)
        uk.ac.manchester.cs.owl.owlapi.OWLOntologyManagerImpl.loadImports(OWLOntologyManagerImpl.java:1663)


--------------------------------------------------------------------------------
Parser: org.semanticweb.owlapi.rio.RioParserImpl : org.semanticweb.owlapi.formats.BinaryRDFDocumentFormatFactory@3bf24493
    Stack trace:
org.eclipse.rdf4j.rio.RDFParseException: File does not contain a binary RDF document        org.semanticweb.owlapi.rio.RioParserImpl.parse(RioParserImpl.java:148)
        uk.ac.manchester.cs.owl.owlapi.OWLOntologyFactoryImpl.loadOWLOntology(OWLOntologyFactoryImpl.java:195)
        uk.ac.manchester.cs.owl.owlapi.OWLOntologyManagerImpl.load(OWLOntologyManagerImpl.java:1105)
        uk.ac.manchester.cs.owl.owlapi.OWLOntologyManagerImpl.loadOntology(OWLOntologyManagerImpl.java:1055)
        uk.ac.manchester.cs.owl.owlapi.OWLOntologyManagerImpl.loadOntology(OWLOntologyManagerImpl.java:955)
        uk.ac.manchester.cs.owl.owlapi.OWLOntologyManagerImpl.loadImports(OWLOntologyManagerImpl.java:1663)
        uk.ac.manchester.cs.owl.owlapi.OWLOntologyManagerImpl.makeLoadImportRequest(OWLOntologyManagerImpl.java:1703)
        org.semanticweb.owlapi.rdf.rdfxml.parser.TripleHandlers$TPImportsHandler.handleTriple(TripleHandlers.java:1555)
        org.semanticweb.owlapi.rdf.rdfxml.parser.TripleHandlers$HandlerAccessor.handleStreaming(TripleHandlers.java:369)
        org.semanticweb.owlapi.rdf.rdfxml.parser.OWLRDFConsumer.statementWithResourceValue(OWLRDFConsumer.java:1563)
File does not contain a binary RDF document        org.eclipse.rdf4j.rio.helpers.RDFParserHelper.reportFatalError(RDFParserHelper.java:347)
        org.eclipse.rdf4j.rio.helpers.RDFParserHelper.reportFatalError(RDFParserHelper.java:334)
        org.eclipse.rdf4j.rio.helpers.AbstractRDFParser.reportFatalError(AbstractRDFParser.java:690)
        org.eclipse.rdf4j.rio.binary.BinaryRDFParser.parse(BinaryRDFParser.java:92)
        org.semanticweb.owlapi.rio.RioParserImpl.parseDocumentSource(RioParserImpl.java:198)
        org.semanticweb.owlapi.rio.RioParserImpl.parse(RioParserImpl.java:134)
        uk.ac.manchester.cs.owl.owlapi.OWLOntologyFactoryImpl.loadOWLOntology(OWLOntologyFactoryImpl.java:195)
        uk.ac.manchester.cs.owl.owlapi.OWLOntologyManagerImpl.load(OWLOntologyManagerImpl.java:1105)
        uk.ac.manchester.cs.owl.owlapi.OWLOntologyManagerImpl.loadOntology(OWLOntologyManagerImpl.java:1055)
        uk.ac.manchester.cs.owl.owlapi.OWLOntologyManagerImpl.loadOntology(OWLOntologyManagerImpl.java:955)


--------------------------------------------------------------------------------
Parser: org.semanticweb.owlapi.krss2.parser.KRSS2OWLParser@341df373
    Stack trace:
org.semanticweb.owlapi.krss2.parser.ParseException: Encountered unexpected token: "<?xml version=\"1.0\" encoding=\"UTF-8\"?>" ">"
    at line 1, column 1.

Was expecting:

    <EOF>
        org.semanticweb.owlapi.krss2.parser.KRSS2OWLParser.parse(KRSS2OWLParser.java:252)
        uk.ac.manchester.cs.owl.owlapi.OWLOntologyFactoryImpl.loadOWLOntology(OWLOntologyFactoryImpl.java:195)
        uk.ac.manchester.cs.owl.owlapi.OWLOntologyManagerImpl.load(OWLOntologyManagerImpl.java:1105)
        uk.ac.manchester.cs.owl.owlapi.OWLOntologyManagerImpl.loadOntology(OWLOntologyManagerImpl.java:1055)
        uk.ac.manchester.cs.owl.owlapi.OWLOntologyManagerImpl.loadOntology(OWLOntologyManagerImpl.java:955)
        uk.ac.manchester.cs.owl.owlapi.OWLOntologyManagerImpl.loadImports(OWLOntologyManagerImpl.java:1663)
        uk.ac.manchester.cs.owl.owlapi.OWLOntologyManagerImpl.makeLoadImportRequest(OWLOntologyManagerImpl.java:1703)
        org.semanticweb.owlapi.rdf.rdfxml.parser.TripleHandlers$TPImportsHandler.handleTriple(TripleHandlers.java:1555)
        org.semanticweb.owlapi.rdf.rdfxml.parser.TripleHandlers$HandlerAccessor.handleStreaming(TripleHandlers.java:369)
        org.semanticweb.owlapi.rdf.rdfxml.parser.OWLRDFConsumer.statementWithResourceValue(OWLRDFConsumer.java:1563)
Encountered unexpected token: "<?xml version=\"1.0\" encoding=\"UTF-8\"?>" ">"
    at line 1, column 1.

Was expecting:

    <EOF>
        org.semanticweb.owlapi.krss2.parser.KRSS2Parser.generateParseException(KRSS2Parser.java:2103)
        org.semanticweb.owlapi.krss2.parser.KRSS2Parser.jj_consume_token(KRSS2Parser.java:1968)
        org.semanticweb.owlapi.krss2.parser.KRSS2Parser.parse(KRSS2Parser.java:124)
        org.semanticweb.owlapi.krss2.parser.KRSS2OWLParser.parse(KRSS2OWLParser.java:249)
        uk.ac.manchester.cs.owl.owlapi.OWLOntologyFactoryImpl.loadOWLOntology(OWLOntologyFactoryImpl.java:195)
        uk.ac.manchester.cs.owl.owlapi.OWLOntologyManagerImpl.load(OWLOntologyManagerImpl.java:1105)
        uk.ac.manchester.cs.owl.owlapi.OWLOntologyManagerImpl.loadOntology(OWLOntologyManagerImpl.java:1055)
        uk.ac.manchester.cs.owl.owlapi.OWLOntologyManagerImpl.loadOntology(OWLOntologyManagerImpl.java:955)
        uk.ac.manchester.cs.owl.owlapi.OWLOntologyManagerImpl.loadImports(OWLOntologyManagerImpl.java:1663)
        uk.ac.manchester.cs.owl.owlapi.OWLOntologyManagerImpl.makeLoadImportRequest(OWLOntologyManagerImpl.java:1703)


--------------------------------------------------------------------------------
Parser: org.semanticweb.owlapi.rio.RioParserImpl : org.semanticweb.owlapi.formats.HDTRDFDocumentFormatFactory@116d8
    Stack trace:
org.eclipse.rdf4j.rio.RDFParseException: $HDT marker not found [line 4]        org.semanticweb.owlapi.rio.RioParserImpl.parse(RioParserImpl.java:148)
        uk.ac.manchester.cs.owl.owlapi.OWLOntologyFactoryImpl.loadOWLOntology(OWLOntologyFactoryImpl.java:195)
        uk.ac.manchester.cs.owl.owlapi.OWLOntologyManagerImpl.load(OWLOntologyManagerImpl.java:1105)
        uk.ac.manchester.cs.owl.owlapi.OWLOntologyManagerImpl.loadOntology(OWLOntologyManagerImpl.java:1055)
        uk.ac.manchester.cs.owl.owlapi.OWLOntologyManagerImpl.loadOntology(OWLOntologyManagerImpl.java:955)
        uk.ac.manchester.cs.owl.owlapi.OWLOntologyManagerImpl.loadImports(OWLOntologyManagerImpl.java:1663)
        uk.ac.manchester.cs.owl.owlapi.OWLOntologyManagerImpl.makeLoadImportRequest(OWLOntologyManagerImpl.java:1703)
        org.semanticweb.owlapi.rdf.rdfxml.parser.TripleHandlers$TPImportsHandler.handleTriple(TripleHandlers.java:1555)
        org.semanticweb.owlapi.rdf.rdfxml.parser.TripleHandlers$HandlerAccessor.handleStreaming(TripleHandlers.java:369)
        org.semanticweb.owlapi.rdf.rdfxml.parser.OWLRDFConsumer.statementWithResourceValue(OWLRDFConsumer.java:1563)
$HDT marker not found [line 4]        org.eclipse.rdf4j.rio.helpers.RDFParserHelper.reportFatalError(RDFParserHelper.java:347)
        org.eclipse.rdf4j.rio.helpers.AbstractRDFParser.reportFatalError(AbstractRDFParser.java:698)
        org.eclipse.rdf4j.rio.hdt.HDTParser.parse(HDTParser.java:156)
        org.semanticweb.owlapi.rio.RioParserImpl.parseDocumentSource(RioParserImpl.java:198)
        org.semanticweb.owlapi.rio.RioParserImpl.parse(RioParserImpl.java:134)
        uk.ac.manchester.cs.owl.owlapi.OWLOntologyFactoryImpl.loadOWLOntology(OWLOntologyFactoryImpl.java:195)
        uk.ac.manchester.cs.owl.owlapi.OWLOntologyManagerImpl.load(OWLOntologyManagerImpl.java:1105)
        uk.ac.manchester.cs.owl.owlapi.OWLOntologyManagerImpl.loadOntology(OWLOntologyManagerImpl.java:1055)
        uk.ac.manchester.cs.owl.owlapi.OWLOntologyManagerImpl.loadOntology(OWLOntologyManagerImpl.java:955)
        uk.ac.manchester.cs.owl.owlapi.OWLOntologyManagerImpl.loadImports(OWLOntologyManagerImpl.java:1663)


--------------------------------------------------------------------------------
Parser: org.semanticweb.owlapi.rio.RioParserImpl : org.semanticweb.owlapi.formats.RDFaDocumentFormatFactory@264e8d
    Stack trace:
org.eclipse.rdf4j.rio.UnsupportedRDFormatException: Did not recognise RDF format object RDFa (mimeTypes=application/xhtml+xml, application/html, text/html; ext=xhtml, html)        org.semanticweb.owlapi.rio.RioParserImpl.parse(RioParserImpl.java:148)
        uk.ac.manchester.cs.owl.owlapi.OWLOntologyFactoryImpl.loadOWLOntology(OWLOntologyFactoryImpl.java:195)
        uk.ac.manchester.cs.owl.owlapi.OWLOntologyManagerImpl.load(OWLOntologyManagerImpl.java:1105)
        uk.ac.manchester.cs.owl.owlapi.OWLOntologyManagerImpl.loadOntology(OWLOntologyManagerImpl.java:1055)
        uk.ac.manchester.cs.owl.owlapi.OWLOntologyManagerImpl.loadOntology(OWLOntologyManagerImpl.java:955)
        uk.ac.manchester.cs.owl.owlapi.OWLOntologyManagerImpl.loadImports(OWLOntologyManagerImpl.java:1663)
        uk.ac.manchester.cs.owl.owlapi.OWLOntologyManagerImpl.makeLoadImportRequest(OWLOntologyManagerImpl.java:1703)
        org.semanticweb.owlapi.rdf.rdfxml.parser.TripleHandlers$TPImportsHandler.handleTriple(TripleHandlers.java:1555)
        org.semanticweb.owlapi.rdf.rdfxml.parser.TripleHandlers$HandlerAccessor.handleStreaming(TripleHandlers.java:369)
        org.semanticweb.owlapi.rdf.rdfxml.parser.OWLRDFConsumer.statementWithResourceValue(OWLRDFConsumer.java:1563)
Did not recognise RDF format object RDFa (mimeTypes=application/xhtml+xml, application/html, text/html; ext=xhtml, html)        org.eclipse.rdf4j.rio.Rio.lambda$unsupportedFormat$0(Rio.java:761)
        java.base/java.util.Optional.orElseThrow(Optional.java:407)
        org.eclipse.rdf4j.rio.Rio.createParser(Rio.java:99)
        org.semanticweb.owlapi.rio.RioParserImpl.parseDocumentSource(RioParserImpl.java:173)
        org.semanticweb.owlapi.rio.RioParserImpl.parse(RioParserImpl.java:134)
        uk.ac.manchester.cs.owl.owlapi.OWLOntologyFactoryImpl.loadOWLOntology(OWLOntologyFactoryImpl.java:195)
        uk.ac.manchester.cs.owl.owlapi.OWLOntologyManagerImpl.load(OWLOntologyManagerImpl.java:1105)
        uk.ac.manchester.cs.owl.owlapi.OWLOntologyManagerImpl.loadOntology(OWLOntologyManagerImpl.java:1055)
        uk.ac.manchester.cs.owl.owlapi.OWLOntologyManagerImpl.loadOntology(OWLOntologyManagerImpl.java:955)
        uk.ac.manchester.cs.owl.owlapi.OWLOntologyManagerImpl.loadImports(OWLOntologyManagerImpl.java:1663)



	at uk.ac.manchester.cs.owl.owlapi.OWLOntologyManagerImpl.makeLoadImportRequest(OWLOntologyManagerImpl.java:1710)
	at org.semanticweb.owlapi.rdf.rdfxml.parser.TripleHandlers$TPImportsHandler.handleTriple(TripleHandlers.java:1555)
	at org.semanticweb.owlapi.rdf.rdfxml.parser.TripleHandlers$HandlerAccessor.handleStreaming(TripleHandlers.java:369)
	at org.semanticweb.owlapi.rdf.rdfxml.parser.OWLRDFConsumer.statementWithResourceValue(OWLRDFConsumer.java:1563)
	at org.semanticweb.owlapi.rdf.rdfxml.parser.RDFParser.statementWithResourceValue(RDFParser.java:382)
	at org.semanticweb.owlapi.rdf.rdfxml.parser.EmptyPropertyElement.startElement(StartRDF.java:263)
	at org.semanticweb.owlapi.rdf.rdfxml.parser.PropertyElementList.startElement(StartRDF.java:728)
	at org.semanticweb.owlapi.rdf.rdfxml.parser.RDFParser.startElement(RDFParser.java:218)
	at java.xml/com.sun.org.apache.xerces.internal.parsers.AbstractSAXParser.startElement(AbstractSAXParser.java:519)
	at java.xml/com.sun.org.apache.xerces.internal.parsers.AbstractXMLDocumentParser.emptyElement(AbstractXMLDocumentParser.java:183)
	at java.xml/com.sun.org.apache.xerces.internal.impl.XMLNSDocumentScannerImpl.scanStartElement(XMLNSDocumentScannerImpl.java:353)
	at java.xml/com.sun.org.apache.xerces.internal.impl.XMLDocumentFragmentScannerImpl$FragmentContentDriver.next(XMLDocumentFragmentScannerImpl.java:2736)
	at java.xml/com.sun.org.apache.xerces.internal.impl.XMLDocumentScannerImpl.next(XMLDocumentScannerImpl.java:635)
	at java.xml/com.sun.org.apache.xerces.internal.impl.XMLNSDocumentScannerImpl.next(XMLNSDocumentScannerImpl.java:113)
	at java.xml/com.sun.org.apache.xerces.internal.impl.XMLDocumentFragmentScannerImpl.scanDocument(XMLDocumentFragmentScannerImpl.java:551)
	at java.xml/com.sun.org.apache.xerces.internal.parsers.XML11Configuration.parse(XML11Configuration.java:890)
	at java.xml/com.sun.org.apache.xerces.internal.parsers.XML11Configuration.parse(XML11Configuration.java:826)
	at java.xml/com.sun.org.apache.xerces.internal.parsers.XMLParser.parse(XMLParser.java:137)
	at java.xml/com.sun.org.apache.xerces.internal.parsers.AbstractSAXParser.parse(AbstractSAXParser.java:1225)
	at java.xml/com.sun.org.apache.xerces.internal.jaxp.SAXParserImpl$JAXPSAXParser.parse(SAXParserImpl.java:629)
	at java.xml/com.sun.org.apache.xerces.internal.jaxp.SAXParserImpl.parse(SAXParserImpl.java:328)
	at org.semanticweb.owlapi.rdf.rdfxml.parser.RDFParser.parse(RDFParser.java:161)
	at org.semanticweb.owlapi.rdf.rdfxml.parser.RDFXMLParser.parse(RDFXMLParser.java:65)
	at uk.ac.manchester.cs.owl.owlapi.OWLOntologyFactoryImpl.loadOWLOntology(OWLOntologyFactoryImpl.java:195)
	at uk.ac.manchester.cs.owl.owlapi.OWLOntologyManagerImpl.load(OWLOntologyManagerImpl.java:1105)
	at uk.ac.manchester.cs.owl.owlapi.OWLOntologyManagerImpl.loadOntology(OWLOntologyManagerImpl.java:1055)
	at uk.ac.manchester.cs.owl.owlapi.OWLOntologyManagerImpl.loadOntologyFromOntologyDocument(OWLOntologyManagerImpl.java:1005)
	at uk.ac.manchester.cs.owl.owlapi.OWLOntologyManagerImpl.loadOntologyFromOntologyDocument(OWLOntologyManagerImpl.java:1018)
	at it.unibz.inf.ontop.injection.impl.OntopMappingOntologyConfigurationImpl.loadOntologyFromFile(OntopMappingOntologyConfigurationImpl.java:97)
	at it.unibz.inf.ontop.injection.impl.OntopMappingOntologyConfigurationImpl.loadInputOntology(OntopMappingOntologyConfigurationImpl.java:74)
	at it.unibz.inf.ontop.injection.impl.OntopMappingOntologyConfigurationImpl.loadOntology(OntopMappingOntologyConfigurationImpl.java:207)
	at it.unibz.inf.ontop.injection.impl.OntopMappingConfigurationImpl.loadSpecification(OntopMappingConfigurationImpl.java:94)
	at it.unibz.inf.ontop.injection.impl.OntopMappingSQLConfigurationImpl.loadSpecification(OntopMappingSQLConfigurationImpl.java:93)
	at it.unibz.inf.ontop.injection.impl.OntopMappingSQLAllConfigurationImpl.loadSpecification(OntopMappingSQLAllConfigurationImpl.java:55)
	at it.unibz.inf.ontop.injection.impl.OntopSQLOWLAPIConfigurationImpl.loadOBDASpecification(OntopSQLOWLAPIConfigurationImpl.java:42)
	at it.unibz.inf.ontop.injection.impl.OntopOBDAConfigurationImpl.loadSpecification(OntopOBDAConfigurationImpl.java:44)
	at it.unibz.inf.ontop.injection.OntopSystemConfiguration.loadQueryEngine(OntopSystemConfiguration.java:20)
	at it.unibz.inf.ontop.rdf4j.repository.impl.OntopVirtualRepository.initializeInternal(OntopVirtualRepository.java:72)
	... 41 common frames omitted
Caused by: org.semanticweb.owlapi.io.UnparsableOntologyException: Problem parsing file:/D:/work/Ontology/TraditionalChineseMedicineOntology/ontology/fangji.owl
Could not parse ontology.  Either a suitable parser could not be found, or parsing failed.  See parser logs below for explanation.
The following parsers were tried:
1) org.semanticweb.owlapi.rdf.rdfxml.parser.RDFXMLParser@2cd2c764
2) org.semanticweb.owlapi.owlxml.parser.OWLXMLParser@571c7572
3) org.semanticweb.owlapi.functional.parser.OWLFunctionalSyntaxOWLParser@c6a3f47
4) org.semanticweb.owlapi.rio.RioParserImpl : org.semanticweb.owlapi.formats.RioTurtleDocumentFormatFactory@95fd655c
5) org.semanticweb.owlapi.manchestersyntax.parser.ManchesterOWLSyntaxOntologyParser@59bbf82e
6) org.semanticweb.owlapi.rio.RioParserImpl : org.semanticweb.owlapi.formats.NQuadsDocumentFormatFactory@6f9c39ad
7) org.semanticweb.owlapi.rio.RioParserImpl : org.semanticweb.owlapi.formats.NTriplesDocumentFormatFactory@937ecd36
8) org.semanticweb.owlapi.rio.RioParserImpl : org.semanticweb.owlapi.formats.RDFJsonDocumentFormatFactory@cd748dc3
9) org.semanticweb.owlapi.rio.RioParserImpl : org.semanticweb.owlapi.formats.TrigDocumentFormatFactory@27e81c
10) org.semanticweb.owlapi.rio.RioParserImpl : org.semanticweb.owlapi.formats.RDFJsonLDDocumentFormatFactory@dcacc47d
11) org.semanticweb.owlapi.rio.RioParserImpl : org.semanticweb.owlapi.formats.N3DocumentFormatFactory@9a5
12) org.semanticweb.owlapi.rio.RioParserImpl : org.semanticweb.owlapi.formats.RioRDFXMLDocumentFormatFactory@69b9a3bc
13) org.semanticweb.owlapi.rdf.turtle.parser.TurtleOntologyParser@7c0a6f62
14) org.semanticweb.owlapi.oboformat.OBOFormatOWLAPIParser@6b170692
15) org.semanticweb.owlapi.dlsyntax.parser.DLSyntaxOWLParser@4603c412
16) org.semanticweb.owlapi.rio.RioParserImpl : org.semanticweb.owlapi.formats.BinaryRDFDocumentFormatFactory@3bf24493
17) org.semanticweb.owlapi.krss2.parser.KRSS2OWLParser@341df373
18) org.semanticweb.owlapi.rio.RioParserImpl : org.semanticweb.owlapi.formats.HDTRDFDocumentFormatFactory@116d8
19) org.semanticweb.owlapi.rio.RioParserImpl : org.semanticweb.owlapi.formats.RDFaDocumentFormatFactory@264e8d


Detailed logs:
--------------------------------------------------------------------------------
Parser: org.semanticweb.owlapi.rdf.rdfxml.parser.RDFXMLParser@2cd2c764
    Stack trace:
org.xml.sax.SAXParseException; systemId: file:/D:/work/Ontology/TraditionalChineseMedicineOntology/ontology/fangji.owl; lineNumber: 38; columnNumber: 12; 注释中不允许出现字符串 "--"。        org.semanticweb.owlapi.rdf.rdfxml.parser.RDFXMLParser.parse(RDFXMLParser.java:69)
        uk.ac.manchester.cs.owl.owlapi.OWLOntologyFactoryImpl.loadOWLOntology(OWLOntologyFactoryImpl.java:195)
        uk.ac.manchester.cs.owl.owlapi.OWLOntologyManagerImpl.load(OWLOntologyManagerImpl.java:1105)
        uk.ac.manchester.cs.owl.owlapi.OWLOntologyManagerImpl.loadOntology(OWLOntologyManagerImpl.java:1055)
        uk.ac.manchester.cs.owl.owlapi.OWLOntologyManagerImpl.loadOntology(OWLOntologyManagerImpl.java:955)
        uk.ac.manchester.cs.owl.owlapi.OWLOntologyManagerImpl.loadImports(OWLOntologyManagerImpl.java:1663)
        uk.ac.manchester.cs.owl.owlapi.OWLOntologyManagerImpl.makeLoadImportRequest(OWLOntologyManagerImpl.java:1703)
        org.semanticweb.owlapi.rdf.rdfxml.parser.TripleHandlers$TPImportsHandler.handleTriple(TripleHandlers.java:1555)
        org.semanticweb.owlapi.rdf.rdfxml.parser.TripleHandlers$HandlerAccessor.handleStreaming(TripleHandlers.java:369)
        org.semanticweb.owlapi.rdf.rdfxml.parser.OWLRDFConsumer.statementWithResourceValue(OWLRDFConsumer.java:1563)
注释中不允许出现字符串 "--"。        java.xml/com.sun.org.apache.xerces.internal.util.ErrorHandlerWrapper.createSAXParseException(ErrorHandlerWrapper.java:204)
        java.xml/com.sun.org.apache.xerces.internal.util.ErrorHandlerWrapper.fatalError(ErrorHandlerWrapper.java:178)
        java.xml/com.sun.org.apache.xerces.internal.impl.XMLErrorReporter.reportError(XMLErrorReporter.java:400)
        java.xml/com.sun.org.apache.xerces.internal.impl.XMLErrorReporter.reportError(XMLErrorReporter.java:327)
        java.xml/com.sun.org.apache.xerces.internal.impl.XMLScanner.reportFatalError(XMLScanner.java:1465)
        java.xml/com.sun.org.apache.xerces.internal.impl.XMLScanner.scanComment(XMLScanner.java:818)
        java.xml/com.sun.org.apache.xerces.internal.impl.XMLDocumentFragmentScannerImpl.scanComment(XMLDocumentFragmentScannerImpl.java:1088)
        java.xml/com.sun.org.apache.xerces.internal.impl.XMLDocumentFragmentScannerImpl$FragmentContentDriver.next(XMLDocumentFragmentScannerImpl.java:2924)
        java.xml/com.sun.org.apache.xerces.internal.impl.XMLDocumentScannerImpl.next(XMLDocumentScannerImpl.java:635)
        java.xml/com.sun.org.apache.xerces.internal.impl.XMLNSDocumentScannerImpl.next(XMLNSDocumentScannerImpl.java:113)


--------------------------------------------------------------------------------
Parser: org.semanticweb.owlapi.owlxml.parser.OWLXMLParser@571c7572
    Stack trace:
Attribute not found: IRI (Line 20)        org.semanticweb.owlapi.owlxml.parser.OWLEH.ensureAttributeNotNull(PARSER_OWLXMLVocabulary.java:597)
        org.semanticweb.owlapi.owlxml.parser.OWLEH.getIRIFromAttribute(PARSER_OWLXMLVocabulary.java:504)
        org.semanticweb.owlapi.owlxml.parser.OWLClassEH.attribute(PARSER_OWLXMLVocabulary.java:1008)
        org.semanticweb.owlapi.owlxml.parser.OWLXMLPH.startElement(OWLXMLPH.java:478)
        java.xml/com.sun.org.apache.xerces.internal.parsers.AbstractSAXParser.startElement(AbstractSAXParser.java:519)
        java.xml/com.sun.org.apache.xerces.internal.impl.XMLNSDocumentScannerImpl.scanStartElement(XMLNSDocumentScannerImpl.java:376)
        java.xml/com.sun.org.apache.xerces.internal.impl.XMLDocumentFragmentScannerImpl$FragmentContentDriver.next(XMLDocumentFragmentScannerImpl.java:2736)
        java.xml/com.sun.org.apache.xerces.internal.impl.XMLDocumentScannerImpl.next(XMLDocumentScannerImpl.java:635)
        java.xml/com.sun.org.apache.xerces.internal.impl.XMLNSDocumentScannerImpl.next(XMLNSDocumentScannerImpl.java:113)
        java.xml/com.sun.org.apache.xerces.internal.impl.XMLDocumentFragmentScannerImpl.scanDocument(XMLDocumentFragmentScannerImpl.java:551)


--------------------------------------------------------------------------------
Parser: org.semanticweb.owlapi.functional.parser.OWLFunctionalSyntaxOWLParser@c6a3f47
    Stack trace:
Encountered unexpected token: "<?xml version=\"1.0\" encoding=\"UTF-8\"?>" <FULLIRI>
    at line 1, column 1.

Was expecting one of:

    "Ontology"
    "Prefix"
 (Line 0)        org.semanticweb.owlapi.functional.parser.OWLFunctionalSyntaxOWLParser.parse(OWLFunctionalSyntaxOWLParser.java:49)
        uk.ac.manchester.cs.owl.owlapi.OWLOntologyFactoryImpl.loadOWLOntology(OWLOntologyFactoryImpl.java:195)
        uk.ac.manchester.cs.owl.owlapi.OWLOntologyManagerImpl.load(OWLOntologyManagerImpl.java:1105)
        uk.ac.manchester.cs.owl.owlapi.OWLOntologyManagerImpl.loadOntology(OWLOntologyManagerImpl.java:1055)
        uk.ac.manchester.cs.owl.owlapi.OWLOntologyManagerImpl.loadOntology(OWLOntologyManagerImpl.java:955)
        uk.ac.manchester.cs.owl.owlapi.OWLOntologyManagerImpl.loadImports(OWLOntologyManagerImpl.java:1663)
        uk.ac.manchester.cs.owl.owlapi.OWLOntologyManagerImpl.makeLoadImportRequest(OWLOntologyManagerImpl.java:1703)
        org.semanticweb.owlapi.rdf.rdfxml.parser.TripleHandlers$TPImportsHandler.handleTriple(TripleHandlers.java:1555)
        org.semanticweb.owlapi.rdf.rdfxml.parser.TripleHandlers$HandlerAccessor.handleStreaming(TripleHandlers.java:369)
        org.semanticweb.owlapi.rdf.rdfxml.parser.OWLRDFConsumer.statementWithResourceValue(OWLRDFConsumer.java:1563)
Encountered unexpected token: "<?xml version=\"1.0\" encoding=\"UTF-8\"?>" <FULLIRI>
    at line 1, column 1.

Was expecting one of:

    "Ontology"
    "Prefix"
        org.semanticweb.owlapi.functional.parser.OWLFunctionalSyntaxParser.generateParseException(OWLFunctionalSyntaxParser.java:2479)
        org.semanticweb.owlapi.functional.parser.OWLFunctionalSyntaxParser.jj_consume_token(OWLFunctionalSyntaxParser.java:2405)
        org.semanticweb.owlapi.functional.parser.OWLFunctionalSyntaxParser.Ontology(OWLFunctionalSyntaxParser.java:115)
        org.semanticweb.owlapi.functional.parser.OWLFunctionalSyntaxParser.parse(OWLFunctionalSyntaxParser.java:101)
        org.semanticweb.owlapi.functional.parser.OWLFunctionalSyntaxOWLParser.parse(OWLFunctionalSyntaxOWLParser.java:47)
        uk.ac.manchester.cs.owl.owlapi.OWLOntologyFactoryImpl.loadOWLOntology(OWLOntologyFactoryImpl.java:195)
        uk.ac.manchester.cs.owl.owlapi.OWLOntologyManagerImpl.load(OWLOntologyManagerImpl.java:1105)
        uk.ac.manchester.cs.owl.owlapi.OWLOntologyManagerImpl.loadOntology(OWLOntologyManagerImpl.java:1055)
        uk.ac.manchester.cs.owl.owlapi.OWLOntologyManagerImpl.loadOntology(OWLOntologyManagerImpl.java:955)
        uk.ac.manchester.cs.owl.owlapi.OWLOntologyManagerImpl.loadImports(OWLOntologyManagerImpl.java:1663)


--------------------------------------------------------------------------------
Parser: org.semanticweb.owlapi.rio.RioParserImpl : org.semanticweb.owlapi.formats.RioTurtleDocumentFormatFactory@95fd655c
    Stack trace:
org.eclipse.rdf4j.rio.RDFParseException: Expected '.', found '<' [line 5]        org.semanticweb.owlapi.rio.RioParserImpl.parse(RioParserImpl.java:148)
        uk.ac.manchester.cs.owl.owlapi.OWLOntologyFactoryImpl.loadOWLOntology(OWLOntologyFactoryImpl.java:195)
        uk.ac.manchester.cs.owl.owlapi.OWLOntologyManagerImpl.load(OWLOntologyManagerImpl.java:1105)
        uk.ac.manchester.cs.owl.owlapi.OWLOntologyManagerImpl.loadOntology(OWLOntologyManagerImpl.java:1055)
        uk.ac.manchester.cs.owl.owlapi.OWLOntologyManagerImpl.loadOntology(OWLOntologyManagerImpl.java:955)
        uk.ac.manchester.cs.owl.owlapi.OWLOntologyManagerImpl.loadImports(OWLOntologyManagerImpl.java:1663)
        uk.ac.manchester.cs.owl.owlapi.OWLOntologyManagerImpl.makeLoadImportRequest(OWLOntologyManagerImpl.java:1703)
        org.semanticweb.owlapi.rdf.rdfxml.parser.TripleHandlers$TPImportsHandler.handleTriple(TripleHandlers.java:1555)
        org.semanticweb.owlapi.rdf.rdfxml.parser.TripleHandlers$HandlerAccessor.handleStreaming(TripleHandlers.java:369)
        org.semanticweb.owlapi.rdf.rdfxml.parser.OWLRDFConsumer.statementWithResourceValue(OWLRDFConsumer.java:1563)
Expected '.', found '<' [line 5]        org.eclipse.rdf4j.rio.helpers.RDFParserHelper.reportFatalError(RDFParserHelper.java:347)
        org.eclipse.rdf4j.rio.helpers.AbstractRDFParser.reportFatalError(AbstractRDFParser.java:698)
        org.eclipse.rdf4j.rio.turtle.TurtleParser.reportFatalError(TurtleParser.java:1309)
        org.eclipse.rdf4j.rio.turtle.TurtleParser.verifyCharacterOrFail(TurtleParser.java:1154)
        org.eclipse.rdf4j.rio.turtle.TurtleParser.parseStatement(TurtleParser.java:205)
        org.eclipse.rdf4j.rio.turtle.TurtleParser.parse(TurtleParser.java:165)
        org.semanticweb.owlapi.rio.RioParserImpl.parseDocumentSource(RioParserImpl.java:186)
        org.semanticweb.owlapi.rio.RioParserImpl.parse(RioParserImpl.java:134)
        uk.ac.manchester.cs.owl.owlapi.OWLOntologyFactoryImpl.loadOWLOntology(OWLOntologyFactoryImpl.java:195)
        uk.ac.manchester.cs.owl.owlapi.OWLOntologyManagerImpl.load(OWLOntologyManagerImpl.java:1105)


--------------------------------------------------------------------------------
Parser: org.semanticweb.owlapi.manchestersyntax.parser.ManchesterOWLSyntaxOntologyParser@59bbf82e
    Stack trace:
Encountered '<?xml version="1.0" encoding="UTF-8"?>' at line 1 column 1.  Expected either 'Ontology:' or 'Prefix:' (Line 1)        org.semanticweb.owlapi.manchestersyntax.parser.ManchesterOWLSyntaxOntologyParser.parse(ManchesterOWLSyntaxOntologyParser.java:81)
        uk.ac.manchester.cs.owl.owlapi.OWLOntologyFactoryImpl.loadOWLOntology(OWLOntologyFactoryImpl.java:195)
        uk.ac.manchester.cs.owl.owlapi.OWLOntologyManagerImpl.load(OWLOntologyManagerImpl.java:1105)
        uk.ac.manchester.cs.owl.owlapi.OWLOntologyManagerImpl.loadOntology(OWLOntologyManagerImpl.java:1055)
        uk.ac.manchester.cs.owl.owlapi.OWLOntologyManagerImpl.loadOntology(OWLOntologyManagerImpl.java:955)
        uk.ac.manchester.cs.owl.owlapi.OWLOntologyManagerImpl.loadImports(OWLOntologyManagerImpl.java:1663)
        uk.ac.manchester.cs.owl.owlapi.OWLOntologyManagerImpl.makeLoadImportRequest(OWLOntologyManagerImpl.java:1703)
        org.semanticweb.owlapi.rdf.rdfxml.parser.TripleHandlers$TPImportsHandler.handleTriple(TripleHandlers.java:1555)
        org.semanticweb.owlapi.rdf.rdfxml.parser.TripleHandlers$HandlerAccessor.handleStreaming(TripleHandlers.java:369)
        org.semanticweb.owlapi.rdf.rdfxml.parser.OWLRDFConsumer.statementWithResourceValue(OWLRDFConsumer.java:1563)


--------------------------------------------------------------------------------
Parser: org.semanticweb.owlapi.rio.RioParserImpl : org.semanticweb.owlapi.formats.NQuadsDocumentFormatFactory@6f9c39ad
    Stack trace:
org.eclipse.rdf4j.rio.RDFParseException: Not a valid (absolute) IRI: ?xml version="1.0" encoding="UTF-8"? [line 1]        org.semanticweb.owlapi.rio.RioParserImpl.parse(RioParserImpl.java:148)
        uk.ac.manchester.cs.owl.owlapi.OWLOntologyFactoryImpl.loadOWLOntology(OWLOntologyFactoryImpl.java:195)
        uk.ac.manchester.cs.owl.owlapi.OWLOntologyManagerImpl.load(OWLOntologyManagerImpl.java:1105)
        uk.ac.manchester.cs.owl.owlapi.OWLOntologyManagerImpl.loadOntology(OWLOntologyManagerImpl.java:1055)
        uk.ac.manchester.cs.owl.owlapi.OWLOntologyManagerImpl.loadOntology(OWLOntologyManagerImpl.java:955)
        uk.ac.manchester.cs.owl.owlapi.OWLOntologyManagerImpl.loadImports(OWLOntologyManagerImpl.java:1663)
        uk.ac.manchester.cs.owl.owlapi.OWLOntologyManagerImpl.makeLoadImportRequest(OWLOntologyManagerImpl.java:1703)
        org.semanticweb.owlapi.rdf.rdfxml.parser.TripleHandlers$TPImportsHandler.handleTriple(TripleHandlers.java:1555)
        org.semanticweb.owlapi.rdf.rdfxml.parser.TripleHandlers$HandlerAccessor.handleStreaming(TripleHandlers.java:369)
        org.semanticweb.owlapi.rdf.rdfxml.parser.OWLRDFConsumer.statementWithResourceValue(OWLRDFConsumer.java:1563)
Not a valid (absolute) IRI: ?xml version="1.0" encoding="UTF-8"? [line 1]        org.eclipse.rdf4j.rio.helpers.RDFParserHelper.reportFatalError(RDFParserHelper.java:380)
        org.eclipse.rdf4j.rio.helpers.AbstractRDFParser.reportFatalError(AbstractRDFParser.java:723)
        org.eclipse.rdf4j.rio.ntriples.NTriplesParser.reportFatalError(NTriplesParser.java:468)
        org.eclipse.rdf4j.rio.helpers.AbstractRDFParser.createURI(AbstractRDFParser.java:360)
        org.eclipse.rdf4j.rio.ntriples.NTriplesParser.createURI(NTriplesParser.java:431)
        org.eclipse.rdf4j.rio.ntriples.NTriplesParser.parseIRI(NTriplesParser.java:260)
        org.eclipse.rdf4j.rio.ntriples.NTriplesParser.parseSubject(NTriplesParser.java:187)
        org.eclipse.rdf4j.rio.nquads.NQuadsParser.parseStatement(NQuadsParser.java:51)
        org.eclipse.rdf4j.rio.ntriples.NTriplesParser.parse(NTriplesParser.java:119)
        org.semanticweb.owlapi.rio.RioParserImpl.parseDocumentSource(RioParserImpl.java:186)
Not a valid (absolute) IRI: ?xml version="1.0" encoding="UTF-8"?        org.eclipse.rdf4j.model.impl.SimpleIRI.setIRIString(SimpleIRI.java:96)
        org.eclipse.rdf4j.model.impl.SimpleIRI.<init>(SimpleIRI.java:67)
        org.eclipse.rdf4j.model.impl.SimpleValueFactory.createIRI(SimpleValueFactory.java:83)
        org.eclipse.rdf4j.rio.helpers.RDFStarDecodingValueFactory.createIRI(RDFStarDecodingValueFactory.java:46)
        org.eclipse.rdf4j.rio.helpers.AbstractRDFParser.createURI(AbstractRDFParser.java:358)
        org.eclipse.rdf4j.rio.ntriples.NTriplesParser.createURI(NTriplesParser.java:431)
        org.eclipse.rdf4j.rio.ntriples.NTriplesParser.parseIRI(NTriplesParser.java:260)
        org.eclipse.rdf4j.rio.ntriples.NTriplesParser.parseSubject(NTriplesParser.java:187)
        org.eclipse.rdf4j.rio.nquads.NQuadsParser.parseStatement(NQuadsParser.java:51)
        org.eclipse.rdf4j.rio.ntriples.NTriplesParser.parse(NTriplesParser.java:119)


--------------------------------------------------------------------------------
Parser: org.semanticweb.owlapi.rio.RioParserImpl : org.semanticweb.owlapi.formats.NTriplesDocumentFormatFactory@937ecd36
    Stack trace:
org.eclipse.rdf4j.rio.RDFParseException: Not a valid (absolute) IRI: ?xml version="1.0" encoding="UTF-8"? [line 1]        org.semanticweb.owlapi.rio.RioParserImpl.parse(RioParserImpl.java:148)
        uk.ac.manchester.cs.owl.owlapi.OWLOntologyFactoryImpl.loadOWLOntology(OWLOntologyFactoryImpl.java:195)
        uk.ac.manchester.cs.owl.owlapi.OWLOntologyManagerImpl.load(OWLOntologyManagerImpl.java:1105)
        uk.ac.manchester.cs.owl.owlapi.OWLOntologyManagerImpl.loadOntology(OWLOntologyManagerImpl.java:1055)
        uk.ac.manchester.cs.owl.owlapi.OWLOntologyManagerImpl.loadOntology(OWLOntologyManagerImpl.java:955)
        uk.ac.manchester.cs.owl.owlapi.OWLOntologyManagerImpl.loadImports(OWLOntologyManagerImpl.java:1663)
        uk.ac.manchester.cs.owl.owlapi.OWLOntologyManagerImpl.makeLoadImportRequest(OWLOntologyManagerImpl.java:1703)
        org.semanticweb.owlapi.rdf.rdfxml.parser.TripleHandlers$TPImportsHandler.handleTriple(TripleHandlers.java:1555)
        org.semanticweb.owlapi.rdf.rdfxml.parser.TripleHandlers$HandlerAccessor.handleStreaming(TripleHandlers.java:369)
        org.semanticweb.owlapi.rdf.rdfxml.parser.OWLRDFConsumer.statementWithResourceValue(OWLRDFConsumer.java:1563)
Not a valid (absolute) IRI: ?xml version="1.0" encoding="UTF-8"? [line 1]        org.eclipse.rdf4j.rio.helpers.RDFParserHelper.reportFatalError(RDFParserHelper.java:380)
        org.eclipse.rdf4j.rio.helpers.AbstractRDFParser.reportFatalError(AbstractRDFParser.java:723)
        org.eclipse.rdf4j.rio.ntriples.NTriplesParser.reportFatalError(NTriplesParser.java:468)
        org.eclipse.rdf4j.rio.helpers.AbstractRDFParser.createURI(AbstractRDFParser.java:360)
        org.eclipse.rdf4j.rio.ntriples.NTriplesParser.createURI(NTriplesParser.java:431)
        org.eclipse.rdf4j.rio.ntriples.NTriplesParser.parseIRI(NTriplesParser.java:260)
        org.eclipse.rdf4j.rio.ntriples.NTriplesParser.parseSubject(NTriplesParser.java:187)
        org.eclipse.rdf4j.rio.ntriples.NTriplesParser.parseStatement(NTriplesParser.java:137)
        org.eclipse.rdf4j.rio.ntriples.NTriplesParser.parse(NTriplesParser.java:119)
        org.semanticweb.owlapi.rio.RioParserImpl.parseDocumentSource(RioParserImpl.java:186)
Not a valid (absolute) IRI: ?xml version="1.0" encoding="UTF-8"?        org.eclipse.rdf4j.model.impl.SimpleIRI.setIRIString(SimpleIRI.java:96)
        org.eclipse.rdf4j.model.impl.SimpleIRI.<init>(SimpleIRI.java:67)
        org.eclipse.rdf4j.model.impl.SimpleValueFactory.createIRI(SimpleValueFactory.java:83)
        org.eclipse.rdf4j.rio.helpers.RDFStarDecodingValueFactory.createIRI(RDFStarDecodingValueFactory.java:46)
        org.eclipse.rdf4j.rio.helpers.AbstractRDFParser.createURI(AbstractRDFParser.java:358)
        org.eclipse.rdf4j.rio.ntriples.NTriplesParser.createURI(NTriplesParser.java:431)
        org.eclipse.rdf4j.rio.ntriples.NTriplesParser.parseIRI(NTriplesParser.java:260)
        org.eclipse.rdf4j.rio.ntriples.NTriplesParser.parseSubject(NTriplesParser.java:187)
        org.eclipse.rdf4j.rio.ntriples.NTriplesParser.parseStatement(NTriplesParser.java:137)
        org.eclipse.rdf4j.rio.ntriples.NTriplesParser.parse(NTriplesParser.java:119)


--------------------------------------------------------------------------------
Parser: org.semanticweb.owlapi.rio.RioParserImpl : org.semanticweb.owlapi.formats.RDFJsonDocumentFormatFactory@cd748dc3
    Stack trace:
org.eclipse.rdf4j.rio.RDFParseException: Found IOException during parsing [line 1, column 2]        org.semanticweb.owlapi.rio.RioParserImpl.parse(RioParserImpl.java:148)
        uk.ac.manchester.cs.owl.owlapi.OWLOntologyFactoryImpl.loadOWLOntology(OWLOntologyFactoryImpl.java:195)
        uk.ac.manchester.cs.owl.owlapi.OWLOntologyManagerImpl.load(OWLOntologyManagerImpl.java:1105)
        uk.ac.manchester.cs.owl.owlapi.OWLOntologyManagerImpl.loadOntology(OWLOntologyManagerImpl.java:1055)
        uk.ac.manchester.cs.owl.owlapi.OWLOntologyManagerImpl.loadOntology(OWLOntologyManagerImpl.java:955)
        uk.ac.manchester.cs.owl.owlapi.OWLOntologyManagerImpl.loadImports(OWLOntologyManagerImpl.java:1663)
        uk.ac.manchester.cs.owl.owlapi.OWLOntologyManagerImpl.makeLoadImportRequest(OWLOntologyManagerImpl.java:1703)
        org.semanticweb.owlapi.rdf.rdfxml.parser.TripleHandlers$TPImportsHandler.handleTriple(TripleHandlers.java:1555)
        org.semanticweb.owlapi.rdf.rdfxml.parser.TripleHandlers$HandlerAccessor.handleStreaming(TripleHandlers.java:369)
        org.semanticweb.owlapi.rdf.rdfxml.parser.OWLRDFConsumer.statementWithResourceValue(OWLRDFConsumer.java:1563)
Found IOException during parsing [line 1, column 2]        org.eclipse.rdf4j.rio.helpers.RDFParserHelper.reportFatalError(RDFParserHelper.java:400)
        org.eclipse.rdf4j.rio.helpers.AbstractRDFParser.reportFatalError(AbstractRDFParser.java:734)
        org.eclipse.rdf4j.rio.rdfjson.RDFJSONParser.reportFatalError(RDFJSONParser.java:138)
        org.eclipse.rdf4j.rio.rdfjson.RDFJSONParser.parse(RDFJSONParser.java:161)
        org.semanticweb.owlapi.rio.RioParserImpl.parseDocumentSource(RioParserImpl.java:186)
        org.semanticweb.owlapi.rio.RioParserImpl.parse(RioParserImpl.java:134)
        uk.ac.manchester.cs.owl.owlapi.OWLOntologyFactoryImpl.loadOWLOntology(OWLOntologyFactoryImpl.java:195)
        uk.ac.manchester.cs.owl.owlapi.OWLOntologyManagerImpl.load(OWLOntologyManagerImpl.java:1105)
        uk.ac.manchester.cs.owl.owlapi.OWLOntologyManagerImpl.loadOntology(OWLOntologyManagerImpl.java:1055)
        uk.ac.manchester.cs.owl.owlapi.OWLOntologyManagerImpl.loadOntology(OWLOntologyManagerImpl.java:955)
Unexpected character ('<' (code 60)): expected a valid value (JSON String, Number, Array, Object or token 'null', 'true' or 'false')
 at [Source: (BufferedReader); line: 1, column: 2]        com.fasterxml.jackson.core.JsonParser._constructError(JsonParser.java:2477)
        com.fasterxml.jackson.core.base.ParserMinimalBase._reportError(ParserMinimalBase.java:750)
        com.fasterxml.jackson.core.base.ParserMinimalBase._reportUnexpectedChar(ParserMinimalBase.java:674)
        com.fasterxml.jackson.core.json.ReaderBasedJsonParser._handleOddValue(ReaderBasedJsonParser.java:2085)
        com.fasterxml.jackson.core.json.ReaderBasedJsonParser.nextToken(ReaderBasedJsonParser.java:808)
        org.eclipse.rdf4j.rio.rdfjson.RDFJSONParser.rdfJsonToHandlerInternal(RDFJSONParser.java:182)
        org.eclipse.rdf4j.rio.rdfjson.RDFJSONParser.parse(RDFJSONParser.java:158)
        org.semanticweb.owlapi.rio.RioParserImpl.parseDocumentSource(RioParserImpl.java:186)
        org.semanticweb.owlapi.rio.RioParserImpl.parse(RioParserImpl.java:134)
        uk.ac.manchester.cs.owl.owlapi.OWLOntologyFactoryImpl.loadOWLOntology(OWLOntologyFactoryImpl.java:195)


--------------------------------------------------------------------------------
Parser: org.semanticweb.owlapi.rio.RioParserImpl : org.semanticweb.owlapi.formats.TrigDocumentFormatFactory@27e81c
    Stack trace:
org.eclipse.rdf4j.rio.RDFParseException: Expected an RDF value here, found '=' [line 5]        org.semanticweb.owlapi.rio.RioParserImpl.parse(RioParserImpl.java:148)
        uk.ac.manchester.cs.owl.owlapi.OWLOntologyFactoryImpl.loadOWLOntology(OWLOntologyFactoryImpl.java:195)
        uk.ac.manchester.cs.owl.owlapi.OWLOntologyManagerImpl.load(OWLOntologyManagerImpl.java:1105)
        uk.ac.manchester.cs.owl.owlapi.OWLOntologyManagerImpl.loadOntology(OWLOntologyManagerImpl.java:1055)
        uk.ac.manchester.cs.owl.owlapi.OWLOntologyManagerImpl.loadOntology(OWLOntologyManagerImpl.java:955)
        uk.ac.manchester.cs.owl.owlapi.OWLOntologyManagerImpl.loadImports(OWLOntologyManagerImpl.java:1663)
        uk.ac.manchester.cs.owl.owlapi.OWLOntologyManagerImpl.makeLoadImportRequest(OWLOntologyManagerImpl.java:1703)
        org.semanticweb.owlapi.rdf.rdfxml.parser.TripleHandlers$TPImportsHandler.handleTriple(TripleHandlers.java:1555)
        org.semanticweb.owlapi.rdf.rdfxml.parser.TripleHandlers$HandlerAccessor.handleStreaming(TripleHandlers.java:369)
        org.semanticweb.owlapi.rdf.rdfxml.parser.OWLRDFConsumer.statementWithResourceValue(OWLRDFConsumer.java:1563)
Expected an RDF value here, found '=' [line 5]        org.eclipse.rdf4j.rio.helpers.RDFParserHelper.reportFatalError(RDFParserHelper.java:347)
        org.eclipse.rdf4j.rio.helpers.AbstractRDFParser.reportFatalError(AbstractRDFParser.java:698)
        org.eclipse.rdf4j.rio.turtle.TurtleParser.reportFatalError(TurtleParser.java:1309)
        org.eclipse.rdf4j.rio.turtle.TurtleParser.parseValue(TurtleParser.java:588)
        org.eclipse.rdf4j.rio.turtle.TurtleParser.parseObject(TurtleParser.java:453)
        org.eclipse.rdf4j.rio.turtle.TurtleParser.parseObjectList(TurtleParser.java:375)
        org.eclipse.rdf4j.rio.turtle.TurtleParser.parsePredicateObjectList(TurtleParser.java:348)
        org.eclipse.rdf4j.rio.trig.TriGParser.parseGraph(TriGParser.java:192)
        org.eclipse.rdf4j.rio.trig.TriGParser.parseStatement(TriGParser.java:115)
        org.eclipse.rdf4j.rio.turtle.TurtleParser.parse(TurtleParser.java:165)


--------------------------------------------------------------------------------
Parser: org.semanticweb.owlapi.rio.RioParserImpl : org.semanticweb.owlapi.formats.RDFJsonLDDocumentFormatFactory@dcacc47d
    Stack trace:
org.eclipse.rdf4j.rio.RDFParseException: Could not parse JSONLD        org.semanticweb.owlapi.rio.RioParserImpl.parse(RioParserImpl.java:148)
        uk.ac.manchester.cs.owl.owlapi.OWLOntologyFactoryImpl.loadOWLOntology(OWLOntologyFactoryImpl.java:195)
        uk.ac.manchester.cs.owl.owlapi.OWLOntologyManagerImpl.load(OWLOntologyManagerImpl.java:1105)
        uk.ac.manchester.cs.owl.owlapi.OWLOntologyManagerImpl.loadOntology(OWLOntologyManagerImpl.java:1055)
        uk.ac.manchester.cs.owl.owlapi.OWLOntologyManagerImpl.loadOntology(OWLOntologyManagerImpl.java:955)
        uk.ac.manchester.cs.owl.owlapi.OWLOntologyManagerImpl.loadImports(OWLOntologyManagerImpl.java:1663)
        uk.ac.manchester.cs.owl.owlapi.OWLOntologyManagerImpl.makeLoadImportRequest(OWLOntologyManagerImpl.java:1703)
        org.semanticweb.owlapi.rdf.rdfxml.parser.TripleHandlers$TPImportsHandler.handleTriple(TripleHandlers.java:1555)
        org.semanticweb.owlapi.rdf.rdfxml.parser.TripleHandlers$HandlerAccessor.handleStreaming(TripleHandlers.java:369)
        org.semanticweb.owlapi.rdf.rdfxml.parser.OWLRDFConsumer.statementWithResourceValue(OWLRDFConsumer.java:1563)
Could not parse JSONLD        org.eclipse.rdf4j.rio.jsonld.JSONLDParser.parse(JSONLDParser.java:261)
        org.eclipse.rdf4j.rio.jsonld.JSONLDParser.parse(JSONLDParser.java:112)
        org.semanticweb.owlapi.rio.RioParserImpl.parseDocumentSource(RioParserImpl.java:186)
        org.semanticweb.owlapi.rio.RioParserImpl.parse(RioParserImpl.java:134)
        uk.ac.manchester.cs.owl.owlapi.OWLOntologyFactoryImpl.loadOWLOntology(OWLOntologyFactoryImpl.java:195)
        uk.ac.manchester.cs.owl.owlapi.OWLOntologyManagerImpl.load(OWLOntologyManagerImpl.java:1105)
        uk.ac.manchester.cs.owl.owlapi.OWLOntologyManagerImpl.loadOntology(OWLOntologyManagerImpl.java:1055)
        uk.ac.manchester.cs.owl.owlapi.OWLOntologyManagerImpl.loadOntology(OWLOntologyManagerImpl.java:955)
        uk.ac.manchester.cs.owl.owlapi.OWLOntologyManagerImpl.loadImports(OWLOntologyManagerImpl.java:1663)
        uk.ac.manchester.cs.owl.owlapi.OWLOntologyManagerImpl.makeLoadImportRequest(OWLOntologyManagerImpl.java:1703)
The document could not be loaded or parsed [code=LOADING_DOCUMENT_FAILED].        no.hasmac.jsonld.document.JsonDocument.of(JsonDocument.java:154)
        no.hasmac.jsonld.document.JsonDocument.of(JsonDocument.java:129)
        org.eclipse.rdf4j.rio.jsonld.JSONLDParser.getDocument(JSONLDParser.java:285)
        org.eclipse.rdf4j.rio.jsonld.JSONLDParser.parse(JSONLDParser.java:134)
        org.eclipse.rdf4j.rio.jsonld.JSONLDParser.parse(JSONLDParser.java:112)
        org.semanticweb.owlapi.rio.RioParserImpl.parseDocumentSource(RioParserImpl.java:186)
        org.semanticweb.owlapi.rio.RioParserImpl.parse(RioParserImpl.java:134)
        uk.ac.manchester.cs.owl.owlapi.OWLOntologyFactoryImpl.loadOWLOntology(OWLOntologyFactoryImpl.java:195)
        uk.ac.manchester.cs.owl.owlapi.OWLOntologyManagerImpl.load(OWLOntologyManagerImpl.java:1105)
        uk.ac.manchester.cs.owl.owlapi.OWLOntologyManagerImpl.loadOntology(OWLOntologyManagerImpl.java:1055)
Unexpected char 60 at (line no=1, column no=1, offset=0)        org.glassfish.json.JsonTokenizer.unexpectedChar(JsonTokenizer.java:577)
        org.glassfish.json.JsonTokenizer.nextToken(JsonTokenizer.java:394)
        org.glassfish.json.JsonParserImpl$NoneContext.getNextEvent(JsonParserImpl.java:419)
        org.glassfish.json.JsonParserImpl.next(JsonParserImpl.java:369)
        no.hasmac.jsonld.document.JsonDocument.doParse(JsonDocument.java:164)
        no.hasmac.jsonld.document.JsonDocument.of(JsonDocument.java:151)
        no.hasmac.jsonld.document.JsonDocument.of(JsonDocument.java:129)
        org.eclipse.rdf4j.rio.jsonld.JSONLDParser.getDocument(JSONLDParser.java:285)
        org.eclipse.rdf4j.rio.jsonld.JSONLDParser.parse(JSONLDParser.java:134)
        org.eclipse.rdf4j.rio.jsonld.JSONLDParser.parse(JSONLDParser.java:112)


--------------------------------------------------------------------------------
Parser: org.semanticweb.owlapi.rio.RioParserImpl : org.semanticweb.owlapi.formats.N3DocumentFormatFactory@9a5
    Stack trace:
org.eclipse.rdf4j.rio.RDFParseException: Expected '.', found '<' [line 5]        org.semanticweb.owlapi.rio.RioParserImpl.parse(RioParserImpl.java:148)
        uk.ac.manchester.cs.owl.owlapi.OWLOntologyFactoryImpl.loadOWLOntology(OWLOntologyFactoryImpl.java:195)
        uk.ac.manchester.cs.owl.owlapi.OWLOntologyManagerImpl.load(OWLOntologyManagerImpl.java:1105)
        uk.ac.manchester.cs.owl.owlapi.OWLOntologyManagerImpl.loadOntology(OWLOntologyManagerImpl.java:1055)
        uk.ac.manchester.cs.owl.owlapi.OWLOntologyManagerImpl.loadOntology(OWLOntologyManagerImpl.java:955)
        uk.ac.manchester.cs.owl.owlapi.OWLOntologyManagerImpl.loadImports(OWLOntologyManagerImpl.java:1663)
        uk.ac.manchester.cs.owl.owlapi.OWLOntologyManagerImpl.makeLoadImportRequest(OWLOntologyManagerImpl.java:1703)
        org.semanticweb.owlapi.rdf.rdfxml.parser.TripleHandlers$TPImportsHandler.handleTriple(TripleHandlers.java:1555)
        org.semanticweb.owlapi.rdf.rdfxml.parser.TripleHandlers$HandlerAccessor.handleStreaming(TripleHandlers.java:369)
        org.semanticweb.owlapi.rdf.rdfxml.parser.OWLRDFConsumer.statementWithResourceValue(OWLRDFConsumer.java:1563)
Expected '.', found '<' [line 5]        org.eclipse.rdf4j.rio.helpers.RDFParserHelper.reportFatalError(RDFParserHelper.java:347)
        org.eclipse.rdf4j.rio.helpers.AbstractRDFParser.reportFatalError(AbstractRDFParser.java:698)
        org.eclipse.rdf4j.rio.turtle.TurtleParser.reportFatalError(TurtleParser.java:1309)
        org.eclipse.rdf4j.rio.turtle.TurtleParser.verifyCharacterOrFail(TurtleParser.java:1154)
        org.eclipse.rdf4j.rio.turtle.TurtleParser.parseStatement(TurtleParser.java:205)
        org.eclipse.rdf4j.rio.turtle.TurtleParser.parse(TurtleParser.java:165)
        org.semanticweb.owlapi.rio.RioParserImpl.parseDocumentSource(RioParserImpl.java:186)
        org.semanticweb.owlapi.rio.RioParserImpl.parse(RioParserImpl.java:134)
        uk.ac.manchester.cs.owl.owlapi.OWLOntologyFactoryImpl.loadOWLOntology(OWLOntologyFactoryImpl.java:195)
        uk.ac.manchester.cs.owl.owlapi.OWLOntologyManagerImpl.load(OWLOntologyManagerImpl.java:1105)


--------------------------------------------------------------------------------
Parser: org.semanticweb.owlapi.rio.RioParserImpl : org.semanticweb.owlapi.formats.RioRDFXMLDocumentFormatFactory@69b9a3bc
    Stack trace:
org.eclipse.rdf4j.rio.RDFParseException: 注释中不允许出现字符串 "--"。 [line 38, column 12]        org.semanticweb.owlapi.rio.RioParserImpl.parse(RioParserImpl.java:148)
        uk.ac.manchester.cs.owl.owlapi.OWLOntologyFactoryImpl.loadOWLOntology(OWLOntologyFactoryImpl.java:195)
        uk.ac.manchester.cs.owl.owlapi.OWLOntologyManagerImpl.load(OWLOntologyManagerImpl.java:1105)
        uk.ac.manchester.cs.owl.owlapi.OWLOntologyManagerImpl.loadOntology(OWLOntologyManagerImpl.java:1055)
        uk.ac.manchester.cs.owl.owlapi.OWLOntologyManagerImpl.loadOntology(OWLOntologyManagerImpl.java:955)
        uk.ac.manchester.cs.owl.owlapi.OWLOntologyManagerImpl.loadImports(OWLOntologyManagerImpl.java:1663)
        uk.ac.manchester.cs.owl.owlapi.OWLOntologyManagerImpl.makeLoadImportRequest(OWLOntologyManagerImpl.java:1703)
        org.semanticweb.owlapi.rdf.rdfxml.parser.TripleHandlers$TPImportsHandler.handleTriple(TripleHandlers.java:1555)
        org.semanticweb.owlapi.rdf.rdfxml.parser.TripleHandlers$HandlerAccessor.handleStreaming(TripleHandlers.java:369)
        org.semanticweb.owlapi.rdf.rdfxml.parser.OWLRDFConsumer.statementWithResourceValue(OWLRDFConsumer.java:1563)
注释中不允许出现字符串 "--"。 [line 38, column 12]        org.eclipse.rdf4j.rio.helpers.RDFParserHelper.reportFatalError(RDFParserHelper.java:380)
        org.eclipse.rdf4j.rio.helpers.AbstractRDFParser.reportFatalError(AbstractRDFParser.java:723)
        org.eclipse.rdf4j.rio.rdfxml.RDFXMLParser.reportFatalError(RDFXMLParser.java:1022)
        org.eclipse.rdf4j.rio.rdfxml.RDFXMLParser.fatalError(RDFXMLParser.java:1159)
        java.xml/com.sun.org.apache.xerces.internal.util.ErrorHandlerWrapper.fatalError(ErrorHandlerWrapper.java:181)
        java.xml/com.sun.org.apache.xerces.internal.impl.XMLErrorReporter.reportError(XMLErrorReporter.java:400)
        java.xml/com.sun.org.apache.xerces.internal.impl.XMLErrorReporter.reportError(XMLErrorReporter.java:327)
        java.xml/com.sun.org.apache.xerces.internal.impl.XMLScanner.reportFatalError(XMLScanner.java:1465)
        java.xml/com.sun.org.apache.xerces.internal.impl.XMLScanner.scanComment(XMLScanner.java:818)
        java.xml/com.sun.org.apache.xerces.internal.impl.XMLDocumentFragmentScannerImpl.scanComment(XMLDocumentFragmentScannerImpl.java:1088)
注释中不允许出现字符串 "--"。        java.xml/com.sun.org.apache.xerces.internal.util.ErrorHandlerWrapper.createSAXParseException(ErrorHandlerWrapper.java:204)
        java.xml/com.sun.org.apache.xerces.internal.util.ErrorHandlerWrapper.fatalError(ErrorHandlerWrapper.java:178)
        java.xml/com.sun.org.apache.xerces.internal.impl.XMLErrorReporter.reportError(XMLErrorReporter.java:400)
        java.xml/com.sun.org.apache.xerces.internal.impl.XMLErrorReporter.reportError(XMLErrorReporter.java:327)
        java.xml/com.sun.org.apache.xerces.internal.impl.XMLScanner.reportFatalError(XMLScanner.java:1465)
        java.xml/com.sun.org.apache.xerces.internal.impl.XMLScanner.scanComment(XMLScanner.java:818)
        java.xml/com.sun.org.apache.xerces.internal.impl.XMLDocumentFragmentScannerImpl.scanComment(XMLDocumentFragmentScannerImpl.java:1088)
        java.xml/com.sun.org.apache.xerces.internal.impl.XMLDocumentFragmentScannerImpl$FragmentContentDriver.next(XMLDocumentFragmentScannerImpl.java:2924)
        java.xml/com.sun.org.apache.xerces.internal.impl.XMLDocumentScannerImpl.next(XMLDocumentScannerImpl.java:635)
        java.xml/com.sun.org.apache.xerces.internal.impl.XMLNSDocumentScannerImpl.next(XMLNSDocumentScannerImpl.java:113)


--------------------------------------------------------------------------------
Parser: org.semanticweb.owlapi.rdf.turtle.parser.TurtleOntologyParser@7c0a6f62
    Stack trace:
org.semanticweb.owlapi.rdf.turtle.parser.ParseException: Encountered unexpected token: "<" <ERROR>
    at line 1, column 1.

Was expecting one of:

    "("
    "@base"
    "@prefix"
    "["
    <EMPTY_BLANK_NODE>
    <FULLIRI>
    <NODEID>
    <PNAME_LN>
    <PNAME_NS>
        org.semanticweb.owlapi.rdf.turtle.parser.TurtleOntologyParser.parse(TurtleOntologyParser.java:58)
        uk.ac.manchester.cs.owl.owlapi.OWLOntologyFactoryImpl.loadOWLOntology(OWLOntologyFactoryImpl.java:195)
        uk.ac.manchester.cs.owl.owlapi.OWLOntologyManagerImpl.load(OWLOntologyManagerImpl.java:1105)
        uk.ac.manchester.cs.owl.owlapi.OWLOntologyManagerImpl.loadOntology(OWLOntologyManagerImpl.java:1055)
        uk.ac.manchester.cs.owl.owlapi.OWLOntologyManagerImpl.loadOntology(OWLOntologyManagerImpl.java:955)
        uk.ac.manchester.cs.owl.owlapi.OWLOntologyManagerImpl.loadImports(OWLOntologyManagerImpl.java:1663)
        uk.ac.manchester.cs.owl.owlapi.OWLOntologyManagerImpl.makeLoadImportRequest(OWLOntologyManagerImpl.java:1703)
        org.semanticweb.owlapi.rdf.rdfxml.parser.TripleHandlers$TPImportsHandler.handleTriple(TripleHandlers.java:1555)
        org.semanticweb.owlapi.rdf.rdfxml.parser.TripleHandlers$HandlerAccessor.handleStreaming(TripleHandlers.java:369)
        org.semanticweb.owlapi.rdf.rdfxml.parser.OWLRDFConsumer.statementWithResourceValue(OWLRDFConsumer.java:1563)
Encountered unexpected token: "<" <ERROR>
    at line 1, column 1.

Was expecting one of:

    "("
    "@base"
    "@prefix"
    "["
    <EMPTY_BLANK_NODE>
    <FULLIRI>
    <NODEID>
    <PNAME_LN>
    <PNAME_NS>
        org.semanticweb.owlapi.rdf.turtle.parser.TurtleParser.generateParseException(TurtleParser.java:1034)
        org.semanticweb.owlapi.rdf.turtle.parser.TurtleParser.jj_consume_token(TurtleParser.java:902)
        org.semanticweb.owlapi.rdf.turtle.parser.TurtleParser.parseDocument(TurtleParser.java:165)
        org.semanticweb.owlapi.rdf.turtle.parser.TurtleOntologyParser.parse(TurtleOntologyParser.java:54)
        uk.ac.manchester.cs.owl.owlapi.OWLOntologyFactoryImpl.loadOWLOntology(OWLOntologyFactoryImpl.java:195)
        uk.ac.manchester.cs.owl.owlapi.OWLOntologyManagerImpl.load(OWLOntologyManagerImpl.java:1105)
        uk.ac.manchester.cs.owl.owlapi.OWLOntologyManagerImpl.loadOntology(OWLOntologyManagerImpl.java:1055)
        uk.ac.manchester.cs.owl.owlapi.OWLOntologyManagerImpl.loadOntology(OWLOntologyManagerImpl.java:955)
        uk.ac.manchester.cs.owl.owlapi.OWLOntologyManagerImpl.loadImports(OWLOntologyManagerImpl.java:1663)
        uk.ac.manchester.cs.owl.owlapi.OWLOntologyManagerImpl.makeLoadImportRequest(OWLOntologyManagerImpl.java:1703)


--------------------------------------------------------------------------------
Parser: org.semanticweb.owlapi.oboformat.OBOFormatOWLAPIParser@6b170692
    Stack trace:
LINENO: 1 - Could not find tag separator ':' in line.
LINE: <?xml version="1.0" encoding="UTF-8"?>        org.semanticweb.owlapi.oboformat.OBOFormatOWLAPIParser.parse(OBOFormatOWLAPIParser.java:50)
        uk.ac.manchester.cs.owl.owlapi.OWLOntologyFactoryImpl.loadOWLOntology(OWLOntologyFactoryImpl.java:195)
        uk.ac.manchester.cs.owl.owlapi.OWLOntologyManagerImpl.load(OWLOntologyManagerImpl.java:1105)
        uk.ac.manchester.cs.owl.owlapi.OWLOntologyManagerImpl.loadOntology(OWLOntologyManagerImpl.java:1055)
        uk.ac.manchester.cs.owl.owlapi.OWLOntologyManagerImpl.loadOntology(OWLOntologyManagerImpl.java:955)
        uk.ac.manchester.cs.owl.owlapi.OWLOntologyManagerImpl.loadImports(OWLOntologyManagerImpl.java:1663)
        uk.ac.manchester.cs.owl.owlapi.OWLOntologyManagerImpl.makeLoadImportRequest(OWLOntologyManagerImpl.java:1703)
        org.semanticweb.owlapi.rdf.rdfxml.parser.TripleHandlers$TPImportsHandler.handleTriple(TripleHandlers.java:1555)
        org.semanticweb.owlapi.rdf.rdfxml.parser.TripleHandlers$HandlerAccessor.handleStreaming(TripleHandlers.java:369)
        org.semanticweb.owlapi.rdf.rdfxml.parser.OWLRDFConsumer.statementWithResourceValue(OWLRDFConsumer.java:1563)
LINENO: 1 - Could not find tag separator ':' in line.
LINE: <?xml version="1.0" encoding="UTF-8"?>        org.obolibrary.oboformat.parser.OBOFormatParser.error(OBOFormatParser.java:1317)
        org.obolibrary.oboformat.parser.OBOFormatParser.getParseTag(OBOFormatParser.java:731)
        org.obolibrary.oboformat.parser.OBOFormatParser.parseHeaderClause(OBOFormatParser.java:409)
        org.obolibrary.oboformat.parser.OBOFormatParser.parseHeaderClauseNl(OBOFormatParser.java:402)
        org.obolibrary.oboformat.parser.OBOFormatParser.parseHeaderFrame(OBOFormatParser.java:385)
        org.obolibrary.oboformat.parser.OBOFormatParser.parseOBODoc(OBOFormatParser.java:268)
        org.obolibrary.oboformat.parser.OBOFormatParser.parse(OBOFormatParser.java:237)
        org.semanticweb.owlapi.oboformat.OBOFormatOWLAPIParser.parse(OBOFormatOWLAPIParser.java:44)
        uk.ac.manchester.cs.owl.owlapi.OWLOntologyFactoryImpl.loadOWLOntology(OWLOntologyFactoryImpl.java:195)
        uk.ac.manchester.cs.owl.owlapi.OWLOntologyManagerImpl.load(OWLOntologyManagerImpl.java:1105)


--------------------------------------------------------------------------------
Parser: org.semanticweb.owlapi.dlsyntax.parser.DLSyntaxOWLParser@4603c412
    Stack trace:
Encountered unexpected token: "<" <MAX>
    at line 1, column 1.

Was expecting one of:

    ":"
    "\n"
        org.semanticweb.owlapi.dlsyntax.parser.DLSyntaxOWLParser.parse(DLSyntaxOWLParser.java:52)
        uk.ac.manchester.cs.owl.owlapi.OWLOntologyFactoryImpl.loadOWLOntology(OWLOntologyFactoryImpl.java:195)
        uk.ac.manchester.cs.owl.owlapi.OWLOntologyManagerImpl.load(OWLOntologyManagerImpl.java:1105)
        uk.ac.manchester.cs.owl.owlapi.OWLOntologyManagerImpl.loadOntology(OWLOntologyManagerImpl.java:1055)
        uk.ac.manchester.cs.owl.owlapi.OWLOntologyManagerImpl.loadOntology(OWLOntologyManagerImpl.java:955)
        uk.ac.manchester.cs.owl.owlapi.OWLOntologyManagerImpl.loadImports(OWLOntologyManagerImpl.java:1663)
        uk.ac.manchester.cs.owl.owlapi.OWLOntologyManagerImpl.makeLoadImportRequest(OWLOntologyManagerImpl.java:1703)
        org.semanticweb.owlapi.rdf.rdfxml.parser.TripleHandlers$TPImportsHandler.handleTriple(TripleHandlers.java:1555)
        org.semanticweb.owlapi.rdf.rdfxml.parser.TripleHandlers$HandlerAccessor.handleStreaming(TripleHandlers.java:369)
        org.semanticweb.owlapi.rdf.rdfxml.parser.OWLRDFConsumer.statementWithResourceValue(OWLRDFConsumer.java:1563)
Encountered unexpected token: "<" <MAX>
    at line 1, column 1.

Was expecting one of:

    ":"
    "\n"
        org.semanticweb.owlapi.dlsyntax.parser.DLSyntaxParser.generateParseException(DLSyntaxParser.java:1572)
        org.semanticweb.owlapi.dlsyntax.parser.DLSyntaxParser.jj_consume_token(DLSyntaxParser.java:1443)
        org.semanticweb.owlapi.dlsyntax.parser.DLSyntaxParser.parseAxiom(DLSyntaxParser.java:141)
        org.semanticweb.owlapi.dlsyntax.parser.DLSyntaxParser.parseAxioms(DLSyntaxParser.java:114)
        org.semanticweb.owlapi.dlsyntax.parser.DLSyntaxOWLParser.parse(DLSyntaxOWLParser.java:48)
        uk.ac.manchester.cs.owl.owlapi.OWLOntologyFactoryImpl.loadOWLOntology(OWLOntologyFactoryImpl.java:195)
        uk.ac.manchester.cs.owl.owlapi.OWLOntologyManagerImpl.load(OWLOntologyManagerImpl.java:1105)
        uk.ac.manchester.cs.owl.owlapi.OWLOntologyManagerImpl.loadOntology(OWLOntologyManagerImpl.java:1055)
        uk.ac.manchester.cs.owl.owlapi.OWLOntologyManagerImpl.loadOntology(OWLOntologyManagerImpl.java:955)
        uk.ac.manchester.cs.owl.owlapi.OWLOntologyManagerImpl.loadImports(OWLOntologyManagerImpl.java:1663)


--------------------------------------------------------------------------------
Parser: org.semanticweb.owlapi.rio.RioParserImpl : org.semanticweb.owlapi.formats.BinaryRDFDocumentFormatFactory@3bf24493
    Stack trace:
org.eclipse.rdf4j.rio.RDFParseException: File does not contain a binary RDF document        org.semanticweb.owlapi.rio.RioParserImpl.parse(RioParserImpl.java:148)
        uk.ac.manchester.cs.owl.owlapi.OWLOntologyFactoryImpl.loadOWLOntology(OWLOntologyFactoryImpl.java:195)
        uk.ac.manchester.cs.owl.owlapi.OWLOntologyManagerImpl.load(OWLOntologyManagerImpl.java:1105)
        uk.ac.manchester.cs.owl.owlapi.OWLOntologyManagerImpl.loadOntology(OWLOntologyManagerImpl.java:1055)
        uk.ac.manchester.cs.owl.owlapi.OWLOntologyManagerImpl.loadOntology(OWLOntologyManagerImpl.java:955)
        uk.ac.manchester.cs.owl.owlapi.OWLOntologyManagerImpl.loadImports(OWLOntologyManagerImpl.java:1663)
        uk.ac.manchester.cs.owl.owlapi.OWLOntologyManagerImpl.makeLoadImportRequest(OWLOntologyManagerImpl.java:1703)
        org.semanticweb.owlapi.rdf.rdfxml.parser.TripleHandlers$TPImportsHandler.handleTriple(TripleHandlers.java:1555)
        org.semanticweb.owlapi.rdf.rdfxml.parser.TripleHandlers$HandlerAccessor.handleStreaming(TripleHandlers.java:369)
        org.semanticweb.owlapi.rdf.rdfxml.parser.OWLRDFConsumer.statementWithResourceValue(OWLRDFConsumer.java:1563)
File does not contain a binary RDF document        org.eclipse.rdf4j.rio.helpers.RDFParserHelper.reportFatalError(RDFParserHelper.java:347)
        org.eclipse.rdf4j.rio.helpers.RDFParserHelper.reportFatalError(RDFParserHelper.java:334)
        org.eclipse.rdf4j.rio.helpers.AbstractRDFParser.reportFatalError(AbstractRDFParser.java:690)
        org.eclipse.rdf4j.rio.binary.BinaryRDFParser.parse(BinaryRDFParser.java:92)
        org.semanticweb.owlapi.rio.RioParserImpl.parseDocumentSource(RioParserImpl.java:198)
        org.semanticweb.owlapi.rio.RioParserImpl.parse(RioParserImpl.java:134)
        uk.ac.manchester.cs.owl.owlapi.OWLOntologyFactoryImpl.loadOWLOntology(OWLOntologyFactoryImpl.java:195)
        uk.ac.manchester.cs.owl.owlapi.OWLOntologyManagerImpl.load(OWLOntologyManagerImpl.java:1105)
        uk.ac.manchester.cs.owl.owlapi.OWLOntologyManagerImpl.loadOntology(OWLOntologyManagerImpl.java:1055)
        uk.ac.manchester.cs.owl.owlapi.OWLOntologyManagerImpl.loadOntology(OWLOntologyManagerImpl.java:955)


--------------------------------------------------------------------------------
Parser: org.semanticweb.owlapi.krss2.parser.KRSS2OWLParser@341df373
    Stack trace:
org.semanticweb.owlapi.krss2.parser.ParseException: Encountered unexpected token: "<?xml version=\"1.0\" encoding=\"UTF-8\"?>" ">"
    at line 1, column 1.

Was expecting:

    <EOF>
        org.semanticweb.owlapi.krss2.parser.KRSS2OWLParser.parse(KRSS2OWLParser.java:252)
        uk.ac.manchester.cs.owl.owlapi.OWLOntologyFactoryImpl.loadOWLOntology(OWLOntologyFactoryImpl.java:195)
        uk.ac.manchester.cs.owl.owlapi.OWLOntologyManagerImpl.load(OWLOntologyManagerImpl.java:1105)
        uk.ac.manchester.cs.owl.owlapi.OWLOntologyManagerImpl.loadOntology(OWLOntologyManagerImpl.java:1055)
        uk.ac.manchester.cs.owl.owlapi.OWLOntologyManagerImpl.loadOntology(OWLOntologyManagerImpl.java:955)
        uk.ac.manchester.cs.owl.owlapi.OWLOntologyManagerImpl.loadImports(OWLOntologyManagerImpl.java:1663)
        uk.ac.manchester.cs.owl.owlapi.OWLOntologyManagerImpl.makeLoadImportRequest(OWLOntologyManagerImpl.java:1703)
        org.semanticweb.owlapi.rdf.rdfxml.parser.TripleHandlers$TPImportsHandler.handleTriple(TripleHandlers.java:1555)
        org.semanticweb.owlapi.rdf.rdfxml.parser.TripleHandlers$HandlerAccessor.handleStreaming(TripleHandlers.java:369)
        org.semanticweb.owlapi.rdf.rdfxml.parser.OWLRDFConsumer.statementWithResourceValue(OWLRDFConsumer.java:1563)
Encountered unexpected token: "<?xml version=\"1.0\" encoding=\"UTF-8\"?>" ">"
    at line 1, column 1.

Was expecting:

    <EOF>
        org.semanticweb.owlapi.krss2.parser.KRSS2Parser.generateParseException(KRSS2Parser.java:2103)
        org.semanticweb.owlapi.krss2.parser.KRSS2Parser.jj_consume_token(KRSS2Parser.java:1968)
        org.semanticweb.owlapi.krss2.parser.KRSS2Parser.parse(KRSS2Parser.java:124)
        org.semanticweb.owlapi.krss2.parser.KRSS2OWLParser.parse(KRSS2OWLParser.java:249)
        uk.ac.manchester.cs.owl.owlapi.OWLOntologyFactoryImpl.loadOWLOntology(OWLOntologyFactoryImpl.java:195)
        uk.ac.manchester.cs.owl.owlapi.OWLOntologyManagerImpl.load(OWLOntologyManagerImpl.java:1105)
        uk.ac.manchester.cs.owl.owlapi.OWLOntologyManagerImpl.loadOntology(OWLOntologyManagerImpl.java:1055)
        uk.ac.manchester.cs.owl.owlapi.OWLOntologyManagerImpl.loadOntology(OWLOntologyManagerImpl.java:955)
        uk.ac.manchester.cs.owl.owlapi.OWLOntologyManagerImpl.loadImports(OWLOntologyManagerImpl.java:1663)
        uk.ac.manchester.cs.owl.owlapi.OWLOntologyManagerImpl.makeLoadImportRequest(OWLOntologyManagerImpl.java:1703)


--------------------------------------------------------------------------------
Parser: org.semanticweb.owlapi.rio.RioParserImpl : org.semanticweb.owlapi.formats.HDTRDFDocumentFormatFactory@116d8
    Stack trace:
org.eclipse.rdf4j.rio.RDFParseException: $HDT marker not found [line 4]        org.semanticweb.owlapi.rio.RioParserImpl.parse(RioParserImpl.java:148)
        uk.ac.manchester.cs.owl.owlapi.OWLOntologyFactoryImpl.loadOWLOntology(OWLOntologyFactoryImpl.java:195)
        uk.ac.manchester.cs.owl.owlapi.OWLOntologyManagerImpl.load(OWLOntologyManagerImpl.java:1105)
        uk.ac.manchester.cs.owl.owlapi.OWLOntologyManagerImpl.loadOntology(OWLOntologyManagerImpl.java:1055)
        uk.ac.manchester.cs.owl.owlapi.OWLOntologyManagerImpl.loadOntology(OWLOntologyManagerImpl.java:955)
        uk.ac.manchester.cs.owl.owlapi.OWLOntologyManagerImpl.loadImports(OWLOntologyManagerImpl.java:1663)
        uk.ac.manchester.cs.owl.owlapi.OWLOntologyManagerImpl.makeLoadImportRequest(OWLOntologyManagerImpl.java:1703)
        org.semanticweb.owlapi.rdf.rdfxml.parser.TripleHandlers$TPImportsHandler.handleTriple(TripleHandlers.java:1555)
        org.semanticweb.owlapi.rdf.rdfxml.parser.TripleHandlers$HandlerAccessor.handleStreaming(TripleHandlers.java:369)
        org.semanticweb.owlapi.rdf.rdfxml.parser.OWLRDFConsumer.statementWithResourceValue(OWLRDFConsumer.java:1563)
$HDT marker not found [line 4]        org.eclipse.rdf4j.rio.helpers.RDFParserHelper.reportFatalError(RDFParserHelper.java:347)
        org.eclipse.rdf4j.rio.helpers.AbstractRDFParser.reportFatalError(AbstractRDFParser.java:698)
        org.eclipse.rdf4j.rio.hdt.HDTParser.parse(HDTParser.java:156)
        org.semanticweb.owlapi.rio.RioParserImpl.parseDocumentSource(RioParserImpl.java:198)
        org.semanticweb.owlapi.rio.RioParserImpl.parse(RioParserImpl.java:134)
        uk.ac.manchester.cs.owl.owlapi.OWLOntologyFactoryImpl.loadOWLOntology(OWLOntologyFactoryImpl.java:195)
        uk.ac.manchester.cs.owl.owlapi.OWLOntologyManagerImpl.load(OWLOntologyManagerImpl.java:1105)
        uk.ac.manchester.cs.owl.owlapi.OWLOntologyManagerImpl.loadOntology(OWLOntologyManagerImpl.java:1055)
        uk.ac.manchester.cs.owl.owlapi.OWLOntologyManagerImpl.loadOntology(OWLOntologyManagerImpl.java:955)
        uk.ac.manchester.cs.owl.owlapi.OWLOntologyManagerImpl.loadImports(OWLOntologyManagerImpl.java:1663)


--------------------------------------------------------------------------------
Parser: org.semanticweb.owlapi.rio.RioParserImpl : org.semanticweb.owlapi.formats.RDFaDocumentFormatFactory@264e8d
    Stack trace:
org.eclipse.rdf4j.rio.UnsupportedRDFormatException: Did not recognise RDF format object RDFa (mimeTypes=application/xhtml+xml, application/html, text/html; ext=xhtml, html)        org.semanticweb.owlapi.rio.RioParserImpl.parse(RioParserImpl.java:148)
        uk.ac.manchester.cs.owl.owlapi.OWLOntologyFactoryImpl.loadOWLOntology(OWLOntologyFactoryImpl.java:195)
        uk.ac.manchester.cs.owl.owlapi.OWLOntologyManagerImpl.load(OWLOntologyManagerImpl.java:1105)
        uk.ac.manchester.cs.owl.owlapi.OWLOntologyManagerImpl.loadOntology(OWLOntologyManagerImpl.java:1055)
        uk.ac.manchester.cs.owl.owlapi.OWLOntologyManagerImpl.loadOntology(OWLOntologyManagerImpl.java:955)
        uk.ac.manchester.cs.owl.owlapi.OWLOntologyManagerImpl.loadImports(OWLOntologyManagerImpl.java:1663)
        uk.ac.manchester.cs.owl.owlapi.OWLOntologyManagerImpl.makeLoadImportRequest(OWLOntologyManagerImpl.java:1703)
        org.semanticweb.owlapi.rdf.rdfxml.parser.TripleHandlers$TPImportsHandler.handleTriple(TripleHandlers.java:1555)
        org.semanticweb.owlapi.rdf.rdfxml.parser.TripleHandlers$HandlerAccessor.handleStreaming(TripleHandlers.java:369)
        org.semanticweb.owlapi.rdf.rdfxml.parser.OWLRDFConsumer.statementWithResourceValue(OWLRDFConsumer.java:1563)
Did not recognise RDF format object RDFa (mimeTypes=application/xhtml+xml, application/html, text/html; ext=xhtml, html)        org.eclipse.rdf4j.rio.Rio.lambda$unsupportedFormat$0(Rio.java:761)
        java.base/java.util.Optional.orElseThrow(Optional.java:407)
        org.eclipse.rdf4j.rio.Rio.createParser(Rio.java:99)
        org.semanticweb.owlapi.rio.RioParserImpl.parseDocumentSource(RioParserImpl.java:173)
        org.semanticweb.owlapi.rio.RioParserImpl.parse(RioParserImpl.java:134)
        uk.ac.manchester.cs.owl.owlapi.OWLOntologyFactoryImpl.loadOWLOntology(OWLOntologyFactoryImpl.java:195)
        uk.ac.manchester.cs.owl.owlapi.OWLOntologyManagerImpl.load(OWLOntologyManagerImpl.java:1105)
        uk.ac.manchester.cs.owl.owlapi.OWLOntologyManagerImpl.loadOntology(OWLOntologyManagerImpl.java:1055)
        uk.ac.manchester.cs.owl.owlapi.OWLOntologyManagerImpl.loadOntology(OWLOntologyManagerImpl.java:955)
        uk.ac.manchester.cs.owl.owlapi.OWLOntologyManagerImpl.loadImports(OWLOntologyManagerImpl.java:1663)



	at uk.ac.manchester.cs.owl.owlapi.OWLOntologyFactoryImpl.loadOWLOntology(OWLOntologyFactoryImpl.java:236)
	at uk.ac.manchester.cs.owl.owlapi.OWLOntologyManagerImpl.load(OWLOntologyManagerImpl.java:1105)
	at uk.ac.manchester.cs.owl.owlapi.OWLOntologyManagerImpl.loadOntology(OWLOntologyManagerImpl.java:1055)
	at uk.ac.manchester.cs.owl.owlapi.OWLOntologyManagerImpl.loadOntology(OWLOntologyManagerImpl.java:955)
	at uk.ac.manchester.cs.owl.owlapi.OWLOntologyManagerImpl.loadImports(OWLOntologyManagerImpl.java:1663)
	at uk.ac.manchester.cs.owl.owlapi.OWLOntologyManagerImpl.makeLoadImportRequest(OWLOntologyManagerImpl.java:1703)
	... 78 common frames omitted
org.springframework.beans.factory.UnsatisfiedDependencyException: Error creating bean with name 'sparqlQueryController' defined in URL [jar:file:/D:/work/Ontology/ontop-cli-5.5.0/lib/ontop-endpoint-5.5.0.jar!/it/unibz/inf/ontop/endpoint/controllers/SparqlQueryController.class]: Unsatisfied dependency expressed through constructor parameter 0; nested exception is org.springframework.beans.factory.BeanCreationException: Error creating bean with name 'setupVirtualRepository' defined in class path resource [it/unibz/inf/ontop/endpoint/beans/OntopVirtualRepositoryBean.class]: Bean instantiation via factory method failed; nested exception is org.springframework.beans.BeanInstantiationException: Failed to instantiate [it.unibz.inf.ontop.rdf4j.repository.impl.OntopVirtualRepository]: Factory method 'setupVirtualRepository' threw exception; nested exception is org.eclipse.rdf4j.repository.RepositoryException: org.semanticweb.owlapi.model.UnloadableImportException: Could not load imported ontology: <http://www.tcm-classics.org/fangji> Cause: Problem parsing file:/D:/work/Ontology/TraditionalChineseMedicineOntology/ontology/fangji.owl
Could not parse ontology.  Either a suitable parser could not be found, or parsing failed.  See parser logs below for explanation.
The following parsers were tried:
1) org.semanticweb.owlapi.rdf.rdfxml.parser.RDFXMLParser@2cd2c764
2) org.semanticweb.owlapi.owlxml.parser.OWLXMLParser@571c7572
3) org.semanticweb.owlapi.functional.parser.OWLFunctionalSyntaxOWLParser@c6a3f47
4) org.semanticweb.owlapi.rio.RioParserImpl : org.semanticweb.owlapi.formats.RioTurtleDocumentFormatFactory@95fd655c
5) org.semanticweb.owlapi.manchestersyntax.parser.ManchesterOWLSyntaxOntologyParser@59bbf82e
6) org.semanticweb.owlapi.rio.RioParserImpl : org.semanticweb.owlapi.formats.NQuadsDocumentFormatFactory@6f9c39ad
7) org.semanticweb.owlapi.rio.RioParserImpl : org.semanticweb.owlapi.formats.NTriplesDocumentFormatFactory@937ecd36
8) org.semanticweb.owlapi.rio.RioParserImpl : org.semanticweb.owlapi.formats.RDFJsonDocumentFormatFactory@cd748dc3
9) org.semanticweb.owlapi.rio.RioParserImpl : org.semanticweb.owlapi.formats.TrigDocumentFormatFactory@27e81c
10) org.semanticweb.owlapi.rio.RioParserImpl : org.semanticweb.owlapi.formats.RDFJsonLDDocumentFormatFactory@dcacc47d
11) org.semanticweb.owlapi.rio.RioParserImpl : org.semanticweb.owlapi.formats.N3DocumentFormatFactory@9a5
12) org.semanticweb.owlapi.rio.RioParserImpl : org.semanticweb.owlapi.formats.RioRDFXMLDocumentFormatFactory@69b9a3bc
13) org.semanticweb.owlapi.rdf.turtle.parser.TurtleOntologyParser@7c0a6f62
14) org.semanticweb.owlapi.oboformat.OBOFormatOWLAPIParser@6b170692
15) org.semanticweb.owlapi.dlsyntax.parser.DLSyntaxOWLParser@4603c412
16) org.semanticweb.owlapi.rio.RioParserImpl : org.semanticweb.owlapi.formats.BinaryRDFDocumentFormatFactory@3bf24493
17) org.semanticweb.owlapi.krss2.parser.KRSS2OWLParser@341df373
18) org.semanticweb.owlapi.rio.RioParserImpl : org.semanticweb.owlapi.formats.HDTRDFDocumentFormatFactory@116d8
19) org.semanticweb.owlapi.rio.RioParserImpl : org.semanticweb.owlapi.formats.RDFaDocumentFormatFactory@264e8d


Detailed logs:
--------------------------------------------------------------------------------
Parser: org.semanticweb.owlapi.rdf.rdfxml.parser.RDFXMLParser@2cd2c764
    Stack trace:
org.xml.sax.SAXParseException; systemId: file:/D:/work/Ontology/TraditionalChineseMedicineOntology/ontology/fangji.owl; lineNumber: 38; columnNumber: 12; ע���в����������ַ��� "--"��        org.semanticweb.owlapi.rdf.rdfxml.parser.RDFXMLParser.parse(RDFXMLParser.java:69)
        uk.ac.manchester.cs.owl.owlapi.OWLOntologyFactoryImpl.loadOWLOntology(OWLOntologyFactoryImpl.java:195)
        uk.ac.manchester.cs.owl.owlapi.OWLOntologyManagerImpl.load(OWLOntologyManagerImpl.java:1105)
        uk.ac.manchester.cs.owl.owlapi.OWLOntologyManagerImpl.loadOntology(OWLOntologyManagerImpl.java:1055)
        uk.ac.manchester.cs.owl.owlapi.OWLOntologyManagerImpl.loadOntology(OWLOntologyManagerImpl.java:955)
        uk.ac.manchester.cs.owl.owlapi.OWLOntologyManagerImpl.loadImports(OWLOntologyManagerImpl.java:1663)
        uk.ac.manchester.cs.owl.owlapi.OWLOntologyManagerImpl.makeLoadImportRequest(OWLOntologyManagerImpl.java:1703)
        org.semanticweb.owlapi.rdf.rdfxml.parser.TripleHandlers$TPImportsHandler.handleTriple(TripleHandlers.java:1555)
        org.semanticweb.owlapi.rdf.rdfxml.parser.TripleHandlers$HandlerAccessor.handleStreaming(TripleHandlers.java:369)
        org.semanticweb.owlapi.rdf.rdfxml.parser.OWLRDFConsumer.statementWithResourceValue(OWLRDFConsumer.java:1563)
ע���в����������ַ��� "--"��        java.xml/com.sun.org.apache.xerces.internal.util.ErrorHandlerWrapper.createSAXParseException(ErrorHandlerWrapper.java:204)
        java.xml/com.sun.org.apache.xerces.internal.util.ErrorHandlerWrapper.fatalError(ErrorHandlerWrapper.java:178)
        java.xml/com.sun.org.apache.xerces.internal.impl.XMLErrorReporter.reportError(XMLErrorReporter.java:400)
        java.xml/com.sun.org.apache.xerces.internal.impl.XMLErrorReporter.reportError(XMLErrorReporter.java:327)
        java.xml/com.sun.org.apache.xerces.internal.impl.XMLScanner.reportFatalError(XMLScanner.java:1465)
        java.xml/com.sun.org.apache.xerces.internal.impl.XMLScanner.scanComment(XMLScanner.java:818)
        java.xml/com.sun.org.apache.xerces.internal.impl.XMLDocumentFragmentScannerImpl.scanComment(XMLDocumentFragmentScannerImpl.java:1088)
        java.xml/com.sun.org.apache.xerces.internal.impl.XMLDocumentFragmentScannerImpl$FragmentContentDriver.next(XMLDocumentFragmentScannerImpl.java:2924)
        java.xml/com.sun.org.apache.xerces.internal.impl.XMLDocumentScannerImpl.next(XMLDocumentScannerImpl.java:635)
        java.xml/com.sun.org.apache.xerces.internal.impl.XMLNSDocumentScannerImpl.next(XMLNSDocumentScannerImpl.java:113)


--------------------------------------------------------------------------------
Parser: org.semanticweb.owlapi.owlxml.parser.OWLXMLParser@571c7572
    Stack trace:
Attribute not found: IRI (Line 20)        org.semanticweb.owlapi.owlxml.parser.OWLEH.ensureAttributeNotNull(PARSER_OWLXMLVocabulary.java:597)
        org.semanticweb.owlapi.owlxml.parser.OWLEH.getIRIFromAttribute(PARSER_OWLXMLVocabulary.java:504)
        org.semanticweb.owlapi.owlxml.parser.OWLClassEH.attribute(PARSER_OWLXMLVocabulary.java:1008)
        org.semanticweb.owlapi.owlxml.parser.OWLXMLPH.startElement(OWLXMLPH.java:478)
        java.xml/com.sun.org.apache.xerces.internal.parsers.AbstractSAXParser.startElement(AbstractSAXParser.java:519)
        java.xml/com.sun.org.apache.xerces.internal.impl.XMLNSDocumentScannerImpl.scanStartElement(XMLNSDocumentScannerImpl.java:376)
        java.xml/com.sun.org.apache.xerces.internal.impl.XMLDocumentFragmentScannerImpl$FragmentContentDriver.next(XMLDocumentFragmentScannerImpl.java:2736)
        java.xml/com.sun.org.apache.xerces.internal.impl.XMLDocumentScannerImpl.next(XMLDocumentScannerImpl.java:635)
        java.xml/com.sun.org.apache.xerces.internal.impl.XMLNSDocumentScannerImpl.next(XMLNSDocumentScannerImpl.java:113)
        java.xml/com.sun.org.apache.xerces.internal.impl.XMLDocumentFragmentScannerImpl.scanDocument(XMLDocumentFragmentScannerImpl.java:551)


--------------------------------------------------------------------------------
Parser: org.semanticweb.owlapi.functional.parser.OWLFunctionalSyntaxOWLParser@c6a3f47
    Stack trace:
Encountered unexpected token: "<?xml version=\"1.0\" encoding=\"UTF-8\"?>" <FULLIRI>
    at line 1, column 1.

Was expecting one of:

    "Ontology"
    "Prefix"
 (Line 0)        org.semanticweb.owlapi.functional.parser.OWLFunctionalSyntaxOWLParser.parse(OWLFunctionalSyntaxOWLParser.java:49)
        uk.ac.manchester.cs.owl.owlapi.OWLOntologyFactoryImpl.loadOWLOntology(OWLOntologyFactoryImpl.java:195)
        uk.ac.manchester.cs.owl.owlapi.OWLOntologyManagerImpl.load(OWLOntologyManagerImpl.java:1105)
        uk.ac.manchester.cs.owl.owlapi.OWLOntologyManagerImpl.loadOntology(OWLOntologyManagerImpl.java:1055)
        uk.ac.manchester.cs.owl.owlapi.OWLOntologyManagerImpl.loadOntology(OWLOntologyManagerImpl.java:955)
        uk.ac.manchester.cs.owl.owlapi.OWLOntologyManagerImpl.loadImports(OWLOntologyManagerImpl.java:1663)
        uk.ac.manchester.cs.owl.owlapi.OWLOntologyManagerImpl.makeLoadImportRequest(OWLOntologyManagerImpl.java:1703)
        org.semanticweb.owlapi.rdf.rdfxml.parser.TripleHandlers$TPImportsHandler.handleTriple(TripleHandlers.java:1555)
        org.semanticweb.owlapi.rdf.rdfxml.parser.TripleHandlers$HandlerAccessor.handleStreaming(TripleHandlers.java:369)
        org.semanticweb.owlapi.rdf.rdfxml.parser.OWLRDFConsumer.statementWithResourceValue(OWLRDFConsumer.java:1563)
Encountered unexpected token: "<?xml version=\"1.0\" encoding=\"UTF-8\"?>" <FULLIRI>
    at line 1, column 1.

Was expecting one of:

    "Ontology"
    "Prefix"
        org.semanticweb.owlapi.functional.parser.OWLFunctionalSyntaxParser.generateParseException(OWLFunctionalSyntaxParser.java:2479)
        org.semanticweb.owlapi.functional.parser.OWLFunctionalSyntaxParser.jj_consume_token(OWLFunctionalSyntaxParser.java:2405)
        org.semanticweb.owlapi.functional.parser.OWLFunctionalSyntaxParser.Ontology(OWLFunctionalSyntaxParser.java:115)
        org.semanticweb.owlapi.functional.parser.OWLFunctionalSyntaxParser.parse(OWLFunctionalSyntaxParser.java:101)
        org.semanticweb.owlapi.functional.parser.OWLFunctionalSyntaxOWLParser.parse(OWLFunctionalSyntaxOWLParser.java:47)
        uk.ac.manchester.cs.owl.owlapi.OWLOntologyFactoryImpl.loadOWLOntology(OWLOntologyFactoryImpl.java:195)
        uk.ac.manchester.cs.owl.owlapi.OWLOntologyManagerImpl.load(OWLOntologyManagerImpl.java:1105)
        uk.ac.manchester.cs.owl.owlapi.OWLOntologyManagerImpl.loadOntology(OWLOntologyManagerImpl.java:1055)
        uk.ac.manchester.cs.owl.owlapi.OWLOntologyManagerImpl.loadOntology(OWLOntologyManagerImpl.java:955)
        uk.ac.manchester.cs.owl.owlapi.OWLOntologyManagerImpl.loadImports(OWLOntologyManagerImpl.java:1663)


--------------------------------------------------------------------------------
Parser: org.semanticweb.owlapi.rio.RioParserImpl : org.semanticweb.owlapi.formats.RioTurtleDocumentFormatFactory@95fd655c
    Stack trace:
org.eclipse.rdf4j.rio.RDFParseException: Expected '.', found '<' [line 5]        org.semanticweb.owlapi.rio.RioParserImpl.parse(RioParserImpl.java:148)
        uk.ac.manchester.cs.owl.owlapi.OWLOntologyFactoryImpl.loadOWLOntology(OWLOntologyFactoryImpl.java:195)
        uk.ac.manchester.cs.owl.owlapi.OWLOntologyManagerImpl.load(OWLOntologyManagerImpl.java:1105)
        uk.ac.manchester.cs.owl.owlapi.OWLOntologyManagerImpl.loadOntology(OWLOntologyManagerImpl.java:1055)
        uk.ac.manchester.cs.owl.owlapi.OWLOntologyManagerImpl.loadOntology(OWLOntologyManagerImpl.java:955)
        uk.ac.manchester.cs.owl.owlapi.OWLOntologyManagerImpl.loadImports(OWLOntologyManagerImpl.java:1663)
        uk.ac.manchester.cs.owl.owlapi.OWLOntologyManagerImpl.makeLoadImportRequest(OWLOntologyManagerImpl.java:1703)
        org.semanticweb.owlapi.rdf.rdfxml.parser.TripleHandlers$TPImportsHandler.handleTriple(TripleHandlers.java:1555)
        org.semanticweb.owlapi.rdf.rdfxml.parser.TripleHandlers$HandlerAccessor.handleStreaming(TripleHandlers.java:369)
        org.semanticweb.owlapi.rdf.rdfxml.parser.OWLRDFConsumer.statementWithResourceValue(OWLRDFConsumer.java:1563)
Expected '.', found '<' [line 5]        org.eclipse.rdf4j.rio.helpers.RDFParserHelper.reportFatalError(RDFParserHelper.java:347)
        org.eclipse.rdf4j.rio.helpers.AbstractRDFParser.reportFatalError(AbstractRDFParser.java:698)
        org.eclipse.rdf4j.rio.turtle.TurtleParser.reportFatalError(TurtleParser.java:1309)
        org.eclipse.rdf4j.rio.turtle.TurtleParser.verifyCharacterOrFail(TurtleParser.java:1154)
        org.eclipse.rdf4j.rio.turtle.TurtleParser.parseStatement(TurtleParser.java:205)
        org.eclipse.rdf4j.rio.turtle.TurtleParser.parse(TurtleParser.java:165)
        org.semanticweb.owlapi.rio.RioParserImpl.parseDocumentSource(RioParserImpl.java:186)
        org.semanticweb.owlapi.rio.RioParserImpl.parse(RioParserImpl.java:134)
        uk.ac.manchester.cs.owl.owlapi.OWLOntologyFactoryImpl.loadOWLOntology(OWLOntologyFactoryImpl.java:195)
        uk.ac.manchester.cs.owl.owlapi.OWLOntologyManagerImpl.load(OWLOntologyManagerImpl.java:1105)


--------------------------------------------------------------------------------
Parser: org.semanticweb.owlapi.manchestersyntax.parser.ManchesterOWLSyntaxOntologyParser@59bbf82e
    Stack trace:
Encountered '<?xml version="1.0" encoding="UTF-8"?>' at line 1 column 1.  Expected either 'Ontology:' or 'Prefix:' (Line 1)        org.semanticweb.owlapi.manchestersyntax.parser.ManchesterOWLSyntaxOntologyParser.parse(ManchesterOWLSyntaxOntologyParser.java:81)
        uk.ac.manchester.cs.owl.owlapi.OWLOntologyFactoryImpl.loadOWLOntology(OWLOntologyFactoryImpl.java:195)
        uk.ac.manchester.cs.owl.owlapi.OWLOntologyManagerImpl.load(OWLOntologyManagerImpl.java:1105)
        uk.ac.manchester.cs.owl.owlapi.OWLOntologyManagerImpl.loadOntology(OWLOntologyManagerImpl.java:1055)
        uk.ac.manchester.cs.owl.owlapi.OWLOntologyManagerImpl.loadOntology(OWLOntologyManagerImpl.java:955)
        uk.ac.manchester.cs.owl.owlapi.OWLOntologyManagerImpl.loadImports(OWLOntologyManagerImpl.java:1663)
        uk.ac.manchester.cs.owl.owlapi.OWLOntologyManagerImpl.makeLoadImportRequest(OWLOntologyManagerImpl.java:1703)
        org.semanticweb.owlapi.rdf.rdfxml.parser.TripleHandlers$TPImportsHandler.handleTriple(TripleHandlers.java:1555)
        org.semanticweb.owlapi.rdf.rdfxml.parser.TripleHandlers$HandlerAccessor.handleStreaming(TripleHandlers.java:369)
        org.semanticweb.owlapi.rdf.rdfxml.parser.OWLRDFConsumer.statementWithResourceValue(OWLRDFConsumer.java:1563)


--------------------------------------------------------------------------------
Parser: org.semanticweb.owlapi.rio.RioParserImpl : org.semanticweb.owlapi.formats.NQuadsDocumentFormatFactory@6f9c39ad
    Stack trace:
org.eclipse.rdf4j.rio.RDFParseException: Not a valid (absolute) IRI: ?xml version="1.0" encoding="UTF-8"? [line 1]        org.semanticweb.owlapi.rio.RioParserImpl.parse(RioParserImpl.java:148)
        uk.ac.manchester.cs.owl.owlapi.OWLOntologyFactoryImpl.loadOWLOntology(OWLOntologyFactoryImpl.java:195)
        uk.ac.manchester.cs.owl.owlapi.OWLOntologyManagerImpl.load(OWLOntologyManagerImpl.java:1105)
        uk.ac.manchester.cs.owl.owlapi.OWLOntologyManagerImpl.loadOntology(OWLOntologyManagerImpl.java:1055)
        uk.ac.manchester.cs.owl.owlapi.OWLOntologyManagerImpl.loadOntology(OWLOntologyManagerImpl.java:955)
        uk.ac.manchester.cs.owl.owlapi.OWLOntologyManagerImpl.loadImports(OWLOntologyManagerImpl.java:1663)
        uk.ac.manchester.cs.owl.owlapi.OWLOntologyManagerImpl.makeLoadImportRequest(OWLOntologyManagerImpl.java:1703)
        org.semanticweb.owlapi.rdf.rdfxml.parser.TripleHandlers$TPImportsHandler.handleTriple(TripleHandlers.java:1555)
        org.semanticweb.owlapi.rdf.rdfxml.parser.TripleHandlers$HandlerAccessor.handleStreaming(TripleHandlers.java:369)
        org.semanticweb.owlapi.rdf.rdfxml.parser.OWLRDFConsumer.statementWithResourceValue(OWLRDFConsumer.java:1563)
Not a valid (absolute) IRI: ?xml version="1.0" encoding="UTF-8"? [line 1]        org.eclipse.rdf4j.rio.helpers.RDFParserHelper.reportFatalError(RDFParserHelper.java:380)
        org.eclipse.rdf4j.rio.helpers.AbstractRDFParser.reportFatalError(AbstractRDFParser.java:723)
        org.eclipse.rdf4j.rio.ntriples.NTriplesParser.reportFatalError(NTriplesParser.java:468)
        org.eclipse.rdf4j.rio.helpers.AbstractRDFParser.createURI(AbstractRDFParser.java:360)
        org.eclipse.rdf4j.rio.ntriples.NTriplesParser.createURI(NTriplesParser.java:431)
        org.eclipse.rdf4j.rio.ntriples.NTriplesParser.parseIRI(NTriplesParser.java:260)
        org.eclipse.rdf4j.rio.ntriples.NTriplesParser.parseSubject(NTriplesParser.java:187)
        org.eclipse.rdf4j.rio.nquads.NQuadsParser.parseStatement(NQuadsParser.java:51)
        org.eclipse.rdf4j.rio.ntriples.NTriplesParser.parse(NTriplesParser.java:119)
        org.semanticweb.owlapi.rio.RioParserImpl.parseDocumentSource(RioParserImpl.java:186)
Not a valid (absolute) IRI: ?xml version="1.0" encoding="UTF-8"?        org.eclipse.rdf4j.model.impl.SimpleIRI.setIRIString(SimpleIRI.java:96)
        org.eclipse.rdf4j.model.impl.SimpleIRI.<init>(SimpleIRI.java:67)
        org.eclipse.rdf4j.model.impl.SimpleValueFactory.createIRI(SimpleValueFactory.java:83)
        org.eclipse.rdf4j.rio.helpers.RDFStarDecodingValueFactory.createIRI(RDFStarDecodingValueFactory.java:46)
        org.eclipse.rdf4j.rio.helpers.AbstractRDFParser.createURI(AbstractRDFParser.java:358)
        org.eclipse.rdf4j.rio.ntriples.NTriplesParser.createURI(NTriplesParser.java:431)
        org.eclipse.rdf4j.rio.ntriples.NTriplesParser.parseIRI(NTriplesParser.java:260)
        org.eclipse.rdf4j.rio.ntriples.NTriplesParser.parseSubject(NTriplesParser.java:187)
        org.eclipse.rdf4j.rio.nquads.NQuadsParser.parseStatement(NQuadsParser.java:51)
        org.eclipse.rdf4j.rio.ntriples.NTriplesParser.parse(NTriplesParser.java:119)


--------------------------------------------------------------------------------
Parser: org.semanticweb.owlapi.rio.RioParserImpl : org.semanticweb.owlapi.formats.NTriplesDocumentFormatFactory@937ecd36
    Stack trace:
org.eclipse.rdf4j.rio.RDFParseException: Not a valid (absolute) IRI: ?xml version="1.0" encoding="UTF-8"? [line 1]        org.semanticweb.owlapi.rio.RioParserImpl.parse(RioParserImpl.java:148)
        uk.ac.manchester.cs.owl.owlapi.OWLOntologyFactoryImpl.loadOWLOntology(OWLOntologyFactoryImpl.java:195)
        uk.ac.manchester.cs.owl.owlapi.OWLOntologyManagerImpl.load(OWLOntologyManagerImpl.java:1105)
        uk.ac.manchester.cs.owl.owlapi.OWLOntologyManagerImpl.loadOntology(OWLOntologyManagerImpl.java:1055)
        uk.ac.manchester.cs.owl.owlapi.OWLOntologyManagerImpl.loadOntology(OWLOntologyManagerImpl.java:955)
        uk.ac.manchester.cs.owl.owlapi.OWLOntologyManagerImpl.loadImports(OWLOntologyManagerImpl.java:1663)
        uk.ac.manchester.cs.owl.owlapi.OWLOntologyManagerImpl.makeLoadImportRequest(OWLOntologyManagerImpl.java:1703)
        org.semanticweb.owlapi.rdf.rdfxml.parser.TripleHandlers$TPImportsHandler.handleTriple(TripleHandlers.java:1555)
        org.semanticweb.owlapi.rdf.rdfxml.parser.TripleHandlers$HandlerAccessor.handleStreaming(TripleHandlers.java:369)
        org.semanticweb.owlapi.rdf.rdfxml.parser.OWLRDFConsumer.statementWithResourceValue(OWLRDFConsumer.java:1563)
Not a valid (absolute) IRI: ?xml version="1.0" encoding="UTF-8"? [line 1]        org.eclipse.rdf4j.rio.helpers.RDFParserHelper.reportFatalError(RDFParserHelper.java:380)
        org.eclipse.rdf4j.rio.helpers.AbstractRDFParser.reportFatalError(AbstractRDFParser.java:723)
        org.eclipse.rdf4j.rio.ntriples.NTriplesParser.reportFatalError(NTriplesParser.java:468)
        org.eclipse.rdf4j.rio.helpers.AbstractRDFParser.createURI(AbstractRDFParser.java:360)
        org.eclipse.rdf4j.rio.ntriples.NTriplesParser.createURI(NTriplesParser.java:431)
        org.eclipse.rdf4j.rio.ntriples.NTriplesParser.parseIRI(NTriplesParser.java:260)
        org.eclipse.rdf4j.rio.ntriples.NTriplesParser.parseSubject(NTriplesParser.java:187)
        org.eclipse.rdf4j.rio.ntriples.NTriplesParser.parseStatement(NTriplesParser.java:137)
        org.eclipse.rdf4j.rio.ntriples.NTriplesParser.parse(NTriplesParser.java:119)
        org.semanticweb.owlapi.rio.RioParserImpl.parseDocumentSource(RioParserImpl.java:186)
Not a valid (absolute) IRI: ?xml version="1.0" encoding="UTF-8"?        org.eclipse.rdf4j.model.impl.SimpleIRI.setIRIString(SimpleIRI.java:96)
        org.eclipse.rdf4j.model.impl.SimpleIRI.<init>(SimpleIRI.java:67)
        org.eclipse.rdf4j.model.impl.SimpleValueFactory.createIRI(SimpleValueFactory.java:83)
        org.eclipse.rdf4j.rio.helpers.RDFStarDecodingValueFactory.createIRI(RDFStarDecodingValueFactory.java:46)
        org.eclipse.rdf4j.rio.helpers.AbstractRDFParser.createURI(AbstractRDFParser.java:358)
        org.eclipse.rdf4j.rio.ntriples.NTriplesParser.createURI(NTriplesParser.java:431)
        org.eclipse.rdf4j.rio.ntriples.NTriplesParser.parseIRI(NTriplesParser.java:260)
        org.eclipse.rdf4j.rio.ntriples.NTriplesParser.parseSubject(NTriplesParser.java:187)
        org.eclipse.rdf4j.rio.ntriples.NTriplesParser.parseStatement(NTriplesParser.java:137)
        org.eclipse.rdf4j.rio.ntriples.NTriplesParser.parse(NTriplesParser.java:119)


--------------------------------------------------------------------------------
Parser: org.semanticweb.owlapi.rio.RioParserImpl : org.semanticweb.owlapi.formats.RDFJsonDocumentFormatFactory@cd748dc3
    Stack trace:
org.eclipse.rdf4j.rio.RDFParseException: Found IOException during parsing [line 1, column 2]        org.semanticweb.owlapi.rio.RioParserImpl.parse(RioParserImpl.java:148)
        uk.ac.manchester.cs.owl.owlapi.OWLOntologyFactoryImpl.loadOWLOntology(OWLOntologyFactoryImpl.java:195)
        uk.ac.manchester.cs.owl.owlapi.OWLOntologyManagerImpl.load(OWLOntologyManagerImpl.java:1105)
        uk.ac.manchester.cs.owl.owlapi.OWLOntologyManagerImpl.loadOntology(OWLOntologyManagerImpl.java:1055)
        uk.ac.manchester.cs.owl.owlapi.OWLOntologyManagerImpl.loadOntology(OWLOntologyManagerImpl.java:955)
        uk.ac.manchester.cs.owl.owlapi.OWLOntologyManagerImpl.loadImports(OWLOntologyManagerImpl.java:1663)
        uk.ac.manchester.cs.owl.owlapi.OWLOntologyManagerImpl.makeLoadImportRequest(OWLOntologyManagerImpl.java:1703)
        org.semanticweb.owlapi.rdf.rdfxml.parser.TripleHandlers$TPImportsHandler.handleTriple(TripleHandlers.java:1555)
        org.semanticweb.owlapi.rdf.rdfxml.parser.TripleHandlers$HandlerAccessor.handleStreaming(TripleHandlers.java:369)
        org.semanticweb.owlapi.rdf.rdfxml.parser.OWLRDFConsumer.statementWithResourceValue(OWLRDFConsumer.java:1563)
Found IOException during parsing [line 1, column 2]        org.eclipse.rdf4j.rio.helpers.RDFParserHelper.reportFatalError(RDFParserHelper.java:400)
        org.eclipse.rdf4j.rio.helpers.AbstractRDFParser.reportFatalError(AbstractRDFParser.java:734)
        org.eclipse.rdf4j.rio.rdfjson.RDFJSONParser.reportFatalError(RDFJSONParser.java:138)
        org.eclipse.rdf4j.rio.rdfjson.RDFJSONParser.parse(RDFJSONParser.java:161)
        org.semanticweb.owlapi.rio.RioParserImpl.parseDocumentSource(RioParserImpl.java:186)
        org.semanticweb.owlapi.rio.RioParserImpl.parse(RioParserImpl.java:134)
        uk.ac.manchester.cs.owl.owlapi.OWLOntologyFactoryImpl.loadOWLOntology(OWLOntologyFactoryImpl.java:195)
        uk.ac.manchester.cs.owl.owlapi.OWLOntologyManagerImpl.load(OWLOntologyManagerImpl.java:1105)
        uk.ac.manchester.cs.owl.owlapi.OWLOntologyManagerImpl.loadOntology(OWLOntologyManagerImpl.java:1055)
        uk.ac.manchester.cs.owl.owlapi.OWLOntologyManagerImpl.loadOntology(OWLOntologyManagerImpl.java:955)
Unexpected character ('<' (code 60)): expected a valid value (JSON String, Number, Array, Object or token 'null', 'true' or 'false')
 at [Source: (BufferedReader); line: 1, column: 2]        com.fasterxml.jackson.core.JsonParser._constructError(JsonParser.java:2477)
        com.fasterxml.jackson.core.base.ParserMinimalBase._reportError(ParserMinimalBase.java:750)
        com.fasterxml.jackson.core.base.ParserMinimalBase._reportUnexpectedChar(ParserMinimalBase.java:674)
        com.fasterxml.jackson.core.json.ReaderBasedJsonParser._handleOddValue(ReaderBasedJsonParser.java:2085)
        com.fasterxml.jackson.core.json.ReaderBasedJsonParser.nextToken(ReaderBasedJsonParser.java:808)
        org.eclipse.rdf4j.rio.rdfjson.RDFJSONParser.rdfJsonToHandlerInternal(RDFJSONParser.java:182)
        org.eclipse.rdf4j.rio.rdfjson.RDFJSONParser.parse(RDFJSONParser.java:158)
        org.semanticweb.owlapi.rio.RioParserImpl.parseDocumentSource(RioParserImpl.java:186)
        org.semanticweb.owlapi.rio.RioParserImpl.parse(RioParserImpl.java:134)
        uk.ac.manchester.cs.owl.owlapi.OWLOntologyFactoryImpl.loadOWLOntology(OWLOntologyFactoryImpl.java:195)


--------------------------------------------------------------------------------
Parser: org.semanticweb.owlapi.rio.RioParserImpl : org.semanticweb.owlapi.formats.TrigDocumentFormatFactory@27e81c
    Stack trace:
org.eclipse.rdf4j.rio.RDFParseException: Expected an RDF value here, found '=' [line 5]        org.semanticweb.owlapi.rio.RioParserImpl.parse(RioParserImpl.java:148)
        uk.ac.manchester.cs.owl.owlapi.OWLOntologyFactoryImpl.loadOWLOntology(OWLOntologyFactoryImpl.java:195)
        uk.ac.manchester.cs.owl.owlapi.OWLOntologyManagerImpl.load(OWLOntologyManagerImpl.java:1105)
        uk.ac.manchester.cs.owl.owlapi.OWLOntologyManagerImpl.loadOntology(OWLOntologyManagerImpl.java:1055)
        uk.ac.manchester.cs.owl.owlapi.OWLOntologyManagerImpl.loadOntology(OWLOntologyManagerImpl.java:955)
        uk.ac.manchester.cs.owl.owlapi.OWLOntologyManagerImpl.loadImports(OWLOntologyManagerImpl.java:1663)
        uk.ac.manchester.cs.owl.owlapi.OWLOntologyManagerImpl.makeLoadImportRequest(OWLOntologyManagerImpl.java:1703)
        org.semanticweb.owlapi.rdf.rdfxml.parser.TripleHandlers$TPImportsHandler.handleTriple(TripleHandlers.java:1555)
        org.semanticweb.owlapi.rdf.rdfxml.parser.TripleHandlers$HandlerAccessor.handleStreaming(TripleHandlers.java:369)
        org.semanticweb.owlapi.rdf.rdfxml.parser.OWLRDFConsumer.statementWithResourceValue(OWLRDFConsumer.java:1563)
Expected an RDF value here, found '=' [line 5]        org.eclipse.rdf4j.rio.helpers.RDFParserHelper.reportFatalError(RDFParserHelper.java:347)
        org.eclipse.rdf4j.rio.helpers.AbstractRDFParser.reportFatalError(AbstractRDFParser.java:698)
        org.eclipse.rdf4j.rio.turtle.TurtleParser.reportFatalError(TurtleParser.java:1309)
        org.eclipse.rdf4j.rio.turtle.TurtleParser.parseValue(TurtleParser.java:588)
        org.eclipse.rdf4j.rio.turtle.TurtleParser.parseObject(TurtleParser.java:453)
        org.eclipse.rdf4j.rio.turtle.TurtleParser.parseObjectList(TurtleParser.java:375)
        org.eclipse.rdf4j.rio.turtle.TurtleParser.parsePredicateObjectList(TurtleParser.java:348)
        org.eclipse.rdf4j.rio.trig.TriGParser.parseGraph(TriGParser.java:192)
        org.eclipse.rdf4j.rio.trig.TriGParser.parseStatement(TriGParser.java:115)
        org.eclipse.rdf4j.rio.turtle.TurtleParser.parse(TurtleParser.java:165)


--------------------------------------------------------------------------------
Parser: org.semanticweb.owlapi.rio.RioParserImpl : org.semanticweb.owlapi.formats.RDFJsonLDDocumentFormatFactory@dcacc47d
    Stack trace:
org.eclipse.rdf4j.rio.RDFParseException: Could not parse JSONLD        org.semanticweb.owlapi.rio.RioParserImpl.parse(RioParserImpl.java:148)
        uk.ac.manchester.cs.owl.owlapi.OWLOntologyFactoryImpl.loadOWLOntology(OWLOntologyFactoryImpl.java:195)
        uk.ac.manchester.cs.owl.owlapi.OWLOntologyManagerImpl.load(OWLOntologyManagerImpl.java:1105)
        uk.ac.manchester.cs.owl.owlapi.OWLOntologyManagerImpl.loadOntology(OWLOntologyManagerImpl.java:1055)
        uk.ac.manchester.cs.owl.owlapi.OWLOntologyManagerImpl.loadOntology(OWLOntologyManagerImpl.java:955)
        uk.ac.manchester.cs.owl.owlapi.OWLOntologyManagerImpl.loadImports(OWLOntologyManagerImpl.java:1663)
        uk.ac.manchester.cs.owl.owlapi.OWLOntologyManagerImpl.makeLoadImportRequest(OWLOntologyManagerImpl.java:1703)
        org.semanticweb.owlapi.rdf.rdfxml.parser.TripleHandlers$TPImportsHandler.handleTriple(TripleHandlers.java:1555)
        org.semanticweb.owlapi.rdf.rdfxml.parser.TripleHandlers$HandlerAccessor.handleStreaming(TripleHandlers.java:369)
        org.semanticweb.owlapi.rdf.rdfxml.parser.OWLRDFConsumer.statementWithResourceValue(OWLRDFConsumer.java:1563)
Could not parse JSONLD        org.eclipse.rdf4j.rio.jsonld.JSONLDParser.parse(JSONLDParser.java:261)
        org.eclipse.rdf4j.rio.jsonld.JSONLDParser.parse(JSONLDParser.java:112)
        org.semanticweb.owlapi.rio.RioParserImpl.parseDocumentSource(RioParserImpl.java:186)
        org.semanticweb.owlapi.rio.RioParserImpl.parse(RioParserImpl.java:134)
        uk.ac.manchester.cs.owl.owlapi.OWLOntologyFactoryImpl.loadOWLOntology(OWLOntologyFactoryImpl.java:195)
        uk.ac.manchester.cs.owl.owlapi.OWLOntologyManagerImpl.load(OWLOntologyManagerImpl.java:1105)
        uk.ac.manchester.cs.owl.owlapi.OWLOntologyManagerImpl.loadOntology(OWLOntologyManagerImpl.java:1055)
        uk.ac.manchester.cs.owl.owlapi.OWLOntologyManagerImpl.loadOntology(OWLOntologyManagerImpl.java:955)
        uk.ac.manchester.cs.owl.owlapi.OWLOntologyManagerImpl.loadImports(OWLOntologyManagerImpl.java:1663)
        uk.ac.manchester.cs.owl.owlapi.OWLOntologyManagerImpl.makeLoadImportRequest(OWLOntologyManagerImpl.java:1703)
The document could not be loaded or parsed [code=LOADING_DOCUMENT_FAILED].        no.hasmac.jsonld.document.JsonDocument.of(JsonDocument.java:154)
        no.hasmac.jsonld.document.JsonDocument.of(JsonDocument.java:129)
        org.eclipse.rdf4j.rio.jsonld.JSONLDParser.getDocument(JSONLDParser.java:285)
        org.eclipse.rdf4j.rio.jsonld.JSONLDParser.parse(JSONLDParser.java:134)
        org.eclipse.rdf4j.rio.jsonld.JSONLDParser.parse(JSONLDParser.java:112)
        org.semanticweb.owlapi.rio.RioParserImpl.parseDocumentSource(RioParserImpl.java:186)
        org.semanticweb.owlapi.rio.RioParserImpl.parse(RioParserImpl.java:134)
        uk.ac.manchester.cs.owl.owlapi.OWLOntologyFactoryImpl.loadOWLOntology(OWLOntologyFactoryImpl.java:195)
        uk.ac.manchester.cs.owl.owlapi.OWLOntologyManagerImpl.load(OWLOntologyManagerImpl.java:1105)
        uk.ac.manchester.cs.owl.owlapi.OWLOntologyManagerImpl.loadOntology(OWLOntologyManagerImpl.java:1055)
Unexpected char 60 at (line no=1, column no=1, offset=0)        org.glassfish.json.JsonTokenizer.unexpectedChar(JsonTokenizer.java:577)
        org.glassfish.json.JsonTokenizer.nextToken(JsonTokenizer.java:394)
        org.glassfish.json.JsonParserImpl$NoneContext.getNextEvent(JsonParserImpl.java:419)
        org.glassfish.json.JsonParserImpl.next(JsonParserImpl.java:369)
        no.hasmac.jsonld.document.JsonDocument.doParse(JsonDocument.java:164)
        no.hasmac.jsonld.document.JsonDocument.of(JsonDocument.java:151)
        no.hasmac.jsonld.document.JsonDocument.of(JsonDocument.java:129)
        org.eclipse.rdf4j.rio.jsonld.JSONLDParser.getDocument(JSONLDParser.java:285)
        org.eclipse.rdf4j.rio.jsonld.JSONLDParser.parse(JSONLDParser.java:134)
        org.eclipse.rdf4j.rio.jsonld.JSONLDParser.parse(JSONLDParser.java:112)


--------------------------------------------------------------------------------
Parser: org.semanticweb.owlapi.rio.RioParserImpl : org.semanticweb.owlapi.formats.N3DocumentFormatFactory@9a5
    Stack trace:
org.eclipse.rdf4j.rio.RDFParseException: Expected '.', found '<' [line 5]        org.semanticweb.owlapi.rio.RioParserImpl.parse(RioParserImpl.java:148)
        uk.ac.manchester.cs.owl.owlapi.OWLOntologyFactoryImpl.loadOWLOntology(OWLOntologyFactoryImpl.java:195)
        uk.ac.manchester.cs.owl.owlapi.OWLOntologyManagerImpl.load(OWLOntologyManagerImpl.java:1105)
        uk.ac.manchester.cs.owl.owlapi.OWLOntologyManagerImpl.loadOntology(OWLOntologyManagerImpl.java:1055)
        uk.ac.manchester.cs.owl.owlapi.OWLOntologyManagerImpl.loadOntology(OWLOntologyManagerImpl.java:955)
        uk.ac.manchester.cs.owl.owlapi.OWLOntologyManagerImpl.loadImports(OWLOntologyManagerImpl.java:1663)
        uk.ac.manchester.cs.owl.owlapi.OWLOntologyManagerImpl.makeLoadImportRequest(OWLOntologyManagerImpl.java:1703)
        org.semanticweb.owlapi.rdf.rdfxml.parser.TripleHandlers$TPImportsHandler.handleTriple(TripleHandlers.java:1555)
        org.semanticweb.owlapi.rdf.rdfxml.parser.TripleHandlers$HandlerAccessor.handleStreaming(TripleHandlers.java:369)
        org.semanticweb.owlapi.rdf.rdfxml.parser.OWLRDFConsumer.statementWithResourceValue(OWLRDFConsumer.java:1563)
Expected '.', found '<' [line 5]        org.eclipse.rdf4j.rio.helpers.RDFParserHelper.reportFatalError(RDFParserHelper.java:347)
        org.eclipse.rdf4j.rio.helpers.AbstractRDFParser.reportFatalError(AbstractRDFParser.java:698)
        org.eclipse.rdf4j.rio.turtle.TurtleParser.reportFatalError(TurtleParser.java:1309)
        org.eclipse.rdf4j.rio.turtle.TurtleParser.verifyCharacterOrFail(TurtleParser.java:1154)
        org.eclipse.rdf4j.rio.turtle.TurtleParser.parseStatement(TurtleParser.java:205)
        org.eclipse.rdf4j.rio.turtle.TurtleParser.parse(TurtleParser.java:165)
        org.semanticweb.owlapi.rio.RioParserImpl.parseDocumentSource(RioParserImpl.java:186)
        org.semanticweb.owlapi.rio.RioParserImpl.parse(RioParserImpl.java:134)
        uk.ac.manchester.cs.owl.owlapi.OWLOntologyFactoryImpl.loadOWLOntology(OWLOntologyFactoryImpl.java:195)
        uk.ac.manchester.cs.owl.owlapi.OWLOntologyManagerImpl.load(OWLOntologyManagerImpl.java:1105)


--------------------------------------------------------------------------------
Parser: org.semanticweb.owlapi.rio.RioParserImpl : org.semanticweb.owlapi.formats.RioRDFXMLDocumentFormatFactory@69b9a3bc
    Stack trace:
org.eclipse.rdf4j.rio.RDFParseException: ע���в����������ַ��� "--"�� [line 38, column 12]        org.semanticweb.owlapi.rio.RioParserImpl.parse(RioParserImpl.java:148)
        uk.ac.manchester.cs.owl.owlapi.OWLOntologyFactoryImpl.loadOWLOntology(OWLOntologyFactoryImpl.java:195)
        uk.ac.manchester.cs.owl.owlapi.OWLOntologyManagerImpl.load(OWLOntologyManagerImpl.java:1105)
        uk.ac.manchester.cs.owl.owlapi.OWLOntologyManagerImpl.loadOntology(OWLOntologyManagerImpl.java:1055)
        uk.ac.manchester.cs.owl.owlapi.OWLOntologyManagerImpl.loadOntology(OWLOntologyManagerImpl.java:955)
        uk.ac.manchester.cs.owl.owlapi.OWLOntologyManagerImpl.loadImports(OWLOntologyManagerImpl.java:1663)
        uk.ac.manchester.cs.owl.owlapi.OWLOntologyManagerImpl.makeLoadImportRequest(OWLOntologyManagerImpl.java:1703)
        org.semanticweb.owlapi.rdf.rdfxml.parser.TripleHandlers$TPImportsHandler.handleTriple(TripleHandlers.java:1555)
        org.semanticweb.owlapi.rdf.rdfxml.parser.TripleHandlers$HandlerAccessor.handleStreaming(TripleHandlers.java:369)
        org.semanticweb.owlapi.rdf.rdfxml.parser.OWLRDFConsumer.statementWithResourceValue(OWLRDFConsumer.java:1563)
ע���в����������ַ��� "--"�� [line 38, column 12]        org.eclipse.rdf4j.rio.helpers.RDFParserHelper.reportFatalError(RDFParserHelper.java:380)
        org.eclipse.rdf4j.rio.helpers.AbstractRDFParser.reportFatalError(AbstractRDFParser.java:723)
        org.eclipse.rdf4j.rio.rdfxml.RDFXMLParser.reportFatalError(RDFXMLParser.java:1022)
        org.eclipse.rdf4j.rio.rdfxml.RDFXMLParser.fatalError(RDFXMLParser.java:1159)
        java.xml/com.sun.org.apache.xerces.internal.util.ErrorHandlerWrapper.fatalError(ErrorHandlerWrapper.java:181)
        java.xml/com.sun.org.apache.xerces.internal.impl.XMLErrorReporter.reportError(XMLErrorReporter.java:400)
        java.xml/com.sun.org.apache.xerces.internal.impl.XMLErrorReporter.reportError(XMLErrorReporter.java:327)
        java.xml/com.sun.org.apache.xerces.internal.impl.XMLScanner.reportFatalError(XMLScanner.java:1465)
        java.xml/com.sun.org.apache.xerces.internal.impl.XMLScanner.scanComment(XMLScanner.java:818)
        java.xml/com.sun.org.apache.xerces.internal.impl.XMLDocumentFragmentScannerImpl.scanComment(XMLDocumentFragmentScannerImpl.java:1088)
ע���в����������ַ��� "--"��        java.xml/com.sun.org.apache.xerces.internal.util.ErrorHandlerWrapper.createSAXParseException(ErrorHandlerWrapper.java:204)
        java.xml/com.sun.org.apache.xerces.internal.util.ErrorHandlerWrapper.fatalError(ErrorHandlerWrapper.java:178)
        java.xml/com.sun.org.apache.xerces.internal.impl.XMLErrorReporter.reportError(XMLErrorReporter.java:400)
        java.xml/com.sun.org.apache.xerces.internal.impl.XMLErrorReporter.reportError(XMLErrorReporter.java:327)
        java.xml/com.sun.org.apache.xerces.internal.impl.XMLScanner.reportFatalError(XMLScanner.java:1465)
        java.xml/com.sun.org.apache.xerces.internal.impl.XMLScanner.scanComment(XMLScanner.java:818)
        java.xml/com.sun.org.apache.xerces.internal.impl.XMLDocumentFragmentScannerImpl.scanComment(XMLDocumentFragmentScannerImpl.java:1088)
        java.xml/com.sun.org.apache.xerces.internal.impl.XMLDocumentFragmentScannerImpl$FragmentContentDriver.next(XMLDocumentFragmentScannerImpl.java:2924)
        java.xml/com.sun.org.apache.xerces.internal.impl.XMLDocumentScannerImpl.next(XMLDocumentScannerImpl.java:635)
        java.xml/com.sun.org.apache.xerces.internal.impl.XMLNSDocumentScannerImpl.next(XMLNSDocumentScannerImpl.java:113)


--------------------------------------------------------------------------------
Parser: org.semanticweb.owlapi.rdf.turtle.parser.TurtleOntologyParser@7c0a6f62
    Stack trace:
org.semanticweb.owlapi.rdf.turtle.parser.ParseException: Encountered unexpected token: "<" <ERROR>
    at line 1, column 1.

Was expecting one of:

    "("
    "@base"
    "@prefix"
    "["
    <EMPTY_BLANK_NODE>
    <FULLIRI>
    <NODEID>
    <PNAME_LN>
    <PNAME_NS>
        org.semanticweb.owlapi.rdf.turtle.parser.TurtleOntologyParser.parse(TurtleOntologyParser.java:58)
        uk.ac.manchester.cs.owl.owlapi.OWLOntologyFactoryImpl.loadOWLOntology(OWLOntologyFactoryImpl.java:195)
        uk.ac.manchester.cs.owl.owlapi.OWLOntologyManagerImpl.load(OWLOntologyManagerImpl.java:1105)
        uk.ac.manchester.cs.owl.owlapi.OWLOntologyManagerImpl.loadOntology(OWLOntologyManagerImpl.java:1055)
        uk.ac.manchester.cs.owl.owlapi.OWLOntologyManagerImpl.loadOntology(OWLOntologyManagerImpl.java:955)
        uk.ac.manchester.cs.owl.owlapi.OWLOntologyManagerImpl.loadImports(OWLOntologyManagerImpl.java:1663)
        uk.ac.manchester.cs.owl.owlapi.OWLOntologyManagerImpl.makeLoadImportRequest(OWLOntologyManagerImpl.java:1703)
        org.semanticweb.owlapi.rdf.rdfxml.parser.TripleHandlers$TPImportsHandler.handleTriple(TripleHandlers.java:1555)
        org.semanticweb.owlapi.rdf.rdfxml.parser.TripleHandlers$HandlerAccessor.handleStreaming(TripleHandlers.java:369)
        org.semanticweb.owlapi.rdf.rdfxml.parser.OWLRDFConsumer.statementWithResourceValue(OWLRDFConsumer.java:1563)
Encountered unexpected token: "<" <ERROR>
    at line 1, column 1.

Was expecting one of:

    "("
    "@base"
    "@prefix"
    "["
    <EMPTY_BLANK_NODE>
    <FULLIRI>
    <NODEID>
    <PNAME_LN>
    <PNAME_NS>
        org.semanticweb.owlapi.rdf.turtle.parser.TurtleParser.generateParseException(TurtleParser.java:1034)
        org.semanticweb.owlapi.rdf.turtle.parser.TurtleParser.jj_consume_token(TurtleParser.java:902)
        org.semanticweb.owlapi.rdf.turtle.parser.TurtleParser.parseDocument(TurtleParser.java:165)
        org.semanticweb.owlapi.rdf.turtle.parser.TurtleOntologyParser.parse(TurtleOntologyParser.java:54)
        uk.ac.manchester.cs.owl.owlapi.OWLOntologyFactoryImpl.loadOWLOntology(OWLOntologyFactoryImpl.java:195)
        uk.ac.manchester.cs.owl.owlapi.OWLOntologyManagerImpl.load(OWLOntologyManagerImpl.java:1105)
        uk.ac.manchester.cs.owl.owlapi.OWLOntologyManagerImpl.loadOntology(OWLOntologyManagerImpl.java:1055)
        uk.ac.manchester.cs.owl.owlapi.OWLOntologyManagerImpl.loadOntology(OWLOntologyManagerImpl.java:955)
        uk.ac.manchester.cs.owl.owlapi.OWLOntologyManagerImpl.loadImports(OWLOntologyManagerImpl.java:1663)
        uk.ac.manchester.cs.owl.owlapi.OWLOntologyManagerImpl.makeLoadImportRequest(OWLOntologyManagerImpl.java:1703)


--------------------------------------------------------------------------------
Parser: org.semanticweb.owlapi.oboformat.OBOFormatOWLAPIParser@6b170692
    Stack trace:
LINENO: 1 - Could not find tag separator ':' in line.
LINE: <?xml version="1.0" encoding="UTF-8"?>        org.semanticweb.owlapi.oboformat.OBOFormatOWLAPIParser.parse(OBOFormatOWLAPIParser.java:50)
        uk.ac.manchester.cs.owl.owlapi.OWLOntologyFactoryImpl.loadOWLOntology(OWLOntologyFactoryImpl.java:195)
        uk.ac.manchester.cs.owl.owlapi.OWLOntologyManagerImpl.load(OWLOntologyManagerImpl.java:1105)
        uk.ac.manchester.cs.owl.owlapi.OWLOntologyManagerImpl.loadOntology(OWLOntologyManagerImpl.java:1055)
        uk.ac.manchester.cs.owl.owlapi.OWLOntologyManagerImpl.loadOntology(OWLOntologyManagerImpl.java:955)
        uk.ac.manchester.cs.owl.owlapi.OWLOntologyManagerImpl.loadImports(OWLOntologyManagerImpl.java:1663)
        uk.ac.manchester.cs.owl.owlapi.OWLOntologyManagerImpl.makeLoadImportRequest(OWLOntologyManagerImpl.java:1703)
        org.semanticweb.owlapi.rdf.rdfxml.parser.TripleHandlers$TPImportsHandler.handleTriple(TripleHandlers.java:1555)
        org.semanticweb.owlapi.rdf.rdfxml.parser.TripleHandlers$HandlerAccessor.handleStreaming(TripleHandlers.java:369)
        org.semanticweb.owlapi.rdf.rdfxml.parser.OWLRDFConsumer.statementWithResourceValue(OWLRDFConsumer.java:1563)
LINENO: 1 - Could not find tag separator ':' in line.
LINE: <?xml version="1.0" encoding="UTF-8"?>        org.obolibrary.oboformat.parser.OBOFormatParser.error(OBOFormatParser.java:1317)
        org.obolibrary.oboformat.parser.OBOFormatParser.getParseTag(OBOFormatParser.java:731)
        org.obolibrary.oboformat.parser.OBOFormatParser.parseHeaderClause(OBOFormatParser.java:409)
        org.obolibrary.oboformat.parser.OBOFormatParser.parseHeaderClauseNl(OBOFormatParser.java:402)
        org.obolibrary.oboformat.parser.OBOFormatParser.parseHeaderFrame(OBOFormatParser.java:385)
        org.obolibrary.oboformat.parser.OBOFormatParser.parseOBODoc(OBOFormatParser.java:268)
        org.obolibrary.oboformat.parser.OBOFormatParser.parse(OBOFormatParser.java:237)
        org.semanticweb.owlapi.oboformat.OBOFormatOWLAPIParser.parse(OBOFormatOWLAPIParser.java:44)
        uk.ac.manchester.cs.owl.owlapi.OWLOntologyFactoryImpl.loadOWLOntology(OWLOntologyFactoryImpl.java:195)
        uk.ac.manchester.cs.owl.owlapi.OWLOntologyManagerImpl.load(OWLOntologyManagerImpl.java:1105)


--------------------------------------------------------------------------------
Parser: org.semanticweb.owlapi.dlsyntax.parser.DLSyntaxOWLParser@4603c412
    Stack trace:
Encountered unexpected token: "<" <MAX>
    at line 1, column 1.

Was expecting one of:

    ":"
    "\n"
        org.semanticweb.owlapi.dlsyntax.parser.DLSyntaxOWLParser.parse(DLSyntaxOWLParser.java:52)
        uk.ac.manchester.cs.owl.owlapi.OWLOntologyFactoryImpl.loadOWLOntology(OWLOntologyFactoryImpl.java:195)
        uk.ac.manchester.cs.owl.owlapi.OWLOntologyManagerImpl.load(OWLOntologyManagerImpl.java:1105)
        uk.ac.manchester.cs.owl.owlapi.OWLOntologyManagerImpl.loadOntology(OWLOntologyManagerImpl.java:1055)
        uk.ac.manchester.cs.owl.owlapi.OWLOntologyManagerImpl.loadOntology(OWLOntologyManagerImpl.java:955)
        uk.ac.manchester.cs.owl.owlapi.OWLOntologyManagerImpl.loadImports(OWLOntologyManagerImpl.java:1663)
        uk.ac.manchester.cs.owl.owlapi.OWLOntologyManagerImpl.makeLoadImportRequest(OWLOntologyManagerImpl.java:1703)
        org.semanticweb.owlapi.rdf.rdfxml.parser.TripleHandlers$TPImportsHandler.handleTriple(TripleHandlers.java:1555)
        org.semanticweb.owlapi.rdf.rdfxml.parser.TripleHandlers$HandlerAccessor.handleStreaming(TripleHandlers.java:369)
        org.semanticweb.owlapi.rdf.rdfxml.parser.OWLRDFConsumer.statementWithResourceValue(OWLRDFConsumer.java:1563)
Encountered unexpected token: "<" <MAX>
    at line 1, column 1.

Was expecting one of:

    ":"
    "\n"
        org.semanticweb.owlapi.dlsyntax.parser.DLSyntaxParser.generateParseException(DLSyntaxParser.java:1572)
        org.semanticweb.owlapi.dlsyntax.parser.DLSyntaxParser.jj_consume_token(DLSyntaxParser.java:1443)
        org.semanticweb.owlapi.dlsyntax.parser.DLSyntaxParser.parseAxiom(DLSyntaxParser.java:141)
        org.semanticweb.owlapi.dlsyntax.parser.DLSyntaxParser.parseAxioms(DLSyntaxParser.java:114)
        org.semanticweb.owlapi.dlsyntax.parser.DLSyntaxOWLParser.parse(DLSyntaxOWLParser.java:48)
        uk.ac.manchester.cs.owl.owlapi.OWLOntologyFactoryImpl.loadOWLOntology(OWLOntologyFactoryImpl.java:195)
        uk.ac.manchester.cs.owl.owlapi.OWLOntologyManagerImpl.load(OWLOntologyManagerImpl.java:1105)
        uk.ac.manchester.cs.owl.owlapi.OWLOntologyManagerImpl.loadOntology(OWLOntologyManagerImpl.java:1055)
        uk.ac.manchester.cs.owl.owlapi.OWLOntologyManagerImpl.loadOntology(OWLOntologyManagerImpl.java:955)
        uk.ac.manchester.cs.owl.owlapi.OWLOntologyManagerImpl.loadImports(OWLOntologyManagerImpl.java:1663)


--------------------------------------------------------------------------------
Parser: org.semanticweb.owlapi.rio.RioParserImpl : org.semanticweb.owlapi.formats.BinaryRDFDocumentFormatFactory@3bf24493
    Stack trace:
org.eclipse.rdf4j.rio.RDFParseException: File does not contain a binary RDF document        org.semanticweb.owlapi.rio.RioParserImpl.parse(RioParserImpl.java:148)
        uk.ac.manchester.cs.owl.owlapi.OWLOntologyFactoryImpl.loadOWLOntology(OWLOntologyFactoryImpl.java:195)
        uk.ac.manchester.cs.owl.owlapi.OWLOntologyManagerImpl.load(OWLOntologyManagerImpl.java:1105)
        uk.ac.manchester.cs.owl.owlapi.OWLOntologyManagerImpl.loadOntology(OWLOntologyManagerImpl.java:1055)
        uk.ac.manchester.cs.owl.owlapi.OWLOntologyManagerImpl.loadOntology(OWLOntologyManagerImpl.java:955)
        uk.ac.manchester.cs.owl.owlapi.OWLOntologyManagerImpl.loadImports(OWLOntologyManagerImpl.java:1663)
        uk.ac.manchester.cs.owl.owlapi.OWLOntologyManagerImpl.makeLoadImportRequest(OWLOntologyManagerImpl.java:1703)
        org.semanticweb.owlapi.rdf.rdfxml.parser.TripleHandlers$TPImportsHandler.handleTriple(TripleHandlers.java:1555)
        org.semanticweb.owlapi.rdf.rdfxml.parser.TripleHandlers$HandlerAccessor.handleStreaming(TripleHandlers.java:369)
        org.semanticweb.owlapi.rdf.rdfxml.parser.OWLRDFConsumer.statementWithResourceValue(OWLRDFConsumer.java:1563)
File does not contain a binary RDF document        org.eclipse.rdf4j.rio.helpers.RDFParserHelper.reportFatalError(RDFParserHelper.java:347)
        org.eclipse.rdf4j.rio.helpers.RDFParserHelper.reportFatalError(RDFParserHelper.java:334)
        org.eclipse.rdf4j.rio.helpers.AbstractRDFParser.reportFatalError(AbstractRDFParser.java:690)
        org.eclipse.rdf4j.rio.binary.BinaryRDFParser.parse(BinaryRDFParser.java:92)
        org.semanticweb.owlapi.rio.RioParserImpl.parseDocumentSource(RioParserImpl.java:198)
        org.semanticweb.owlapi.rio.RioParserImpl.parse(RioParserImpl.java:134)
        uk.ac.manchester.cs.owl.owlapi.OWLOntologyFactoryImpl.loadOWLOntology(OWLOntologyFactoryImpl.java:195)
        uk.ac.manchester.cs.owl.owlapi.OWLOntologyManagerImpl.load(OWLOntologyManagerImpl.java:1105)
        uk.ac.manchester.cs.owl.owlapi.OWLOntologyManagerImpl.loadOntology(OWLOntologyManagerImpl.java:1055)
        uk.ac.manchester.cs.owl.owlapi.OWLOntologyManagerImpl.loadOntology(OWLOntologyManagerImpl.java:955)


--------------------------------------------------------------------------------
Parser: org.semanticweb.owlapi.krss2.parser.KRSS2OWLParser@341df373
    Stack trace:
org.semanticweb.owlapi.krss2.parser.ParseException: Encountered unexpected token: "<?xml version=\"1.0\" encoding=\"UTF-8\"?>" ">"
    at line 1, column 1.

Was expecting:

    <EOF>
        org.semanticweb.owlapi.krss2.parser.KRSS2OWLParser.parse(KRSS2OWLParser.java:252)
        uk.ac.manchester.cs.owl.owlapi.OWLOntologyFactoryImpl.loadOWLOntology(OWLOntologyFactoryImpl.java:195)
        uk.ac.manchester.cs.owl.owlapi.OWLOntologyManagerImpl.load(OWLOntologyManagerImpl.java:1105)
        uk.ac.manchester.cs.owl.owlapi.OWLOntologyManagerImpl.loadOntology(OWLOntologyManagerImpl.java:1055)
        uk.ac.manchester.cs.owl.owlapi.OWLOntologyManagerImpl.loadOntology(OWLOntologyManagerImpl.java:955)
        uk.ac.manchester.cs.owl.owlapi.OWLOntologyManagerImpl.loadImports(OWLOntologyManagerImpl.java:1663)
        uk.ac.manchester.cs.owl.owlapi.OWLOntologyManagerImpl.makeLoadImportRequest(OWLOntologyManagerImpl.java:1703)
        org.semanticweb.owlapi.rdf.rdfxml.parser.TripleHandlers$TPImportsHandler.handleTriple(TripleHandlers.java:1555)
        org.semanticweb.owlapi.rdf.rdfxml.parser.TripleHandlers$HandlerAccessor.handleStreaming(TripleHandlers.java:369)
        org.semanticweb.owlapi.rdf.rdfxml.parser.OWLRDFConsumer.statementWithResourceValue(OWLRDFConsumer.java:1563)
Encountered unexpected token: "<?xml version=\"1.0\" encoding=\"UTF-8\"?>" ">"
    at line 1, column 1.

Was expecting:

    <EOF>
        org.semanticweb.owlapi.krss2.parser.KRSS2Parser.generateParseException(KRSS2Parser.java:2103)
        org.semanticweb.owlapi.krss2.parser.KRSS2Parser.jj_consume_token(KRSS2Parser.java:1968)
        org.semanticweb.owlapi.krss2.parser.KRSS2Parser.parse(KRSS2Parser.java:124)
        org.semanticweb.owlapi.krss2.parser.KRSS2OWLParser.parse(KRSS2OWLParser.java:249)
        uk.ac.manchester.cs.owl.owlapi.OWLOntologyFactoryImpl.loadOWLOntology(OWLOntologyFactoryImpl.java:195)
        uk.ac.manchester.cs.owl.owlapi.OWLOntologyManagerImpl.load(OWLOntologyManagerImpl.java:1105)
        uk.ac.manchester.cs.owl.owlapi.OWLOntologyManagerImpl.loadOntology(OWLOntologyManagerImpl.java:1055)
        uk.ac.manchester.cs.owl.owlapi.OWLOntologyManagerImpl.loadOntology(OWLOntologyManagerImpl.java:955)
        uk.ac.manchester.cs.owl.owlapi.OWLOntologyManagerImpl.loadImports(OWLOntologyManagerImpl.java:1663)
        uk.ac.manchester.cs.owl.owlapi.OWLOntologyManagerImpl.makeLoadImportRequest(OWLOntologyManagerImpl.java:1703)


--------------------------------------------------------------------------------
Parser: org.semanticweb.owlapi.rio.RioParserImpl : org.semanticweb.owlapi.formats.HDTRDFDocumentFormatFactory@116d8
    Stack trace:
org.eclipse.rdf4j.rio.RDFParseException: $HDT marker not found [line 4]        org.semanticweb.owlapi.rio.RioParserImpl.parse(RioParserImpl.java:148)
        uk.ac.manchester.cs.owl.owlapi.OWLOntologyFactoryImpl.loadOWLOntology(OWLOntologyFactoryImpl.java:195)
        uk.ac.manchester.cs.owl.owlapi.OWLOntologyManagerImpl.load(OWLOntologyManagerImpl.java:1105)
        uk.ac.manchester.cs.owl.owlapi.OWLOntologyManagerImpl.loadOntology(OWLOntologyManagerImpl.java:1055)
        uk.ac.manchester.cs.owl.owlapi.OWLOntologyManagerImpl.loadOntology(OWLOntologyManagerImpl.java:955)
        uk.ac.manchester.cs.owl.owlapi.OWLOntologyManagerImpl.loadImports(OWLOntologyManagerImpl.java:1663)
        uk.ac.manchester.cs.owl.owlapi.OWLOntologyManagerImpl.makeLoadImportRequest(OWLOntologyManagerImpl.java:1703)
        org.semanticweb.owlapi.rdf.rdfxml.parser.TripleHandlers$TPImportsHandler.handleTriple(TripleHandlers.java:1555)
        org.semanticweb.owlapi.rdf.rdfxml.parser.TripleHandlers$HandlerAccessor.handleStreaming(TripleHandlers.java:369)
        org.semanticweb.owlapi.rdf.rdfxml.parser.OWLRDFConsumer.statementWithResourceValue(OWLRDFConsumer.java:1563)
$HDT marker not found [line 4]        org.eclipse.rdf4j.rio.helpers.RDFParserHelper.reportFatalError(RDFParserHelper.java:347)
        org.eclipse.rdf4j.rio.helpers.AbstractRDFParser.reportFatalError(AbstractRDFParser.java:698)
        org.eclipse.rdf4j.rio.hdt.HDTParser.parse(HDTParser.java:156)
        org.semanticweb.owlapi.rio.RioParserImpl.parseDocumentSource(RioParserImpl.java:198)
        org.semanticweb.owlapi.rio.RioParserImpl.parse(RioParserImpl.java:134)
        uk.ac.manchester.cs.owl.owlapi.OWLOntologyFactoryImpl.loadOWLOntology(OWLOntologyFactoryImpl.java:195)
        uk.ac.manchester.cs.owl.owlapi.OWLOntologyManagerImpl.load(OWLOntologyManagerImpl.java:1105)
        uk.ac.manchester.cs.owl.owlapi.OWLOntologyManagerImpl.loadOntology(OWLOntologyManagerImpl.java:1055)
        uk.ac.manchester.cs.owl.owlapi.OWLOntologyManagerImpl.loadOntology(OWLOntologyManagerImpl.java:955)
        uk.ac.manchester.cs.owl.owlapi.OWLOntologyManagerImpl.loadImports(OWLOntologyManagerImpl.java:1663)


--------------------------------------------------------------------------------
Parser: org.semanticweb.owlapi.rio.RioParserImpl : org.semanticweb.owlapi.formats.RDFaDocumentFormatFactory@264e8d
    Stack trace:
org.eclipse.rdf4j.rio.UnsupportedRDFormatException: Did not recognise RDF format object RDFa (mimeTypes=application/xhtml+xml, application/html, text/html; ext=xhtml, html)        org.semanticweb.owlapi.rio.RioParserImpl.parse(RioParserImpl.java:148)
        uk.ac.manchester.cs.owl.owlapi.OWLOntologyFactoryImpl.loadOWLOntology(OWLOntologyFactoryImpl.java:195)
        uk.ac.manchester.cs.owl.owlapi.OWLOntologyManagerImpl.load(OWLOntologyManagerImpl.java:1105)
        uk.ac.manchester.cs.owl.owlapi.OWLOntologyManagerImpl.loadOntology(OWLOntologyManagerImpl.java:1055)
        uk.ac.manchester.cs.owl.owlapi.OWLOntologyManagerImpl.loadOntology(OWLOntologyManagerImpl.java:955)
        uk.ac.manchester.cs.owl.owlapi.OWLOntologyManagerImpl.loadImports(OWLOntologyManagerImpl.java:1663)
        uk.ac.manchester.cs.owl.owlapi.OWLOntologyManagerImpl.makeLoadImportRequest(OWLOntologyManagerImpl.java:1703)
        org.semanticweb.owlapi.rdf.rdfxml.parser.TripleHandlers$TPImportsHandler.handleTriple(TripleHandlers.java:1555)
        org.semanticweb.owlapi.rdf.rdfxml.parser.TripleHandlers$HandlerAccessor.handleStreaming(TripleHandlers.java:369)
        org.semanticweb.owlapi.rdf.rdfxml.parser.OWLRDFConsumer.statementWithResourceValue(OWLRDFConsumer.java:1563)
Did not recognise RDF format object RDFa (mimeTypes=application/xhtml+xml, application/html, text/html; ext=xhtml, html)        org.eclipse.rdf4j.rio.Rio.lambda$unsupportedFormat$0(Rio.java:761)
        java.base/java.util.Optional.orElseThrow(Optional.java:407)
        org.eclipse.rdf4j.rio.Rio.createParser(Rio.java:99)
        org.semanticweb.owlapi.rio.RioParserImpl.parseDocumentSource(RioParserImpl.java:173)
        org.semanticweb.owlapi.rio.RioParserImpl.parse(RioParserImpl.java:134)
        uk.ac.manchester.cs.owl.owlapi.OWLOntologyFactoryImpl.loadOWLOntology(OWLOntologyFactoryImpl.java:195)
        uk.ac.manchester.cs.owl.owlapi.OWLOntologyManagerImpl.load(OWLOntologyManagerImpl.java:1105)
        uk.ac.manchester.cs.owl.owlapi.OWLOntologyManagerImpl.loadOntology(OWLOntologyManagerImpl.java:1055)
        uk.ac.manchester.cs.owl.owlapi.OWLOntologyManagerImpl.loadOntology(OWLOntologyManagerImpl.java:955)
        uk.ac.manchester.cs.owl.owlapi.OWLOntologyManagerImpl.loadImports(OWLOntologyManagerImpl.java:1663)



	at org.springframework.beans.factory.support.ConstructorResolver.createArgumentArray(ConstructorResolver.java:801)
	at org.springframework.beans.factory.support.ConstructorResolver.autowireConstructor(ConstructorResolver.java:224)
	at org.springframework.beans.factory.support.AbstractAutowireCapableBeanFactory.autowireConstructor(AbstractAutowireCapableBeanFactory.java:1372)
	at org.springframework.beans.factory.support.AbstractAutowireCapableBeanFactory.createBeanInstance(AbstractAutowireCapableBeanFactory.java:1222)
	at org.springframework.beans.factory.support.AbstractAutowireCapableBeanFactory.doCreateBean(AbstractAutowireCapableBeanFactory.java:582)
	at org.springframework.beans.factory.support.AbstractAutowireCapableBeanFactory.createBean(AbstractAutowireCapableBeanFactory.java:542)
	at org.springframework.beans.factory.support.AbstractBeanFactory.lambda$doGetBean$0(AbstractBeanFactory.java:335)
	at org.springframework.beans.factory.support.DefaultSingletonBeanRegistry.getSingleton(DefaultSingletonBeanRegistry.java:234)
	at org.springframework.beans.factory.support.AbstractBeanFactory.doGetBean(AbstractBeanFactory.java:333)
	at org.springframework.beans.factory.support.AbstractBeanFactory.getBean(AbstractBeanFactory.java:208)
	at org.springframework.beans.factory.support.DefaultListableBeanFactory.preInstantiateSingletons(DefaultListableBeanFactory.java:955)
	at org.springframework.context.support.AbstractApplicationContext.finishBeanFactoryInitialization(AbstractApplicationContext.java:929)
	at org.springframework.context.support.AbstractApplicationContext.refresh(AbstractApplicationContext.java:591)
	at org.springframework.boot.web.servlet.context.ServletWebServerApplicationContext.refresh(ServletWebServerApplicationContext.java:147)
	at org.springframework.boot.SpringApplication.refresh(SpringApplication.java:732)
	at org.springframework.boot.SpringApplication.refreshContext(SpringApplication.java:409)
	at org.springframework.boot.SpringApplication.run(SpringApplication.java:308)
	at org.springframework.boot.SpringApplication.run(SpringApplication.java:1300)
	at org.springframework.boot.SpringApplication.run(SpringApplication.java:1289)
	at it.unibz.inf.ontop.endpoint.OntopEndpointApplication.main(OntopEndpointApplication.java:20)
	at it.unibz.inf.ontop.cli.OntopEndpoint.run(OntopEndpoint.java:152)
	at it.unibz.inf.ontop.cli.Ontop.main(Ontop.java:19)
Caused by: org.springframework.beans.factory.BeanCreationException: Error creating bean with name 'setupVirtualRepository' defined in class path resource [it/unibz/inf/ontop/endpoint/beans/OntopVirtualRepositoryBean.class]: Bean instantiation via factory method failed; nested exception is org.springframework.beans.BeanInstantiationException: Failed to instantiate [it.unibz.inf.ontop.rdf4j.repository.impl.OntopVirtualRepository]: Factory method 'setupVirtualRepository' threw exception; nested exception is org.eclipse.rdf4j.repository.RepositoryException: org.semanticweb.owlapi.model.UnloadableImportException: Could not load imported ontology: <http://www.tcm-classics.org/fangji> Cause: Problem parsing file:/D:/work/Ontology/TraditionalChineseMedicineOntology/ontology/fangji.owl
Could not parse ontology.  Either a suitable parser could not be found, or parsing failed.  See parser logs below for explanation.
The following parsers were tried:
1) org.semanticweb.owlapi.rdf.rdfxml.parser.RDFXMLParser@2cd2c764
2) org.semanticweb.owlapi.owlxml.parser.OWLXMLParser@571c7572
3) org.semanticweb.owlapi.functional.parser.OWLFunctionalSyntaxOWLParser@c6a3f47
4) org.semanticweb.owlapi.rio.RioParserImpl : org.semanticweb.owlapi.formats.RioTurtleDocumentFormatFactory@95fd655c
5) org.semanticweb.owlapi.manchestersyntax.parser.ManchesterOWLSyntaxOntologyParser@59bbf82e
6) org.semanticweb.owlapi.rio.RioParserImpl : org.semanticweb.owlapi.formats.NQuadsDocumentFormatFactory@6f9c39ad
7) org.semanticweb.owlapi.rio.RioParserImpl : org.semanticweb.owlapi.formats.NTriplesDocumentFormatFactory@937ecd36
8) org.semanticweb.owlapi.rio.RioParserImpl : org.semanticweb.owlapi.formats.RDFJsonDocumentFormatFactory@cd748dc3
9) org.semanticweb.owlapi.rio.RioParserImpl : org.semanticweb.owlapi.formats.TrigDocumentFormatFactory@27e81c
10) org.semanticweb.owlapi.rio.RioParserImpl : org.semanticweb.owlapi.formats.RDFJsonLDDocumentFormatFactory@dcacc47d
11) org.semanticweb.owlapi.rio.RioParserImpl : org.semanticweb.owlapi.formats.N3DocumentFormatFactory@9a5
12) org.semanticweb.owlapi.rio.RioParserImpl : org.semanticweb.owlapi.formats.RioRDFXMLDocumentFormatFactory@69b9a3bc
13) org.semanticweb.owlapi.rdf.turtle.parser.TurtleOntologyParser@7c0a6f62
14) org.semanticweb.owlapi.oboformat.OBOFormatOWLAPIParser@6b170692
15) org.semanticweb.owlapi.dlsyntax.parser.DLSyntaxOWLParser@4603c412
16) org.semanticweb.owlapi.rio.RioParserImpl : org.semanticweb.owlapi.formats.BinaryRDFDocumentFormatFactory@3bf24493
17) org.semanticweb.owlapi.krss2.parser.KRSS2OWLParser@341df373
18) org.semanticweb.owlapi.rio.RioParserImpl : org.semanticweb.owlapi.formats.HDTRDFDocumentFormatFactory@116d8
19) org.semanticweb.owlapi.rio.RioParserImpl : org.semanticweb.owlapi.formats.RDFaDocumentFormatFactory@264e8d


Detailed logs:
--------------------------------------------------------------------------------
Parser: org.semanticweb.owlapi.rdf.rdfxml.parser.RDFXMLParser@2cd2c764
    Stack trace:
org.xml.sax.SAXParseException; systemId: file:/D:/work/Ontology/TraditionalChineseMedicineOntology/ontology/fangji.owl; lineNumber: 38; columnNumber: 12; ע���в����������ַ��� "--"��        org.semanticweb.owlapi.rdf.rdfxml.parser.RDFXMLParser.parse(RDFXMLParser.java:69)
        uk.ac.manchester.cs.owl.owlapi.OWLOntologyFactoryImpl.loadOWLOntology(OWLOntologyFactoryImpl.java:195)
        uk.ac.manchester.cs.owl.owlapi.OWLOntologyManagerImpl.load(OWLOntologyManagerImpl.java:1105)
        uk.ac.manchester.cs.owl.owlapi.OWLOntologyManagerImpl.loadOntology(OWLOntologyManagerImpl.java:1055)
        uk.ac.manchester.cs.owl.owlapi.OWLOntologyManagerImpl.loadOntology(OWLOntologyManagerImpl.java:955)
        uk.ac.manchester.cs.owl.owlapi.OWLOntologyManagerImpl.loadImports(OWLOntologyManagerImpl.java:1663)
        uk.ac.manchester.cs.owl.owlapi.OWLOntologyManagerImpl.makeLoadImportRequest(OWLOntologyManagerImpl.java:1703)
        org.semanticweb.owlapi.rdf.rdfxml.parser.TripleHandlers$TPImportsHandler.handleTriple(TripleHandlers.java:1555)
        org.semanticweb.owlapi.rdf.rdfxml.parser.TripleHandlers$HandlerAccessor.handleStreaming(TripleHandlers.java:369)
        org.semanticweb.owlapi.rdf.rdfxml.parser.OWLRDFConsumer.statementWithResourceValue(OWLRDFConsumer.java:1563)
ע���в����������ַ��� "--"��        java.xml/com.sun.org.apache.xerces.internal.util.ErrorHandlerWrapper.createSAXParseException(ErrorHandlerWrapper.java:204)
        java.xml/com.sun.org.apache.xerces.internal.util.ErrorHandlerWrapper.fatalError(ErrorHandlerWrapper.java:178)
        java.xml/com.sun.org.apache.xerces.internal.impl.XMLErrorReporter.reportError(XMLErrorReporter.java:400)
        java.xml/com.sun.org.apache.xerces.internal.impl.XMLErrorReporter.reportError(XMLErrorReporter.java:327)
        java.xml/com.sun.org.apache.xerces.internal.impl.XMLScanner.reportFatalError(XMLScanner.java:1465)
        java.xml/com.sun.org.apache.xerces.internal.impl.XMLScanner.scanComment(XMLScanner.java:818)
        java.xml/com.sun.org.apache.xerces.internal.impl.XMLDocumentFragmentScannerImpl.scanComment(XMLDocumentFragmentScannerImpl.java:1088)
        java.xml/com.sun.org.apache.xerces.internal.impl.XMLDocumentFragmentScannerImpl$FragmentContentDriver.next(XMLDocumentFragmentScannerImpl.java:2924)
        java.xml/com.sun.org.apache.xerces.internal.impl.XMLDocumentScannerImpl.next(XMLDocumentScannerImpl.java:635)
        java.xml/com.sun.org.apache.xerces.internal.impl.XMLNSDocumentScannerImpl.next(XMLNSDocumentScannerImpl.java:113)


--------------------------------------------------------------------------------
Parser: org.semanticweb.owlapi.owlxml.parser.OWLXMLParser@571c7572
    Stack trace:
Attribute not found: IRI (Line 20)        org.semanticweb.owlapi.owlxml.parser.OWLEH.ensureAttributeNotNull(PARSER_OWLXMLVocabulary.java:597)
        org.semanticweb.owlapi.owlxml.parser.OWLEH.getIRIFromAttribute(PARSER_OWLXMLVocabulary.java:504)
        org.semanticweb.owlapi.owlxml.parser.OWLClassEH.attribute(PARSER_OWLXMLVocabulary.java:1008)
        org.semanticweb.owlapi.owlxml.parser.OWLXMLPH.startElement(OWLXMLPH.java:478)
        java.xml/com.sun.org.apache.xerces.internal.parsers.AbstractSAXParser.startElement(AbstractSAXParser.java:519)
        java.xml/com.sun.org.apache.xerces.internal.impl.XMLNSDocumentScannerImpl.scanStartElement(XMLNSDocumentScannerImpl.java:376)
        java.xml/com.sun.org.apache.xerces.internal.impl.XMLDocumentFragmentScannerImpl$FragmentContentDriver.next(XMLDocumentFragmentScannerImpl.java:2736)
        java.xml/com.sun.org.apache.xerces.internal.impl.XMLDocumentScannerImpl.next(XMLDocumentScannerImpl.java:635)
        java.xml/com.sun.org.apache.xerces.internal.impl.XMLNSDocumentScannerImpl.next(XMLNSDocumentScannerImpl.java:113)
        java.xml/com.sun.org.apache.xerces.internal.impl.XMLDocumentFragmentScannerImpl.scanDocument(XMLDocumentFragmentScannerImpl.java:551)


--------------------------------------------------------------------------------
Parser: org.semanticweb.owlapi.functional.parser.OWLFunctionalSyntaxOWLParser@c6a3f47
    Stack trace:
Encountered unexpected token: "<?xml version=\"1.0\" encoding=\"UTF-8\"?>" <FULLIRI>
    at line 1, column 1.

Was expecting one of:

    "Ontology"
    "Prefix"
 (Line 0)        org.semanticweb.owlapi.functional.parser.OWLFunctionalSyntaxOWLParser.parse(OWLFunctionalSyntaxOWLParser.java:49)
        uk.ac.manchester.cs.owl.owlapi.OWLOntologyFactoryImpl.loadOWLOntology(OWLOntologyFactoryImpl.java:195)
        uk.ac.manchester.cs.owl.owlapi.OWLOntologyManagerImpl.load(OWLOntologyManagerImpl.java:1105)
        uk.ac.manchester.cs.owl.owlapi.OWLOntologyManagerImpl.loadOntology(OWLOntologyManagerImpl.java:1055)
        uk.ac.manchester.cs.owl.owlapi.OWLOntologyManagerImpl.loadOntology(OWLOntologyManagerImpl.java:955)
        uk.ac.manchester.cs.owl.owlapi.OWLOntologyManagerImpl.loadImports(OWLOntologyManagerImpl.java:1663)
        uk.ac.manchester.cs.owl.owlapi.OWLOntologyManagerImpl.makeLoadImportRequest(OWLOntologyManagerImpl.java:1703)
        org.semanticweb.owlapi.rdf.rdfxml.parser.TripleHandlers$TPImportsHandler.handleTriple(TripleHandlers.java:1555)
        org.semanticweb.owlapi.rdf.rdfxml.parser.TripleHandlers$HandlerAccessor.handleStreaming(TripleHandlers.java:369)
        org.semanticweb.owlapi.rdf.rdfxml.parser.OWLRDFConsumer.statementWithResourceValue(OWLRDFConsumer.java:1563)
Encountered unexpected token: "<?xml version=\"1.0\" encoding=\"UTF-8\"?>" <FULLIRI>
    at line 1, column 1.

Was expecting one of:

    "Ontology"
    "Prefix"
        org.semanticweb.owlapi.functional.parser.OWLFunctionalSyntaxParser.generateParseException(OWLFunctionalSyntaxParser.java:2479)
        org.semanticweb.owlapi.functional.parser.OWLFunctionalSyntaxParser.jj_consume_token(OWLFunctionalSyntaxParser.java:2405)
        org.semanticweb.owlapi.functional.parser.OWLFunctionalSyntaxParser.Ontology(OWLFunctionalSyntaxParser.java:115)
        org.semanticweb.owlapi.functional.parser.OWLFunctionalSyntaxParser.parse(OWLFunctionalSyntaxParser.java:101)
        org.semanticweb.owlapi.functional.parser.OWLFunctionalSyntaxOWLParser.parse(OWLFunctionalSyntaxOWLParser.java:47)
        uk.ac.manchester.cs.owl.owlapi.OWLOntologyFactoryImpl.loadOWLOntology(OWLOntologyFactoryImpl.java:195)
        uk.ac.manchester.cs.owl.owlapi.OWLOntologyManagerImpl.load(OWLOntologyManagerImpl.java:1105)
        uk.ac.manchester.cs.owl.owlapi.OWLOntologyManagerImpl.loadOntology(OWLOntologyManagerImpl.java:1055)
        uk.ac.manchester.cs.owl.owlapi.OWLOntologyManagerImpl.loadOntology(OWLOntologyManagerImpl.java:955)
        uk.ac.manchester.cs.owl.owlapi.OWLOntologyManagerImpl.loadImports(OWLOntologyManagerImpl.java:1663)


--------------------------------------------------------------------------------
Parser: org.semanticweb.owlapi.rio.RioParserImpl : org.semanticweb.owlapi.formats.RioTurtleDocumentFormatFactory@95fd655c
    Stack trace:
org.eclipse.rdf4j.rio.RDFParseException: Expected '.', found '<' [line 5]        org.semanticweb.owlapi.rio.RioParserImpl.parse(RioParserImpl.java:148)
        uk.ac.manchester.cs.owl.owlapi.OWLOntologyFactoryImpl.loadOWLOntology(OWLOntologyFactoryImpl.java:195)
        uk.ac.manchester.cs.owl.owlapi.OWLOntologyManagerImpl.load(OWLOntologyManagerImpl.java:1105)
        uk.ac.manchester.cs.owl.owlapi.OWLOntologyManagerImpl.loadOntology(OWLOntologyManagerImpl.java:1055)
        uk.ac.manchester.cs.owl.owlapi.OWLOntologyManagerImpl.loadOntology(OWLOntologyManagerImpl.java:955)
        uk.ac.manchester.cs.owl.owlapi.OWLOntologyManagerImpl.loadImports(OWLOntologyManagerImpl.java:1663)
        uk.ac.manchester.cs.owl.owlapi.OWLOntologyManagerImpl.makeLoadImportRequest(OWLOntologyManagerImpl.java:1703)
        org.semanticweb.owlapi.rdf.rdfxml.parser.TripleHandlers$TPImportsHandler.handleTriple(TripleHandlers.java:1555)
        org.semanticweb.owlapi.rdf.rdfxml.parser.TripleHandlers$HandlerAccessor.handleStreaming(TripleHandlers.java:369)
        org.semanticweb.owlapi.rdf.rdfxml.parser.OWLRDFConsumer.statementWithResourceValue(OWLRDFConsumer.java:1563)
Expected '.', found '<' [line 5]        org.eclipse.rdf4j.rio.helpers.RDFParserHelper.reportFatalError(RDFParserHelper.java:347)
        org.eclipse.rdf4j.rio.helpers.AbstractRDFParser.reportFatalError(AbstractRDFParser.java:698)
        org.eclipse.rdf4j.rio.turtle.TurtleParser.reportFatalError(TurtleParser.java:1309)
        org.eclipse.rdf4j.rio.turtle.TurtleParser.verifyCharacterOrFail(TurtleParser.java:1154)
        org.eclipse.rdf4j.rio.turtle.TurtleParser.parseStatement(TurtleParser.java:205)
        org.eclipse.rdf4j.rio.turtle.TurtleParser.parse(TurtleParser.java:165)
        org.semanticweb.owlapi.rio.RioParserImpl.parseDocumentSource(RioParserImpl.java:186)
        org.semanticweb.owlapi.rio.RioParserImpl.parse(RioParserImpl.java:134)
        uk.ac.manchester.cs.owl.owlapi.OWLOntologyFactoryImpl.loadOWLOntology(OWLOntologyFactoryImpl.java:195)
        uk.ac.manchester.cs.owl.owlapi.OWLOntologyManagerImpl.load(OWLOntologyManagerImpl.java:1105)


--------------------------------------------------------------------------------
Parser: org.semanticweb.owlapi.manchestersyntax.parser.ManchesterOWLSyntaxOntologyParser@59bbf82e
    Stack trace:
Encountered '<?xml version="1.0" encoding="UTF-8"?>' at line 1 column 1.  Expected either 'Ontology:' or 'Prefix:' (Line 1)        org.semanticweb.owlapi.manchestersyntax.parser.ManchesterOWLSyntaxOntologyParser.parse(ManchesterOWLSyntaxOntologyParser.java:81)
        uk.ac.manchester.cs.owl.owlapi.OWLOntologyFactoryImpl.loadOWLOntology(OWLOntologyFactoryImpl.java:195)
        uk.ac.manchester.cs.owl.owlapi.OWLOntologyManagerImpl.load(OWLOntologyManagerImpl.java:1105)
        uk.ac.manchester.cs.owl.owlapi.OWLOntologyManagerImpl.loadOntology(OWLOntologyManagerImpl.java:1055)
        uk.ac.manchester.cs.owl.owlapi.OWLOntologyManagerImpl.loadOntology(OWLOntologyManagerImpl.java:955)
        uk.ac.manchester.cs.owl.owlapi.OWLOntologyManagerImpl.loadImports(OWLOntologyManagerImpl.java:1663)
        uk.ac.manchester.cs.owl.owlapi.OWLOntologyManagerImpl.makeLoadImportRequest(OWLOntologyManagerImpl.java:1703)
        org.semanticweb.owlapi.rdf.rdfxml.parser.TripleHandlers$TPImportsHandler.handleTriple(TripleHandlers.java:1555)
        org.semanticweb.owlapi.rdf.rdfxml.parser.TripleHandlers$HandlerAccessor.handleStreaming(TripleHandlers.java:369)
        org.semanticweb.owlapi.rdf.rdfxml.parser.OWLRDFConsumer.statementWithResourceValue(OWLRDFConsumer.java:1563)


--------------------------------------------------------------------------------
Parser: org.semanticweb.owlapi.rio.RioParserImpl : org.semanticweb.owlapi.formats.NQuadsDocumentFormatFactory@6f9c39ad
    Stack trace:
org.eclipse.rdf4j.rio.RDFParseException: Not a valid (absolute) IRI: ?xml version="1.0" encoding="UTF-8"? [line 1]        org.semanticweb.owlapi.rio.RioParserImpl.parse(RioParserImpl.java:148)
        uk.ac.manchester.cs.owl.owlapi.OWLOntologyFactoryImpl.loadOWLOntology(OWLOntologyFactoryImpl.java:195)
        uk.ac.manchester.cs.owl.owlapi.OWLOntologyManagerImpl.load(OWLOntologyManagerImpl.java:1105)
        uk.ac.manchester.cs.owl.owlapi.OWLOntologyManagerImpl.loadOntology(OWLOntologyManagerImpl.java:1055)
        uk.ac.manchester.cs.owl.owlapi.OWLOntologyManagerImpl.loadOntology(OWLOntologyManagerImpl.java:955)
        uk.ac.manchester.cs.owl.owlapi.OWLOntologyManagerImpl.loadImports(OWLOntologyManagerImpl.java:1663)
        uk.ac.manchester.cs.owl.owlapi.OWLOntologyManagerImpl.makeLoadImportRequest(OWLOntologyManagerImpl.java:1703)
        org.semanticweb.owlapi.rdf.rdfxml.parser.TripleHandlers$TPImportsHandler.handleTriple(TripleHandlers.java:1555)
        org.semanticweb.owlapi.rdf.rdfxml.parser.TripleHandlers$HandlerAccessor.handleStreaming(TripleHandlers.java:369)
        org.semanticweb.owlapi.rdf.rdfxml.parser.OWLRDFConsumer.statementWithResourceValue(OWLRDFConsumer.java:1563)
Not a valid (absolute) IRI: ?xml version="1.0" encoding="UTF-8"? [line 1]        org.eclipse.rdf4j.rio.helpers.RDFParserHelper.reportFatalError(RDFParserHelper.java:380)
        org.eclipse.rdf4j.rio.helpers.AbstractRDFParser.reportFatalError(AbstractRDFParser.java:723)
        org.eclipse.rdf4j.rio.ntriples.NTriplesParser.reportFatalError(NTriplesParser.java:468)
        org.eclipse.rdf4j.rio.helpers.AbstractRDFParser.createURI(AbstractRDFParser.java:360)
        org.eclipse.rdf4j.rio.ntriples.NTriplesParser.createURI(NTriplesParser.java:431)
        org.eclipse.rdf4j.rio.ntriples.NTriplesParser.parseIRI(NTriplesParser.java:260)
        org.eclipse.rdf4j.rio.ntriples.NTriplesParser.parseSubject(NTriplesParser.java:187)
        org.eclipse.rdf4j.rio.nquads.NQuadsParser.parseStatement(NQuadsParser.java:51)
        org.eclipse.rdf4j.rio.ntriples.NTriplesParser.parse(NTriplesParser.java:119)
        org.semanticweb.owlapi.rio.RioParserImpl.parseDocumentSource(RioParserImpl.java:186)
Not a valid (absolute) IRI: ?xml version="1.0" encoding="UTF-8"?        org.eclipse.rdf4j.model.impl.SimpleIRI.setIRIString(SimpleIRI.java:96)
        org.eclipse.rdf4j.model.impl.SimpleIRI.<init>(SimpleIRI.java:67)
        org.eclipse.rdf4j.model.impl.SimpleValueFactory.createIRI(SimpleValueFactory.java:83)
        org.eclipse.rdf4j.rio.helpers.RDFStarDecodingValueFactory.createIRI(RDFStarDecodingValueFactory.java:46)
        org.eclipse.rdf4j.rio.helpers.AbstractRDFParser.createURI(AbstractRDFParser.java:358)
        org.eclipse.rdf4j.rio.ntriples.NTriplesParser.createURI(NTriplesParser.java:431)
        org.eclipse.rdf4j.rio.ntriples.NTriplesParser.parseIRI(NTriplesParser.java:260)
        org.eclipse.rdf4j.rio.ntriples.NTriplesParser.parseSubject(NTriplesParser.java:187)
        org.eclipse.rdf4j.rio.nquads.NQuadsParser.parseStatement(NQuadsParser.java:51)
        org.eclipse.rdf4j.rio.ntriples.NTriplesParser.parse(NTriplesParser.java:119)


--------------------------------------------------------------------------------
Parser: org.semanticweb.owlapi.rio.RioParserImpl : org.semanticweb.owlapi.formats.NTriplesDocumentFormatFactory@937ecd36
    Stack trace:
org.eclipse.rdf4j.rio.RDFParseException: Not a valid (absolute) IRI: ?xml version="1.0" encoding="UTF-8"? [line 1]        org.semanticweb.owlapi.rio.RioParserImpl.parse(RioParserImpl.java:148)
        uk.ac.manchester.cs.owl.owlapi.OWLOntologyFactoryImpl.loadOWLOntology(OWLOntologyFactoryImpl.java:195)
        uk.ac.manchester.cs.owl.owlapi.OWLOntologyManagerImpl.load(OWLOntologyManagerImpl.java:1105)
        uk.ac.manchester.cs.owl.owlapi.OWLOntologyManagerImpl.loadOntology(OWLOntologyManagerImpl.java:1055)
        uk.ac.manchester.cs.owl.owlapi.OWLOntologyManagerImpl.loadOntology(OWLOntologyManagerImpl.java:955)
        uk.ac.manchester.cs.owl.owlapi.OWLOntologyManagerImpl.loadImports(OWLOntologyManagerImpl.java:1663)
        uk.ac.manchester.cs.owl.owlapi.OWLOntologyManagerImpl.makeLoadImportRequest(OWLOntologyManagerImpl.java:1703)
        org.semanticweb.owlapi.rdf.rdfxml.parser.TripleHandlers$TPImportsHandler.handleTriple(TripleHandlers.java:1555)
        org.semanticweb.owlapi.rdf.rdfxml.parser.TripleHandlers$HandlerAccessor.handleStreaming(TripleHandlers.java:369)
        org.semanticweb.owlapi.rdf.rdfxml.parser.OWLRDFConsumer.statementWithResourceValue(OWLRDFConsumer.java:1563)
Not a valid (absolute) IRI: ?xml version="1.0" encoding="UTF-8"? [line 1]        org.eclipse.rdf4j.rio.helpers.RDFParserHelper.reportFatalError(RDFParserHelper.java:380)
        org.eclipse.rdf4j.rio.helpers.AbstractRDFParser.reportFatalError(AbstractRDFParser.java:723)
        org.eclipse.rdf4j.rio.ntriples.NTriplesParser.reportFatalError(NTriplesParser.java:468)
        org.eclipse.rdf4j.rio.helpers.AbstractRDFParser.createURI(AbstractRDFParser.java:360)
        org.eclipse.rdf4j.rio.ntriples.NTriplesParser.createURI(NTriplesParser.java:431)
        org.eclipse.rdf4j.rio.ntriples.NTriplesParser.parseIRI(NTriplesParser.java:260)
        org.eclipse.rdf4j.rio.ntriples.NTriplesParser.parseSubject(NTriplesParser.java:187)
        org.eclipse.rdf4j.rio.ntriples.NTriplesParser.parseStatement(NTriplesParser.java:137)
        org.eclipse.rdf4j.rio.ntriples.NTriplesParser.parse(NTriplesParser.java:119)
        org.semanticweb.owlapi.rio.RioParserImpl.parseDocumentSource(RioParserImpl.java:186)
Not a valid (absolute) IRI: ?xml version="1.0" encoding="UTF-8"?        org.eclipse.rdf4j.model.impl.SimpleIRI.setIRIString(SimpleIRI.java:96)
        org.eclipse.rdf4j.model.impl.SimpleIRI.<init>(SimpleIRI.java:67)
        org.eclipse.rdf4j.model.impl.SimpleValueFactory.createIRI(SimpleValueFactory.java:83)
        org.eclipse.rdf4j.rio.helpers.RDFStarDecodingValueFactory.createIRI(RDFStarDecodingValueFactory.java:46)
        org.eclipse.rdf4j.rio.helpers.AbstractRDFParser.createURI(AbstractRDFParser.java:358)
        org.eclipse.rdf4j.rio.ntriples.NTriplesParser.createURI(NTriplesParser.java:431)
        org.eclipse.rdf4j.rio.ntriples.NTriplesParser.parseIRI(NTriplesParser.java:260)
        org.eclipse.rdf4j.rio.ntriples.NTriplesParser.parseSubject(NTriplesParser.java:187)
        org.eclipse.rdf4j.rio.ntriples.NTriplesParser.parseStatement(NTriplesParser.java:137)
        org.eclipse.rdf4j.rio.ntriples.NTriplesParser.parse(NTriplesParser.java:119)


--------------------------------------------------------------------------------
Parser: org.semanticweb.owlapi.rio.RioParserImpl : org.semanticweb.owlapi.formats.RDFJsonDocumentFormatFactory@cd748dc3
    Stack trace:
org.eclipse.rdf4j.rio.RDFParseException: Found IOException during parsing [line 1, column 2]        org.semanticweb.owlapi.rio.RioParserImpl.parse(RioParserImpl.java:148)
        uk.ac.manchester.cs.owl.owlapi.OWLOntologyFactoryImpl.loadOWLOntology(OWLOntologyFactoryImpl.java:195)
        uk.ac.manchester.cs.owl.owlapi.OWLOntologyManagerImpl.load(OWLOntologyManagerImpl.java:1105)
        uk.ac.manchester.cs.owl.owlapi.OWLOntologyManagerImpl.loadOntology(OWLOntologyManagerImpl.java:1055)
        uk.ac.manchester.cs.owl.owlapi.OWLOntologyManagerImpl.loadOntology(OWLOntologyManagerImpl.java:955)
        uk.ac.manchester.cs.owl.owlapi.OWLOntologyManagerImpl.loadImports(OWLOntologyManagerImpl.java:1663)
        uk.ac.manchester.cs.owl.owlapi.OWLOntologyManagerImpl.makeLoadImportRequest(OWLOntologyManagerImpl.java:1703)
        org.semanticweb.owlapi.rdf.rdfxml.parser.TripleHandlers$TPImportsHandler.handleTriple(TripleHandlers.java:1555)
        org.semanticweb.owlapi.rdf.rdfxml.parser.TripleHandlers$HandlerAccessor.handleStreaming(TripleHandlers.java:369)
        org.semanticweb.owlapi.rdf.rdfxml.parser.OWLRDFConsumer.statementWithResourceValue(OWLRDFConsumer.java:1563)
Found IOException during parsing [line 1, column 2]        org.eclipse.rdf4j.rio.helpers.RDFParserHelper.reportFatalError(RDFParserHelper.java:400)
        org.eclipse.rdf4j.rio.helpers.AbstractRDFParser.reportFatalError(AbstractRDFParser.java:734)
        org.eclipse.rdf4j.rio.rdfjson.RDFJSONParser.reportFatalError(RDFJSONParser.java:138)
        org.eclipse.rdf4j.rio.rdfjson.RDFJSONParser.parse(RDFJSONParser.java:161)
        org.semanticweb.owlapi.rio.RioParserImpl.parseDocumentSource(RioParserImpl.java:186)
        org.semanticweb.owlapi.rio.RioParserImpl.parse(RioParserImpl.java:134)
        uk.ac.manchester.cs.owl.owlapi.OWLOntologyFactoryImpl.loadOWLOntology(OWLOntologyFactoryImpl.java:195)
        uk.ac.manchester.cs.owl.owlapi.OWLOntologyManagerImpl.load(OWLOntologyManagerImpl.java:1105)
        uk.ac.manchester.cs.owl.owlapi.OWLOntologyManagerImpl.loadOntology(OWLOntologyManagerImpl.java:1055)
        uk.ac.manchester.cs.owl.owlapi.OWLOntologyManagerImpl.loadOntology(OWLOntologyManagerImpl.java:955)
Unexpected character ('<' (code 60)): expected a valid value (JSON String, Number, Array, Object or token 'null', 'true' or 'false')
 at [Source: (BufferedReader); line: 1, column: 2]        com.fasterxml.jackson.core.JsonParser._constructError(JsonParser.java:2477)
        com.fasterxml.jackson.core.base.ParserMinimalBase._reportError(ParserMinimalBase.java:750)
        com.fasterxml.jackson.core.base.ParserMinimalBase._reportUnexpectedChar(ParserMinimalBase.java:674)
        com.fasterxml.jackson.core.json.ReaderBasedJsonParser._handleOddValue(ReaderBasedJsonParser.java:2085)
        com.fasterxml.jackson.core.json.ReaderBasedJsonParser.nextToken(ReaderBasedJsonParser.java:808)
        org.eclipse.rdf4j.rio.rdfjson.RDFJSONParser.rdfJsonToHandlerInternal(RDFJSONParser.java:182)
        org.eclipse.rdf4j.rio.rdfjson.RDFJSONParser.parse(RDFJSONParser.java:158)
        org.semanticweb.owlapi.rio.RioParserImpl.parseDocumentSource(RioParserImpl.java:186)
        org.semanticweb.owlapi.rio.RioParserImpl.parse(RioParserImpl.java:134)
        uk.ac.manchester.cs.owl.owlapi.OWLOntologyFactoryImpl.loadOWLOntology(OWLOntologyFactoryImpl.java:195)


--------------------------------------------------------------------------------
Parser: org.semanticweb.owlapi.rio.RioParserImpl : org.semanticweb.owlapi.formats.TrigDocumentFormatFactory@27e81c
    Stack trace:
org.eclipse.rdf4j.rio.RDFParseException: Expected an RDF value here, found '=' [line 5]        org.semanticweb.owlapi.rio.RioParserImpl.parse(RioParserImpl.java:148)
        uk.ac.manchester.cs.owl.owlapi.OWLOntologyFactoryImpl.loadOWLOntology(OWLOntologyFactoryImpl.java:195)
        uk.ac.manchester.cs.owl.owlapi.OWLOntologyManagerImpl.load(OWLOntologyManagerImpl.java:1105)
        uk.ac.manchester.cs.owl.owlapi.OWLOntologyManagerImpl.loadOntology(OWLOntologyManagerImpl.java:1055)
        uk.ac.manchester.cs.owl.owlapi.OWLOntologyManagerImpl.loadOntology(OWLOntologyManagerImpl.java:955)
        uk.ac.manchester.cs.owl.owlapi.OWLOntologyManagerImpl.loadImports(OWLOntologyManagerImpl.java:1663)
        uk.ac.manchester.cs.owl.owlapi.OWLOntologyManagerImpl.makeLoadImportRequest(OWLOntologyManagerImpl.java:1703)
        org.semanticweb.owlapi.rdf.rdfxml.parser.TripleHandlers$TPImportsHandler.handleTriple(TripleHandlers.java:1555)
        org.semanticweb.owlapi.rdf.rdfxml.parser.TripleHandlers$HandlerAccessor.handleStreaming(TripleHandlers.java:369)
        org.semanticweb.owlapi.rdf.rdfxml.parser.OWLRDFConsumer.statementWithResourceValue(OWLRDFConsumer.java:1563)
Expected an RDF value here, found '=' [line 5]        org.eclipse.rdf4j.rio.helpers.RDFParserHelper.reportFatalError(RDFParserHelper.java:347)
        org.eclipse.rdf4j.rio.helpers.AbstractRDFParser.reportFatalError(AbstractRDFParser.java:698)
        org.eclipse.rdf4j.rio.turtle.TurtleParser.reportFatalError(TurtleParser.java:1309)
        org.eclipse.rdf4j.rio.turtle.TurtleParser.parseValue(TurtleParser.java:588)
        org.eclipse.rdf4j.rio.turtle.TurtleParser.parseObject(TurtleParser.java:453)
        org.eclipse.rdf4j.rio.turtle.TurtleParser.parseObjectList(TurtleParser.java:375)
        org.eclipse.rdf4j.rio.turtle.TurtleParser.parsePredicateObjectList(TurtleParser.java:348)
        org.eclipse.rdf4j.rio.trig.TriGParser.parseGraph(TriGParser.java:192)
        org.eclipse.rdf4j.rio.trig.TriGParser.parseStatement(TriGParser.java:115)
        org.eclipse.rdf4j.rio.turtle.TurtleParser.parse(TurtleParser.java:165)


--------------------------------------------------------------------------------
Parser: org.semanticweb.owlapi.rio.RioParserImpl : org.semanticweb.owlapi.formats.RDFJsonLDDocumentFormatFactory@dcacc47d
    Stack trace:
org.eclipse.rdf4j.rio.RDFParseException: Could not parse JSONLD        org.semanticweb.owlapi.rio.RioParserImpl.parse(RioParserImpl.java:148)
        uk.ac.manchester.cs.owl.owlapi.OWLOntologyFactoryImpl.loadOWLOntology(OWLOntologyFactoryImpl.java:195)
        uk.ac.manchester.cs.owl.owlapi.OWLOntologyManagerImpl.load(OWLOntologyManagerImpl.java:1105)
        uk.ac.manchester.cs.owl.owlapi.OWLOntologyManagerImpl.loadOntology(OWLOntologyManagerImpl.java:1055)
        uk.ac.manchester.cs.owl.owlapi.OWLOntologyManagerImpl.loadOntology(OWLOntologyManagerImpl.java:955)
        uk.ac.manchester.cs.owl.owlapi.OWLOntologyManagerImpl.loadImports(OWLOntologyManagerImpl.java:1663)
        uk.ac.manchester.cs.owl.owlapi.OWLOntologyManagerImpl.makeLoadImportRequest(OWLOntologyManagerImpl.java:1703)
        org.semanticweb.owlapi.rdf.rdfxml.parser.TripleHandlers$TPImportsHandler.handleTriple(TripleHandlers.java:1555)
        org.semanticweb.owlapi.rdf.rdfxml.parser.TripleHandlers$HandlerAccessor.handleStreaming(TripleHandlers.java:369)
        org.semanticweb.owlapi.rdf.rdfxml.parser.OWLRDFConsumer.statementWithResourceValue(OWLRDFConsumer.java:1563)
Could not parse JSONLD        org.eclipse.rdf4j.rio.jsonld.JSONLDParser.parse(JSONLDParser.java:261)
        org.eclipse.rdf4j.rio.jsonld.JSONLDParser.parse(JSONLDParser.java:112)
        org.semanticweb.owlapi.rio.RioParserImpl.parseDocumentSource(RioParserImpl.java:186)
        org.semanticweb.owlapi.rio.RioParserImpl.parse(RioParserImpl.java:134)
        uk.ac.manchester.cs.owl.owlapi.OWLOntologyFactoryImpl.loadOWLOntology(OWLOntologyFactoryImpl.java:195)
        uk.ac.manchester.cs.owl.owlapi.OWLOntologyManagerImpl.load(OWLOntologyManagerImpl.java:1105)
        uk.ac.manchester.cs.owl.owlapi.OWLOntologyManagerImpl.loadOntology(OWLOntologyManagerImpl.java:1055)
        uk.ac.manchester.cs.owl.owlapi.OWLOntologyManagerImpl.loadOntology(OWLOntologyManagerImpl.java:955)
        uk.ac.manchester.cs.owl.owlapi.OWLOntologyManagerImpl.loadImports(OWLOntologyManagerImpl.java:1663)
        uk.ac.manchester.cs.owl.owlapi.OWLOntologyManagerImpl.makeLoadImportRequest(OWLOntologyManagerImpl.java:1703)
The document could not be loaded or parsed [code=LOADING_DOCUMENT_FAILED].        no.hasmac.jsonld.document.JsonDocument.of(JsonDocument.java:154)
        no.hasmac.jsonld.document.JsonDocument.of(JsonDocument.java:129)
        org.eclipse.rdf4j.rio.jsonld.JSONLDParser.getDocument(JSONLDParser.java:285)
        org.eclipse.rdf4j.rio.jsonld.JSONLDParser.parse(JSONLDParser.java:134)
        org.eclipse.rdf4j.rio.jsonld.JSONLDParser.parse(JSONLDParser.java:112)
        org.semanticweb.owlapi.rio.RioParserImpl.parseDocumentSource(RioParserImpl.java:186)
        org.semanticweb.owlapi.rio.RioParserImpl.parse(RioParserImpl.java:134)
        uk.ac.manchester.cs.owl.owlapi.OWLOntologyFactoryImpl.loadOWLOntology(OWLOntologyFactoryImpl.java:195)
        uk.ac.manchester.cs.owl.owlapi.OWLOntologyManagerImpl.load(OWLOntologyManagerImpl.java:1105)
        uk.ac.manchester.cs.owl.owlapi.OWLOntologyManagerImpl.loadOntology(OWLOntologyManagerImpl.java:1055)
Unexpected char 60 at (line no=1, column no=1, offset=0)        org.glassfish.json.JsonTokenizer.unexpectedChar(JsonTokenizer.java:577)
        org.glassfish.json.JsonTokenizer.nextToken(JsonTokenizer.java:394)
        org.glassfish.json.JsonParserImpl$NoneContext.getNextEvent(JsonParserImpl.java:419)
        org.glassfish.json.JsonParserImpl.next(JsonParserImpl.java:369)
        no.hasmac.jsonld.document.JsonDocument.doParse(JsonDocument.java:164)
        no.hasmac.jsonld.document.JsonDocument.of(JsonDocument.java:151)
        no.hasmac.jsonld.document.JsonDocument.of(JsonDocument.java:129)
        org.eclipse.rdf4j.rio.jsonld.JSONLDParser.getDocument(JSONLDParser.java:285)
        org.eclipse.rdf4j.rio.jsonld.JSONLDParser.parse(JSONLDParser.java:134)
        org.eclipse.rdf4j.rio.jsonld.JSONLDParser.parse(JSONLDParser.java:112)


--------------------------------------------------------------------------------
Parser: org.semanticweb.owlapi.rio.RioParserImpl : org.semanticweb.owlapi.formats.N3DocumentFormatFactory@9a5
    Stack trace:
org.eclipse.rdf4j.rio.RDFParseException: Expected '.', found '<' [line 5]        org.semanticweb.owlapi.rio.RioParserImpl.parse(RioParserImpl.java:148)
        uk.ac.manchester.cs.owl.owlapi.OWLOntologyFactoryImpl.loadOWLOntology(OWLOntologyFactoryImpl.java:195)
        uk.ac.manchester.cs.owl.owlapi.OWLOntologyManagerImpl.load(OWLOntologyManagerImpl.java:1105)
        uk.ac.manchester.cs.owl.owlapi.OWLOntologyManagerImpl.loadOntology(OWLOntologyManagerImpl.java:1055)
        uk.ac.manchester.cs.owl.owlapi.OWLOntologyManagerImpl.loadOntology(OWLOntologyManagerImpl.java:955)
        uk.ac.manchester.cs.owl.owlapi.OWLOntologyManagerImpl.loadImports(OWLOntologyManagerImpl.java:1663)
        uk.ac.manchester.cs.owl.owlapi.OWLOntologyManagerImpl.makeLoadImportRequest(OWLOntologyManagerImpl.java:1703)
        org.semanticweb.owlapi.rdf.rdfxml.parser.TripleHandlers$TPImportsHandler.handleTriple(TripleHandlers.java:1555)
        org.semanticweb.owlapi.rdf.rdfxml.parser.TripleHandlers$HandlerAccessor.handleStreaming(TripleHandlers.java:369)
        org.semanticweb.owlapi.rdf.rdfxml.parser.OWLRDFConsumer.statementWithResourceValue(OWLRDFConsumer.java:1563)
Expected '.', found '<' [line 5]        org.eclipse.rdf4j.rio.helpers.RDFParserHelper.reportFatalError(RDFParserHelper.java:347)
        org.eclipse.rdf4j.rio.helpers.AbstractRDFParser.reportFatalError(AbstractRDFParser.java:698)
        org.eclipse.rdf4j.rio.turtle.TurtleParser.reportFatalError(TurtleParser.java:1309)
        org.eclipse.rdf4j.rio.turtle.TurtleParser.verifyCharacterOrFail(TurtleParser.java:1154)
        org.eclipse.rdf4j.rio.turtle.TurtleParser.parseStatement(TurtleParser.java:205)
        org.eclipse.rdf4j.rio.turtle.TurtleParser.parse(TurtleParser.java:165)
        org.semanticweb.owlapi.rio.RioParserImpl.parseDocumentSource(RioParserImpl.java:186)
        org.semanticweb.owlapi.rio.RioParserImpl.parse(RioParserImpl.java:134)
        uk.ac.manchester.cs.owl.owlapi.OWLOntologyFactoryImpl.loadOWLOntology(OWLOntologyFactoryImpl.java:195)
        uk.ac.manchester.cs.owl.owlapi.OWLOntologyManagerImpl.load(OWLOntologyManagerImpl.java:1105)


--------------------------------------------------------------------------------
Parser: org.semanticweb.owlapi.rio.RioParserImpl : org.semanticweb.owlapi.formats.RioRDFXMLDocumentFormatFactory@69b9a3bc
    Stack trace:
org.eclipse.rdf4j.rio.RDFParseException: ע���в����������ַ��� "--"�� [line 38, column 12]        org.semanticweb.owlapi.rio.RioParserImpl.parse(RioParserImpl.java:148)
        uk.ac.manchester.cs.owl.owlapi.OWLOntologyFactoryImpl.loadOWLOntology(OWLOntologyFactoryImpl.java:195)
        uk.ac.manchester.cs.owl.owlapi.OWLOntologyManagerImpl.load(OWLOntologyManagerImpl.java:1105)
        uk.ac.manchester.cs.owl.owlapi.OWLOntologyManagerImpl.loadOntology(OWLOntologyManagerImpl.java:1055)
        uk.ac.manchester.cs.owl.owlapi.OWLOntologyManagerImpl.loadOntology(OWLOntologyManagerImpl.java:955)
        uk.ac.manchester.cs.owl.owlapi.OWLOntologyManagerImpl.loadImports(OWLOntologyManagerImpl.java:1663)
        uk.ac.manchester.cs.owl.owlapi.OWLOntologyManagerImpl.makeLoadImportRequest(OWLOntologyManagerImpl.java:1703)
        org.semanticweb.owlapi.rdf.rdfxml.parser.TripleHandlers$TPImportsHandler.handleTriple(TripleHandlers.java:1555)
        org.semanticweb.owlapi.rdf.rdfxml.parser.TripleHandlers$HandlerAccessor.handleStreaming(TripleHandlers.java:369)
        org.semanticweb.owlapi.rdf.rdfxml.parser.OWLRDFConsumer.statementWithResourceValue(OWLRDFConsumer.java:1563)
ע���в����������ַ��� "--"�� [line 38, column 12]        org.eclipse.rdf4j.rio.helpers.RDFParserHelper.reportFatalError(RDFParserHelper.java:380)
        org.eclipse.rdf4j.rio.helpers.AbstractRDFParser.reportFatalError(AbstractRDFParser.java:723)
        org.eclipse.rdf4j.rio.rdfxml.RDFXMLParser.reportFatalError(RDFXMLParser.java:1022)
        org.eclipse.rdf4j.rio.rdfxml.RDFXMLParser.fatalError(RDFXMLParser.java:1159)
        java.xml/com.sun.org.apache.xerces.internal.util.ErrorHandlerWrapper.fatalError(ErrorHandlerWrapper.java:181)
        java.xml/com.sun.org.apache.xerces.internal.impl.XMLErrorReporter.reportError(XMLErrorReporter.java:400)
        java.xml/com.sun.org.apache.xerces.internal.impl.XMLErrorReporter.reportError(XMLErrorReporter.java:327)
        java.xml/com.sun.org.apache.xerces.internal.impl.XMLScanner.reportFatalError(XMLScanner.java:1465)
        java.xml/com.sun.org.apache.xerces.internal.impl.XMLScanner.scanComment(XMLScanner.java:818)
        java.xml/com.sun.org.apache.xerces.internal.impl.XMLDocumentFragmentScannerImpl.scanComment(XMLDocumentFragmentScannerImpl.java:1088)
ע���в����������ַ��� "--"��        java.xml/com.sun.org.apache.xerces.internal.util.ErrorHandlerWrapper.createSAXParseException(ErrorHandlerWrapper.java:204)
        java.xml/com.sun.org.apache.xerces.internal.util.ErrorHandlerWrapper.fatalError(ErrorHandlerWrapper.java:178)
        java.xml/com.sun.org.apache.xerces.internal.impl.XMLErrorReporter.reportError(XMLErrorReporter.java:400)
        java.xml/com.sun.org.apache.xerces.internal.impl.XMLErrorReporter.reportError(XMLErrorReporter.java:327)
        java.xml/com.sun.org.apache.xerces.internal.impl.XMLScanner.reportFatalError(XMLScanner.java:1465)
        java.xml/com.sun.org.apache.xerces.internal.impl.XMLScanner.scanComment(XMLScanner.java:818)
        java.xml/com.sun.org.apache.xerces.internal.impl.XMLDocumentFragmentScannerImpl.scanComment(XMLDocumentFragmentScannerImpl.java:1088)
        java.xml/com.sun.org.apache.xerces.internal.impl.XMLDocumentFragmentScannerImpl$FragmentContentDriver.next(XMLDocumentFragmentScannerImpl.java:2924)
        java.xml/com.sun.org.apache.xerces.internal.impl.XMLDocumentScannerImpl.next(XMLDocumentScannerImpl.java:635)
        java.xml/com.sun.org.apache.xerces.internal.impl.XMLNSDocumentScannerImpl.next(XMLNSDocumentScannerImpl.java:113)


--------------------------------------------------------------------------------
Parser: org.semanticweb.owlapi.rdf.turtle.parser.TurtleOntologyParser@7c0a6f62
    Stack trace:
org.semanticweb.owlapi.rdf.turtle.parser.ParseException: Encountered unexpected token: "<" <ERROR>
    at line 1, column 1.

Was expecting one of:

    "("
    "@base"
    "@prefix"
    "["
    <EMPTY_BLANK_NODE>
    <FULLIRI>
    <NODEID>
    <PNAME_LN>
    <PNAME_NS>
        org.semanticweb.owlapi.rdf.turtle.parser.TurtleOntologyParser.parse(TurtleOntologyParser.java:58)
        uk.ac.manchester.cs.owl.owlapi.OWLOntologyFactoryImpl.loadOWLOntology(OWLOntologyFactoryImpl.java:195)
        uk.ac.manchester.cs.owl.owlapi.OWLOntologyManagerImpl.load(OWLOntologyManagerImpl.java:1105)
        uk.ac.manchester.cs.owl.owlapi.OWLOntologyManagerImpl.loadOntology(OWLOntologyManagerImpl.java:1055)
        uk.ac.manchester.cs.owl.owlapi.OWLOntologyManagerImpl.loadOntology(OWLOntologyManagerImpl.java:955)
        uk.ac.manchester.cs.owl.owlapi.OWLOntologyManagerImpl.loadImports(OWLOntologyManagerImpl.java:1663)
        uk.ac.manchester.cs.owl.owlapi.OWLOntologyManagerImpl.makeLoadImportRequest(OWLOntologyManagerImpl.java:1703)
        org.semanticweb.owlapi.rdf.rdfxml.parser.TripleHandlers$TPImportsHandler.handleTriple(TripleHandlers.java:1555)
        org.semanticweb.owlapi.rdf.rdfxml.parser.TripleHandlers$HandlerAccessor.handleStreaming(TripleHandlers.java:369)
        org.semanticweb.owlapi.rdf.rdfxml.parser.OWLRDFConsumer.statementWithResourceValue(OWLRDFConsumer.java:1563)
Encountered unexpected token: "<" <ERROR>
    at line 1, column 1.

Was expecting one of:

    "("
    "@base"
    "@prefix"
    "["
    <EMPTY_BLANK_NODE>
    <FULLIRI>
    <NODEID>
    <PNAME_LN>
    <PNAME_NS>
        org.semanticweb.owlapi.rdf.turtle.parser.TurtleParser.generateParseException(TurtleParser.java:1034)
        org.semanticweb.owlapi.rdf.turtle.parser.TurtleParser.jj_consume_token(TurtleParser.java:902)
        org.semanticweb.owlapi.rdf.turtle.parser.TurtleParser.parseDocument(TurtleParser.java:165)
        org.semanticweb.owlapi.rdf.turtle.parser.TurtleOntologyParser.parse(TurtleOntologyParser.java:54)
        uk.ac.manchester.cs.owl.owlapi.OWLOntologyFactoryImpl.loadOWLOntology(OWLOntologyFactoryImpl.java:195)
        uk.ac.manchester.cs.owl.owlapi.OWLOntologyManagerImpl.load(OWLOntologyManagerImpl.java:1105)
        uk.ac.manchester.cs.owl.owlapi.OWLOntologyManagerImpl.loadOntology(OWLOntologyManagerImpl.java:1055)
        uk.ac.manchester.cs.owl.owlapi.OWLOntologyManagerImpl.loadOntology(OWLOntologyManagerImpl.java:955)
        uk.ac.manchester.cs.owl.owlapi.OWLOntologyManagerImpl.loadImports(OWLOntologyManagerImpl.java:1663)
        uk.ac.manchester.cs.owl.owlapi.OWLOntologyManagerImpl.makeLoadImportRequest(OWLOntologyManagerImpl.java:1703)


--------------------------------------------------------------------------------
Parser: org.semanticweb.owlapi.oboformat.OBOFormatOWLAPIParser@6b170692
    Stack trace:
LINENO: 1 - Could not find tag separator ':' in line.
LINE: <?xml version="1.0" encoding="UTF-8"?>        org.semanticweb.owlapi.oboformat.OBOFormatOWLAPIParser.parse(OBOFormatOWLAPIParser.java:50)
        uk.ac.manchester.cs.owl.owlapi.OWLOntologyFactoryImpl.loadOWLOntology(OWLOntologyFactoryImpl.java:195)
        uk.ac.manchester.cs.owl.owlapi.OWLOntologyManagerImpl.load(OWLOntologyManagerImpl.java:1105)
        uk.ac.manchester.cs.owl.owlapi.OWLOntologyManagerImpl.loadOntology(OWLOntologyManagerImpl.java:1055)
        uk.ac.manchester.cs.owl.owlapi.OWLOntologyManagerImpl.loadOntology(OWLOntologyManagerImpl.java:955)
        uk.ac.manchester.cs.owl.owlapi.OWLOntologyManagerImpl.loadImports(OWLOntologyManagerImpl.java:1663)
        uk.ac.manchester.cs.owl.owlapi.OWLOntologyManagerImpl.makeLoadImportRequest(OWLOntologyManagerImpl.java:1703)
        org.semanticweb.owlapi.rdf.rdfxml.parser.TripleHandlers$TPImportsHandler.handleTriple(TripleHandlers.java:1555)
        org.semanticweb.owlapi.rdf.rdfxml.parser.TripleHandlers$HandlerAccessor.handleStreaming(TripleHandlers.java:369)
        org.semanticweb.owlapi.rdf.rdfxml.parser.OWLRDFConsumer.statementWithResourceValue(OWLRDFConsumer.java:1563)
LINENO: 1 - Could not find tag separator ':' in line.
LINE: <?xml version="1.0" encoding="UTF-8"?>        org.obolibrary.oboformat.parser.OBOFormatParser.error(OBOFormatParser.java:1317)
        org.obolibrary.oboformat.parser.OBOFormatParser.getParseTag(OBOFormatParser.java:731)
        org.obolibrary.oboformat.parser.OBOFormatParser.parseHeaderClause(OBOFormatParser.java:409)
        org.obolibrary.oboformat.parser.OBOFormatParser.parseHeaderClauseNl(OBOFormatParser.java:402)
        org.obolibrary.oboformat.parser.OBOFormatParser.parseHeaderFrame(OBOFormatParser.java:385)
        org.obolibrary.oboformat.parser.OBOFormatParser.parseOBODoc(OBOFormatParser.java:268)
        org.obolibrary.oboformat.parser.OBOFormatParser.parse(OBOFormatParser.java:237)
        org.semanticweb.owlapi.oboformat.OBOFormatOWLAPIParser.parse(OBOFormatOWLAPIParser.java:44)
        uk.ac.manchester.cs.owl.owlapi.OWLOntologyFactoryImpl.loadOWLOntology(OWLOntologyFactoryImpl.java:195)
        uk.ac.manchester.cs.owl.owlapi.OWLOntologyManagerImpl.load(OWLOntologyManagerImpl.java:1105)


--------------------------------------------------------------------------------
Parser: org.semanticweb.owlapi.dlsyntax.parser.DLSyntaxOWLParser@4603c412
    Stack trace:
Encountered unexpected token: "<" <MAX>
    at line 1, column 1.

Was expecting one of:

    ":"
    "\n"
        org.semanticweb.owlapi.dlsyntax.parser.DLSyntaxOWLParser.parse(DLSyntaxOWLParser.java:52)
        uk.ac.manchester.cs.owl.owlapi.OWLOntologyFactoryImpl.loadOWLOntology(OWLOntologyFactoryImpl.java:195)
        uk.ac.manchester.cs.owl.owlapi.OWLOntologyManagerImpl.load(OWLOntologyManagerImpl.java:1105)
        uk.ac.manchester.cs.owl.owlapi.OWLOntologyManagerImpl.loadOntology(OWLOntologyManagerImpl.java:1055)
        uk.ac.manchester.cs.owl.owlapi.OWLOntologyManagerImpl.loadOntology(OWLOntologyManagerImpl.java:955)
        uk.ac.manchester.cs.owl.owlapi.OWLOntologyManagerImpl.loadImports(OWLOntologyManagerImpl.java:1663)
        uk.ac.manchester.cs.owl.owlapi.OWLOntologyManagerImpl.makeLoadImportRequest(OWLOntologyManagerImpl.java:1703)
        org.semanticweb.owlapi.rdf.rdfxml.parser.TripleHandlers$TPImportsHandler.handleTriple(TripleHandlers.java:1555)
        org.semanticweb.owlapi.rdf.rdfxml.parser.TripleHandlers$HandlerAccessor.handleStreaming(TripleHandlers.java:369)
        org.semanticweb.owlapi.rdf.rdfxml.parser.OWLRDFConsumer.statementWithResourceValue(OWLRDFConsumer.java:1563)
Encountered unexpected token: "<" <MAX>
    at line 1, column 1.

Was expecting one of:

    ":"
    "\n"
        org.semanticweb.owlapi.dlsyntax.parser.DLSyntaxParser.generateParseException(DLSyntaxParser.java:1572)
        org.semanticweb.owlapi.dlsyntax.parser.DLSyntaxParser.jj_consume_token(DLSyntaxParser.java:1443)
        org.semanticweb.owlapi.dlsyntax.parser.DLSyntaxParser.parseAxiom(DLSyntaxParser.java:141)
        org.semanticweb.owlapi.dlsyntax.parser.DLSyntaxParser.parseAxioms(DLSyntaxParser.java:114)
        org.semanticweb.owlapi.dlsyntax.parser.DLSyntaxOWLParser.parse(DLSyntaxOWLParser.java:48)
        uk.ac.manchester.cs.owl.owlapi.OWLOntologyFactoryImpl.loadOWLOntology(OWLOntologyFactoryImpl.java:195)
        uk.ac.manchester.cs.owl.owlapi.OWLOntologyManagerImpl.load(OWLOntologyManagerImpl.java:1105)
        uk.ac.manchester.cs.owl.owlapi.OWLOntologyManagerImpl.loadOntology(OWLOntologyManagerImpl.java:1055)
        uk.ac.manchester.cs.owl.owlapi.OWLOntologyManagerImpl.loadOntology(OWLOntologyManagerImpl.java:955)
        uk.ac.manchester.cs.owl.owlapi.OWLOntologyManagerImpl.loadImports(OWLOntologyManagerImpl.java:1663)


--------------------------------------------------------------------------------
Parser: org.semanticweb.owlapi.rio.RioParserImpl : org.semanticweb.owlapi.formats.BinaryRDFDocumentFormatFactory@3bf24493
    Stack trace:
org.eclipse.rdf4j.rio.RDFParseException: File does not contain a binary RDF document        org.semanticweb.owlapi.rio.RioParserImpl.parse(RioParserImpl.java:148)
        uk.ac.manchester.cs.owl.owlapi.OWLOntologyFactoryImpl.loadOWLOntology(OWLOntologyFactoryImpl.java:195)
        uk.ac.manchester.cs.owl.owlapi.OWLOntologyManagerImpl.load(OWLOntologyManagerImpl.java:1105)
        uk.ac.manchester.cs.owl.owlapi.OWLOntologyManagerImpl.loadOntology(OWLOntologyManagerImpl.java:1055)
        uk.ac.manchester.cs.owl.owlapi.OWLOntologyManagerImpl.loadOntology(OWLOntologyManagerImpl.java:955)
        uk.ac.manchester.cs.owl.owlapi.OWLOntologyManagerImpl.loadImports(OWLOntologyManagerImpl.java:1663)
        uk.ac.manchester.cs.owl.owlapi.OWLOntologyManagerImpl.makeLoadImportRequest(OWLOntologyManagerImpl.java:1703)
        org.semanticweb.owlapi.rdf.rdfxml.parser.TripleHandlers$TPImportsHandler.handleTriple(TripleHandlers.java:1555)
        org.semanticweb.owlapi.rdf.rdfxml.parser.TripleHandlers$HandlerAccessor.handleStreaming(TripleHandlers.java:369)
        org.semanticweb.owlapi.rdf.rdfxml.parser.OWLRDFConsumer.statementWithResourceValue(OWLRDFConsumer.java:1563)
File does not contain a binary RDF document        org.eclipse.rdf4j.rio.helpers.RDFParserHelper.reportFatalError(RDFParserHelper.java:347)
        org.eclipse.rdf4j.rio.helpers.RDFParserHelper.reportFatalError(RDFParserHelper.java:334)
        org.eclipse.rdf4j.rio.helpers.AbstractRDFParser.reportFatalError(AbstractRDFParser.java:690)
        org.eclipse.rdf4j.rio.binary.BinaryRDFParser.parse(BinaryRDFParser.java:92)
        org.semanticweb.owlapi.rio.RioParserImpl.parseDocumentSource(RioParserImpl.java:198)
        org.semanticweb.owlapi.rio.RioParserImpl.parse(RioParserImpl.java:134)
        uk.ac.manchester.cs.owl.owlapi.OWLOntologyFactoryImpl.loadOWLOntology(OWLOntologyFactoryImpl.java:195)
        uk.ac.manchester.cs.owl.owlapi.OWLOntologyManagerImpl.load(OWLOntologyManagerImpl.java:1105)
        uk.ac.manchester.cs.owl.owlapi.OWLOntologyManagerImpl.loadOntology(OWLOntologyManagerImpl.java:1055)
        uk.ac.manchester.cs.owl.owlapi.OWLOntologyManagerImpl.loadOntology(OWLOntologyManagerImpl.java:955)


--------------------------------------------------------------------------------
Parser: org.semanticweb.owlapi.krss2.parser.KRSS2OWLParser@341df373
    Stack trace:
org.semanticweb.owlapi.krss2.parser.ParseException: Encountered unexpected token: "<?xml version=\"1.0\" encoding=\"UTF-8\"?>" ">"
    at line 1, column 1.

Was expecting:

    <EOF>
        org.semanticweb.owlapi.krss2.parser.KRSS2OWLParser.parse(KRSS2OWLParser.java:252)
        uk.ac.manchester.cs.owl.owlapi.OWLOntologyFactoryImpl.loadOWLOntology(OWLOntologyFactoryImpl.java:195)
        uk.ac.manchester.cs.owl.owlapi.OWLOntologyManagerImpl.load(OWLOntologyManagerImpl.java:1105)
        uk.ac.manchester.cs.owl.owlapi.OWLOntologyManagerImpl.loadOntology(OWLOntologyManagerImpl.java:1055)
        uk.ac.manchester.cs.owl.owlapi.OWLOntologyManagerImpl.loadOntology(OWLOntologyManagerImpl.java:955)
        uk.ac.manchester.cs.owl.owlapi.OWLOntologyManagerImpl.loadImports(OWLOntologyManagerImpl.java:1663)
        uk.ac.manchester.cs.owl.owlapi.OWLOntologyManagerImpl.makeLoadImportRequest(OWLOntologyManagerImpl.java:1703)
        org.semanticweb.owlapi.rdf.rdfxml.parser.TripleHandlers$TPImportsHandler.handleTriple(TripleHandlers.java:1555)
        org.semanticweb.owlapi.rdf.rdfxml.parser.TripleHandlers$HandlerAccessor.handleStreaming(TripleHandlers.java:369)
        org.semanticweb.owlapi.rdf.rdfxml.parser.OWLRDFConsumer.statementWithResourceValue(OWLRDFConsumer.java:1563)
Encountered unexpected token: "<?xml version=\"1.0\" encoding=\"UTF-8\"?>" ">"
    at line 1, column 1.

Was expecting:

    <EOF>
        org.semanticweb.owlapi.krss2.parser.KRSS2Parser.generateParseException(KRSS2Parser.java:2103)
        org.semanticweb.owlapi.krss2.parser.KRSS2Parser.jj_consume_token(KRSS2Parser.java:1968)
        org.semanticweb.owlapi.krss2.parser.KRSS2Parser.parse(KRSS2Parser.java:124)
        org.semanticweb.owlapi.krss2.parser.KRSS2OWLParser.parse(KRSS2OWLParser.java:249)
        uk.ac.manchester.cs.owl.owlapi.OWLOntologyFactoryImpl.loadOWLOntology(OWLOntologyFactoryImpl.java:195)
        uk.ac.manchester.cs.owl.owlapi.OWLOntologyManagerImpl.load(OWLOntologyManagerImpl.java:1105)
        uk.ac.manchester.cs.owl.owlapi.OWLOntologyManagerImpl.loadOntology(OWLOntologyManagerImpl.java:1055)
        uk.ac.manchester.cs.owl.owlapi.OWLOntologyManagerImpl.loadOntology(OWLOntologyManagerImpl.java:955)
        uk.ac.manchester.cs.owl.owlapi.OWLOntologyManagerImpl.loadImports(OWLOntologyManagerImpl.java:1663)
        uk.ac.manchester.cs.owl.owlapi.OWLOntologyManagerImpl.makeLoadImportRequest(OWLOntologyManagerImpl.java:1703)


--------------------------------------------------------------------------------
Parser: org.semanticweb.owlapi.rio.RioParserImpl : org.semanticweb.owlapi.formats.HDTRDFDocumentFormatFactory@116d8
    Stack trace:
org.eclipse.rdf4j.rio.RDFParseException: $HDT marker not found [line 4]        org.semanticweb.owlapi.rio.RioParserImpl.parse(RioParserImpl.java:148)
        uk.ac.manchester.cs.owl.owlapi.OWLOntologyFactoryImpl.loadOWLOntology(OWLOntologyFactoryImpl.java:195)
        uk.ac.manchester.cs.owl.owlapi.OWLOntologyManagerImpl.load(OWLOntologyManagerImpl.java:1105)
        uk.ac.manchester.cs.owl.owlapi.OWLOntologyManagerImpl.loadOntology(OWLOntologyManagerImpl.java:1055)
        uk.ac.manchester.cs.owl.owlapi.OWLOntologyManagerImpl.loadOntology(OWLOntologyManagerImpl.java:955)
        uk.ac.manchester.cs.owl.owlapi.OWLOntologyManagerImpl.loadImports(OWLOntologyManagerImpl.java:1663)
        uk.ac.manchester.cs.owl.owlapi.OWLOntologyManagerImpl.makeLoadImportRequest(OWLOntologyManagerImpl.java:1703)
        org.semanticweb.owlapi.rdf.rdfxml.parser.TripleHandlers$TPImportsHandler.handleTriple(TripleHandlers.java:1555)
        org.semanticweb.owlapi.rdf.rdfxml.parser.TripleHandlers$HandlerAccessor.handleStreaming(TripleHandlers.java:369)
        org.semanticweb.owlapi.rdf.rdfxml.parser.OWLRDFConsumer.statementWithResourceValue(OWLRDFConsumer.java:1563)
$HDT marker not found [line 4]        org.eclipse.rdf4j.rio.helpers.RDFParserHelper.reportFatalError(RDFParserHelper.java:347)
        org.eclipse.rdf4j.rio.helpers.AbstractRDFParser.reportFatalError(AbstractRDFParser.java:698)
        org.eclipse.rdf4j.rio.hdt.HDTParser.parse(HDTParser.java:156)
        org.semanticweb.owlapi.rio.RioParserImpl.parseDocumentSource(RioParserImpl.java:198)
        org.semanticweb.owlapi.rio.RioParserImpl.parse(RioParserImpl.java:134)
        uk.ac.manchester.cs.owl.owlapi.OWLOntologyFactoryImpl.loadOWLOntology(OWLOntologyFactoryImpl.java:195)
        uk.ac.manchester.cs.owl.owlapi.OWLOntologyManagerImpl.load(OWLOntologyManagerImpl.java:1105)
        uk.ac.manchester.cs.owl.owlapi.OWLOntologyManagerImpl.loadOntology(OWLOntologyManagerImpl.java:1055)
        uk.ac.manchester.cs.owl.owlapi.OWLOntologyManagerImpl.loadOntology(OWLOntologyManagerImpl.java:955)
        uk.ac.manchester.cs.owl.owlapi.OWLOntologyManagerImpl.loadImports(OWLOntologyManagerImpl.java:1663)


--------------------------------------------------------------------------------
Parser: org.semanticweb.owlapi.rio.RioParserImpl : org.semanticweb.owlapi.formats.RDFaDocumentFormatFactory@264e8d
    Stack trace:
org.eclipse.rdf4j.rio.UnsupportedRDFormatException: Did not recognise RDF format object RDFa (mimeTypes=application/xhtml+xml, application/html, text/html; ext=xhtml, html)        org.semanticweb.owlapi.rio.RioParserImpl.parse(RioParserImpl.java:148)
        uk.ac.manchester.cs.owl.owlapi.OWLOntologyFactoryImpl.loadOWLOntology(OWLOntologyFactoryImpl.java:195)
        uk.ac.manchester.cs.owl.owlapi.OWLOntologyManagerImpl.load(OWLOntologyManagerImpl.java:1105)
        uk.ac.manchester.cs.owl.owlapi.OWLOntologyManagerImpl.loadOntology(OWLOntologyManagerImpl.java:1055)
        uk.ac.manchester.cs.owl.owlapi.OWLOntologyManagerImpl.loadOntology(OWLOntologyManagerImpl.java:955)
        uk.ac.manchester.cs.owl.owlapi.OWLOntologyManagerImpl.loadImports(OWLOntologyManagerImpl.java:1663)
        uk.ac.manchester.cs.owl.owlapi.OWLOntologyManagerImpl.makeLoadImportRequest(OWLOntologyManagerImpl.java:1703)
        org.semanticweb.owlapi.rdf.rdfxml.parser.TripleHandlers$TPImportsHandler.handleTriple(TripleHandlers.java:1555)
        org.semanticweb.owlapi.rdf.rdfxml.parser.TripleHandlers$HandlerAccessor.handleStreaming(TripleHandlers.java:369)
        org.semanticweb.owlapi.rdf.rdfxml.parser.OWLRDFConsumer.statementWithResourceValue(OWLRDFConsumer.java:1563)
Did not recognise RDF format object RDFa (mimeTypes=application/xhtml+xml, application/html, text/html; ext=xhtml, html)        org.eclipse.rdf4j.rio.Rio.lambda$unsupportedFormat$0(Rio.java:761)
        java.base/java.util.Optional.orElseThrow(Optional.java:407)
        org.eclipse.rdf4j.rio.Rio.createParser(Rio.java:99)
        org.semanticweb.owlapi.rio.RioParserImpl.parseDocumentSource(RioParserImpl.java:173)
        org.semanticweb.owlapi.rio.RioParserImpl.parse(RioParserImpl.java:134)
        uk.ac.manchester.cs.owl.owlapi.OWLOntologyFactoryImpl.loadOWLOntology(OWLOntologyFactoryImpl.java:195)
        uk.ac.manchester.cs.owl.owlapi.OWLOntologyManagerImpl.load(OWLOntologyManagerImpl.java:1105)
        uk.ac.manchester.cs.owl.owlapi.OWLOntologyManagerImpl.loadOntology(OWLOntologyManagerImpl.java:1055)
        uk.ac.manchester.cs.owl.owlapi.OWLOntologyManagerImpl.loadOntology(OWLOntologyManagerImpl.java:955)
        uk.ac.manchester.cs.owl.owlapi.OWLOntologyManagerImpl.loadImports(OWLOntologyManagerImpl.java:1663)



	at org.springframework.beans.factory.support.ConstructorResolver.instantiate(ConstructorResolver.java:653)
	at org.springframework.beans.factory.support.ConstructorResolver.instantiateUsingFactoryMethod(ConstructorResolver.java:633)
	at org.springframework.beans.factory.support.AbstractAutowireCapableBeanFactory.instantiateUsingFactoryMethod(AbstractAutowireCapableBeanFactory.java:1352)
	at org.springframework.beans.factory.support.AbstractAutowireCapableBeanFactory.createBeanInstance(AbstractAutowireCapableBeanFactory.java:1195)
	at org.springframework.beans.factory.support.AbstractAutowireCapableBeanFactory.doCreateBean(AbstractAutowireCapableBeanFactory.java:582)
	at org.springframework.beans.factory.support.AbstractAutowireCapableBeanFactory.createBean(AbstractAutowireCapableBeanFactory.java:542)
	at org.springframework.beans.factory.support.AbstractBeanFactory.lambda$doGetBean$0(AbstractBeanFactory.java:335)
	at org.springframework.beans.factory.support.DefaultSingletonBeanRegistry.getSingleton(DefaultSingletonBeanRegistry.java:234)
	at org.springframework.beans.factory.support.AbstractBeanFactory.doGetBean(AbstractBeanFactory.java:333)
	at org.springframework.beans.factory.support.AbstractBeanFactory.getBean(AbstractBeanFactory.java:208)
	at org.springframework.beans.factory.config.DependencyDescriptor.resolveCandidate(DependencyDescriptor.java:276)
	at org.springframework.beans.factory.support.DefaultListableBeanFactory.doResolveDependency(DefaultListableBeanFactory.java:1391)
	at org.springframework.beans.factory.support.DefaultListableBeanFactory.resolveDependency(DefaultListableBeanFactory.java:1311)
	at org.springframework.beans.factory.support.ConstructorResolver.resolveAutowiredArgument(ConstructorResolver.java:911)
	at org.springframework.beans.factory.support.ConstructorResolver.createArgumentArray(ConstructorResolver.java:788)
	... 21 more
Caused by: org.springframework.beans.BeanInstantiationException: Failed to instantiate [it.unibz.inf.ontop.rdf4j.repository.impl.OntopVirtualRepository]: Factory method 'setupVirtualRepository' threw exception; nested exception is org.eclipse.rdf4j.repository.RepositoryException: org.semanticweb.owlapi.model.UnloadableImportException: Could not load imported ontology: <http://www.tcm-classics.org/fangji> Cause: Problem parsing file:/D:/work/Ontology/TraditionalChineseMedicineOntology/ontology/fangji.owl
Could not parse ontology.  Either a suitable parser could not be found, or parsing failed.  See parser logs below for explanation.
The following parsers were tried:
1) org.semanticweb.owlapi.rdf.rdfxml.parser.RDFXMLParser@2cd2c764
2) org.semanticweb.owlapi.owlxml.parser.OWLXMLParser@571c7572
3) org.semanticweb.owlapi.functional.parser.OWLFunctionalSyntaxOWLParser@c6a3f47
4) org.semanticweb.owlapi.rio.RioParserImpl : org.semanticweb.owlapi.formats.RioTurtleDocumentFormatFactory@95fd655c
5) org.semanticweb.owlapi.manchestersyntax.parser.ManchesterOWLSyntaxOntologyParser@59bbf82e
6) org.semanticweb.owlapi.rio.RioParserImpl : org.semanticweb.owlapi.formats.NQuadsDocumentFormatFactory@6f9c39ad
7) org.semanticweb.owlapi.rio.RioParserImpl : org.semanticweb.owlapi.formats.NTriplesDocumentFormatFactory@937ecd36
8) org.semanticweb.owlapi.rio.RioParserImpl : org.semanticweb.owlapi.formats.RDFJsonDocumentFormatFactory@cd748dc3
9) org.semanticweb.owlapi.rio.RioParserImpl : org.semanticweb.owlapi.formats.TrigDocumentFormatFactory@27e81c
10) org.semanticweb.owlapi.rio.RioParserImpl : org.semanticweb.owlapi.formats.RDFJsonLDDocumentFormatFactory@dcacc47d
11) org.semanticweb.owlapi.rio.RioParserImpl : org.semanticweb.owlapi.formats.N3DocumentFormatFactory@9a5
12) org.semanticweb.owlapi.rio.RioParserImpl : org.semanticweb.owlapi.formats.RioRDFXMLDocumentFormatFactory@69b9a3bc
13) org.semanticweb.owlapi.rdf.turtle.parser.TurtleOntologyParser@7c0a6f62
14) org.semanticweb.owlapi.oboformat.OBOFormatOWLAPIParser@6b170692
15) org.semanticweb.owlapi.dlsyntax.parser.DLSyntaxOWLParser@4603c412
16) org.semanticweb.owlapi.rio.RioParserImpl : org.semanticweb.owlapi.formats.BinaryRDFDocumentFormatFactory@3bf24493
17) org.semanticweb.owlapi.krss2.parser.KRSS2OWLParser@341df373
18) org.semanticweb.owlapi.rio.RioParserImpl : org.semanticweb.owlapi.formats.HDTRDFDocumentFormatFactory@116d8
19) org.semanticweb.owlapi.rio.RioParserImpl : org.semanticweb.owlapi.formats.RDFaDocumentFormatFactory@264e8d


Detailed logs:
--------------------------------------------------------------------------------
Parser: org.semanticweb.owlapi.rdf.rdfxml.parser.RDFXMLParser@2cd2c764
    Stack trace:
org.xml.sax.SAXParseException; systemId: file:/D:/work/Ontology/TraditionalChineseMedicineOntology/ontology/fangji.owl; lineNumber: 38; columnNumber: 12; ע���в����������ַ��� "--"��        org.semanticweb.owlapi.rdf.rdfxml.parser.RDFXMLParser.parse(RDFXMLParser.java:69)
        uk.ac.manchester.cs.owl.owlapi.OWLOntologyFactoryImpl.loadOWLOntology(OWLOntologyFactoryImpl.java:195)
        uk.ac.manchester.cs.owl.owlapi.OWLOntologyManagerImpl.load(OWLOntologyManagerImpl.java:1105)
        uk.ac.manchester.cs.owl.owlapi.OWLOntologyManagerImpl.loadOntology(OWLOntologyManagerImpl.java:1055)
        uk.ac.manchester.cs.owl.owlapi.OWLOntologyManagerImpl.loadOntology(OWLOntologyManagerImpl.java:955)
        uk.ac.manchester.cs.owl.owlapi.OWLOntologyManagerImpl.loadImports(OWLOntologyManagerImpl.java:1663)
        uk.ac.manchester.cs.owl.owlapi.OWLOntologyManagerImpl.makeLoadImportRequest(OWLOntologyManagerImpl.java:1703)
        org.semanticweb.owlapi.rdf.rdfxml.parser.TripleHandlers$TPImportsHandler.handleTriple(TripleHandlers.java:1555)
        org.semanticweb.owlapi.rdf.rdfxml.parser.TripleHandlers$HandlerAccessor.handleStreaming(TripleHandlers.java:369)
        org.semanticweb.owlapi.rdf.rdfxml.parser.OWLRDFConsumer.statementWithResourceValue(OWLRDFConsumer.java:1563)
ע���в����������ַ��� "--"��        java.xml/com.sun.org.apache.xerces.internal.util.ErrorHandlerWrapper.createSAXParseException(ErrorHandlerWrapper.java:204)
        java.xml/com.sun.org.apache.xerces.internal.util.ErrorHandlerWrapper.fatalError(ErrorHandlerWrapper.java:178)
        java.xml/com.sun.org.apache.xerces.internal.impl.XMLErrorReporter.reportError(XMLErrorReporter.java:400)
        java.xml/com.sun.org.apache.xerces.internal.impl.XMLErrorReporter.reportError(XMLErrorReporter.java:327)
        java.xml/com.sun.org.apache.xerces.internal.impl.XMLScanner.reportFatalError(XMLScanner.java:1465)
        java.xml/com.sun.org.apache.xerces.internal.impl.XMLScanner.scanComment(XMLScanner.java:818)
        java.xml/com.sun.org.apache.xerces.internal.impl.XMLDocumentFragmentScannerImpl.scanComment(XMLDocumentFragmentScannerImpl.java:1088)
        java.xml/com.sun.org.apache.xerces.internal.impl.XMLDocumentFragmentScannerImpl$FragmentContentDriver.next(XMLDocumentFragmentScannerImpl.java:2924)
        java.xml/com.sun.org.apache.xerces.internal.impl.XMLDocumentScannerImpl.next(XMLDocumentScannerImpl.java:635)
        java.xml/com.sun.org.apache.xerces.internal.impl.XMLNSDocumentScannerImpl.next(XMLNSDocumentScannerImpl.java:113)


--------------------------------------------------------------------------------
Parser: org.semanticweb.owlapi.owlxml.parser.OWLXMLParser@571c7572
    Stack trace:
Attribute not found: IRI (Line 20)        org.semanticweb.owlapi.owlxml.parser.OWLEH.ensureAttributeNotNull(PARSER_OWLXMLVocabulary.java:597)
        org.semanticweb.owlapi.owlxml.parser.OWLEH.getIRIFromAttribute(PARSER_OWLXMLVocabulary.java:504)
        org.semanticweb.owlapi.owlxml.parser.OWLClassEH.attribute(PARSER_OWLXMLVocabulary.java:1008)
        org.semanticweb.owlapi.owlxml.parser.OWLXMLPH.startElement(OWLXMLPH.java:478)
        java.xml/com.sun.org.apache.xerces.internal.parsers.AbstractSAXParser.startElement(AbstractSAXParser.java:519)
        java.xml/com.sun.org.apache.xerces.internal.impl.XMLNSDocumentScannerImpl.scanStartElement(XMLNSDocumentScannerImpl.java:376)
        java.xml/com.sun.org.apache.xerces.internal.impl.XMLDocumentFragmentScannerImpl$FragmentContentDriver.next(XMLDocumentFragmentScannerImpl.java:2736)
        java.xml/com.sun.org.apache.xerces.internal.impl.XMLDocumentScannerImpl.next(XMLDocumentScannerImpl.java:635)
        java.xml/com.sun.org.apache.xerces.internal.impl.XMLNSDocumentScannerImpl.next(XMLNSDocumentScannerImpl.java:113)
        java.xml/com.sun.org.apache.xerces.internal.impl.XMLDocumentFragmentScannerImpl.scanDocument(XMLDocumentFragmentScannerImpl.java:551)


--------------------------------------------------------------------------------
Parser: org.semanticweb.owlapi.functional.parser.OWLFunctionalSyntaxOWLParser@c6a3f47
    Stack trace:
Encountered unexpected token: "<?xml version=\"1.0\" encoding=\"UTF-8\"?>" <FULLIRI>
    at line 1, column 1.

Was expecting one of:

    "Ontology"
    "Prefix"
 (Line 0)        org.semanticweb.owlapi.functional.parser.OWLFunctionalSyntaxOWLParser.parse(OWLFunctionalSyntaxOWLParser.java:49)
        uk.ac.manchester.cs.owl.owlapi.OWLOntologyFactoryImpl.loadOWLOntology(OWLOntologyFactoryImpl.java:195)
        uk.ac.manchester.cs.owl.owlapi.OWLOntologyManagerImpl.load(OWLOntologyManagerImpl.java:1105)
        uk.ac.manchester.cs.owl.owlapi.OWLOntologyManagerImpl.loadOntology(OWLOntologyManagerImpl.java:1055)
        uk.ac.manchester.cs.owl.owlapi.OWLOntologyManagerImpl.loadOntology(OWLOntologyManagerImpl.java:955)
        uk.ac.manchester.cs.owl.owlapi.OWLOntologyManagerImpl.loadImports(OWLOntologyManagerImpl.java:1663)
        uk.ac.manchester.cs.owl.owlapi.OWLOntologyManagerImpl.makeLoadImportRequest(OWLOntologyManagerImpl.java:1703)
        org.semanticweb.owlapi.rdf.rdfxml.parser.TripleHandlers$TPImportsHandler.handleTriple(TripleHandlers.java:1555)
        org.semanticweb.owlapi.rdf.rdfxml.parser.TripleHandlers$HandlerAccessor.handleStreaming(TripleHandlers.java:369)
        org.semanticweb.owlapi.rdf.rdfxml.parser.OWLRDFConsumer.statementWithResourceValue(OWLRDFConsumer.java:1563)
Encountered unexpected token: "<?xml version=\"1.0\" encoding=\"UTF-8\"?>" <FULLIRI>
    at line 1, column 1.

Was expecting one of:

    "Ontology"
    "Prefix"
        org.semanticweb.owlapi.functional.parser.OWLFunctionalSyntaxParser.generateParseException(OWLFunctionalSyntaxParser.java:2479)
        org.semanticweb.owlapi.functional.parser.OWLFunctionalSyntaxParser.jj_consume_token(OWLFunctionalSyntaxParser.java:2405)
        org.semanticweb.owlapi.functional.parser.OWLFunctionalSyntaxParser.Ontology(OWLFunctionalSyntaxParser.java:115)
        org.semanticweb.owlapi.functional.parser.OWLFunctionalSyntaxParser.parse(OWLFunctionalSyntaxParser.java:101)
        org.semanticweb.owlapi.functional.parser.OWLFunctionalSyntaxOWLParser.parse(OWLFunctionalSyntaxOWLParser.java:47)
        uk.ac.manchester.cs.owl.owlapi.OWLOntologyFactoryImpl.loadOWLOntology(OWLOntologyFactoryImpl.java:195)
        uk.ac.manchester.cs.owl.owlapi.OWLOntologyManagerImpl.load(OWLOntologyManagerImpl.java:1105)
        uk.ac.manchester.cs.owl.owlapi.OWLOntologyManagerImpl.loadOntology(OWLOntologyManagerImpl.java:1055)
        uk.ac.manchester.cs.owl.owlapi.OWLOntologyManagerImpl.loadOntology(OWLOntologyManagerImpl.java:955)
        uk.ac.manchester.cs.owl.owlapi.OWLOntologyManagerImpl.loadImports(OWLOntologyManagerImpl.java:1663)


--------------------------------------------------------------------------------
Parser: org.semanticweb.owlapi.rio.RioParserImpl : org.semanticweb.owlapi.formats.RioTurtleDocumentFormatFactory@95fd655c
    Stack trace:
org.eclipse.rdf4j.rio.RDFParseException: Expected '.', found '<' [line 5]        org.semanticweb.owlapi.rio.RioParserImpl.parse(RioParserImpl.java:148)
        uk.ac.manchester.cs.owl.owlapi.OWLOntologyFactoryImpl.loadOWLOntology(OWLOntologyFactoryImpl.java:195)
        uk.ac.manchester.cs.owl.owlapi.OWLOntologyManagerImpl.load(OWLOntologyManagerImpl.java:1105)
        uk.ac.manchester.cs.owl.owlapi.OWLOntologyManagerImpl.loadOntology(OWLOntologyManagerImpl.java:1055)
        uk.ac.manchester.cs.owl.owlapi.OWLOntologyManagerImpl.loadOntology(OWLOntologyManagerImpl.java:955)
        uk.ac.manchester.cs.owl.owlapi.OWLOntologyManagerImpl.loadImports(OWLOntologyManagerImpl.java:1663)
        uk.ac.manchester.cs.owl.owlapi.OWLOntologyManagerImpl.makeLoadImportRequest(OWLOntologyManagerImpl.java:1703)
        org.semanticweb.owlapi.rdf.rdfxml.parser.TripleHandlers$TPImportsHandler.handleTriple(TripleHandlers.java:1555)
        org.semanticweb.owlapi.rdf.rdfxml.parser.TripleHandlers$HandlerAccessor.handleStreaming(TripleHandlers.java:369)
        org.semanticweb.owlapi.rdf.rdfxml.parser.OWLRDFConsumer.statementWithResourceValue(OWLRDFConsumer.java:1563)
Expected '.', found '<' [line 5]        org.eclipse.rdf4j.rio.helpers.RDFParserHelper.reportFatalError(RDFParserHelper.java:347)
        org.eclipse.rdf4j.rio.helpers.AbstractRDFParser.reportFatalError(AbstractRDFParser.java:698)
        org.eclipse.rdf4j.rio.turtle.TurtleParser.reportFatalError(TurtleParser.java:1309)
        org.eclipse.rdf4j.rio.turtle.TurtleParser.verifyCharacterOrFail(TurtleParser.java:1154)
        org.eclipse.rdf4j.rio.turtle.TurtleParser.parseStatement(TurtleParser.java:205)
        org.eclipse.rdf4j.rio.turtle.TurtleParser.parse(TurtleParser.java:165)
        org.semanticweb.owlapi.rio.RioParserImpl.parseDocumentSource(RioParserImpl.java:186)
        org.semanticweb.owlapi.rio.RioParserImpl.parse(RioParserImpl.java:134)
        uk.ac.manchester.cs.owl.owlapi.OWLOntologyFactoryImpl.loadOWLOntology(OWLOntologyFactoryImpl.java:195)
        uk.ac.manchester.cs.owl.owlapi.OWLOntologyManagerImpl.load(OWLOntologyManagerImpl.java:1105)


--------------------------------------------------------------------------------
Parser: org.semanticweb.owlapi.manchestersyntax.parser.ManchesterOWLSyntaxOntologyParser@59bbf82e
    Stack trace:
Encountered '<?xml version="1.0" encoding="UTF-8"?>' at line 1 column 1.  Expected either 'Ontology:' or 'Prefix:' (Line 1)        org.semanticweb.owlapi.manchestersyntax.parser.ManchesterOWLSyntaxOntologyParser.parse(ManchesterOWLSyntaxOntologyParser.java:81)
        uk.ac.manchester.cs.owl.owlapi.OWLOntologyFactoryImpl.loadOWLOntology(OWLOntologyFactoryImpl.java:195)
        uk.ac.manchester.cs.owl.owlapi.OWLOntologyManagerImpl.load(OWLOntologyManagerImpl.java:1105)
        uk.ac.manchester.cs.owl.owlapi.OWLOntologyManagerImpl.loadOntology(OWLOntologyManagerImpl.java:1055)
        uk.ac.manchester.cs.owl.owlapi.OWLOntologyManagerImpl.loadOntology(OWLOntologyManagerImpl.java:955)
        uk.ac.manchester.cs.owl.owlapi.OWLOntologyManagerImpl.loadImports(OWLOntologyManagerImpl.java:1663)
        uk.ac.manchester.cs.owl.owlapi.OWLOntologyManagerImpl.makeLoadImportRequest(OWLOntologyManagerImpl.java:1703)
        org.semanticweb.owlapi.rdf.rdfxml.parser.TripleHandlers$TPImportsHandler.handleTriple(TripleHandlers.java:1555)
        org.semanticweb.owlapi.rdf.rdfxml.parser.TripleHandlers$HandlerAccessor.handleStreaming(TripleHandlers.java:369)
        org.semanticweb.owlapi.rdf.rdfxml.parser.OWLRDFConsumer.statementWithResourceValue(OWLRDFConsumer.java:1563)


--------------------------------------------------------------------------------
Parser: org.semanticweb.owlapi.rio.RioParserImpl : org.semanticweb.owlapi.formats.NQuadsDocumentFormatFactory@6f9c39ad
    Stack trace:
org.eclipse.rdf4j.rio.RDFParseException: Not a valid (absolute) IRI: ?xml version="1.0" encoding="UTF-8"? [line 1]        org.semanticweb.owlapi.rio.RioParserImpl.parse(RioParserImpl.java:148)
        uk.ac.manchester.cs.owl.owlapi.OWLOntologyFactoryImpl.loadOWLOntology(OWLOntologyFactoryImpl.java:195)
        uk.ac.manchester.cs.owl.owlapi.OWLOntologyManagerImpl.load(OWLOntologyManagerImpl.java:1105)
        uk.ac.manchester.cs.owl.owlapi.OWLOntologyManagerImpl.loadOntology(OWLOntologyManagerImpl.java:1055)
        uk.ac.manchester.cs.owl.owlapi.OWLOntologyManagerImpl.loadOntology(OWLOntologyManagerImpl.java:955)
        uk.ac.manchester.cs.owl.owlapi.OWLOntologyManagerImpl.loadImports(OWLOntologyManagerImpl.java:1663)
        uk.ac.manchester.cs.owl.owlapi.OWLOntologyManagerImpl.makeLoadImportRequest(OWLOntologyManagerImpl.java:1703)
        org.semanticweb.owlapi.rdf.rdfxml.parser.TripleHandlers$TPImportsHandler.handleTriple(TripleHandlers.java:1555)
        org.semanticweb.owlapi.rdf.rdfxml.parser.TripleHandlers$HandlerAccessor.handleStreaming(TripleHandlers.java:369)
        org.semanticweb.owlapi.rdf.rdfxml.parser.OWLRDFConsumer.statementWithResourceValue(OWLRDFConsumer.java:1563)
Not a valid (absolute) IRI: ?xml version="1.0" encoding="UTF-8"? [line 1]        org.eclipse.rdf4j.rio.helpers.RDFParserHelper.reportFatalError(RDFParserHelper.java:380)
        org.eclipse.rdf4j.rio.helpers.AbstractRDFParser.reportFatalError(AbstractRDFParser.java:723)
        org.eclipse.rdf4j.rio.ntriples.NTriplesParser.reportFatalError(NTriplesParser.java:468)
        org.eclipse.rdf4j.rio.helpers.AbstractRDFParser.createURI(AbstractRDFParser.java:360)
        org.eclipse.rdf4j.rio.ntriples.NTriplesParser.createURI(NTriplesParser.java:431)
        org.eclipse.rdf4j.rio.ntriples.NTriplesParser.parseIRI(NTriplesParser.java:260)
        org.eclipse.rdf4j.rio.ntriples.NTriplesParser.parseSubject(NTriplesParser.java:187)
        org.eclipse.rdf4j.rio.nquads.NQuadsParser.parseStatement(NQuadsParser.java:51)
        org.eclipse.rdf4j.rio.ntriples.NTriplesParser.parse(NTriplesParser.java:119)
        org.semanticweb.owlapi.rio.RioParserImpl.parseDocumentSource(RioParserImpl.java:186)
Not a valid (absolute) IRI: ?xml version="1.0" encoding="UTF-8"?        org.eclipse.rdf4j.model.impl.SimpleIRI.setIRIString(SimpleIRI.java:96)
        org.eclipse.rdf4j.model.impl.SimpleIRI.<init>(SimpleIRI.java:67)
        org.eclipse.rdf4j.model.impl.SimpleValueFactory.createIRI(SimpleValueFactory.java:83)
        org.eclipse.rdf4j.rio.helpers.RDFStarDecodingValueFactory.createIRI(RDFStarDecodingValueFactory.java:46)
        org.eclipse.rdf4j.rio.helpers.AbstractRDFParser.createURI(AbstractRDFParser.java:358)
        org.eclipse.rdf4j.rio.ntriples.NTriplesParser.createURI(NTriplesParser.java:431)
        org.eclipse.rdf4j.rio.ntriples.NTriplesParser.parseIRI(NTriplesParser.java:260)
        org.eclipse.rdf4j.rio.ntriples.NTriplesParser.parseSubject(NTriplesParser.java:187)
        org.eclipse.rdf4j.rio.nquads.NQuadsParser.parseStatement(NQuadsParser.java:51)
        org.eclipse.rdf4j.rio.ntriples.NTriplesParser.parse(NTriplesParser.java:119)


--------------------------------------------------------------------------------
Parser: org.semanticweb.owlapi.rio.RioParserImpl : org.semanticweb.owlapi.formats.NTriplesDocumentFormatFactory@937ecd36
    Stack trace:
org.eclipse.rdf4j.rio.RDFParseException: Not a valid (absolute) IRI: ?xml version="1.0" encoding="UTF-8"? [line 1]        org.semanticweb.owlapi.rio.RioParserImpl.parse(RioParserImpl.java:148)
        uk.ac.manchester.cs.owl.owlapi.OWLOntologyFactoryImpl.loadOWLOntology(OWLOntologyFactoryImpl.java:195)
        uk.ac.manchester.cs.owl.owlapi.OWLOntologyManagerImpl.load(OWLOntologyManagerImpl.java:1105)
        uk.ac.manchester.cs.owl.owlapi.OWLOntologyManagerImpl.loadOntology(OWLOntologyManagerImpl.java:1055)
        uk.ac.manchester.cs.owl.owlapi.OWLOntologyManagerImpl.loadOntology(OWLOntologyManagerImpl.java:955)
        uk.ac.manchester.cs.owl.owlapi.OWLOntologyManagerImpl.loadImports(OWLOntologyManagerImpl.java:1663)
        uk.ac.manchester.cs.owl.owlapi.OWLOntologyManagerImpl.makeLoadImportRequest(OWLOntologyManagerImpl.java:1703)
        org.semanticweb.owlapi.rdf.rdfxml.parser.TripleHandlers$TPImportsHandler.handleTriple(TripleHandlers.java:1555)
        org.semanticweb.owlapi.rdf.rdfxml.parser.TripleHandlers$HandlerAccessor.handleStreaming(TripleHandlers.java:369)
        org.semanticweb.owlapi.rdf.rdfxml.parser.OWLRDFConsumer.statementWithResourceValue(OWLRDFConsumer.java:1563)
Not a valid (absolute) IRI: ?xml version="1.0" encoding="UTF-8"? [line 1]        org.eclipse.rdf4j.rio.helpers.RDFParserHelper.reportFatalError(RDFParserHelper.java:380)
        org.eclipse.rdf4j.rio.helpers.AbstractRDFParser.reportFatalError(AbstractRDFParser.java:723)
        org.eclipse.rdf4j.rio.ntriples.NTriplesParser.reportFatalError(NTriplesParser.java:468)
        org.eclipse.rdf4j.rio.helpers.AbstractRDFParser.createURI(AbstractRDFParser.java:360)
        org.eclipse.rdf4j.rio.ntriples.NTriplesParser.createURI(NTriplesParser.java:431)
        org.eclipse.rdf4j.rio.ntriples.NTriplesParser.parseIRI(NTriplesParser.java:260)
        org.eclipse.rdf4j.rio.ntriples.NTriplesParser.parseSubject(NTriplesParser.java:187)
        org.eclipse.rdf4j.rio.ntriples.NTriplesParser.parseStatement(NTriplesParser.java:137)
        org.eclipse.rdf4j.rio.ntriples.NTriplesParser.parse(NTriplesParser.java:119)
        org.semanticweb.owlapi.rio.RioParserImpl.parseDocumentSource(RioParserImpl.java:186)
Not a valid (absolute) IRI: ?xml version="1.0" encoding="UTF-8"?        org.eclipse.rdf4j.model.impl.SimpleIRI.setIRIString(SimpleIRI.java:96)
        org.eclipse.rdf4j.model.impl.SimpleIRI.<init>(SimpleIRI.java:67)
        org.eclipse.rdf4j.model.impl.SimpleValueFactory.createIRI(SimpleValueFactory.java:83)
        org.eclipse.rdf4j.rio.helpers.RDFStarDecodingValueFactory.createIRI(RDFStarDecodingValueFactory.java:46)
        org.eclipse.rdf4j.rio.helpers.AbstractRDFParser.createURI(AbstractRDFParser.java:358)
        org.eclipse.rdf4j.rio.ntriples.NTriplesParser.createURI(NTriplesParser.java:431)
        org.eclipse.rdf4j.rio.ntriples.NTriplesParser.parseIRI(NTriplesParser.java:260)
        org.eclipse.rdf4j.rio.ntriples.NTriplesParser.parseSubject(NTriplesParser.java:187)
        org.eclipse.rdf4j.rio.ntriples.NTriplesParser.parseStatement(NTriplesParser.java:137)
        org.eclipse.rdf4j.rio.ntriples.NTriplesParser.parse(NTriplesParser.java:119)


--------------------------------------------------------------------------------
Parser: org.semanticweb.owlapi.rio.RioParserImpl : org.semanticweb.owlapi.formats.RDFJsonDocumentFormatFactory@cd748dc3
    Stack trace:
org.eclipse.rdf4j.rio.RDFParseException: Found IOException during parsing [line 1, column 2]        org.semanticweb.owlapi.rio.RioParserImpl.parse(RioParserImpl.java:148)
        uk.ac.manchester.cs.owl.owlapi.OWLOntologyFactoryImpl.loadOWLOntology(OWLOntologyFactoryImpl.java:195)
        uk.ac.manchester.cs.owl.owlapi.OWLOntologyManagerImpl.load(OWLOntologyManagerImpl.java:1105)
        uk.ac.manchester.cs.owl.owlapi.OWLOntologyManagerImpl.loadOntology(OWLOntologyManagerImpl.java:1055)
        uk.ac.manchester.cs.owl.owlapi.OWLOntologyManagerImpl.loadOntology(OWLOntologyManagerImpl.java:955)
        uk.ac.manchester.cs.owl.owlapi.OWLOntologyManagerImpl.loadImports(OWLOntologyManagerImpl.java:1663)
        uk.ac.manchester.cs.owl.owlapi.OWLOntologyManagerImpl.makeLoadImportRequest(OWLOntologyManagerImpl.java:1703)
        org.semanticweb.owlapi.rdf.rdfxml.parser.TripleHandlers$TPImportsHandler.handleTriple(TripleHandlers.java:1555)
        org.semanticweb.owlapi.rdf.rdfxml.parser.TripleHandlers$HandlerAccessor.handleStreaming(TripleHandlers.java:369)
        org.semanticweb.owlapi.rdf.rdfxml.parser.OWLRDFConsumer.statementWithResourceValue(OWLRDFConsumer.java:1563)
Found IOException during parsing [line 1, column 2]        org.eclipse.rdf4j.rio.helpers.RDFParserHelper.reportFatalError(RDFParserHelper.java:400)
        org.eclipse.rdf4j.rio.helpers.AbstractRDFParser.reportFatalError(AbstractRDFParser.java:734)
        org.eclipse.rdf4j.rio.rdfjson.RDFJSONParser.reportFatalError(RDFJSONParser.java:138)
        org.eclipse.rdf4j.rio.rdfjson.RDFJSONParser.parse(RDFJSONParser.java:161)
        org.semanticweb.owlapi.rio.RioParserImpl.parseDocumentSource(RioParserImpl.java:186)
        org.semanticweb.owlapi.rio.RioParserImpl.parse(RioParserImpl.java:134)
        uk.ac.manchester.cs.owl.owlapi.OWLOntologyFactoryImpl.loadOWLOntology(OWLOntologyFactoryImpl.java:195)
        uk.ac.manchester.cs.owl.owlapi.OWLOntologyManagerImpl.load(OWLOntologyManagerImpl.java:1105)
        uk.ac.manchester.cs.owl.owlapi.OWLOntologyManagerImpl.loadOntology(OWLOntologyManagerImpl.java:1055)
        uk.ac.manchester.cs.owl.owlapi.OWLOntologyManagerImpl.loadOntology(OWLOntologyManagerImpl.java:955)
Unexpected character ('<' (code 60)): expected a valid value (JSON String, Number, Array, Object or token 'null', 'true' or 'false')
 at [Source: (BufferedReader); line: 1, column: 2]        com.fasterxml.jackson.core.JsonParser._constructError(JsonParser.java:2477)
        com.fasterxml.jackson.core.base.ParserMinimalBase._reportError(ParserMinimalBase.java:750)
        com.fasterxml.jackson.core.base.ParserMinimalBase._reportUnexpectedChar(ParserMinimalBase.java:674)
        com.fasterxml.jackson.core.json.ReaderBasedJsonParser._handleOddValue(ReaderBasedJsonParser.java:2085)
        com.fasterxml.jackson.core.json.ReaderBasedJsonParser.nextToken(ReaderBasedJsonParser.java:808)
        org.eclipse.rdf4j.rio.rdfjson.RDFJSONParser.rdfJsonToHandlerInternal(RDFJSONParser.java:182)
        org.eclipse.rdf4j.rio.rdfjson.RDFJSONParser.parse(RDFJSONParser.java:158)
        org.semanticweb.owlapi.rio.RioParserImpl.parseDocumentSource(RioParserImpl.java:186)
        org.semanticweb.owlapi.rio.RioParserImpl.parse(RioParserImpl.java:134)
        uk.ac.manchester.cs.owl.owlapi.OWLOntologyFactoryImpl.loadOWLOntology(OWLOntologyFactoryImpl.java:195)


--------------------------------------------------------------------------------
Parser: org.semanticweb.owlapi.rio.RioParserImpl : org.semanticweb.owlapi.formats.TrigDocumentFormatFactory@27e81c
    Stack trace:
org.eclipse.rdf4j.rio.RDFParseException: Expected an RDF value here, found '=' [line 5]        org.semanticweb.owlapi.rio.RioParserImpl.parse(RioParserImpl.java:148)
        uk.ac.manchester.cs.owl.owlapi.OWLOntologyFactoryImpl.loadOWLOntology(OWLOntologyFactoryImpl.java:195)
        uk.ac.manchester.cs.owl.owlapi.OWLOntologyManagerImpl.load(OWLOntologyManagerImpl.java:1105)
        uk.ac.manchester.cs.owl.owlapi.OWLOntologyManagerImpl.loadOntology(OWLOntologyManagerImpl.java:1055)
        uk.ac.manchester.cs.owl.owlapi.OWLOntologyManagerImpl.loadOntology(OWLOntologyManagerImpl.java:955)
        uk.ac.manchester.cs.owl.owlapi.OWLOntologyManagerImpl.loadImports(OWLOntologyManagerImpl.java:1663)
        uk.ac.manchester.cs.owl.owlapi.OWLOntologyManagerImpl.makeLoadImportRequest(OWLOntologyManagerImpl.java:1703)
        org.semanticweb.owlapi.rdf.rdfxml.parser.TripleHandlers$TPImportsHandler.handleTriple(TripleHandlers.java:1555)
        org.semanticweb.owlapi.rdf.rdfxml.parser.TripleHandlers$HandlerAccessor.handleStreaming(TripleHandlers.java:369)
        org.semanticweb.owlapi.rdf.rdfxml.parser.OWLRDFConsumer.statementWithResourceValue(OWLRDFConsumer.java:1563)
Expected an RDF value here, found '=' [line 5]        org.eclipse.rdf4j.rio.helpers.RDFParserHelper.reportFatalError(RDFParserHelper.java:347)
        org.eclipse.rdf4j.rio.helpers.AbstractRDFParser.reportFatalError(AbstractRDFParser.java:698)
        org.eclipse.rdf4j.rio.turtle.TurtleParser.reportFatalError(TurtleParser.java:1309)
        org.eclipse.rdf4j.rio.turtle.TurtleParser.parseValue(TurtleParser.java:588)
        org.eclipse.rdf4j.rio.turtle.TurtleParser.parseObject(TurtleParser.java:453)
        org.eclipse.rdf4j.rio.turtle.TurtleParser.parseObjectList(TurtleParser.java:375)
        org.eclipse.rdf4j.rio.turtle.TurtleParser.parsePredicateObjectList(TurtleParser.java:348)
        org.eclipse.rdf4j.rio.trig.TriGParser.parseGraph(TriGParser.java:192)
        org.eclipse.rdf4j.rio.trig.TriGParser.parseStatement(TriGParser.java:115)
        org.eclipse.rdf4j.rio.turtle.TurtleParser.parse(TurtleParser.java:165)


--------------------------------------------------------------------------------
Parser: org.semanticweb.owlapi.rio.RioParserImpl : org.semanticweb.owlapi.formats.RDFJsonLDDocumentFormatFactory@dcacc47d
    Stack trace:
org.eclipse.rdf4j.rio.RDFParseException: Could not parse JSONLD        org.semanticweb.owlapi.rio.RioParserImpl.parse(RioParserImpl.java:148)
        uk.ac.manchester.cs.owl.owlapi.OWLOntologyFactoryImpl.loadOWLOntology(OWLOntologyFactoryImpl.java:195)
        uk.ac.manchester.cs.owl.owlapi.OWLOntologyManagerImpl.load(OWLOntologyManagerImpl.java:1105)
        uk.ac.manchester.cs.owl.owlapi.OWLOntologyManagerImpl.loadOntology(OWLOntologyManagerImpl.java:1055)
        uk.ac.manchester.cs.owl.owlapi.OWLOntologyManagerImpl.loadOntology(OWLOntologyManagerImpl.java:955)
        uk.ac.manchester.cs.owl.owlapi.OWLOntologyManagerImpl.loadImports(OWLOntologyManagerImpl.java:1663)
        uk.ac.manchester.cs.owl.owlapi.OWLOntologyManagerImpl.makeLoadImportRequest(OWLOntologyManagerImpl.java:1703)
        org.semanticweb.owlapi.rdf.rdfxml.parser.TripleHandlers$TPImportsHandler.handleTriple(TripleHandlers.java:1555)
        org.semanticweb.owlapi.rdf.rdfxml.parser.TripleHandlers$HandlerAccessor.handleStreaming(TripleHandlers.java:369)
        org.semanticweb.owlapi.rdf.rdfxml.parser.OWLRDFConsumer.statementWithResourceValue(OWLRDFConsumer.java:1563)
Could not parse JSONLD        org.eclipse.rdf4j.rio.jsonld.JSONLDParser.parse(JSONLDParser.java:261)
        org.eclipse.rdf4j.rio.jsonld.JSONLDParser.parse(JSONLDParser.java:112)
        org.semanticweb.owlapi.rio.RioParserImpl.parseDocumentSource(RioParserImpl.java:186)
        org.semanticweb.owlapi.rio.RioParserImpl.parse(RioParserImpl.java:134)
        uk.ac.manchester.cs.owl.owlapi.OWLOntologyFactoryImpl.loadOWLOntology(OWLOntologyFactoryImpl.java:195)
        uk.ac.manchester.cs.owl.owlapi.OWLOntologyManagerImpl.load(OWLOntologyManagerImpl.java:1105)
        uk.ac.manchester.cs.owl.owlapi.OWLOntologyManagerImpl.loadOntology(OWLOntologyManagerImpl.java:1055)
        uk.ac.manchester.cs.owl.owlapi.OWLOntologyManagerImpl.loadOntology(OWLOntologyManagerImpl.java:955)
        uk.ac.manchester.cs.owl.owlapi.OWLOntologyManagerImpl.loadImports(OWLOntologyManagerImpl.java:1663)
        uk.ac.manchester.cs.owl.owlapi.OWLOntologyManagerImpl.makeLoadImportRequest(OWLOntologyManagerImpl.java:1703)
The document could not be loaded or parsed [code=LOADING_DOCUMENT_FAILED].        no.hasmac.jsonld.document.JsonDocument.of(JsonDocument.java:154)
        no.hasmac.jsonld.document.JsonDocument.of(JsonDocument.java:129)
        org.eclipse.rdf4j.rio.jsonld.JSONLDParser.getDocument(JSONLDParser.java:285)
        org.eclipse.rdf4j.rio.jsonld.JSONLDParser.parse(JSONLDParser.java:134)
        org.eclipse.rdf4j.rio.jsonld.JSONLDParser.parse(JSONLDParser.java:112)
        org.semanticweb.owlapi.rio.RioParserImpl.parseDocumentSource(RioParserImpl.java:186)
        org.semanticweb.owlapi.rio.RioParserImpl.parse(RioParserImpl.java:134)
        uk.ac.manchester.cs.owl.owlapi.OWLOntologyFactoryImpl.loadOWLOntology(OWLOntologyFactoryImpl.java:195)
        uk.ac.manchester.cs.owl.owlapi.OWLOntologyManagerImpl.load(OWLOntologyManagerImpl.java:1105)
        uk.ac.manchester.cs.owl.owlapi.OWLOntologyManagerImpl.loadOntology(OWLOntologyManagerImpl.java:1055)
Unexpected char 60 at (line no=1, column no=1, offset=0)        org.glassfish.json.JsonTokenizer.unexpectedChar(JsonTokenizer.java:577)
        org.glassfish.json.JsonTokenizer.nextToken(JsonTokenizer.java:394)
        org.glassfish.json.JsonParserImpl$NoneContext.getNextEvent(JsonParserImpl.java:419)
        org.glassfish.json.JsonParserImpl.next(JsonParserImpl.java:369)
        no.hasmac.jsonld.document.JsonDocument.doParse(JsonDocument.java:164)
        no.hasmac.jsonld.document.JsonDocument.of(JsonDocument.java:151)
        no.hasmac.jsonld.document.JsonDocument.of(JsonDocument.java:129)
        org.eclipse.rdf4j.rio.jsonld.JSONLDParser.getDocument(JSONLDParser.java:285)
        org.eclipse.rdf4j.rio.jsonld.JSONLDParser.parse(JSONLDParser.java:134)
        org.eclipse.rdf4j.rio.jsonld.JSONLDParser.parse(JSONLDParser.java:112)


--------------------------------------------------------------------------------
Parser: org.semanticweb.owlapi.rio.RioParserImpl : org.semanticweb.owlapi.formats.N3DocumentFormatFactory@9a5
    Stack trace:
org.eclipse.rdf4j.rio.RDFParseException: Expected '.', found '<' [line 5]        org.semanticweb.owlapi.rio.RioParserImpl.parse(RioParserImpl.java:148)
        uk.ac.manchester.cs.owl.owlapi.OWLOntologyFactoryImpl.loadOWLOntology(OWLOntologyFactoryImpl.java:195)
        uk.ac.manchester.cs.owl.owlapi.OWLOntologyManagerImpl.load(OWLOntologyManagerImpl.java:1105)
        uk.ac.manchester.cs.owl.owlapi.OWLOntologyManagerImpl.loadOntology(OWLOntologyManagerImpl.java:1055)
        uk.ac.manchester.cs.owl.owlapi.OWLOntologyManagerImpl.loadOntology(OWLOntologyManagerImpl.java:955)
        uk.ac.manchester.cs.owl.owlapi.OWLOntologyManagerImpl.loadImports(OWLOntologyManagerImpl.java:1663)
        uk.ac.manchester.cs.owl.owlapi.OWLOntologyManagerImpl.makeLoadImportRequest(OWLOntologyManagerImpl.java:1703)
        org.semanticweb.owlapi.rdf.rdfxml.parser.TripleHandlers$TPImportsHandler.handleTriple(TripleHandlers.java:1555)
        org.semanticweb.owlapi.rdf.rdfxml.parser.TripleHandlers$HandlerAccessor.handleStreaming(TripleHandlers.java:369)
        org.semanticweb.owlapi.rdf.rdfxml.parser.OWLRDFConsumer.statementWithResourceValue(OWLRDFConsumer.java:1563)
Expected '.', found '<' [line 5]        org.eclipse.rdf4j.rio.helpers.RDFParserHelper.reportFatalError(RDFParserHelper.java:347)
        org.eclipse.rdf4j.rio.helpers.AbstractRDFParser.reportFatalError(AbstractRDFParser.java:698)
        org.eclipse.rdf4j.rio.turtle.TurtleParser.reportFatalError(TurtleParser.java:1309)
        org.eclipse.rdf4j.rio.turtle.TurtleParser.verifyCharacterOrFail(TurtleParser.java:1154)
        org.eclipse.rdf4j.rio.turtle.TurtleParser.parseStatement(TurtleParser.java:205)
        org.eclipse.rdf4j.rio.turtle.TurtleParser.parse(TurtleParser.java:165)
        org.semanticweb.owlapi.rio.RioParserImpl.parseDocumentSource(RioParserImpl.java:186)
        org.semanticweb.owlapi.rio.RioParserImpl.parse(RioParserImpl.java:134)
        uk.ac.manchester.cs.owl.owlapi.OWLOntologyFactoryImpl.loadOWLOntology(OWLOntologyFactoryImpl.java:195)
        uk.ac.manchester.cs.owl.owlapi.OWLOntologyManagerImpl.load(OWLOntologyManagerImpl.java:1105)


--------------------------------------------------------------------------------
Parser: org.semanticweb.owlapi.rio.RioParserImpl : org.semanticweb.owlapi.formats.RioRDFXMLDocumentFormatFactory@69b9a3bc
    Stack trace:
org.eclipse.rdf4j.rio.RDFParseException: ע���в����������ַ��� "--"�� [line 38, column 12]        org.semanticweb.owlapi.rio.RioParserImpl.parse(RioParserImpl.java:148)
        uk.ac.manchester.cs.owl.owlapi.OWLOntologyFactoryImpl.loadOWLOntology(OWLOntologyFactoryImpl.java:195)
        uk.ac.manchester.cs.owl.owlapi.OWLOntologyManagerImpl.load(OWLOntologyManagerImpl.java:1105)
        uk.ac.manchester.cs.owl.owlapi.OWLOntologyManagerImpl.loadOntology(OWLOntologyManagerImpl.java:1055)
        uk.ac.manchester.cs.owl.owlapi.OWLOntologyManagerImpl.loadOntology(OWLOntologyManagerImpl.java:955)
        uk.ac.manchester.cs.owl.owlapi.OWLOntologyManagerImpl.loadImports(OWLOntologyManagerImpl.java:1663)
        uk.ac.manchester.cs.owl.owlapi.OWLOntologyManagerImpl.makeLoadImportRequest(OWLOntologyManagerImpl.java:1703)
        org.semanticweb.owlapi.rdf.rdfxml.parser.TripleHandlers$TPImportsHandler.handleTriple(TripleHandlers.java:1555)
        org.semanticweb.owlapi.rdf.rdfxml.parser.TripleHandlers$HandlerAccessor.handleStreaming(TripleHandlers.java:369)
        org.semanticweb.owlapi.rdf.rdfxml.parser.OWLRDFConsumer.statementWithResourceValue(OWLRDFConsumer.java:1563)
ע���в����������ַ��� "--"�� [line 38, column 12]        org.eclipse.rdf4j.rio.helpers.RDFParserHelper.reportFatalError(RDFParserHelper.java:380)
        org.eclipse.rdf4j.rio.helpers.AbstractRDFParser.reportFatalError(AbstractRDFParser.java:723)
        org.eclipse.rdf4j.rio.rdfxml.RDFXMLParser.reportFatalError(RDFXMLParser.java:1022)
        org.eclipse.rdf4j.rio.rdfxml.RDFXMLParser.fatalError(RDFXMLParser.java:1159)
        java.xml/com.sun.org.apache.xerces.internal.util.ErrorHandlerWrapper.fatalError(ErrorHandlerWrapper.java:181)
        java.xml/com.sun.org.apache.xerces.internal.impl.XMLErrorReporter.reportError(XMLErrorReporter.java:400)
        java.xml/com.sun.org.apache.xerces.internal.impl.XMLErrorReporter.reportError(XMLErrorReporter.java:327)
        java.xml/com.sun.org.apache.xerces.internal.impl.XMLScanner.reportFatalError(XMLScanner.java:1465)
        java.xml/com.sun.org.apache.xerces.internal.impl.XMLScanner.scanComment(XMLScanner.java:818)
        java.xml/com.sun.org.apache.xerces.internal.impl.XMLDocumentFragmentScannerImpl.scanComment(XMLDocumentFragmentScannerImpl.java:1088)
ע���в����������ַ��� "--"��        java.xml/com.sun.org.apache.xerces.internal.util.ErrorHandlerWrapper.createSAXParseException(ErrorHandlerWrapper.java:204)
        java.xml/com.sun.org.apache.xerces.internal.util.ErrorHandlerWrapper.fatalError(ErrorHandlerWrapper.java:178)
        java.xml/com.sun.org.apache.xerces.internal.impl.XMLErrorReporter.reportError(XMLErrorReporter.java:400)
        java.xml/com.sun.org.apache.xerces.internal.impl.XMLErrorReporter.reportError(XMLErrorReporter.java:327)
        java.xml/com.sun.org.apache.xerces.internal.impl.XMLScanner.reportFatalError(XMLScanner.java:1465)
        java.xml/com.sun.org.apache.xerces.internal.impl.XMLScanner.scanComment(XMLScanner.java:818)
        java.xml/com.sun.org.apache.xerces.internal.impl.XMLDocumentFragmentScannerImpl.scanComment(XMLDocumentFragmentScannerImpl.java:1088)
        java.xml/com.sun.org.apache.xerces.internal.impl.XMLDocumentFragmentScannerImpl$FragmentContentDriver.next(XMLDocumentFragmentScannerImpl.java:2924)
        java.xml/com.sun.org.apache.xerces.internal.impl.XMLDocumentScannerImpl.next(XMLDocumentScannerImpl.java:635)
        java.xml/com.sun.org.apache.xerces.internal.impl.XMLNSDocumentScannerImpl.next(XMLNSDocumentScannerImpl.java:113)


--------------------------------------------------------------------------------
Parser: org.semanticweb.owlapi.rdf.turtle.parser.TurtleOntologyParser@7c0a6f62
    Stack trace:
org.semanticweb.owlapi.rdf.turtle.parser.ParseException: Encountered unexpected token: "<" <ERROR>
    at line 1, column 1.

Was expecting one of:

    "("
    "@base"
    "@prefix"
    "["
    <EMPTY_BLANK_NODE>
    <FULLIRI>
    <NODEID>
    <PNAME_LN>
    <PNAME_NS>
        org.semanticweb.owlapi.rdf.turtle.parser.TurtleOntologyParser.parse(TurtleOntologyParser.java:58)
        uk.ac.manchester.cs.owl.owlapi.OWLOntologyFactoryImpl.loadOWLOntology(OWLOntologyFactoryImpl.java:195)
        uk.ac.manchester.cs.owl.owlapi.OWLOntologyManagerImpl.load(OWLOntologyManagerImpl.java:1105)
        uk.ac.manchester.cs.owl.owlapi.OWLOntologyManagerImpl.loadOntology(OWLOntologyManagerImpl.java:1055)
        uk.ac.manchester.cs.owl.owlapi.OWLOntologyManagerImpl.loadOntology(OWLOntologyManagerImpl.java:955)
        uk.ac.manchester.cs.owl.owlapi.OWLOntologyManagerImpl.loadImports(OWLOntologyManagerImpl.java:1663)
        uk.ac.manchester.cs.owl.owlapi.OWLOntologyManagerImpl.makeLoadImportRequest(OWLOntologyManagerImpl.java:1703)
        org.semanticweb.owlapi.rdf.rdfxml.parser.TripleHandlers$TPImportsHandler.handleTriple(TripleHandlers.java:1555)
        org.semanticweb.owlapi.rdf.rdfxml.parser.TripleHandlers$HandlerAccessor.handleStreaming(TripleHandlers.java:369)
        org.semanticweb.owlapi.rdf.rdfxml.parser.OWLRDFConsumer.statementWithResourceValue(OWLRDFConsumer.java:1563)
Encountered unexpected token: "<" <ERROR>
    at line 1, column 1.

Was expecting one of:

    "("
    "@base"
    "@prefix"
    "["
    <EMPTY_BLANK_NODE>
    <FULLIRI>
    <NODEID>
    <PNAME_LN>
    <PNAME_NS>
        org.semanticweb.owlapi.rdf.turtle.parser.TurtleParser.generateParseException(TurtleParser.java:1034)
        org.semanticweb.owlapi.rdf.turtle.parser.TurtleParser.jj_consume_token(TurtleParser.java:902)
        org.semanticweb.owlapi.rdf.turtle.parser.TurtleParser.parseDocument(TurtleParser.java:165)
        org.semanticweb.owlapi.rdf.turtle.parser.TurtleOntologyParser.parse(TurtleOntologyParser.java:54)
        uk.ac.manchester.cs.owl.owlapi.OWLOntologyFactoryImpl.loadOWLOntology(OWLOntologyFactoryImpl.java:195)
        uk.ac.manchester.cs.owl.owlapi.OWLOntologyManagerImpl.load(OWLOntologyManagerImpl.java:1105)
        uk.ac.manchester.cs.owl.owlapi.OWLOntologyManagerImpl.loadOntology(OWLOntologyManagerImpl.java:1055)
        uk.ac.manchester.cs.owl.owlapi.OWLOntologyManagerImpl.loadOntology(OWLOntologyManagerImpl.java:955)
        uk.ac.manchester.cs.owl.owlapi.OWLOntologyManagerImpl.loadImports(OWLOntologyManagerImpl.java:1663)
        uk.ac.manchester.cs.owl.owlapi.OWLOntologyManagerImpl.makeLoadImportRequest(OWLOntologyManagerImpl.java:1703)


--------------------------------------------------------------------------------
Parser: org.semanticweb.owlapi.oboformat.OBOFormatOWLAPIParser@6b170692
    Stack trace:
LINENO: 1 - Could not find tag separator ':' in line.
LINE: <?xml version="1.0" encoding="UTF-8"?>        org.semanticweb.owlapi.oboformat.OBOFormatOWLAPIParser.parse(OBOFormatOWLAPIParser.java:50)
        uk.ac.manchester.cs.owl.owlapi.OWLOntologyFactoryImpl.loadOWLOntology(OWLOntologyFactoryImpl.java:195)
        uk.ac.manchester.cs.owl.owlapi.OWLOntologyManagerImpl.load(OWLOntologyManagerImpl.java:1105)
        uk.ac.manchester.cs.owl.owlapi.OWLOntologyManagerImpl.loadOntology(OWLOntologyManagerImpl.java:1055)
        uk.ac.manchester.cs.owl.owlapi.OWLOntologyManagerImpl.loadOntology(OWLOntologyManagerImpl.java:955)
        uk.ac.manchester.cs.owl.owlapi.OWLOntologyManagerImpl.loadImports(OWLOntologyManagerImpl.java:1663)
        uk.ac.manchester.cs.owl.owlapi.OWLOntologyManagerImpl.makeLoadImportRequest(OWLOntologyManagerImpl.java:1703)
        org.semanticweb.owlapi.rdf.rdfxml.parser.TripleHandlers$TPImportsHandler.handleTriple(TripleHandlers.java:1555)
        org.semanticweb.owlapi.rdf.rdfxml.parser.TripleHandlers$HandlerAccessor.handleStreaming(TripleHandlers.java:369)
        org.semanticweb.owlapi.rdf.rdfxml.parser.OWLRDFConsumer.statementWithResourceValue(OWLRDFConsumer.java:1563)
LINENO: 1 - Could not find tag separator ':' in line.
LINE: <?xml version="1.0" encoding="UTF-8"?>        org.obolibrary.oboformat.parser.OBOFormatParser.error(OBOFormatParser.java:1317)
        org.obolibrary.oboformat.parser.OBOFormatParser.getParseTag(OBOFormatParser.java:731)
        org.obolibrary.oboformat.parser.OBOFormatParser.parseHeaderClause(OBOFormatParser.java:409)
        org.obolibrary.oboformat.parser.OBOFormatParser.parseHeaderClauseNl(OBOFormatParser.java:402)
        org.obolibrary.oboformat.parser.OBOFormatParser.parseHeaderFrame(OBOFormatParser.java:385)
        org.obolibrary.oboformat.parser.OBOFormatParser.parseOBODoc(OBOFormatParser.java:268)
        org.obolibrary.oboformat.parser.OBOFormatParser.parse(OBOFormatParser.java:237)
        org.semanticweb.owlapi.oboformat.OBOFormatOWLAPIParser.parse(OBOFormatOWLAPIParser.java:44)
        uk.ac.manchester.cs.owl.owlapi.OWLOntologyFactoryImpl.loadOWLOntology(OWLOntologyFactoryImpl.java:195)
        uk.ac.manchester.cs.owl.owlapi.OWLOntologyManagerImpl.load(OWLOntologyManagerImpl.java:1105)


--------------------------------------------------------------------------------
Parser: org.semanticweb.owlapi.dlsyntax.parser.DLSyntaxOWLParser@4603c412
    Stack trace:
Encountered unexpected token: "<" <MAX>
    at line 1, column 1.

Was expecting one of:

    ":"
    "\n"
        org.semanticweb.owlapi.dlsyntax.parser.DLSyntaxOWLParser.parse(DLSyntaxOWLParser.java:52)
        uk.ac.manchester.cs.owl.owlapi.OWLOntologyFactoryImpl.loadOWLOntology(OWLOntologyFactoryImpl.java:195)
        uk.ac.manchester.cs.owl.owlapi.OWLOntologyManagerImpl.load(OWLOntologyManagerImpl.java:1105)
        uk.ac.manchester.cs.owl.owlapi.OWLOntologyManagerImpl.loadOntology(OWLOntologyManagerImpl.java:1055)
        uk.ac.manchester.cs.owl.owlapi.OWLOntologyManagerImpl.loadOntology(OWLOntologyManagerImpl.java:955)
        uk.ac.manchester.cs.owl.owlapi.OWLOntologyManagerImpl.loadImports(OWLOntologyManagerImpl.java:1663)
        uk.ac.manchester.cs.owl.owlapi.OWLOntologyManagerImpl.makeLoadImportRequest(OWLOntologyManagerImpl.java:1703)
        org.semanticweb.owlapi.rdf.rdfxml.parser.TripleHandlers$TPImportsHandler.handleTriple(TripleHandlers.java:1555)
        org.semanticweb.owlapi.rdf.rdfxml.parser.TripleHandlers$HandlerAccessor.handleStreaming(TripleHandlers.java:369)
        org.semanticweb.owlapi.rdf.rdfxml.parser.OWLRDFConsumer.statementWithResourceValue(OWLRDFConsumer.java:1563)
Encountered unexpected token: "<" <MAX>
    at line 1, column 1.

Was expecting one of:

    ":"
    "\n"
        org.semanticweb.owlapi.dlsyntax.parser.DLSyntaxParser.generateParseException(DLSyntaxParser.java:1572)
        org.semanticweb.owlapi.dlsyntax.parser.DLSyntaxParser.jj_consume_token(DLSyntaxParser.java:1443)
        org.semanticweb.owlapi.dlsyntax.parser.DLSyntaxParser.parseAxiom(DLSyntaxParser.java:141)
        org.semanticweb.owlapi.dlsyntax.parser.DLSyntaxParser.parseAxioms(DLSyntaxParser.java:114)
        org.semanticweb.owlapi.dlsyntax.parser.DLSyntaxOWLParser.parse(DLSyntaxOWLParser.java:48)
        uk.ac.manchester.cs.owl.owlapi.OWLOntologyFactoryImpl.loadOWLOntology(OWLOntologyFactoryImpl.java:195)
        uk.ac.manchester.cs.owl.owlapi.OWLOntologyManagerImpl.load(OWLOntologyManagerImpl.java:1105)
        uk.ac.manchester.cs.owl.owlapi.OWLOntologyManagerImpl.loadOntology(OWLOntologyManagerImpl.java:1055)
        uk.ac.manchester.cs.owl.owlapi.OWLOntologyManagerImpl.loadOntology(OWLOntologyManagerImpl.java:955)
        uk.ac.manchester.cs.owl.owlapi.OWLOntologyManagerImpl.loadImports(OWLOntologyManagerImpl.java:1663)


--------------------------------------------------------------------------------
Parser: org.semanticweb.owlapi.rio.RioParserImpl : org.semanticweb.owlapi.formats.BinaryRDFDocumentFormatFactory@3bf24493
    Stack trace:
org.eclipse.rdf4j.rio.RDFParseException: File does not contain a binary RDF document        org.semanticweb.owlapi.rio.RioParserImpl.parse(RioParserImpl.java:148)
        uk.ac.manchester.cs.owl.owlapi.OWLOntologyFactoryImpl.loadOWLOntology(OWLOntologyFactoryImpl.java:195)
        uk.ac.manchester.cs.owl.owlapi.OWLOntologyManagerImpl.load(OWLOntologyManagerImpl.java:1105)
        uk.ac.manchester.cs.owl.owlapi.OWLOntologyManagerImpl.loadOntology(OWLOntologyManagerImpl.java:1055)
        uk.ac.manchester.cs.owl.owlapi.OWLOntologyManagerImpl.loadOntology(OWLOntologyManagerImpl.java:955)
        uk.ac.manchester.cs.owl.owlapi.OWLOntologyManagerImpl.loadImports(OWLOntologyManagerImpl.java:1663)
        uk.ac.manchester.cs.owl.owlapi.OWLOntologyManagerImpl.makeLoadImportRequest(OWLOntologyManagerImpl.java:1703)
        org.semanticweb.owlapi.rdf.rdfxml.parser.TripleHandlers$TPImportsHandler.handleTriple(TripleHandlers.java:1555)
        org.semanticweb.owlapi.rdf.rdfxml.parser.TripleHandlers$HandlerAccessor.handleStreaming(TripleHandlers.java:369)
        org.semanticweb.owlapi.rdf.rdfxml.parser.OWLRDFConsumer.statementWithResourceValue(OWLRDFConsumer.java:1563)
File does not contain a binary RDF document        org.eclipse.rdf4j.rio.helpers.RDFParserHelper.reportFatalError(RDFParserHelper.java:347)
        org.eclipse.rdf4j.rio.helpers.RDFParserHelper.reportFatalError(RDFParserHelper.java:334)
        org.eclipse.rdf4j.rio.helpers.AbstractRDFParser.reportFatalError(AbstractRDFParser.java:690)
        org.eclipse.rdf4j.rio.binary.BinaryRDFParser.parse(BinaryRDFParser.java:92)
        org.semanticweb.owlapi.rio.RioParserImpl.parseDocumentSource(RioParserImpl.java:198)
        org.semanticweb.owlapi.rio.RioParserImpl.parse(RioParserImpl.java:134)
        uk.ac.manchester.cs.owl.owlapi.OWLOntologyFactoryImpl.loadOWLOntology(OWLOntologyFactoryImpl.java:195)
        uk.ac.manchester.cs.owl.owlapi.OWLOntologyManagerImpl.load(OWLOntologyManagerImpl.java:1105)
        uk.ac.manchester.cs.owl.owlapi.OWLOntologyManagerImpl.loadOntology(OWLOntologyManagerImpl.java:1055)
        uk.ac.manchester.cs.owl.owlapi.OWLOntologyManagerImpl.loadOntology(OWLOntologyManagerImpl.java:955)


--------------------------------------------------------------------------------
Parser: org.semanticweb.owlapi.krss2.parser.KRSS2OWLParser@341df373
    Stack trace:
org.semanticweb.owlapi.krss2.parser.ParseException: Encountered unexpected token: "<?xml version=\"1.0\" encoding=\"UTF-8\"?>" ">"
    at line 1, column 1.

Was expecting:

    <EOF>
        org.semanticweb.owlapi.krss2.parser.KRSS2OWLParser.parse(KRSS2OWLParser.java:252)
        uk.ac.manchester.cs.owl.owlapi.OWLOntologyFactoryImpl.loadOWLOntology(OWLOntologyFactoryImpl.java:195)
        uk.ac.manchester.cs.owl.owlapi.OWLOntologyManagerImpl.load(OWLOntologyManagerImpl.java:1105)
        uk.ac.manchester.cs.owl.owlapi.OWLOntologyManagerImpl.loadOntology(OWLOntologyManagerImpl.java:1055)
        uk.ac.manchester.cs.owl.owlapi.OWLOntologyManagerImpl.loadOntology(OWLOntologyManagerImpl.java:955)
        uk.ac.manchester.cs.owl.owlapi.OWLOntologyManagerImpl.loadImports(OWLOntologyManagerImpl.java:1663)
        uk.ac.manchester.cs.owl.owlapi.OWLOntologyManagerImpl.makeLoadImportRequest(OWLOntologyManagerImpl.java:1703)
        org.semanticweb.owlapi.rdf.rdfxml.parser.TripleHandlers$TPImportsHandler.handleTriple(TripleHandlers.java:1555)
        org.semanticweb.owlapi.rdf.rdfxml.parser.TripleHandlers$HandlerAccessor.handleStreaming(TripleHandlers.java:369)
        org.semanticweb.owlapi.rdf.rdfxml.parser.OWLRDFConsumer.statementWithResourceValue(OWLRDFConsumer.java:1563)
Encountered unexpected token: "<?xml version=\"1.0\" encoding=\"UTF-8\"?>" ">"
    at line 1, column 1.

Was expecting:

    <EOF>
        org.semanticweb.owlapi.krss2.parser.KRSS2Parser.generateParseException(KRSS2Parser.java:2103)
        org.semanticweb.owlapi.krss2.parser.KRSS2Parser.jj_consume_token(KRSS2Parser.java:1968)
        org.semanticweb.owlapi.krss2.parser.KRSS2Parser.parse(KRSS2Parser.java:124)
        org.semanticweb.owlapi.krss2.parser.KRSS2OWLParser.parse(KRSS2OWLParser.java:249)
        uk.ac.manchester.cs.owl.owlapi.OWLOntologyFactoryImpl.loadOWLOntology(OWLOntologyFactoryImpl.java:195)
        uk.ac.manchester.cs.owl.owlapi.OWLOntologyManagerImpl.load(OWLOntologyManagerImpl.java:1105)
        uk.ac.manchester.cs.owl.owlapi.OWLOntologyManagerImpl.loadOntology(OWLOntologyManagerImpl.java:1055)
        uk.ac.manchester.cs.owl.owlapi.OWLOntologyManagerImpl.loadOntology(OWLOntologyManagerImpl.java:955)
        uk.ac.manchester.cs.owl.owlapi.OWLOntologyManagerImpl.loadImports(OWLOntologyManagerImpl.java:1663)
        uk.ac.manchester.cs.owl.owlapi.OWLOntologyManagerImpl.makeLoadImportRequest(OWLOntologyManagerImpl.java:1703)


--------------------------------------------------------------------------------
Parser: org.semanticweb.owlapi.rio.RioParserImpl : org.semanticweb.owlapi.formats.HDTRDFDocumentFormatFactory@116d8
    Stack trace:
org.eclipse.rdf4j.rio.RDFParseException: $HDT marker not found [line 4]        org.semanticweb.owlapi.rio.RioParserImpl.parse(RioParserImpl.java:148)
        uk.ac.manchester.cs.owl.owlapi.OWLOntologyFactoryImpl.loadOWLOntology(OWLOntologyFactoryImpl.java:195)
        uk.ac.manchester.cs.owl.owlapi.OWLOntologyManagerImpl.load(OWLOntologyManagerImpl.java:1105)
        uk.ac.manchester.cs.owl.owlapi.OWLOntologyManagerImpl.loadOntology(OWLOntologyManagerImpl.java:1055)
        uk.ac.manchester.cs.owl.owlapi.OWLOntologyManagerImpl.loadOntology(OWLOntologyManagerImpl.java:955)
        uk.ac.manchester.cs.owl.owlapi.OWLOntologyManagerImpl.loadImports(OWLOntologyManagerImpl.java:1663)
        uk.ac.manchester.cs.owl.owlapi.OWLOntologyManagerImpl.makeLoadImportRequest(OWLOntologyManagerImpl.java:1703)
        org.semanticweb.owlapi.rdf.rdfxml.parser.TripleHandlers$TPImportsHandler.handleTriple(TripleHandlers.java:1555)
        org.semanticweb.owlapi.rdf.rdfxml.parser.TripleHandlers$HandlerAccessor.handleStreaming(TripleHandlers.java:369)
        org.semanticweb.owlapi.rdf.rdfxml.parser.OWLRDFConsumer.statementWithResourceValue(OWLRDFConsumer.java:1563)
$HDT marker not found [line 4]        org.eclipse.rdf4j.rio.helpers.RDFParserHelper.reportFatalError(RDFParserHelper.java:347)
        org.eclipse.rdf4j.rio.helpers.AbstractRDFParser.reportFatalError(AbstractRDFParser.java:698)
        org.eclipse.rdf4j.rio.hdt.HDTParser.parse(HDTParser.java:156)
        org.semanticweb.owlapi.rio.RioParserImpl.parseDocumentSource(RioParserImpl.java:198)
        org.semanticweb.owlapi.rio.RioParserImpl.parse(RioParserImpl.java:134)
        uk.ac.manchester.cs.owl.owlapi.OWLOntologyFactoryImpl.loadOWLOntology(OWLOntologyFactoryImpl.java:195)
        uk.ac.manchester.cs.owl.owlapi.OWLOntologyManagerImpl.load(OWLOntologyManagerImpl.java:1105)
        uk.ac.manchester.cs.owl.owlapi.OWLOntologyManagerImpl.loadOntology(OWLOntologyManagerImpl.java:1055)
        uk.ac.manchester.cs.owl.owlapi.OWLOntologyManagerImpl.loadOntology(OWLOntologyManagerImpl.java:955)
        uk.ac.manchester.cs.owl.owlapi.OWLOntologyManagerImpl.loadImports(OWLOntologyManagerImpl.java:1663)


--------------------------------------------------------------------------------
Parser: org.semanticweb.owlapi.rio.RioParserImpl : org.semanticweb.owlapi.formats.RDFaDocumentFormatFactory@264e8d
    Stack trace:
org.eclipse.rdf4j.rio.UnsupportedRDFormatException: Did not recognise RDF format object RDFa (mimeTypes=application/xhtml+xml, application/html, text/html; ext=xhtml, html)        org.semanticweb.owlapi.rio.RioParserImpl.parse(RioParserImpl.java:148)
        uk.ac.manchester.cs.owl.owlapi.OWLOntologyFactoryImpl.loadOWLOntology(OWLOntologyFactoryImpl.java:195)
        uk.ac.manchester.cs.owl.owlapi.OWLOntologyManagerImpl.load(OWLOntologyManagerImpl.java:1105)
        uk.ac.manchester.cs.owl.owlapi.OWLOntologyManagerImpl.loadOntology(OWLOntologyManagerImpl.java:1055)
        uk.ac.manchester.cs.owl.owlapi.OWLOntologyManagerImpl.loadOntology(OWLOntologyManagerImpl.java:955)
        uk.ac.manchester.cs.owl.owlapi.OWLOntologyManagerImpl.loadImports(OWLOntologyManagerImpl.java:1663)
        uk.ac.manchester.cs.owl.owlapi.OWLOntologyManagerImpl.makeLoadImportRequest(OWLOntologyManagerImpl.java:1703)
        org.semanticweb.owlapi.rdf.rdfxml.parser.TripleHandlers$TPImportsHandler.handleTriple(TripleHandlers.java:1555)
        org.semanticweb.owlapi.rdf.rdfxml.parser.TripleHandlers$HandlerAccessor.handleStreaming(TripleHandlers.java:369)
        org.semanticweb.owlapi.rdf.rdfxml.parser.OWLRDFConsumer.statementWithResourceValue(OWLRDFConsumer.java:1563)
Did not recognise RDF format object RDFa (mimeTypes=application/xhtml+xml, application/html, text/html; ext=xhtml, html)        org.eclipse.rdf4j.rio.Rio.lambda$unsupportedFormat$0(Rio.java:761)
        java.base/java.util.Optional.orElseThrow(Optional.java:407)
        org.eclipse.rdf4j.rio.Rio.createParser(Rio.java:99)
        org.semanticweb.owlapi.rio.RioParserImpl.parseDocumentSource(RioParserImpl.java:173)
        org.semanticweb.owlapi.rio.RioParserImpl.parse(RioParserImpl.java:134)
        uk.ac.manchester.cs.owl.owlapi.OWLOntologyFactoryImpl.loadOWLOntology(OWLOntologyFactoryImpl.java:195)
        uk.ac.manchester.cs.owl.owlapi.OWLOntologyManagerImpl.load(OWLOntologyManagerImpl.java:1105)
        uk.ac.manchester.cs.owl.owlapi.OWLOntologyManagerImpl.loadOntology(OWLOntologyManagerImpl.java:1055)
        uk.ac.manchester.cs.owl.owlapi.OWLOntologyManagerImpl.loadOntology(OWLOntologyManagerImpl.java:955)
        uk.ac.manchester.cs.owl.owlapi.OWLOntologyManagerImpl.loadImports(OWLOntologyManagerImpl.java:1663)



	at org.springframework.beans.factory.support.SimpleInstantiationStrategy.instantiate(SimpleInstantiationStrategy.java:185)
	at org.springframework.beans.factory.support.ConstructorResolver.instantiate(ConstructorResolver.java:648)
	... 35 more
Caused by: org.eclipse.rdf4j.repository.RepositoryException: org.semanticweb.owlapi.model.UnloadableImportException: Could not load imported ontology: <http://www.tcm-classics.org/fangji> Cause: Problem parsing file:/D:/work/Ontology/TraditionalChineseMedicineOntology/ontology/fangji.owl
Could not parse ontology.  Either a suitable parser could not be found, or parsing failed.  See parser logs below for explanation.
The following parsers were tried:
1) org.semanticweb.owlapi.rdf.rdfxml.parser.RDFXMLParser@2cd2c764
2) org.semanticweb.owlapi.owlxml.parser.OWLXMLParser@571c7572
3) org.semanticweb.owlapi.functional.parser.OWLFunctionalSyntaxOWLParser@c6a3f47
4) org.semanticweb.owlapi.rio.RioParserImpl : org.semanticweb.owlapi.formats.RioTurtleDocumentFormatFactory@95fd655c
5) org.semanticweb.owlapi.manchestersyntax.parser.ManchesterOWLSyntaxOntologyParser@59bbf82e
6) org.semanticweb.owlapi.rio.RioParserImpl : org.semanticweb.owlapi.formats.NQuadsDocumentFormatFactory@6f9c39ad
7) org.semanticweb.owlapi.rio.RioParserImpl : org.semanticweb.owlapi.formats.NTriplesDocumentFormatFactory@937ecd36
8) org.semanticweb.owlapi.rio.RioParserImpl : org.semanticweb.owlapi.formats.RDFJsonDocumentFormatFactory@cd748dc3
9) org.semanticweb.owlapi.rio.RioParserImpl : org.semanticweb.owlapi.formats.TrigDocumentFormatFactory@27e81c
10) org.semanticweb.owlapi.rio.RioParserImpl : org.semanticweb.owlapi.formats.RDFJsonLDDocumentFormatFactory@dcacc47d
11) org.semanticweb.owlapi.rio.RioParserImpl : org.semanticweb.owlapi.formats.N3DocumentFormatFactory@9a5
12) org.semanticweb.owlapi.rio.RioParserImpl : org.semanticweb.owlapi.formats.RioRDFXMLDocumentFormatFactory@69b9a3bc
13) org.semanticweb.owlapi.rdf.turtle.parser.TurtleOntologyParser@7c0a6f62
14) org.semanticweb.owlapi.oboformat.OBOFormatOWLAPIParser@6b170692
15) org.semanticweb.owlapi.dlsyntax.parser.DLSyntaxOWLParser@4603c412
16) org.semanticweb.owlapi.rio.RioParserImpl : org.semanticweb.owlapi.formats.BinaryRDFDocumentFormatFactory@3bf24493
17) org.semanticweb.owlapi.krss2.parser.KRSS2OWLParser@341df373
18) org.semanticweb.owlapi.rio.RioParserImpl : org.semanticweb.owlapi.formats.HDTRDFDocumentFormatFactory@116d8
19) org.semanticweb.owlapi.rio.RioParserImpl : org.semanticweb.owlapi.formats.RDFaDocumentFormatFactory@264e8d


Detailed logs:
--------------------------------------------------------------------------------
Parser: org.semanticweb.owlapi.rdf.rdfxml.parser.RDFXMLParser@2cd2c764
    Stack trace:
org.xml.sax.SAXParseException; systemId: file:/D:/work/Ontology/TraditionalChineseMedicineOntology/ontology/fangji.owl; lineNumber: 38; columnNumber: 12; ע���в����������ַ��� "--"��        org.semanticweb.owlapi.rdf.rdfxml.parser.RDFXMLParser.parse(RDFXMLParser.java:69)
        uk.ac.manchester.cs.owl.owlapi.OWLOntologyFactoryImpl.loadOWLOntology(OWLOntologyFactoryImpl.java:195)
        uk.ac.manchester.cs.owl.owlapi.OWLOntologyManagerImpl.load(OWLOntologyManagerImpl.java:1105)
        uk.ac.manchester.cs.owl.owlapi.OWLOntologyManagerImpl.loadOntology(OWLOntologyManagerImpl.java:1055)
        uk.ac.manchester.cs.owl.owlapi.OWLOntologyManagerImpl.loadOntology(OWLOntologyManagerImpl.java:955)
        uk.ac.manchester.cs.owl.owlapi.OWLOntologyManagerImpl.loadImports(OWLOntologyManagerImpl.java:1663)
        uk.ac.manchester.cs.owl.owlapi.OWLOntologyManagerImpl.makeLoadImportRequest(OWLOntologyManagerImpl.java:1703)
        org.semanticweb.owlapi.rdf.rdfxml.parser.TripleHandlers$TPImportsHandler.handleTriple(TripleHandlers.java:1555)
        org.semanticweb.owlapi.rdf.rdfxml.parser.TripleHandlers$HandlerAccessor.handleStreaming(TripleHandlers.java:369)
        org.semanticweb.owlapi.rdf.rdfxml.parser.OWLRDFConsumer.statementWithResourceValue(OWLRDFConsumer.java:1563)
ע���в����������ַ��� "--"��        java.xml/com.sun.org.apache.xerces.internal.util.ErrorHandlerWrapper.createSAXParseException(ErrorHandlerWrapper.java:204)
        java.xml/com.sun.org.apache.xerces.internal.util.ErrorHandlerWrapper.fatalError(ErrorHandlerWrapper.java:178)
        java.xml/com.sun.org.apache.xerces.internal.impl.XMLErrorReporter.reportError(XMLErrorReporter.java:400)
        java.xml/com.sun.org.apache.xerces.internal.impl.XMLErrorReporter.reportError(XMLErrorReporter.java:327)
        java.xml/com.sun.org.apache.xerces.internal.impl.XMLScanner.reportFatalError(XMLScanner.java:1465)
        java.xml/com.sun.org.apache.xerces.internal.impl.XMLScanner.scanComment(XMLScanner.java:818)
        java.xml/com.sun.org.apache.xerces.internal.impl.XMLDocumentFragmentScannerImpl.scanComment(XMLDocumentFragmentScannerImpl.java:1088)
        java.xml/com.sun.org.apache.xerces.internal.impl.XMLDocumentFragmentScannerImpl$FragmentContentDriver.next(XMLDocumentFragmentScannerImpl.java:2924)
        java.xml/com.sun.org.apache.xerces.internal.impl.XMLDocumentScannerImpl.next(XMLDocumentScannerImpl.java:635)
        java.xml/com.sun.org.apache.xerces.internal.impl.XMLNSDocumentScannerImpl.next(XMLNSDocumentScannerImpl.java:113)


--------------------------------------------------------------------------------
Parser: org.semanticweb.owlapi.owlxml.parser.OWLXMLParser@571c7572
    Stack trace:
Attribute not found: IRI (Line 20)        org.semanticweb.owlapi.owlxml.parser.OWLEH.ensureAttributeNotNull(PARSER_OWLXMLVocabulary.java:597)
        org.semanticweb.owlapi.owlxml.parser.OWLEH.getIRIFromAttribute(PARSER_OWLXMLVocabulary.java:504)
        org.semanticweb.owlapi.owlxml.parser.OWLClassEH.attribute(PARSER_OWLXMLVocabulary.java:1008)
        org.semanticweb.owlapi.owlxml.parser.OWLXMLPH.startElement(OWLXMLPH.java:478)
        java.xml/com.sun.org.apache.xerces.internal.parsers.AbstractSAXParser.startElement(AbstractSAXParser.java:519)
        java.xml/com.sun.org.apache.xerces.internal.impl.XMLNSDocumentScannerImpl.scanStartElement(XMLNSDocumentScannerImpl.java:376)
        java.xml/com.sun.org.apache.xerces.internal.impl.XMLDocumentFragmentScannerImpl$FragmentContentDriver.next(XMLDocumentFragmentScannerImpl.java:2736)
        java.xml/com.sun.org.apache.xerces.internal.impl.XMLDocumentScannerImpl.next(XMLDocumentScannerImpl.java:635)
        java.xml/com.sun.org.apache.xerces.internal.impl.XMLNSDocumentScannerImpl.next(XMLNSDocumentScannerImpl.java:113)
        java.xml/com.sun.org.apache.xerces.internal.impl.XMLDocumentFragmentScannerImpl.scanDocument(XMLDocumentFragmentScannerImpl.java:551)


--------------------------------------------------------------------------------
Parser: org.semanticweb.owlapi.functional.parser.OWLFunctionalSyntaxOWLParser@c6a3f47
    Stack trace:
Encountered unexpected token: "<?xml version=\"1.0\" encoding=\"UTF-8\"?>" <FULLIRI>
    at line 1, column 1.

Was expecting one of:

    "Ontology"
    "Prefix"
 (Line 0)        org.semanticweb.owlapi.functional.parser.OWLFunctionalSyntaxOWLParser.parse(OWLFunctionalSyntaxOWLParser.java:49)
        uk.ac.manchester.cs.owl.owlapi.OWLOntologyFactoryImpl.loadOWLOntology(OWLOntologyFactoryImpl.java:195)
        uk.ac.manchester.cs.owl.owlapi.OWLOntologyManagerImpl.load(OWLOntologyManagerImpl.java:1105)
        uk.ac.manchester.cs.owl.owlapi.OWLOntologyManagerImpl.loadOntology(OWLOntologyManagerImpl.java:1055)
        uk.ac.manchester.cs.owl.owlapi.OWLOntologyManagerImpl.loadOntology(OWLOntologyManagerImpl.java:955)
        uk.ac.manchester.cs.owl.owlapi.OWLOntologyManagerImpl.loadImports(OWLOntologyManagerImpl.java:1663)
        uk.ac.manchester.cs.owl.owlapi.OWLOntologyManagerImpl.makeLoadImportRequest(OWLOntologyManagerImpl.java:1703)
        org.semanticweb.owlapi.rdf.rdfxml.parser.TripleHandlers$TPImportsHandler.handleTriple(TripleHandlers.java:1555)
        org.semanticweb.owlapi.rdf.rdfxml.parser.TripleHandlers$HandlerAccessor.handleStreaming(TripleHandlers.java:369)
        org.semanticweb.owlapi.rdf.rdfxml.parser.OWLRDFConsumer.statementWithResourceValue(OWLRDFConsumer.java:1563)
Encountered unexpected token: "<?xml version=\"1.0\" encoding=\"UTF-8\"?>" <FULLIRI>
    at line 1, column 1.

Was expecting one of:

    "Ontology"
    "Prefix"
        org.semanticweb.owlapi.functional.parser.OWLFunctionalSyntaxParser.generateParseException(OWLFunctionalSyntaxParser.java:2479)
        org.semanticweb.owlapi.functional.parser.OWLFunctionalSyntaxParser.jj_consume_token(OWLFunctionalSyntaxParser.java:2405)
        org.semanticweb.owlapi.functional.parser.OWLFunctionalSyntaxParser.Ontology(OWLFunctionalSyntaxParser.java:115)
        org.semanticweb.owlapi.functional.parser.OWLFunctionalSyntaxParser.parse(OWLFunctionalSyntaxParser.java:101)
        org.semanticweb.owlapi.functional.parser.OWLFunctionalSyntaxOWLParser.parse(OWLFunctionalSyntaxOWLParser.java:47)
        uk.ac.manchester.cs.owl.owlapi.OWLOntologyFactoryImpl.loadOWLOntology(OWLOntologyFactoryImpl.java:195)
        uk.ac.manchester.cs.owl.owlapi.OWLOntologyManagerImpl.load(OWLOntologyManagerImpl.java:1105)
        uk.ac.manchester.cs.owl.owlapi.OWLOntologyManagerImpl.loadOntology(OWLOntologyManagerImpl.java:1055)
        uk.ac.manchester.cs.owl.owlapi.OWLOntologyManagerImpl.loadOntology(OWLOntologyManagerImpl.java:955)
        uk.ac.manchester.cs.owl.owlapi.OWLOntologyManagerImpl.loadImports(OWLOntologyManagerImpl.java:1663)


--------------------------------------------------------------------------------
Parser: org.semanticweb.owlapi.rio.RioParserImpl : org.semanticweb.owlapi.formats.RioTurtleDocumentFormatFactory@95fd655c
    Stack trace:
org.eclipse.rdf4j.rio.RDFParseException: Expected '.', found '<' [line 5]        org.semanticweb.owlapi.rio.RioParserImpl.parse(RioParserImpl.java:148)
        uk.ac.manchester.cs.owl.owlapi.OWLOntologyFactoryImpl.loadOWLOntology(OWLOntologyFactoryImpl.java:195)
        uk.ac.manchester.cs.owl.owlapi.OWLOntologyManagerImpl.load(OWLOntologyManagerImpl.java:1105)
        uk.ac.manchester.cs.owl.owlapi.OWLOntologyManagerImpl.loadOntology(OWLOntologyManagerImpl.java:1055)
        uk.ac.manchester.cs.owl.owlapi.OWLOntologyManagerImpl.loadOntology(OWLOntologyManagerImpl.java:955)
        uk.ac.manchester.cs.owl.owlapi.OWLOntologyManagerImpl.loadImports(OWLOntologyManagerImpl.java:1663)
        uk.ac.manchester.cs.owl.owlapi.OWLOntologyManagerImpl.makeLoadImportRequest(OWLOntologyManagerImpl.java:1703)
        org.semanticweb.owlapi.rdf.rdfxml.parser.TripleHandlers$TPImportsHandler.handleTriple(TripleHandlers.java:1555)
        org.semanticweb.owlapi.rdf.rdfxml.parser.TripleHandlers$HandlerAccessor.handleStreaming(TripleHandlers.java:369)
        org.semanticweb.owlapi.rdf.rdfxml.parser.OWLRDFConsumer.statementWithResourceValue(OWLRDFConsumer.java:1563)
Expected '.', found '<' [line 5]        org.eclipse.rdf4j.rio.helpers.RDFParserHelper.reportFatalError(RDFParserHelper.java:347)
        org.eclipse.rdf4j.rio.helpers.AbstractRDFParser.reportFatalError(AbstractRDFParser.java:698)
        org.eclipse.rdf4j.rio.turtle.TurtleParser.reportFatalError(TurtleParser.java:1309)
        org.eclipse.rdf4j.rio.turtle.TurtleParser.verifyCharacterOrFail(TurtleParser.java:1154)
        org.eclipse.rdf4j.rio.turtle.TurtleParser.parseStatement(TurtleParser.java:205)
        org.eclipse.rdf4j.rio.turtle.TurtleParser.parse(TurtleParser.java:165)
        org.semanticweb.owlapi.rio.RioParserImpl.parseDocumentSource(RioParserImpl.java:186)
        org.semanticweb.owlapi.rio.RioParserImpl.parse(RioParserImpl.java:134)
        uk.ac.manchester.cs.owl.owlapi.OWLOntologyFactoryImpl.loadOWLOntology(OWLOntologyFactoryImpl.java:195)
        uk.ac.manchester.cs.owl.owlapi.OWLOntologyManagerImpl.load(OWLOntologyManagerImpl.java:1105)


--------------------------------------------------------------------------------
Parser: org.semanticweb.owlapi.manchestersyntax.parser.ManchesterOWLSyntaxOntologyParser@59bbf82e
    Stack trace:
Encountered '<?xml version="1.0" encoding="UTF-8"?>' at line 1 column 1.  Expected either 'Ontology:' or 'Prefix:' (Line 1)        org.semanticweb.owlapi.manchestersyntax.parser.ManchesterOWLSyntaxOntologyParser.parse(ManchesterOWLSyntaxOntologyParser.java:81)
        uk.ac.manchester.cs.owl.owlapi.OWLOntologyFactoryImpl.loadOWLOntology(OWLOntologyFactoryImpl.java:195)
        uk.ac.manchester.cs.owl.owlapi.OWLOntologyManagerImpl.load(OWLOntologyManagerImpl.java:1105)
        uk.ac.manchester.cs.owl.owlapi.OWLOntologyManagerImpl.loadOntology(OWLOntologyManagerImpl.java:1055)
        uk.ac.manchester.cs.owl.owlapi.OWLOntologyManagerImpl.loadOntology(OWLOntologyManagerImpl.java:955)
        uk.ac.manchester.cs.owl.owlapi.OWLOntologyManagerImpl.loadImports(OWLOntologyManagerImpl.java:1663)
        uk.ac.manchester.cs.owl.owlapi.OWLOntologyManagerImpl.makeLoadImportRequest(OWLOntologyManagerImpl.java:1703)
        org.semanticweb.owlapi.rdf.rdfxml.parser.TripleHandlers$TPImportsHandler.handleTriple(TripleHandlers.java:1555)
        org.semanticweb.owlapi.rdf.rdfxml.parser.TripleHandlers$HandlerAccessor.handleStreaming(TripleHandlers.java:369)
        org.semanticweb.owlapi.rdf.rdfxml.parser.OWLRDFConsumer.statementWithResourceValue(OWLRDFConsumer.java:1563)


--------------------------------------------------------------------------------
Parser: org.semanticweb.owlapi.rio.RioParserImpl : org.semanticweb.owlapi.formats.NQuadsDocumentFormatFactory@6f9c39ad
    Stack trace:
org.eclipse.rdf4j.rio.RDFParseException: Not a valid (absolute) IRI: ?xml version="1.0" encoding="UTF-8"? [line 1]        org.semanticweb.owlapi.rio.RioParserImpl.parse(RioParserImpl.java:148)
        uk.ac.manchester.cs.owl.owlapi.OWLOntologyFactoryImpl.loadOWLOntology(OWLOntologyFactoryImpl.java:195)
        uk.ac.manchester.cs.owl.owlapi.OWLOntologyManagerImpl.load(OWLOntologyManagerImpl.java:1105)
        uk.ac.manchester.cs.owl.owlapi.OWLOntologyManagerImpl.loadOntology(OWLOntologyManagerImpl.java:1055)
        uk.ac.manchester.cs.owl.owlapi.OWLOntologyManagerImpl.loadOntology(OWLOntologyManagerImpl.java:955)
        uk.ac.manchester.cs.owl.owlapi.OWLOntologyManagerImpl.loadImports(OWLOntologyManagerImpl.java:1663)
        uk.ac.manchester.cs.owl.owlapi.OWLOntologyManagerImpl.makeLoadImportRequest(OWLOntologyManagerImpl.java:1703)
        org.semanticweb.owlapi.rdf.rdfxml.parser.TripleHandlers$TPImportsHandler.handleTriple(TripleHandlers.java:1555)
        org.semanticweb.owlapi.rdf.rdfxml.parser.TripleHandlers$HandlerAccessor.handleStreaming(TripleHandlers.java:369)
        org.semanticweb.owlapi.rdf.rdfxml.parser.OWLRDFConsumer.statementWithResourceValue(OWLRDFConsumer.java:1563)
Not a valid (absolute) IRI: ?xml version="1.0" encoding="UTF-8"? [line 1]        org.eclipse.rdf4j.rio.helpers.RDFParserHelper.reportFatalError(RDFParserHelper.java:380)
        org.eclipse.rdf4j.rio.helpers.AbstractRDFParser.reportFatalError(AbstractRDFParser.java:723)
        org.eclipse.rdf4j.rio.ntriples.NTriplesParser.reportFatalError(NTriplesParser.java:468)
        org.eclipse.rdf4j.rio.helpers.AbstractRDFParser.createURI(AbstractRDFParser.java:360)
        org.eclipse.rdf4j.rio.ntriples.NTriplesParser.createURI(NTriplesParser.java:431)
        org.eclipse.rdf4j.rio.ntriples.NTriplesParser.parseIRI(NTriplesParser.java:260)
        org.eclipse.rdf4j.rio.ntriples.NTriplesParser.parseSubject(NTriplesParser.java:187)
        org.eclipse.rdf4j.rio.nquads.NQuadsParser.parseStatement(NQuadsParser.java:51)
        org.eclipse.rdf4j.rio.ntriples.NTriplesParser.parse(NTriplesParser.java:119)
        org.semanticweb.owlapi.rio.RioParserImpl.parseDocumentSource(RioParserImpl.java:186)
Not a valid (absolute) IRI: ?xml version="1.0" encoding="UTF-8"?        org.eclipse.rdf4j.model.impl.SimpleIRI.setIRIString(SimpleIRI.java:96)
        org.eclipse.rdf4j.model.impl.SimpleIRI.<init>(SimpleIRI.java:67)
        org.eclipse.rdf4j.model.impl.SimpleValueFactory.createIRI(SimpleValueFactory.java:83)
        org.eclipse.rdf4j.rio.helpers.RDFStarDecodingValueFactory.createIRI(RDFStarDecodingValueFactory.java:46)
        org.eclipse.rdf4j.rio.helpers.AbstractRDFParser.createURI(AbstractRDFParser.java:358)
        org.eclipse.rdf4j.rio.ntriples.NTriplesParser.createURI(NTriplesParser.java:431)
        org.eclipse.rdf4j.rio.ntriples.NTriplesParser.parseIRI(NTriplesParser.java:260)
        org.eclipse.rdf4j.rio.ntriples.NTriplesParser.parseSubject(NTriplesParser.java:187)
        org.eclipse.rdf4j.rio.nquads.NQuadsParser.parseStatement(NQuadsParser.java:51)
        org.eclipse.rdf4j.rio.ntriples.NTriplesParser.parse(NTriplesParser.java:119)


--------------------------------------------------------------------------------
Parser: org.semanticweb.owlapi.rio.RioParserImpl : org.semanticweb.owlapi.formats.NTriplesDocumentFormatFactory@937ecd36
    Stack trace:
org.eclipse.rdf4j.rio.RDFParseException: Not a valid (absolute) IRI: ?xml version="1.0" encoding="UTF-8"? [line 1]        org.semanticweb.owlapi.rio.RioParserImpl.parse(RioParserImpl.java:148)
        uk.ac.manchester.cs.owl.owlapi.OWLOntologyFactoryImpl.loadOWLOntology(OWLOntologyFactoryImpl.java:195)
        uk.ac.manchester.cs.owl.owlapi.OWLOntologyManagerImpl.load(OWLOntologyManagerImpl.java:1105)
        uk.ac.manchester.cs.owl.owlapi.OWLOntologyManagerImpl.loadOntology(OWLOntologyManagerImpl.java:1055)
        uk.ac.manchester.cs.owl.owlapi.OWLOntologyManagerImpl.loadOntology(OWLOntologyManagerImpl.java:955)
        uk.ac.manchester.cs.owl.owlapi.OWLOntologyManagerImpl.loadImports(OWLOntologyManagerImpl.java:1663)
        uk.ac.manchester.cs.owl.owlapi.OWLOntologyManagerImpl.makeLoadImportRequest(OWLOntologyManagerImpl.java:1703)
        org.semanticweb.owlapi.rdf.rdfxml.parser.TripleHandlers$TPImportsHandler.handleTriple(TripleHandlers.java:1555)
        org.semanticweb.owlapi.rdf.rdfxml.parser.TripleHandlers$HandlerAccessor.handleStreaming(TripleHandlers.java:369)
        org.semanticweb.owlapi.rdf.rdfxml.parser.OWLRDFConsumer.statementWithResourceValue(OWLRDFConsumer.java:1563)
Not a valid (absolute) IRI: ?xml version="1.0" encoding="UTF-8"? [line 1]        org.eclipse.rdf4j.rio.helpers.RDFParserHelper.reportFatalError(RDFParserHelper.java:380)
        org.eclipse.rdf4j.rio.helpers.AbstractRDFParser.reportFatalError(AbstractRDFParser.java:723)
        org.eclipse.rdf4j.rio.ntriples.NTriplesParser.reportFatalError(NTriplesParser.java:468)
        org.eclipse.rdf4j.rio.helpers.AbstractRDFParser.createURI(AbstractRDFParser.java:360)
        org.eclipse.rdf4j.rio.ntriples.NTriplesParser.createURI(NTriplesParser.java:431)
        org.eclipse.rdf4j.rio.ntriples.NTriplesParser.parseIRI(NTriplesParser.java:260)
        org.eclipse.rdf4j.rio.ntriples.NTriplesParser.parseSubject(NTriplesParser.java:187)
        org.eclipse.rdf4j.rio.ntriples.NTriplesParser.parseStatement(NTriplesParser.java:137)
        org.eclipse.rdf4j.rio.ntriples.NTriplesParser.parse(NTriplesParser.java:119)
        org.semanticweb.owlapi.rio.RioParserImpl.parseDocumentSource(RioParserImpl.java:186)
Not a valid (absolute) IRI: ?xml version="1.0" encoding="UTF-8"?        org.eclipse.rdf4j.model.impl.SimpleIRI.setIRIString(SimpleIRI.java:96)
        org.eclipse.rdf4j.model.impl.SimpleIRI.<init>(SimpleIRI.java:67)
        org.eclipse.rdf4j.model.impl.SimpleValueFactory.createIRI(SimpleValueFactory.java:83)
        org.eclipse.rdf4j.rio.helpers.RDFStarDecodingValueFactory.createIRI(RDFStarDecodingValueFactory.java:46)
        org.eclipse.rdf4j.rio.helpers.AbstractRDFParser.createURI(AbstractRDFParser.java:358)
        org.eclipse.rdf4j.rio.ntriples.NTriplesParser.createURI(NTriplesParser.java:431)
        org.eclipse.rdf4j.rio.ntriples.NTriplesParser.parseIRI(NTriplesParser.java:260)
        org.eclipse.rdf4j.rio.ntriples.NTriplesParser.parseSubject(NTriplesParser.java:187)
        org.eclipse.rdf4j.rio.ntriples.NTriplesParser.parseStatement(NTriplesParser.java:137)
        org.eclipse.rdf4j.rio.ntriples.NTriplesParser.parse(NTriplesParser.java:119)


--------------------------------------------------------------------------------
Parser: org.semanticweb.owlapi.rio.RioParserImpl : org.semanticweb.owlapi.formats.RDFJsonDocumentFormatFactory@cd748dc3
    Stack trace:
org.eclipse.rdf4j.rio.RDFParseException: Found IOException during parsing [line 1, column 2]        org.semanticweb.owlapi.rio.RioParserImpl.parse(RioParserImpl.java:148)
        uk.ac.manchester.cs.owl.owlapi.OWLOntologyFactoryImpl.loadOWLOntology(OWLOntologyFactoryImpl.java:195)
        uk.ac.manchester.cs.owl.owlapi.OWLOntologyManagerImpl.load(OWLOntologyManagerImpl.java:1105)
        uk.ac.manchester.cs.owl.owlapi.OWLOntologyManagerImpl.loadOntology(OWLOntologyManagerImpl.java:1055)
        uk.ac.manchester.cs.owl.owlapi.OWLOntologyManagerImpl.loadOntology(OWLOntologyManagerImpl.java:955)
        uk.ac.manchester.cs.owl.owlapi.OWLOntologyManagerImpl.loadImports(OWLOntologyManagerImpl.java:1663)
        uk.ac.manchester.cs.owl.owlapi.OWLOntologyManagerImpl.makeLoadImportRequest(OWLOntologyManagerImpl.java:1703)
        org.semanticweb.owlapi.rdf.rdfxml.parser.TripleHandlers$TPImportsHandler.handleTriple(TripleHandlers.java:1555)
        org.semanticweb.owlapi.rdf.rdfxml.parser.TripleHandlers$HandlerAccessor.handleStreaming(TripleHandlers.java:369)
        org.semanticweb.owlapi.rdf.rdfxml.parser.OWLRDFConsumer.statementWithResourceValue(OWLRDFConsumer.java:1563)
Found IOException during parsing [line 1, column 2]        org.eclipse.rdf4j.rio.helpers.RDFParserHelper.reportFatalError(RDFParserHelper.java:400)
        org.eclipse.rdf4j.rio.helpers.AbstractRDFParser.reportFatalError(AbstractRDFParser.java:734)
        org.eclipse.rdf4j.rio.rdfjson.RDFJSONParser.reportFatalError(RDFJSONParser.java:138)
        org.eclipse.rdf4j.rio.rdfjson.RDFJSONParser.parse(RDFJSONParser.java:161)
        org.semanticweb.owlapi.rio.RioParserImpl.parseDocumentSource(RioParserImpl.java:186)
        org.semanticweb.owlapi.rio.RioParserImpl.parse(RioParserImpl.java:134)
        uk.ac.manchester.cs.owl.owlapi.OWLOntologyFactoryImpl.loadOWLOntology(OWLOntologyFactoryImpl.java:195)
        uk.ac.manchester.cs.owl.owlapi.OWLOntologyManagerImpl.load(OWLOntologyManagerImpl.java:1105)
        uk.ac.manchester.cs.owl.owlapi.OWLOntologyManagerImpl.loadOntology(OWLOntologyManagerImpl.java:1055)
        uk.ac.manchester.cs.owl.owlapi.OWLOntologyManagerImpl.loadOntology(OWLOntologyManagerImpl.java:955)
Unexpected character ('<' (code 60)): expected a valid value (JSON String, Number, Array, Object or token 'null', 'true' or 'false')
 at [Source: (BufferedReader); line: 1, column: 2]        com.fasterxml.jackson.core.JsonParser._constructError(JsonParser.java:2477)
        com.fasterxml.jackson.core.base.ParserMinimalBase._reportError(ParserMinimalBase.java:750)
        com.fasterxml.jackson.core.base.ParserMinimalBase._reportUnexpectedChar(ParserMinimalBase.java:674)
        com.fasterxml.jackson.core.json.ReaderBasedJsonParser._handleOddValue(ReaderBasedJsonParser.java:2085)
        com.fasterxml.jackson.core.json.ReaderBasedJsonParser.nextToken(ReaderBasedJsonParser.java:808)
        org.eclipse.rdf4j.rio.rdfjson.RDFJSONParser.rdfJsonToHandlerInternal(RDFJSONParser.java:182)
        org.eclipse.rdf4j.rio.rdfjson.RDFJSONParser.parse(RDFJSONParser.java:158)
        org.semanticweb.owlapi.rio.RioParserImpl.parseDocumentSource(RioParserImpl.java:186)
        org.semanticweb.owlapi.rio.RioParserImpl.parse(RioParserImpl.java:134)
        uk.ac.manchester.cs.owl.owlapi.OWLOntologyFactoryImpl.loadOWLOntology(OWLOntologyFactoryImpl.java:195)


--------------------------------------------------------------------------------
Parser: org.semanticweb.owlapi.rio.RioParserImpl : org.semanticweb.owlapi.formats.TrigDocumentFormatFactory@27e81c
    Stack trace:
org.eclipse.rdf4j.rio.RDFParseException: Expected an RDF value here, found '=' [line 5]        org.semanticweb.owlapi.rio.RioParserImpl.parse(RioParserImpl.java:148)
        uk.ac.manchester.cs.owl.owlapi.OWLOntologyFactoryImpl.loadOWLOntology(OWLOntologyFactoryImpl.java:195)
        uk.ac.manchester.cs.owl.owlapi.OWLOntologyManagerImpl.load(OWLOntologyManagerImpl.java:1105)
        uk.ac.manchester.cs.owl.owlapi.OWLOntologyManagerImpl.loadOntology(OWLOntologyManagerImpl.java:1055)
        uk.ac.manchester.cs.owl.owlapi.OWLOntologyManagerImpl.loadOntology(OWLOntologyManagerImpl.java:955)
        uk.ac.manchester.cs.owl.owlapi.OWLOntologyManagerImpl.loadImports(OWLOntologyManagerImpl.java:1663)
        uk.ac.manchester.cs.owl.owlapi.OWLOntologyManagerImpl.makeLoadImportRequest(OWLOntologyManagerImpl.java:1703)
        org.semanticweb.owlapi.rdf.rdfxml.parser.TripleHandlers$TPImportsHandler.handleTriple(TripleHandlers.java:1555)
        org.semanticweb.owlapi.rdf.rdfxml.parser.TripleHandlers$HandlerAccessor.handleStreaming(TripleHandlers.java:369)
        org.semanticweb.owlapi.rdf.rdfxml.parser.OWLRDFConsumer.statementWithResourceValue(OWLRDFConsumer.java:1563)
Expected an RDF value here, found '=' [line 5]        org.eclipse.rdf4j.rio.helpers.RDFParserHelper.reportFatalError(RDFParserHelper.java:347)
        org.eclipse.rdf4j.rio.helpers.AbstractRDFParser.reportFatalError(AbstractRDFParser.java:698)
        org.eclipse.rdf4j.rio.turtle.TurtleParser.reportFatalError(TurtleParser.java:1309)
        org.eclipse.rdf4j.rio.turtle.TurtleParser.parseValue(TurtleParser.java:588)
        org.eclipse.rdf4j.rio.turtle.TurtleParser.parseObject(TurtleParser.java:453)
        org.eclipse.rdf4j.rio.turtle.TurtleParser.parseObjectList(TurtleParser.java:375)
        org.eclipse.rdf4j.rio.turtle.TurtleParser.parsePredicateObjectList(TurtleParser.java:348)
        org.eclipse.rdf4j.rio.trig.TriGParser.parseGraph(TriGParser.java:192)
        org.eclipse.rdf4j.rio.trig.TriGParser.parseStatement(TriGParser.java:115)
        org.eclipse.rdf4j.rio.turtle.TurtleParser.parse(TurtleParser.java:165)


--------------------------------------------------------------------------------
Parser: org.semanticweb.owlapi.rio.RioParserImpl : org.semanticweb.owlapi.formats.RDFJsonLDDocumentFormatFactory@dcacc47d
    Stack trace:
org.eclipse.rdf4j.rio.RDFParseException: Could not parse JSONLD        org.semanticweb.owlapi.rio.RioParserImpl.parse(RioParserImpl.java:148)
        uk.ac.manchester.cs.owl.owlapi.OWLOntologyFactoryImpl.loadOWLOntology(OWLOntologyFactoryImpl.java:195)
        uk.ac.manchester.cs.owl.owlapi.OWLOntologyManagerImpl.load(OWLOntologyManagerImpl.java:1105)
        uk.ac.manchester.cs.owl.owlapi.OWLOntologyManagerImpl.loadOntology(OWLOntologyManagerImpl.java:1055)
        uk.ac.manchester.cs.owl.owlapi.OWLOntologyManagerImpl.loadOntology(OWLOntologyManagerImpl.java:955)
        uk.ac.manchester.cs.owl.owlapi.OWLOntologyManagerImpl.loadImports(OWLOntologyManagerImpl.java:1663)
        uk.ac.manchester.cs.owl.owlapi.OWLOntologyManagerImpl.makeLoadImportRequest(OWLOntologyManagerImpl.java:1703)
        org.semanticweb.owlapi.rdf.rdfxml.parser.TripleHandlers$TPImportsHandler.handleTriple(TripleHandlers.java:1555)
        org.semanticweb.owlapi.rdf.rdfxml.parser.TripleHandlers$HandlerAccessor.handleStreaming(TripleHandlers.java:369)
        org.semanticweb.owlapi.rdf.rdfxml.parser.OWLRDFConsumer.statementWithResourceValue(OWLRDFConsumer.java:1563)
Could not parse JSONLD        org.eclipse.rdf4j.rio.jsonld.JSONLDParser.parse(JSONLDParser.java:261)
        org.eclipse.rdf4j.rio.jsonld.JSONLDParser.parse(JSONLDParser.java:112)
        org.semanticweb.owlapi.rio.RioParserImpl.parseDocumentSource(RioParserImpl.java:186)
        org.semanticweb.owlapi.rio.RioParserImpl.parse(RioParserImpl.java:134)
        uk.ac.manchester.cs.owl.owlapi.OWLOntologyFactoryImpl.loadOWLOntology(OWLOntologyFactoryImpl.java:195)
        uk.ac.manchester.cs.owl.owlapi.OWLOntologyManagerImpl.load(OWLOntologyManagerImpl.java:1105)
        uk.ac.manchester.cs.owl.owlapi.OWLOntologyManagerImpl.loadOntology(OWLOntologyManagerImpl.java:1055)
        uk.ac.manchester.cs.owl.owlapi.OWLOntologyManagerImpl.loadOntology(OWLOntologyManagerImpl.java:955)
        uk.ac.manchester.cs.owl.owlapi.OWLOntologyManagerImpl.loadImports(OWLOntologyManagerImpl.java:1663)
        uk.ac.manchester.cs.owl.owlapi.OWLOntologyManagerImpl.makeLoadImportRequest(OWLOntologyManagerImpl.java:1703)
The document could not be loaded or parsed [code=LOADING_DOCUMENT_FAILED].        no.hasmac.jsonld.document.JsonDocument.of(JsonDocument.java:154)
        no.hasmac.jsonld.document.JsonDocument.of(JsonDocument.java:129)
        org.eclipse.rdf4j.rio.jsonld.JSONLDParser.getDocument(JSONLDParser.java:285)
        org.eclipse.rdf4j.rio.jsonld.JSONLDParser.parse(JSONLDParser.java:134)
        org.eclipse.rdf4j.rio.jsonld.JSONLDParser.parse(JSONLDParser.java:112)
        org.semanticweb.owlapi.rio.RioParserImpl.parseDocumentSource(RioParserImpl.java:186)
        org.semanticweb.owlapi.rio.RioParserImpl.parse(RioParserImpl.java:134)
        uk.ac.manchester.cs.owl.owlapi.OWLOntologyFactoryImpl.loadOWLOntology(OWLOntologyFactoryImpl.java:195)
        uk.ac.manchester.cs.owl.owlapi.OWLOntologyManagerImpl.load(OWLOntologyManagerImpl.java:1105)
        uk.ac.manchester.cs.owl.owlapi.OWLOntologyManagerImpl.loadOntology(OWLOntologyManagerImpl.java:1055)
Unexpected char 60 at (line no=1, column no=1, offset=0)        org.glassfish.json.JsonTokenizer.unexpectedChar(JsonTokenizer.java:577)
        org.glassfish.json.JsonTokenizer.nextToken(JsonTokenizer.java:394)
        org.glassfish.json.JsonParserImpl$NoneContext.getNextEvent(JsonParserImpl.java:419)
        org.glassfish.json.JsonParserImpl.next(JsonParserImpl.java:369)
        no.hasmac.jsonld.document.JsonDocument.doParse(JsonDocument.java:164)
        no.hasmac.jsonld.document.JsonDocument.of(JsonDocument.java:151)
        no.hasmac.jsonld.document.JsonDocument.of(JsonDocument.java:129)
        org.eclipse.rdf4j.rio.jsonld.JSONLDParser.getDocument(JSONLDParser.java:285)
        org.eclipse.rdf4j.rio.jsonld.JSONLDParser.parse(JSONLDParser.java:134)
        org.eclipse.rdf4j.rio.jsonld.JSONLDParser.parse(JSONLDParser.java:112)


--------------------------------------------------------------------------------
Parser: org.semanticweb.owlapi.rio.RioParserImpl : org.semanticweb.owlapi.formats.N3DocumentFormatFactory@9a5
    Stack trace:
org.eclipse.rdf4j.rio.RDFParseException: Expected '.', found '<' [line 5]        org.semanticweb.owlapi.rio.RioParserImpl.parse(RioParserImpl.java:148)
        uk.ac.manchester.cs.owl.owlapi.OWLOntologyFactoryImpl.loadOWLOntology(OWLOntologyFactoryImpl.java:195)
        uk.ac.manchester.cs.owl.owlapi.OWLOntologyManagerImpl.load(OWLOntologyManagerImpl.java:1105)
        uk.ac.manchester.cs.owl.owlapi.OWLOntologyManagerImpl.loadOntology(OWLOntologyManagerImpl.java:1055)
        uk.ac.manchester.cs.owl.owlapi.OWLOntologyManagerImpl.loadOntology(OWLOntologyManagerImpl.java:955)
        uk.ac.manchester.cs.owl.owlapi.OWLOntologyManagerImpl.loadImports(OWLOntologyManagerImpl.java:1663)
        uk.ac.manchester.cs.owl.owlapi.OWLOntologyManagerImpl.makeLoadImportRequest(OWLOntologyManagerImpl.java:1703)
        org.semanticweb.owlapi.rdf.rdfxml.parser.TripleHandlers$TPImportsHandler.handleTriple(TripleHandlers.java:1555)
        org.semanticweb.owlapi.rdf.rdfxml.parser.TripleHandlers$HandlerAccessor.handleStreaming(TripleHandlers.java:369)
        org.semanticweb.owlapi.rdf.rdfxml.parser.OWLRDFConsumer.statementWithResourceValue(OWLRDFConsumer.java:1563)
Expected '.', found '<' [line 5]        org.eclipse.rdf4j.rio.helpers.RDFParserHelper.reportFatalError(RDFParserHelper.java:347)
        org.eclipse.rdf4j.rio.helpers.AbstractRDFParser.reportFatalError(AbstractRDFParser.java:698)
        org.eclipse.rdf4j.rio.turtle.TurtleParser.reportFatalError(TurtleParser.java:1309)
        org.eclipse.rdf4j.rio.turtle.TurtleParser.verifyCharacterOrFail(TurtleParser.java:1154)
        org.eclipse.rdf4j.rio.turtle.TurtleParser.parseStatement(TurtleParser.java:205)
        org.eclipse.rdf4j.rio.turtle.TurtleParser.parse(TurtleParser.java:165)
        org.semanticweb.owlapi.rio.RioParserImpl.parseDocumentSource(RioParserImpl.java:186)
        org.semanticweb.owlapi.rio.RioParserImpl.parse(RioParserImpl.java:134)
        uk.ac.manchester.cs.owl.owlapi.OWLOntologyFactoryImpl.loadOWLOntology(OWLOntologyFactoryImpl.java:195)
        uk.ac.manchester.cs.owl.owlapi.OWLOntologyManagerImpl.load(OWLOntologyManagerImpl.java:1105)


--------------------------------------------------------------------------------
Parser: org.semanticweb.owlapi.rio.RioParserImpl : org.semanticweb.owlapi.formats.RioRDFXMLDocumentFormatFactory@69b9a3bc
    Stack trace:
org.eclipse.rdf4j.rio.RDFParseException: ע���в����������ַ��� "--"�� [line 38, column 12]        org.semanticweb.owlapi.rio.RioParserImpl.parse(RioParserImpl.java:148)
        uk.ac.manchester.cs.owl.owlapi.OWLOntologyFactoryImpl.loadOWLOntology(OWLOntologyFactoryImpl.java:195)
        uk.ac.manchester.cs.owl.owlapi.OWLOntologyManagerImpl.load(OWLOntologyManagerImpl.java:1105)
        uk.ac.manchester.cs.owl.owlapi.OWLOntologyManagerImpl.loadOntology(OWLOntologyManagerImpl.java:1055)
        uk.ac.manchester.cs.owl.owlapi.OWLOntologyManagerImpl.loadOntology(OWLOntologyManagerImpl.java:955)
        uk.ac.manchester.cs.owl.owlapi.OWLOntologyManagerImpl.loadImports(OWLOntologyManagerImpl.java:1663)
        uk.ac.manchester.cs.owl.owlapi.OWLOntologyManagerImpl.makeLoadImportRequest(OWLOntologyManagerImpl.java:1703)
        org.semanticweb.owlapi.rdf.rdfxml.parser.TripleHandlers$TPImportsHandler.handleTriple(TripleHandlers.java:1555)
        org.semanticweb.owlapi.rdf.rdfxml.parser.TripleHandlers$HandlerAccessor.handleStreaming(TripleHandlers.java:369)
        org.semanticweb.owlapi.rdf.rdfxml.parser.OWLRDFConsumer.statementWithResourceValue(OWLRDFConsumer.java:1563)
ע���в����������ַ��� "--"�� [line 38, column 12]        org.eclipse.rdf4j.rio.helpers.RDFParserHelper.reportFatalError(RDFParserHelper.java:380)
        org.eclipse.rdf4j.rio.helpers.AbstractRDFParser.reportFatalError(AbstractRDFParser.java:723)
        org.eclipse.rdf4j.rio.rdfxml.RDFXMLParser.reportFatalError(RDFXMLParser.java:1022)
        org.eclipse.rdf4j.rio.rdfxml.RDFXMLParser.fatalError(RDFXMLParser.java:1159)
        java.xml/com.sun.org.apache.xerces.internal.util.ErrorHandlerWrapper.fatalError(ErrorHandlerWrapper.java:181)
        java.xml/com.sun.org.apache.xerces.internal.impl.XMLErrorReporter.reportError(XMLErrorReporter.java:400)
        java.xml/com.sun.org.apache.xerces.internal.impl.XMLErrorReporter.reportError(XMLErrorReporter.java:327)
        java.xml/com.sun.org.apache.xerces.internal.impl.XMLScanner.reportFatalError(XMLScanner.java:1465)
        java.xml/com.sun.org.apache.xerces.internal.impl.XMLScanner.scanComment(XMLScanner.java:818)
        java.xml/com.sun.org.apache.xerces.internal.impl.XMLDocumentFragmentScannerImpl.scanComment(XMLDocumentFragmentScannerImpl.java:1088)
ע���в����������ַ��� "--"��        java.xml/com.sun.org.apache.xerces.internal.util.ErrorHandlerWrapper.createSAXParseException(ErrorHandlerWrapper.java:204)
        java.xml/com.sun.org.apache.xerces.internal.util.ErrorHandlerWrapper.fatalError(ErrorHandlerWrapper.java:178)
        java.xml/com.sun.org.apache.xerces.internal.impl.XMLErrorReporter.reportError(XMLErrorReporter.java:400)
        java.xml/com.sun.org.apache.xerces.internal.impl.XMLErrorReporter.reportError(XMLErrorReporter.java:327)
        java.xml/com.sun.org.apache.xerces.internal.impl.XMLScanner.reportFatalError(XMLScanner.java:1465)
        java.xml/com.sun.org.apache.xerces.internal.impl.XMLScanner.scanComment(XMLScanner.java:818)
        java.xml/com.sun.org.apache.xerces.internal.impl.XMLDocumentFragmentScannerImpl.scanComment(XMLDocumentFragmentScannerImpl.java:1088)
        java.xml/com.sun.org.apache.xerces.internal.impl.XMLDocumentFragmentScannerImpl$FragmentContentDriver.next(XMLDocumentFragmentScannerImpl.java:2924)
        java.xml/com.sun.org.apache.xerces.internal.impl.XMLDocumentScannerImpl.next(XMLDocumentScannerImpl.java:635)
        java.xml/com.sun.org.apache.xerces.internal.impl.XMLNSDocumentScannerImpl.next(XMLNSDocumentScannerImpl.java:113)


--------------------------------------------------------------------------------
Parser: org.semanticweb.owlapi.rdf.turtle.parser.TurtleOntologyParser@7c0a6f62
    Stack trace:
org.semanticweb.owlapi.rdf.turtle.parser.ParseException: Encountered unexpected token: "<" <ERROR>
    at line 1, column 1.

Was expecting one of:

    "("
    "@base"
    "@prefix"
    "["
    <EMPTY_BLANK_NODE>
    <FULLIRI>
    <NODEID>
    <PNAME_LN>
    <PNAME_NS>
        org.semanticweb.owlapi.rdf.turtle.parser.TurtleOntologyParser.parse(TurtleOntologyParser.java:58)
        uk.ac.manchester.cs.owl.owlapi.OWLOntologyFactoryImpl.loadOWLOntology(OWLOntologyFactoryImpl.java:195)
        uk.ac.manchester.cs.owl.owlapi.OWLOntologyManagerImpl.load(OWLOntologyManagerImpl.java:1105)
        uk.ac.manchester.cs.owl.owlapi.OWLOntologyManagerImpl.loadOntology(OWLOntologyManagerImpl.java:1055)
        uk.ac.manchester.cs.owl.owlapi.OWLOntologyManagerImpl.loadOntology(OWLOntologyManagerImpl.java:955)
        uk.ac.manchester.cs.owl.owlapi.OWLOntologyManagerImpl.loadImports(OWLOntologyManagerImpl.java:1663)
        uk.ac.manchester.cs.owl.owlapi.OWLOntologyManagerImpl.makeLoadImportRequest(OWLOntologyManagerImpl.java:1703)
        org.semanticweb.owlapi.rdf.rdfxml.parser.TripleHandlers$TPImportsHandler.handleTriple(TripleHandlers.java:1555)
        org.semanticweb.owlapi.rdf.rdfxml.parser.TripleHandlers$HandlerAccessor.handleStreaming(TripleHandlers.java:369)
        org.semanticweb.owlapi.rdf.rdfxml.parser.OWLRDFConsumer.statementWithResourceValue(OWLRDFConsumer.java:1563)
Encountered unexpected token: "<" <ERROR>
    at line 1, column 1.

Was expecting one of:

    "("
    "@base"
    "@prefix"
    "["
    <EMPTY_BLANK_NODE>
    <FULLIRI>
    <NODEID>
    <PNAME_LN>
    <PNAME_NS>
        org.semanticweb.owlapi.rdf.turtle.parser.TurtleParser.generateParseException(TurtleParser.java:1034)
        org.semanticweb.owlapi.rdf.turtle.parser.TurtleParser.jj_consume_token(TurtleParser.java:902)
        org.semanticweb.owlapi.rdf.turtle.parser.TurtleParser.parseDocument(TurtleParser.java:165)
        org.semanticweb.owlapi.rdf.turtle.parser.TurtleOntologyParser.parse(TurtleOntologyParser.java:54)
        uk.ac.manchester.cs.owl.owlapi.OWLOntologyFactoryImpl.loadOWLOntology(OWLOntologyFactoryImpl.java:195)
        uk.ac.manchester.cs.owl.owlapi.OWLOntologyManagerImpl.load(OWLOntologyManagerImpl.java:1105)
        uk.ac.manchester.cs.owl.owlapi.OWLOntologyManagerImpl.loadOntology(OWLOntologyManagerImpl.java:1055)
        uk.ac.manchester.cs.owl.owlapi.OWLOntologyManagerImpl.loadOntology(OWLOntologyManagerImpl.java:955)
        uk.ac.manchester.cs.owl.owlapi.OWLOntologyManagerImpl.loadImports(OWLOntologyManagerImpl.java:1663)
        uk.ac.manchester.cs.owl.owlapi.OWLOntologyManagerImpl.makeLoadImportRequest(OWLOntologyManagerImpl.java:1703)


--------------------------------------------------------------------------------
Parser: org.semanticweb.owlapi.oboformat.OBOFormatOWLAPIParser@6b170692
    Stack trace:
LINENO: 1 - Could not find tag separator ':' in line.
LINE: <?xml version="1.0" encoding="UTF-8"?>        org.semanticweb.owlapi.oboformat.OBOFormatOWLAPIParser.parse(OBOFormatOWLAPIParser.java:50)
        uk.ac.manchester.cs.owl.owlapi.OWLOntologyFactoryImpl.loadOWLOntology(OWLOntologyFactoryImpl.java:195)
        uk.ac.manchester.cs.owl.owlapi.OWLOntologyManagerImpl.load(OWLOntologyManagerImpl.java:1105)
        uk.ac.manchester.cs.owl.owlapi.OWLOntologyManagerImpl.loadOntology(OWLOntologyManagerImpl.java:1055)
        uk.ac.manchester.cs.owl.owlapi.OWLOntologyManagerImpl.loadOntology(OWLOntologyManagerImpl.java:955)
        uk.ac.manchester.cs.owl.owlapi.OWLOntologyManagerImpl.loadImports(OWLOntologyManagerImpl.java:1663)
        uk.ac.manchester.cs.owl.owlapi.OWLOntologyManagerImpl.makeLoadImportRequest(OWLOntologyManagerImpl.java:1703)
        org.semanticweb.owlapi.rdf.rdfxml.parser.TripleHandlers$TPImportsHandler.handleTriple(TripleHandlers.java:1555)
        org.semanticweb.owlapi.rdf.rdfxml.parser.TripleHandlers$HandlerAccessor.handleStreaming(TripleHandlers.java:369)
        org.semanticweb.owlapi.rdf.rdfxml.parser.OWLRDFConsumer.statementWithResourceValue(OWLRDFConsumer.java:1563)
LINENO: 1 - Could not find tag separator ':' in line.
LINE: <?xml version="1.0" encoding="UTF-8"?>        org.obolibrary.oboformat.parser.OBOFormatParser.error(OBOFormatParser.java:1317)
        org.obolibrary.oboformat.parser.OBOFormatParser.getParseTag(OBOFormatParser.java:731)
        org.obolibrary.oboformat.parser.OBOFormatParser.parseHeaderClause(OBOFormatParser.java:409)
        org.obolibrary.oboformat.parser.OBOFormatParser.parseHeaderClauseNl(OBOFormatParser.java:402)
        org.obolibrary.oboformat.parser.OBOFormatParser.parseHeaderFrame(OBOFormatParser.java:385)
        org.obolibrary.oboformat.parser.OBOFormatParser.parseOBODoc(OBOFormatParser.java:268)
        org.obolibrary.oboformat.parser.OBOFormatParser.parse(OBOFormatParser.java:237)
        org.semanticweb.owlapi.oboformat.OBOFormatOWLAPIParser.parse(OBOFormatOWLAPIParser.java:44)
        uk.ac.manchester.cs.owl.owlapi.OWLOntologyFactoryImpl.loadOWLOntology(OWLOntologyFactoryImpl.java:195)
        uk.ac.manchester.cs.owl.owlapi.OWLOntologyManagerImpl.load(OWLOntologyManagerImpl.java:1105)


--------------------------------------------------------------------------------
Parser: org.semanticweb.owlapi.dlsyntax.parser.DLSyntaxOWLParser@4603c412
    Stack trace:
Encountered unexpected token: "<" <MAX>
    at line 1, column 1.

Was expecting one of:

    ":"
    "\n"
        org.semanticweb.owlapi.dlsyntax.parser.DLSyntaxOWLParser.parse(DLSyntaxOWLParser.java:52)
        uk.ac.manchester.cs.owl.owlapi.OWLOntologyFactoryImpl.loadOWLOntology(OWLOntologyFactoryImpl.java:195)
        uk.ac.manchester.cs.owl.owlapi.OWLOntologyManagerImpl.load(OWLOntologyManagerImpl.java:1105)
        uk.ac.manchester.cs.owl.owlapi.OWLOntologyManagerImpl.loadOntology(OWLOntologyManagerImpl.java:1055)
        uk.ac.manchester.cs.owl.owlapi.OWLOntologyManagerImpl.loadOntology(OWLOntologyManagerImpl.java:955)
        uk.ac.manchester.cs.owl.owlapi.OWLOntologyManagerImpl.loadImports(OWLOntologyManagerImpl.java:1663)
        uk.ac.manchester.cs.owl.owlapi.OWLOntologyManagerImpl.makeLoadImportRequest(OWLOntologyManagerImpl.java:1703)
        org.semanticweb.owlapi.rdf.rdfxml.parser.TripleHandlers$TPImportsHandler.handleTriple(TripleHandlers.java:1555)
        org.semanticweb.owlapi.rdf.rdfxml.parser.TripleHandlers$HandlerAccessor.handleStreaming(TripleHandlers.java:369)
        org.semanticweb.owlapi.rdf.rdfxml.parser.OWLRDFConsumer.statementWithResourceValue(OWLRDFConsumer.java:1563)
Encountered unexpected token: "<" <MAX>
    at line 1, column 1.

Was expecting one of:

    ":"
    "\n"
        org.semanticweb.owlapi.dlsyntax.parser.DLSyntaxParser.generateParseException(DLSyntaxParser.java:1572)
        org.semanticweb.owlapi.dlsyntax.parser.DLSyntaxParser.jj_consume_token(DLSyntaxParser.java:1443)
        org.semanticweb.owlapi.dlsyntax.parser.DLSyntaxParser.parseAxiom(DLSyntaxParser.java:141)
        org.semanticweb.owlapi.dlsyntax.parser.DLSyntaxParser.parseAxioms(DLSyntaxParser.java:114)
        org.semanticweb.owlapi.dlsyntax.parser.DLSyntaxOWLParser.parse(DLSyntaxOWLParser.java:48)
        uk.ac.manchester.cs.owl.owlapi.OWLOntologyFactoryImpl.loadOWLOntology(OWLOntologyFactoryImpl.java:195)
        uk.ac.manchester.cs.owl.owlapi.OWLOntologyManagerImpl.load(OWLOntologyManagerImpl.java:1105)
        uk.ac.manchester.cs.owl.owlapi.OWLOntologyManagerImpl.loadOntology(OWLOntologyManagerImpl.java:1055)
        uk.ac.manchester.cs.owl.owlapi.OWLOntologyManagerImpl.loadOntology(OWLOntologyManagerImpl.java:955)
        uk.ac.manchester.cs.owl.owlapi.OWLOntologyManagerImpl.loadImports(OWLOntologyManagerImpl.java:1663)


--------------------------------------------------------------------------------
Parser: org.semanticweb.owlapi.rio.RioParserImpl : org.semanticweb.owlapi.formats.BinaryRDFDocumentFormatFactory@3bf24493
    Stack trace:
org.eclipse.rdf4j.rio.RDFParseException: File does not contain a binary RDF document        org.semanticweb.owlapi.rio.RioParserImpl.parse(RioParserImpl.java:148)
        uk.ac.manchester.cs.owl.owlapi.OWLOntologyFactoryImpl.loadOWLOntology(OWLOntologyFactoryImpl.java:195)
        uk.ac.manchester.cs.owl.owlapi.OWLOntologyManagerImpl.load(OWLOntologyManagerImpl.java:1105)
        uk.ac.manchester.cs.owl.owlapi.OWLOntologyManagerImpl.loadOntology(OWLOntologyManagerImpl.java:1055)
        uk.ac.manchester.cs.owl.owlapi.OWLOntologyManagerImpl.loadOntology(OWLOntologyManagerImpl.java:955)
        uk.ac.manchester.cs.owl.owlapi.OWLOntologyManagerImpl.loadImports(OWLOntologyManagerImpl.java:1663)
        uk.ac.manchester.cs.owl.owlapi.OWLOntologyManagerImpl.makeLoadImportRequest(OWLOntologyManagerImpl.java:1703)
        org.semanticweb.owlapi.rdf.rdfxml.parser.TripleHandlers$TPImportsHandler.handleTriple(TripleHandlers.java:1555)
        org.semanticweb.owlapi.rdf.rdfxml.parser.TripleHandlers$HandlerAccessor.handleStreaming(TripleHandlers.java:369)
        org.semanticweb.owlapi.rdf.rdfxml.parser.OWLRDFConsumer.statementWithResourceValue(OWLRDFConsumer.java:1563)
File does not contain a binary RDF document        org.eclipse.rdf4j.rio.helpers.RDFParserHelper.reportFatalError(RDFParserHelper.java:347)
        org.eclipse.rdf4j.rio.helpers.RDFParserHelper.reportFatalError(RDFParserHelper.java:334)
        org.eclipse.rdf4j.rio.helpers.AbstractRDFParser.reportFatalError(AbstractRDFParser.java:690)
        org.eclipse.rdf4j.rio.binary.BinaryRDFParser.parse(BinaryRDFParser.java:92)
        org.semanticweb.owlapi.rio.RioParserImpl.parseDocumentSource(RioParserImpl.java:198)
        org.semanticweb.owlapi.rio.RioParserImpl.parse(RioParserImpl.java:134)
        uk.ac.manchester.cs.owl.owlapi.OWLOntologyFactoryImpl.loadOWLOntology(OWLOntologyFactoryImpl.java:195)
        uk.ac.manchester.cs.owl.owlapi.OWLOntologyManagerImpl.load(OWLOntologyManagerImpl.java:1105)
        uk.ac.manchester.cs.owl.owlapi.OWLOntologyManagerImpl.loadOntology(OWLOntologyManagerImpl.java:1055)
        uk.ac.manchester.cs.owl.owlapi.OWLOntologyManagerImpl.loadOntology(OWLOntologyManagerImpl.java:955)


--------------------------------------------------------------------------------
Parser: org.semanticweb.owlapi.krss2.parser.KRSS2OWLParser@341df373
    Stack trace:
org.semanticweb.owlapi.krss2.parser.ParseException: Encountered unexpected token: "<?xml version=\"1.0\" encoding=\"UTF-8\"?>" ">"
    at line 1, column 1.

Was expecting:

    <EOF>
        org.semanticweb.owlapi.krss2.parser.KRSS2OWLParser.parse(KRSS2OWLParser.java:252)
        uk.ac.manchester.cs.owl.owlapi.OWLOntologyFactoryImpl.loadOWLOntology(OWLOntologyFactoryImpl.java:195)
        uk.ac.manchester.cs.owl.owlapi.OWLOntologyManagerImpl.load(OWLOntologyManagerImpl.java:1105)
        uk.ac.manchester.cs.owl.owlapi.OWLOntologyManagerImpl.loadOntology(OWLOntologyManagerImpl.java:1055)
        uk.ac.manchester.cs.owl.owlapi.OWLOntologyManagerImpl.loadOntology(OWLOntologyManagerImpl.java:955)
        uk.ac.manchester.cs.owl.owlapi.OWLOntologyManagerImpl.loadImports(OWLOntologyManagerImpl.java:1663)
        uk.ac.manchester.cs.owl.owlapi.OWLOntologyManagerImpl.makeLoadImportRequest(OWLOntologyManagerImpl.java:1703)
        org.semanticweb.owlapi.rdf.rdfxml.parser.TripleHandlers$TPImportsHandler.handleTriple(TripleHandlers.java:1555)
        org.semanticweb.owlapi.rdf.rdfxml.parser.TripleHandlers$HandlerAccessor.handleStreaming(TripleHandlers.java:369)
        org.semanticweb.owlapi.rdf.rdfxml.parser.OWLRDFConsumer.statementWithResourceValue(OWLRDFConsumer.java:1563)
Encountered unexpected token: "<?xml version=\"1.0\" encoding=\"UTF-8\"?>" ">"
    at line 1, column 1.

Was expecting:

    <EOF>
        org.semanticweb.owlapi.krss2.parser.KRSS2Parser.generateParseException(KRSS2Parser.java:2103)
        org.semanticweb.owlapi.krss2.parser.KRSS2Parser.jj_consume_token(KRSS2Parser.java:1968)
        org.semanticweb.owlapi.krss2.parser.KRSS2Parser.parse(KRSS2Parser.java:124)
        org.semanticweb.owlapi.krss2.parser.KRSS2OWLParser.parse(KRSS2OWLParser.java:249)
        uk.ac.manchester.cs.owl.owlapi.OWLOntologyFactoryImpl.loadOWLOntology(OWLOntologyFactoryImpl.java:195)
        uk.ac.manchester.cs.owl.owlapi.OWLOntologyManagerImpl.load(OWLOntologyManagerImpl.java:1105)
        uk.ac.manchester.cs.owl.owlapi.OWLOntologyManagerImpl.loadOntology(OWLOntologyManagerImpl.java:1055)
        uk.ac.manchester.cs.owl.owlapi.OWLOntologyManagerImpl.loadOntology(OWLOntologyManagerImpl.java:955)
        uk.ac.manchester.cs.owl.owlapi.OWLOntologyManagerImpl.loadImports(OWLOntologyManagerImpl.java:1663)
        uk.ac.manchester.cs.owl.owlapi.OWLOntologyManagerImpl.makeLoadImportRequest(OWLOntologyManagerImpl.java:1703)


--------------------------------------------------------------------------------
Parser: org.semanticweb.owlapi.rio.RioParserImpl : org.semanticweb.owlapi.formats.HDTRDFDocumentFormatFactory@116d8
    Stack trace:
org.eclipse.rdf4j.rio.RDFParseException: $HDT marker not found [line 4]        org.semanticweb.owlapi.rio.RioParserImpl.parse(RioParserImpl.java:148)
        uk.ac.manchester.cs.owl.owlapi.OWLOntologyFactoryImpl.loadOWLOntology(OWLOntologyFactoryImpl.java:195)
        uk.ac.manchester.cs.owl.owlapi.OWLOntologyManagerImpl.load(OWLOntologyManagerImpl.java:1105)
        uk.ac.manchester.cs.owl.owlapi.OWLOntologyManagerImpl.loadOntology(OWLOntologyManagerImpl.java:1055)
        uk.ac.manchester.cs.owl.owlapi.OWLOntologyManagerImpl.loadOntology(OWLOntologyManagerImpl.java:955)
        uk.ac.manchester.cs.owl.owlapi.OWLOntologyManagerImpl.loadImports(OWLOntologyManagerImpl.java:1663)
        uk.ac.manchester.cs.owl.owlapi.OWLOntologyManagerImpl.makeLoadImportRequest(OWLOntologyManagerImpl.java:1703)
        org.semanticweb.owlapi.rdf.rdfxml.parser.TripleHandlers$TPImportsHandler.handleTriple(TripleHandlers.java:1555)
        org.semanticweb.owlapi.rdf.rdfxml.parser.TripleHandlers$HandlerAccessor.handleStreaming(TripleHandlers.java:369)
        org.semanticweb.owlapi.rdf.rdfxml.parser.OWLRDFConsumer.statementWithResourceValue(OWLRDFConsumer.java:1563)
$HDT marker not found [line 4]        org.eclipse.rdf4j.rio.helpers.RDFParserHelper.reportFatalError(RDFParserHelper.java:347)
        org.eclipse.rdf4j.rio.helpers.AbstractRDFParser.reportFatalError(AbstractRDFParser.java:698)
        org.eclipse.rdf4j.rio.hdt.HDTParser.parse(HDTParser.java:156)
        org.semanticweb.owlapi.rio.RioParserImpl.parseDocumentSource(RioParserImpl.java:198)
        org.semanticweb.owlapi.rio.RioParserImpl.parse(RioParserImpl.java:134)
        uk.ac.manchester.cs.owl.owlapi.OWLOntologyFactoryImpl.loadOWLOntology(OWLOntologyFactoryImpl.java:195)
        uk.ac.manchester.cs.owl.owlapi.OWLOntologyManagerImpl.load(OWLOntologyManagerImpl.java:1105)
        uk.ac.manchester.cs.owl.owlapi.OWLOntologyManagerImpl.loadOntology(OWLOntologyManagerImpl.java:1055)
        uk.ac.manchester.cs.owl.owlapi.OWLOntologyManagerImpl.loadOntology(OWLOntologyManagerImpl.java:955)
        uk.ac.manchester.cs.owl.owlapi.OWLOntologyManagerImpl.loadImports(OWLOntologyManagerImpl.java:1663)


--------------------------------------------------------------------------------
Parser: org.semanticweb.owlapi.rio.RioParserImpl : org.semanticweb.owlapi.formats.RDFaDocumentFormatFactory@264e8d
    Stack trace:
org.eclipse.rdf4j.rio.UnsupportedRDFormatException: Did not recognise RDF format object RDFa (mimeTypes=application/xhtml+xml, application/html, text/html; ext=xhtml, html)        org.semanticweb.owlapi.rio.RioParserImpl.parse(RioParserImpl.java:148)
        uk.ac.manchester.cs.owl.owlapi.OWLOntologyFactoryImpl.loadOWLOntology(OWLOntologyFactoryImpl.java:195)
        uk.ac.manchester.cs.owl.owlapi.OWLOntologyManagerImpl.load(OWLOntologyManagerImpl.java:1105)
        uk.ac.manchester.cs.owl.owlapi.OWLOntologyManagerImpl.loadOntology(OWLOntologyManagerImpl.java:1055)
        uk.ac.manchester.cs.owl.owlapi.OWLOntologyManagerImpl.loadOntology(OWLOntologyManagerImpl.java:955)
        uk.ac.manchester.cs.owl.owlapi.OWLOntologyManagerImpl.loadImports(OWLOntologyManagerImpl.java:1663)
        uk.ac.manchester.cs.owl.owlapi.OWLOntologyManagerImpl.makeLoadImportRequest(OWLOntologyManagerImpl.java:1703)
        org.semanticweb.owlapi.rdf.rdfxml.parser.TripleHandlers$TPImportsHandler.handleTriple(TripleHandlers.java:1555)
        org.semanticweb.owlapi.rdf.rdfxml.parser.TripleHandlers$HandlerAccessor.handleStreaming(TripleHandlers.java:369)
        org.semanticweb.owlapi.rdf.rdfxml.parser.OWLRDFConsumer.statementWithResourceValue(OWLRDFConsumer.java:1563)
Did not recognise RDF format object RDFa (mimeTypes=application/xhtml+xml, application/html, text/html; ext=xhtml, html)        org.eclipse.rdf4j.rio.Rio.lambda$unsupportedFormat$0(Rio.java:761)
        java.base/java.util.Optional.orElseThrow(Optional.java:407)
        org.eclipse.rdf4j.rio.Rio.createParser(Rio.java:99)
        org.semanticweb.owlapi.rio.RioParserImpl.parseDocumentSource(RioParserImpl.java:173)
        org.semanticweb.owlapi.rio.RioParserImpl.parse(RioParserImpl.java:134)
        uk.ac.manchester.cs.owl.owlapi.OWLOntologyFactoryImpl.loadOWLOntology(OWLOntologyFactoryImpl.java:195)
        uk.ac.manchester.cs.owl.owlapi.OWLOntologyManagerImpl.load(OWLOntologyManagerImpl.java:1105)
        uk.ac.manchester.cs.owl.owlapi.OWLOntologyManagerImpl.loadOntology(OWLOntologyManagerImpl.java:1055)
        uk.ac.manchester.cs.owl.owlapi.OWLOntologyManagerImpl.loadOntology(OWLOntologyManagerImpl.java:955)
        uk.ac.manchester.cs.owl.owlapi.OWLOntologyManagerImpl.loadImports(OWLOntologyManagerImpl.java:1663)



	at it.unibz.inf.ontop.rdf4j.repository.impl.OntopVirtualRepository.initializeInternal(OntopVirtualRepository.java:76)
	at org.eclipse.rdf4j.repository.base.AbstractRepository.init(AbstractRepository.java:36)
	at it.unibz.inf.ontop.endpoint.beans.OntopVirtualRepositoryBean.setupVirtualRepository(OntopVirtualRepositoryBean.java:91)
	at java.base/jdk.internal.reflect.DirectMethodHandleAccessor.invoke(DirectMethodHandleAccessor.java:104)
	at java.base/java.lang.reflect.Method.invoke(Method.java:565)
	at org.springframework.beans.factory.support.SimpleInstantiationStrategy.instantiate(SimpleInstantiationStrategy.java:154)
	... 36 more
Caused by: org.semanticweb.owlapi.model.UnloadableImportException: Could not load imported ontology: <http://www.tcm-classics.org/fangji> Cause: Problem parsing file:/D:/work/Ontology/TraditionalChineseMedicineOntology/ontology/fangji.owl
Could not parse ontology.  Either a suitable parser could not be found, or parsing failed.  See parser logs below for explanation.
The following parsers were tried:
1) org.semanticweb.owlapi.rdf.rdfxml.parser.RDFXMLParser@2cd2c764
2) org.semanticweb.owlapi.owlxml.parser.OWLXMLParser@571c7572
3) org.semanticweb.owlapi.functional.parser.OWLFunctionalSyntaxOWLParser@c6a3f47
4) org.semanticweb.owlapi.rio.RioParserImpl : org.semanticweb.owlapi.formats.RioTurtleDocumentFormatFactory@95fd655c
5) org.semanticweb.owlapi.manchestersyntax.parser.ManchesterOWLSyntaxOntologyParser@59bbf82e
6) org.semanticweb.owlapi.rio.RioParserImpl : org.semanticweb.owlapi.formats.NQuadsDocumentFormatFactory@6f9c39ad
7) org.semanticweb.owlapi.rio.RioParserImpl : org.semanticweb.owlapi.formats.NTriplesDocumentFormatFactory@937ecd36
8) org.semanticweb.owlapi.rio.RioParserImpl : org.semanticweb.owlapi.formats.RDFJsonDocumentFormatFactory@cd748dc3
9) org.semanticweb.owlapi.rio.RioParserImpl : org.semanticweb.owlapi.formats.TrigDocumentFormatFactory@27e81c
10) org.semanticweb.owlapi.rio.RioParserImpl : org.semanticweb.owlapi.formats.RDFJsonLDDocumentFormatFactory@dcacc47d
11) org.semanticweb.owlapi.rio.RioParserImpl : org.semanticweb.owlapi.formats.N3DocumentFormatFactory@9a5
12) org.semanticweb.owlapi.rio.RioParserImpl : org.semanticweb.owlapi.formats.RioRDFXMLDocumentFormatFactory@69b9a3bc
13) org.semanticweb.owlapi.rdf.turtle.parser.TurtleOntologyParser@7c0a6f62
14) org.semanticweb.owlapi.oboformat.OBOFormatOWLAPIParser@6b170692
15) org.semanticweb.owlapi.dlsyntax.parser.DLSyntaxOWLParser@4603c412
16) org.semanticweb.owlapi.rio.RioParserImpl : org.semanticweb.owlapi.formats.BinaryRDFDocumentFormatFactory@3bf24493
17) org.semanticweb.owlapi.krss2.parser.KRSS2OWLParser@341df373
18) org.semanticweb.owlapi.rio.RioParserImpl : org.semanticweb.owlapi.formats.HDTRDFDocumentFormatFactory@116d8
19) org.semanticweb.owlapi.rio.RioParserImpl : org.semanticweb.owlapi.formats.RDFaDocumentFormatFactory@264e8d


Detailed logs:
--------------------------------------------------------------------------------
Parser: org.semanticweb.owlapi.rdf.rdfxml.parser.RDFXMLParser@2cd2c764
    Stack trace:
org.xml.sax.SAXParseException; systemId: file:/D:/work/Ontology/TraditionalChineseMedicineOntology/ontology/fangji.owl; lineNumber: 38; columnNumber: 12; ע���в����������ַ��� "--"��        org.semanticweb.owlapi.rdf.rdfxml.parser.RDFXMLParser.parse(RDFXMLParser.java:69)
        uk.ac.manchester.cs.owl.owlapi.OWLOntologyFactoryImpl.loadOWLOntology(OWLOntologyFactoryImpl.java:195)
        uk.ac.manchester.cs.owl.owlapi.OWLOntologyManagerImpl.load(OWLOntologyManagerImpl.java:1105)
        uk.ac.manchester.cs.owl.owlapi.OWLOntologyManagerImpl.loadOntology(OWLOntologyManagerImpl.java:1055)
        uk.ac.manchester.cs.owl.owlapi.OWLOntologyManagerImpl.loadOntology(OWLOntologyManagerImpl.java:955)
        uk.ac.manchester.cs.owl.owlapi.OWLOntologyManagerImpl.loadImports(OWLOntologyManagerImpl.java:1663)
        uk.ac.manchester.cs.owl.owlapi.OWLOntologyManagerImpl.makeLoadImportRequest(OWLOntologyManagerImpl.java:1703)
        org.semanticweb.owlapi.rdf.rdfxml.parser.TripleHandlers$TPImportsHandler.handleTriple(TripleHandlers.java:1555)
        org.semanticweb.owlapi.rdf.rdfxml.parser.TripleHandlers$HandlerAccessor.handleStreaming(TripleHandlers.java:369)
        org.semanticweb.owlapi.rdf.rdfxml.parser.OWLRDFConsumer.statementWithResourceValue(OWLRDFConsumer.java:1563)
ע���в����������ַ��� "--"��        java.xml/com.sun.org.apache.xerces.internal.util.ErrorHandlerWrapper.createSAXParseException(ErrorHandlerWrapper.java:204)
        java.xml/com.sun.org.apache.xerces.internal.util.ErrorHandlerWrapper.fatalError(ErrorHandlerWrapper.java:178)
        java.xml/com.sun.org.apache.xerces.internal.impl.XMLErrorReporter.reportError(XMLErrorReporter.java:400)
        java.xml/com.sun.org.apache.xerces.internal.impl.XMLErrorReporter.reportError(XMLErrorReporter.java:327)
        java.xml/com.sun.org.apache.xerces.internal.impl.XMLScanner.reportFatalError(XMLScanner.java:1465)
        java.xml/com.sun.org.apache.xerces.internal.impl.XMLScanner.scanComment(XMLScanner.java:818)
        java.xml/com.sun.org.apache.xerces.internal.impl.XMLDocumentFragmentScannerImpl.scanComment(XMLDocumentFragmentScannerImpl.java:1088)
        java.xml/com.sun.org.apache.xerces.internal.impl.XMLDocumentFragmentScannerImpl$FragmentContentDriver.next(XMLDocumentFragmentScannerImpl.java:2924)
        java.xml/com.sun.org.apache.xerces.internal.impl.XMLDocumentScannerImpl.next(XMLDocumentScannerImpl.java:635)
        java.xml/com.sun.org.apache.xerces.internal.impl.XMLNSDocumentScannerImpl.next(XMLNSDocumentScannerImpl.java:113)


--------------------------------------------------------------------------------
Parser: org.semanticweb.owlapi.owlxml.parser.OWLXMLParser@571c7572
    Stack trace:
Attribute not found: IRI (Line 20)        org.semanticweb.owlapi.owlxml.parser.OWLEH.ensureAttributeNotNull(PARSER_OWLXMLVocabulary.java:597)
        org.semanticweb.owlapi.owlxml.parser.OWLEH.getIRIFromAttribute(PARSER_OWLXMLVocabulary.java:504)
        org.semanticweb.owlapi.owlxml.parser.OWLClassEH.attribute(PARSER_OWLXMLVocabulary.java:1008)
        org.semanticweb.owlapi.owlxml.parser.OWLXMLPH.startElement(OWLXMLPH.java:478)
        java.xml/com.sun.org.apache.xerces.internal.parsers.AbstractSAXParser.startElement(AbstractSAXParser.java:519)
        java.xml/com.sun.org.apache.xerces.internal.impl.XMLNSDocumentScannerImpl.scanStartElement(XMLNSDocumentScannerImpl.java:376)
        java.xml/com.sun.org.apache.xerces.internal.impl.XMLDocumentFragmentScannerImpl$FragmentContentDriver.next(XMLDocumentFragmentScannerImpl.java:2736)
        java.xml/com.sun.org.apache.xerces.internal.impl.XMLDocumentScannerImpl.next(XMLDocumentScannerImpl.java:635)
        java.xml/com.sun.org.apache.xerces.internal.impl.XMLNSDocumentScannerImpl.next(XMLNSDocumentScannerImpl.java:113)
        java.xml/com.sun.org.apache.xerces.internal.impl.XMLDocumentFragmentScannerImpl.scanDocument(XMLDocumentFragmentScannerImpl.java:551)


--------------------------------------------------------------------------------
Parser: org.semanticweb.owlapi.functional.parser.OWLFunctionalSyntaxOWLParser@c6a3f47
    Stack trace:
Encountered unexpected token: "<?xml version=\"1.0\" encoding=\"UTF-8\"?>" <FULLIRI>
    at line 1, column 1.

Was expecting one of:

    "Ontology"
    "Prefix"
 (Line 0)        org.semanticweb.owlapi.functional.parser.OWLFunctionalSyntaxOWLParser.parse(OWLFunctionalSyntaxOWLParser.java:49)
        uk.ac.manchester.cs.owl.owlapi.OWLOntologyFactoryImpl.loadOWLOntology(OWLOntologyFactoryImpl.java:195)
        uk.ac.manchester.cs.owl.owlapi.OWLOntologyManagerImpl.load(OWLOntologyManagerImpl.java:1105)
        uk.ac.manchester.cs.owl.owlapi.OWLOntologyManagerImpl.loadOntology(OWLOntologyManagerImpl.java:1055)
        uk.ac.manchester.cs.owl.owlapi.OWLOntologyManagerImpl.loadOntology(OWLOntologyManagerImpl.java:955)
        uk.ac.manchester.cs.owl.owlapi.OWLOntologyManagerImpl.loadImports(OWLOntologyManagerImpl.java:1663)
        uk.ac.manchester.cs.owl.owlapi.OWLOntologyManagerImpl.makeLoadImportRequest(OWLOntologyManagerImpl.java:1703)
        org.semanticweb.owlapi.rdf.rdfxml.parser.TripleHandlers$TPImportsHandler.handleTriple(TripleHandlers.java:1555)
        org.semanticweb.owlapi.rdf.rdfxml.parser.TripleHandlers$HandlerAccessor.handleStreaming(TripleHandlers.java:369)
        org.semanticweb.owlapi.rdf.rdfxml.parser.OWLRDFConsumer.statementWithResourceValue(OWLRDFConsumer.java:1563)
Encountered unexpected token: "<?xml version=\"1.0\" encoding=\"UTF-8\"?>" <FULLIRI>
    at line 1, column 1.

Was expecting one of:

    "Ontology"
    "Prefix"
        org.semanticweb.owlapi.functional.parser.OWLFunctionalSyntaxParser.generateParseException(OWLFunctionalSyntaxParser.java:2479)
        org.semanticweb.owlapi.functional.parser.OWLFunctionalSyntaxParser.jj_consume_token(OWLFunctionalSyntaxParser.java:2405)
        org.semanticweb.owlapi.functional.parser.OWLFunctionalSyntaxParser.Ontology(OWLFunctionalSyntaxParser.java:115)
        org.semanticweb.owlapi.functional.parser.OWLFunctionalSyntaxParser.parse(OWLFunctionalSyntaxParser.java:101)
        org.semanticweb.owlapi.functional.parser.OWLFunctionalSyntaxOWLParser.parse(OWLFunctionalSyntaxOWLParser.java:47)
        uk.ac.manchester.cs.owl.owlapi.OWLOntologyFactoryImpl.loadOWLOntology(OWLOntologyFactoryImpl.java:195)
        uk.ac.manchester.cs.owl.owlapi.OWLOntologyManagerImpl.load(OWLOntologyManagerImpl.java:1105)
        uk.ac.manchester.cs.owl.owlapi.OWLOntologyManagerImpl.loadOntology(OWLOntologyManagerImpl.java:1055)
        uk.ac.manchester.cs.owl.owlapi.OWLOntologyManagerImpl.loadOntology(OWLOntologyManagerImpl.java:955)
        uk.ac.manchester.cs.owl.owlapi.OWLOntologyManagerImpl.loadImports(OWLOntologyManagerImpl.java:1663)


--------------------------------------------------------------------------------
Parser: org.semanticweb.owlapi.rio.RioParserImpl : org.semanticweb.owlapi.formats.RioTurtleDocumentFormatFactory@95fd655c
    Stack trace:
org.eclipse.rdf4j.rio.RDFParseException: Expected '.', found '<' [line 5]        org.semanticweb.owlapi.rio.RioParserImpl.parse(RioParserImpl.java:148)
        uk.ac.manchester.cs.owl.owlapi.OWLOntologyFactoryImpl.loadOWLOntology(OWLOntologyFactoryImpl.java:195)
        uk.ac.manchester.cs.owl.owlapi.OWLOntologyManagerImpl.load(OWLOntologyManagerImpl.java:1105)
        uk.ac.manchester.cs.owl.owlapi.OWLOntologyManagerImpl.loadOntology(OWLOntologyManagerImpl.java:1055)
        uk.ac.manchester.cs.owl.owlapi.OWLOntologyManagerImpl.loadOntology(OWLOntologyManagerImpl.java:955)
        uk.ac.manchester.cs.owl.owlapi.OWLOntologyManagerImpl.loadImports(OWLOntologyManagerImpl.java:1663)
        uk.ac.manchester.cs.owl.owlapi.OWLOntologyManagerImpl.makeLoadImportRequest(OWLOntologyManagerImpl.java:1703)
        org.semanticweb.owlapi.rdf.rdfxml.parser.TripleHandlers$TPImportsHandler.handleTriple(TripleHandlers.java:1555)
        org.semanticweb.owlapi.rdf.rdfxml.parser.TripleHandlers$HandlerAccessor.handleStreaming(TripleHandlers.java:369)
        org.semanticweb.owlapi.rdf.rdfxml.parser.OWLRDFConsumer.statementWithResourceValue(OWLRDFConsumer.java:1563)
Expected '.', found '<' [line 5]        org.eclipse.rdf4j.rio.helpers.RDFParserHelper.reportFatalError(RDFParserHelper.java:347)
        org.eclipse.rdf4j.rio.helpers.AbstractRDFParser.reportFatalError(AbstractRDFParser.java:698)
        org.eclipse.rdf4j.rio.turtle.TurtleParser.reportFatalError(TurtleParser.java:1309)
        org.eclipse.rdf4j.rio.turtle.TurtleParser.verifyCharacterOrFail(TurtleParser.java:1154)
        org.eclipse.rdf4j.rio.turtle.TurtleParser.parseStatement(TurtleParser.java:205)
        org.eclipse.rdf4j.rio.turtle.TurtleParser.parse(TurtleParser.java:165)
        org.semanticweb.owlapi.rio.RioParserImpl.parseDocumentSource(RioParserImpl.java:186)
        org.semanticweb.owlapi.rio.RioParserImpl.parse(RioParserImpl.java:134)
        uk.ac.manchester.cs.owl.owlapi.OWLOntologyFactoryImpl.loadOWLOntology(OWLOntologyFactoryImpl.java:195)
        uk.ac.manchester.cs.owl.owlapi.OWLOntologyManagerImpl.load(OWLOntologyManagerImpl.java:1105)


--------------------------------------------------------------------------------
Parser: org.semanticweb.owlapi.manchestersyntax.parser.ManchesterOWLSyntaxOntologyParser@59bbf82e
    Stack trace:
Encountered '<?xml version="1.0" encoding="UTF-8"?>' at line 1 column 1.  Expected either 'Ontology:' or 'Prefix:' (Line 1)        org.semanticweb.owlapi.manchestersyntax.parser.ManchesterOWLSyntaxOntologyParser.parse(ManchesterOWLSyntaxOntologyParser.java:81)
        uk.ac.manchester.cs.owl.owlapi.OWLOntologyFactoryImpl.loadOWLOntology(OWLOntologyFactoryImpl.java:195)
        uk.ac.manchester.cs.owl.owlapi.OWLOntologyManagerImpl.load(OWLOntologyManagerImpl.java:1105)
        uk.ac.manchester.cs.owl.owlapi.OWLOntologyManagerImpl.loadOntology(OWLOntologyManagerImpl.java:1055)
        uk.ac.manchester.cs.owl.owlapi.OWLOntologyManagerImpl.loadOntology(OWLOntologyManagerImpl.java:955)
        uk.ac.manchester.cs.owl.owlapi.OWLOntologyManagerImpl.loadImports(OWLOntologyManagerImpl.java:1663)
        uk.ac.manchester.cs.owl.owlapi.OWLOntologyManagerImpl.makeLoadImportRequest(OWLOntologyManagerImpl.java:1703)
        org.semanticweb.owlapi.rdf.rdfxml.parser.TripleHandlers$TPImportsHandler.handleTriple(TripleHandlers.java:1555)
        org.semanticweb.owlapi.rdf.rdfxml.parser.TripleHandlers$HandlerAccessor.handleStreaming(TripleHandlers.java:369)
        org.semanticweb.owlapi.rdf.rdfxml.parser.OWLRDFConsumer.statementWithResourceValue(OWLRDFConsumer.java:1563)


--------------------------------------------------------------------------------
Parser: org.semanticweb.owlapi.rio.RioParserImpl : org.semanticweb.owlapi.formats.NQuadsDocumentFormatFactory@6f9c39ad
    Stack trace:
org.eclipse.rdf4j.rio.RDFParseException: Not a valid (absolute) IRI: ?xml version="1.0" encoding="UTF-8"? [line 1]        org.semanticweb.owlapi.rio.RioParserImpl.parse(RioParserImpl.java:148)
        uk.ac.manchester.cs.owl.owlapi.OWLOntologyFactoryImpl.loadOWLOntology(OWLOntologyFactoryImpl.java:195)
        uk.ac.manchester.cs.owl.owlapi.OWLOntologyManagerImpl.load(OWLOntologyManagerImpl.java:1105)
        uk.ac.manchester.cs.owl.owlapi.OWLOntologyManagerImpl.loadOntology(OWLOntologyManagerImpl.java:1055)
        uk.ac.manchester.cs.owl.owlapi.OWLOntologyManagerImpl.loadOntology(OWLOntologyManagerImpl.java:955)
        uk.ac.manchester.cs.owl.owlapi.OWLOntologyManagerImpl.loadImports(OWLOntologyManagerImpl.java:1663)
        uk.ac.manchester.cs.owl.owlapi.OWLOntologyManagerImpl.makeLoadImportRequest(OWLOntologyManagerImpl.java:1703)
        org.semanticweb.owlapi.rdf.rdfxml.parser.TripleHandlers$TPImportsHandler.handleTriple(TripleHandlers.java:1555)
        org.semanticweb.owlapi.rdf.rdfxml.parser.TripleHandlers$HandlerAccessor.handleStreaming(TripleHandlers.java:369)
        org.semanticweb.owlapi.rdf.rdfxml.parser.OWLRDFConsumer.statementWithResourceValue(OWLRDFConsumer.java:1563)
Not a valid (absolute) IRI: ?xml version="1.0" encoding="UTF-8"? [line 1]        org.eclipse.rdf4j.rio.helpers.RDFParserHelper.reportFatalError(RDFParserHelper.java:380)
        org.eclipse.rdf4j.rio.helpers.AbstractRDFParser.reportFatalError(AbstractRDFParser.java:723)
        org.eclipse.rdf4j.rio.ntriples.NTriplesParser.reportFatalError(NTriplesParser.java:468)
        org.eclipse.rdf4j.rio.helpers.AbstractRDFParser.createURI(AbstractRDFParser.java:360)
        org.eclipse.rdf4j.rio.ntriples.NTriplesParser.createURI(NTriplesParser.java:431)
        org.eclipse.rdf4j.rio.ntriples.NTriplesParser.parseIRI(NTriplesParser.java:260)
        org.eclipse.rdf4j.rio.ntriples.NTriplesParser.parseSubject(NTriplesParser.java:187)
        org.eclipse.rdf4j.rio.nquads.NQuadsParser.parseStatement(NQuadsParser.java:51)
        org.eclipse.rdf4j.rio.ntriples.NTriplesParser.parse(NTriplesParser.java:119)
        org.semanticweb.owlapi.rio.RioParserImpl.parseDocumentSource(RioParserImpl.java:186)
Not a valid (absolute) IRI: ?xml version="1.0" encoding="UTF-8"?        org.eclipse.rdf4j.model.impl.SimpleIRI.setIRIString(SimpleIRI.java:96)
        org.eclipse.rdf4j.model.impl.SimpleIRI.<init>(SimpleIRI.java:67)
        org.eclipse.rdf4j.model.impl.SimpleValueFactory.createIRI(SimpleValueFactory.java:83)
        org.eclipse.rdf4j.rio.helpers.RDFStarDecodingValueFactory.createIRI(RDFStarDecodingValueFactory.java:46)
        org.eclipse.rdf4j.rio.helpers.AbstractRDFParser.createURI(AbstractRDFParser.java:358)
        org.eclipse.rdf4j.rio.ntriples.NTriplesParser.createURI(NTriplesParser.java:431)
        org.eclipse.rdf4j.rio.ntriples.NTriplesParser.parseIRI(NTriplesParser.java:260)
        org.eclipse.rdf4j.rio.ntriples.NTriplesParser.parseSubject(NTriplesParser.java:187)
        org.eclipse.rdf4j.rio.nquads.NQuadsParser.parseStatement(NQuadsParser.java:51)
        org.eclipse.rdf4j.rio.ntriples.NTriplesParser.parse(NTriplesParser.java:119)


--------------------------------------------------------------------------------
Parser: org.semanticweb.owlapi.rio.RioParserImpl : org.semanticweb.owlapi.formats.NTriplesDocumentFormatFactory@937ecd36
    Stack trace:
org.eclipse.rdf4j.rio.RDFParseException: Not a valid (absolute) IRI: ?xml version="1.0" encoding="UTF-8"? [line 1]        org.semanticweb.owlapi.rio.RioParserImpl.parse(RioParserImpl.java:148)
        uk.ac.manchester.cs.owl.owlapi.OWLOntologyFactoryImpl.loadOWLOntology(OWLOntologyFactoryImpl.java:195)
        uk.ac.manchester.cs.owl.owlapi.OWLOntologyManagerImpl.load(OWLOntologyManagerImpl.java:1105)
        uk.ac.manchester.cs.owl.owlapi.OWLOntologyManagerImpl.loadOntology(OWLOntologyManagerImpl.java:1055)
        uk.ac.manchester.cs.owl.owlapi.OWLOntologyManagerImpl.loadOntology(OWLOntologyManagerImpl.java:955)
        uk.ac.manchester.cs.owl.owlapi.OWLOntologyManagerImpl.loadImports(OWLOntologyManagerImpl.java:1663)
        uk.ac.manchester.cs.owl.owlapi.OWLOntologyManagerImpl.makeLoadImportRequest(OWLOntologyManagerImpl.java:1703)
        org.semanticweb.owlapi.rdf.rdfxml.parser.TripleHandlers$TPImportsHandler.handleTriple(TripleHandlers.java:1555)
        org.semanticweb.owlapi.rdf.rdfxml.parser.TripleHandlers$HandlerAccessor.handleStreaming(TripleHandlers.java:369)
        org.semanticweb.owlapi.rdf.rdfxml.parser.OWLRDFConsumer.statementWithResourceValue(OWLRDFConsumer.java:1563)
Not a valid (absolute) IRI: ?xml version="1.0" encoding="UTF-8"? [line 1]        org.eclipse.rdf4j.rio.helpers.RDFParserHelper.reportFatalError(RDFParserHelper.java:380)
        org.eclipse.rdf4j.rio.helpers.AbstractRDFParser.reportFatalError(AbstractRDFParser.java:723)
        org.eclipse.rdf4j.rio.ntriples.NTriplesParser.reportFatalError(NTriplesParser.java:468)
        org.eclipse.rdf4j.rio.helpers.AbstractRDFParser.createURI(AbstractRDFParser.java:360)
        org.eclipse.rdf4j.rio.ntriples.NTriplesParser.createURI(NTriplesParser.java:431)
        org.eclipse.rdf4j.rio.ntriples.NTriplesParser.parseIRI(NTriplesParser.java:260)
        org.eclipse.rdf4j.rio.ntriples.NTriplesParser.parseSubject(NTriplesParser.java:187)
        org.eclipse.rdf4j.rio.ntriples.NTriplesParser.parseStatement(NTriplesParser.java:137)
        org.eclipse.rdf4j.rio.ntriples.NTriplesParser.parse(NTriplesParser.java:119)
        org.semanticweb.owlapi.rio.RioParserImpl.parseDocumentSource(RioParserImpl.java:186)
Not a valid (absolute) IRI: ?xml version="1.0" encoding="UTF-8"?        org.eclipse.rdf4j.model.impl.SimpleIRI.setIRIString(SimpleIRI.java:96)
        org.eclipse.rdf4j.model.impl.SimpleIRI.<init>(SimpleIRI.java:67)
        org.eclipse.rdf4j.model.impl.SimpleValueFactory.createIRI(SimpleValueFactory.java:83)
        org.eclipse.rdf4j.rio.helpers.RDFStarDecodingValueFactory.createIRI(RDFStarDecodingValueFactory.java:46)
        org.eclipse.rdf4j.rio.helpers.AbstractRDFParser.createURI(AbstractRDFParser.java:358)
        org.eclipse.rdf4j.rio.ntriples.NTriplesParser.createURI(NTriplesParser.java:431)
        org.eclipse.rdf4j.rio.ntriples.NTriplesParser.parseIRI(NTriplesParser.java:260)
        org.eclipse.rdf4j.rio.ntriples.NTriplesParser.parseSubject(NTriplesParser.java:187)
        org.eclipse.rdf4j.rio.ntriples.NTriplesParser.parseStatement(NTriplesParser.java:137)
        org.eclipse.rdf4j.rio.ntriples.NTriplesParser.parse(NTriplesParser.java:119)


--------------------------------------------------------------------------------
Parser: org.semanticweb.owlapi.rio.RioParserImpl : org.semanticweb.owlapi.formats.RDFJsonDocumentFormatFactory@cd748dc3
    Stack trace:
org.eclipse.rdf4j.rio.RDFParseException: Found IOException during parsing [line 1, column 2]        org.semanticweb.owlapi.rio.RioParserImpl.parse(RioParserImpl.java:148)
        uk.ac.manchester.cs.owl.owlapi.OWLOntologyFactoryImpl.loadOWLOntology(OWLOntologyFactoryImpl.java:195)
        uk.ac.manchester.cs.owl.owlapi.OWLOntologyManagerImpl.load(OWLOntologyManagerImpl.java:1105)
        uk.ac.manchester.cs.owl.owlapi.OWLOntologyManagerImpl.loadOntology(OWLOntologyManagerImpl.java:1055)
        uk.ac.manchester.cs.owl.owlapi.OWLOntologyManagerImpl.loadOntology(OWLOntologyManagerImpl.java:955)
        uk.ac.manchester.cs.owl.owlapi.OWLOntologyManagerImpl.loadImports(OWLOntologyManagerImpl.java:1663)
        uk.ac.manchester.cs.owl.owlapi.OWLOntologyManagerImpl.makeLoadImportRequest(OWLOntologyManagerImpl.java:1703)
        org.semanticweb.owlapi.rdf.rdfxml.parser.TripleHandlers$TPImportsHandler.handleTriple(TripleHandlers.java:1555)
        org.semanticweb.owlapi.rdf.rdfxml.parser.TripleHandlers$HandlerAccessor.handleStreaming(TripleHandlers.java:369)
        org.semanticweb.owlapi.rdf.rdfxml.parser.OWLRDFConsumer.statementWithResourceValue(OWLRDFConsumer.java:1563)
Found IOException during parsing [line 1, column 2]        org.eclipse.rdf4j.rio.helpers.RDFParserHelper.reportFatalError(RDFParserHelper.java:400)
        org.eclipse.rdf4j.rio.helpers.AbstractRDFParser.reportFatalError(AbstractRDFParser.java:734)
        org.eclipse.rdf4j.rio.rdfjson.RDFJSONParser.reportFatalError(RDFJSONParser.java:138)
        org.eclipse.rdf4j.rio.rdfjson.RDFJSONParser.parse(RDFJSONParser.java:161)
        org.semanticweb.owlapi.rio.RioParserImpl.parseDocumentSource(RioParserImpl.java:186)
        org.semanticweb.owlapi.rio.RioParserImpl.parse(RioParserImpl.java:134)
        uk.ac.manchester.cs.owl.owlapi.OWLOntologyFactoryImpl.loadOWLOntology(OWLOntologyFactoryImpl.java:195)
        uk.ac.manchester.cs.owl.owlapi.OWLOntologyManagerImpl.load(OWLOntologyManagerImpl.java:1105)
        uk.ac.manchester.cs.owl.owlapi.OWLOntologyManagerImpl.loadOntology(OWLOntologyManagerImpl.java:1055)
        uk.ac.manchester.cs.owl.owlapi.OWLOntologyManagerImpl.loadOntology(OWLOntologyManagerImpl.java:955)
Unexpected character ('<' (code 60)): expected a valid value (JSON String, Number, Array, Object or token 'null', 'true' or 'false')
 at [Source: (BufferedReader); line: 1, column: 2]        com.fasterxml.jackson.core.JsonParser._constructError(JsonParser.java:2477)
        com.fasterxml.jackson.core.base.ParserMinimalBase._reportError(ParserMinimalBase.java:750)
        com.fasterxml.jackson.core.base.ParserMinimalBase._reportUnexpectedChar(ParserMinimalBase.java:674)
        com.fasterxml.jackson.core.json.ReaderBasedJsonParser._handleOddValue(ReaderBasedJsonParser.java:2085)
        com.fasterxml.jackson.core.json.ReaderBasedJsonParser.nextToken(ReaderBasedJsonParser.java:808)
        org.eclipse.rdf4j.rio.rdfjson.RDFJSONParser.rdfJsonToHandlerInternal(RDFJSONParser.java:182)
        org.eclipse.rdf4j.rio.rdfjson.RDFJSONParser.parse(RDFJSONParser.java:158)
        org.semanticweb.owlapi.rio.RioParserImpl.parseDocumentSource(RioParserImpl.java:186)
        org.semanticweb.owlapi.rio.RioParserImpl.parse(RioParserImpl.java:134)
        uk.ac.manchester.cs.owl.owlapi.OWLOntologyFactoryImpl.loadOWLOntology(OWLOntologyFactoryImpl.java:195)


--------------------------------------------------------------------------------
Parser: org.semanticweb.owlapi.rio.RioParserImpl : org.semanticweb.owlapi.formats.TrigDocumentFormatFactory@27e81c
    Stack trace:
org.eclipse.rdf4j.rio.RDFParseException: Expected an RDF value here, found '=' [line 5]        org.semanticweb.owlapi.rio.RioParserImpl.parse(RioParserImpl.java:148)
        uk.ac.manchester.cs.owl.owlapi.OWLOntologyFactoryImpl.loadOWLOntology(OWLOntologyFactoryImpl.java:195)
        uk.ac.manchester.cs.owl.owlapi.OWLOntologyManagerImpl.load(OWLOntologyManagerImpl.java:1105)
        uk.ac.manchester.cs.owl.owlapi.OWLOntologyManagerImpl.loadOntology(OWLOntologyManagerImpl.java:1055)
        uk.ac.manchester.cs.owl.owlapi.OWLOntologyManagerImpl.loadOntology(OWLOntologyManagerImpl.java:955)
        uk.ac.manchester.cs.owl.owlapi.OWLOntologyManagerImpl.loadImports(OWLOntologyManagerImpl.java:1663)
        uk.ac.manchester.cs.owl.owlapi.OWLOntologyManagerImpl.makeLoadImportRequest(OWLOntologyManagerImpl.java:1703)
        org.semanticweb.owlapi.rdf.rdfxml.parser.TripleHandlers$TPImportsHandler.handleTriple(TripleHandlers.java:1555)
        org.semanticweb.owlapi.rdf.rdfxml.parser.TripleHandlers$HandlerAccessor.handleStreaming(TripleHandlers.java:369)
        org.semanticweb.owlapi.rdf.rdfxml.parser.OWLRDFConsumer.statementWithResourceValue(OWLRDFConsumer.java:1563)
Expected an RDF value here, found '=' [line 5]        org.eclipse.rdf4j.rio.helpers.RDFParserHelper.reportFatalError(RDFParserHelper.java:347)
        org.eclipse.rdf4j.rio.helpers.AbstractRDFParser.reportFatalError(AbstractRDFParser.java:698)
        org.eclipse.rdf4j.rio.turtle.TurtleParser.reportFatalError(TurtleParser.java:1309)
        org.eclipse.rdf4j.rio.turtle.TurtleParser.parseValue(TurtleParser.java:588)
        org.eclipse.rdf4j.rio.turtle.TurtleParser.parseObject(TurtleParser.java:453)
        org.eclipse.rdf4j.rio.turtle.TurtleParser.parseObjectList(TurtleParser.java:375)
        org.eclipse.rdf4j.rio.turtle.TurtleParser.parsePredicateObjectList(TurtleParser.java:348)
        org.eclipse.rdf4j.rio.trig.TriGParser.parseGraph(TriGParser.java:192)
        org.eclipse.rdf4j.rio.trig.TriGParser.parseStatement(TriGParser.java:115)
        org.eclipse.rdf4j.rio.turtle.TurtleParser.parse(TurtleParser.java:165)


--------------------------------------------------------------------------------
Parser: org.semanticweb.owlapi.rio.RioParserImpl : org.semanticweb.owlapi.formats.RDFJsonLDDocumentFormatFactory@dcacc47d
    Stack trace:
org.eclipse.rdf4j.rio.RDFParseException: Could not parse JSONLD        org.semanticweb.owlapi.rio.RioParserImpl.parse(RioParserImpl.java:148)
        uk.ac.manchester.cs.owl.owlapi.OWLOntologyFactoryImpl.loadOWLOntology(OWLOntologyFactoryImpl.java:195)
        uk.ac.manchester.cs.owl.owlapi.OWLOntologyManagerImpl.load(OWLOntologyManagerImpl.java:1105)
        uk.ac.manchester.cs.owl.owlapi.OWLOntologyManagerImpl.loadOntology(OWLOntologyManagerImpl.java:1055)
        uk.ac.manchester.cs.owl.owlapi.OWLOntologyManagerImpl.loadOntology(OWLOntologyManagerImpl.java:955)
        uk.ac.manchester.cs.owl.owlapi.OWLOntologyManagerImpl.loadImports(OWLOntologyManagerImpl.java:1663)
        uk.ac.manchester.cs.owl.owlapi.OWLOntologyManagerImpl.makeLoadImportRequest(OWLOntologyManagerImpl.java:1703)
        org.semanticweb.owlapi.rdf.rdfxml.parser.TripleHandlers$TPImportsHandler.handleTriple(TripleHandlers.java:1555)
        org.semanticweb.owlapi.rdf.rdfxml.parser.TripleHandlers$HandlerAccessor.handleStreaming(TripleHandlers.java:369)
        org.semanticweb.owlapi.rdf.rdfxml.parser.OWLRDFConsumer.statementWithResourceValue(OWLRDFConsumer.java:1563)
Could not parse JSONLD        org.eclipse.rdf4j.rio.jsonld.JSONLDParser.parse(JSONLDParser.java:261)
        org.eclipse.rdf4j.rio.jsonld.JSONLDParser.parse(JSONLDParser.java:112)
        org.semanticweb.owlapi.rio.RioParserImpl.parseDocumentSource(RioParserImpl.java:186)
        org.semanticweb.owlapi.rio.RioParserImpl.parse(RioParserImpl.java:134)
        uk.ac.manchester.cs.owl.owlapi.OWLOntologyFactoryImpl.loadOWLOntology(OWLOntologyFactoryImpl.java:195)
        uk.ac.manchester.cs.owl.owlapi.OWLOntologyManagerImpl.load(OWLOntologyManagerImpl.java:1105)
        uk.ac.manchester.cs.owl.owlapi.OWLOntologyManagerImpl.loadOntology(OWLOntologyManagerImpl.java:1055)
        uk.ac.manchester.cs.owl.owlapi.OWLOntologyManagerImpl.loadOntology(OWLOntologyManagerImpl.java:955)
        uk.ac.manchester.cs.owl.owlapi.OWLOntologyManagerImpl.loadImports(OWLOntologyManagerImpl.java:1663)
        uk.ac.manchester.cs.owl.owlapi.OWLOntologyManagerImpl.makeLoadImportRequest(OWLOntologyManagerImpl.java:1703)
The document could not be loaded or parsed [code=LOADING_DOCUMENT_FAILED].        no.hasmac.jsonld.document.JsonDocument.of(JsonDocument.java:154)
        no.hasmac.jsonld.document.JsonDocument.of(JsonDocument.java:129)
        org.eclipse.rdf4j.rio.jsonld.JSONLDParser.getDocument(JSONLDParser.java:285)
        org.eclipse.rdf4j.rio.jsonld.JSONLDParser.parse(JSONLDParser.java:134)
        org.eclipse.rdf4j.rio.jsonld.JSONLDParser.parse(JSONLDParser.java:112)
        org.semanticweb.owlapi.rio.RioParserImpl.parseDocumentSource(RioParserImpl.java:186)
        org.semanticweb.owlapi.rio.RioParserImpl.parse(RioParserImpl.java:134)
        uk.ac.manchester.cs.owl.owlapi.OWLOntologyFactoryImpl.loadOWLOntology(OWLOntologyFactoryImpl.java:195)
        uk.ac.manchester.cs.owl.owlapi.OWLOntologyManagerImpl.load(OWLOntologyManagerImpl.java:1105)
        uk.ac.manchester.cs.owl.owlapi.OWLOntologyManagerImpl.loadOntology(OWLOntologyManagerImpl.java:1055)
Unexpected char 60 at (line no=1, column no=1, offset=0)        org.glassfish.json.JsonTokenizer.unexpectedChar(JsonTokenizer.java:577)
        org.glassfish.json.JsonTokenizer.nextToken(JsonTokenizer.java:394)
        org.glassfish.json.JsonParserImpl$NoneContext.getNextEvent(JsonParserImpl.java:419)
        org.glassfish.json.JsonParserImpl.next(JsonParserImpl.java:369)
        no.hasmac.jsonld.document.JsonDocument.doParse(JsonDocument.java:164)
        no.hasmac.jsonld.document.JsonDocument.of(JsonDocument.java:151)
        no.hasmac.jsonld.document.JsonDocument.of(JsonDocument.java:129)
        org.eclipse.rdf4j.rio.jsonld.JSONLDParser.getDocument(JSONLDParser.java:285)
        org.eclipse.rdf4j.rio.jsonld.JSONLDParser.parse(JSONLDParser.java:134)
        org.eclipse.rdf4j.rio.jsonld.JSONLDParser.parse(JSONLDParser.java:112)


--------------------------------------------------------------------------------
Parser: org.semanticweb.owlapi.rio.RioParserImpl : org.semanticweb.owlapi.formats.N3DocumentFormatFactory@9a5
    Stack trace:
org.eclipse.rdf4j.rio.RDFParseException: Expected '.', found '<' [line 5]        org.semanticweb.owlapi.rio.RioParserImpl.parse(RioParserImpl.java:148)
        uk.ac.manchester.cs.owl.owlapi.OWLOntologyFactoryImpl.loadOWLOntology(OWLOntologyFactoryImpl.java:195)
        uk.ac.manchester.cs.owl.owlapi.OWLOntologyManagerImpl.load(OWLOntologyManagerImpl.java:1105)
        uk.ac.manchester.cs.owl.owlapi.OWLOntologyManagerImpl.loadOntology(OWLOntologyManagerImpl.java:1055)
        uk.ac.manchester.cs.owl.owlapi.OWLOntologyManagerImpl.loadOntology(OWLOntologyManagerImpl.java:955)
        uk.ac.manchester.cs.owl.owlapi.OWLOntologyManagerImpl.loadImports(OWLOntologyManagerImpl.java:1663)
        uk.ac.manchester.cs.owl.owlapi.OWLOntologyManagerImpl.makeLoadImportRequest(OWLOntologyManagerImpl.java:1703)
        org.semanticweb.owlapi.rdf.rdfxml.parser.TripleHandlers$TPImportsHandler.handleTriple(TripleHandlers.java:1555)
        org.semanticweb.owlapi.rdf.rdfxml.parser.TripleHandlers$HandlerAccessor.handleStreaming(TripleHandlers.java:369)
        org.semanticweb.owlapi.rdf.rdfxml.parser.OWLRDFConsumer.statementWithResourceValue(OWLRDFConsumer.java:1563)
Expected '.', found '<' [line 5]        org.eclipse.rdf4j.rio.helpers.RDFParserHelper.reportFatalError(RDFParserHelper.java:347)
        org.eclipse.rdf4j.rio.helpers.AbstractRDFParser.reportFatalError(AbstractRDFParser.java:698)
        org.eclipse.rdf4j.rio.turtle.TurtleParser.reportFatalError(TurtleParser.java:1309)
        org.eclipse.rdf4j.rio.turtle.TurtleParser.verifyCharacterOrFail(TurtleParser.java:1154)
        org.eclipse.rdf4j.rio.turtle.TurtleParser.parseStatement(TurtleParser.java:205)
        org.eclipse.rdf4j.rio.turtle.TurtleParser.parse(TurtleParser.java:165)
        org.semanticweb.owlapi.rio.RioParserImpl.parseDocumentSource(RioParserImpl.java:186)
        org.semanticweb.owlapi.rio.RioParserImpl.parse(RioParserImpl.java:134)
        uk.ac.manchester.cs.owl.owlapi.OWLOntologyFactoryImpl.loadOWLOntology(OWLOntologyFactoryImpl.java:195)
        uk.ac.manchester.cs.owl.owlapi.OWLOntologyManagerImpl.load(OWLOntologyManagerImpl.java:1105)


--------------------------------------------------------------------------------
Parser: org.semanticweb.owlapi.rio.RioParserImpl : org.semanticweb.owlapi.formats.RioRDFXMLDocumentFormatFactory@69b9a3bc
    Stack trace:
org.eclipse.rdf4j.rio.RDFParseException: ע���в����������ַ��� "--"�� [line 38, column 12]        org.semanticweb.owlapi.rio.RioParserImpl.parse(RioParserImpl.java:148)
        uk.ac.manchester.cs.owl.owlapi.OWLOntologyFactoryImpl.loadOWLOntology(OWLOntologyFactoryImpl.java:195)
        uk.ac.manchester.cs.owl.owlapi.OWLOntologyManagerImpl.load(OWLOntologyManagerImpl.java:1105)
        uk.ac.manchester.cs.owl.owlapi.OWLOntologyManagerImpl.loadOntology(OWLOntologyManagerImpl.java:1055)
        uk.ac.manchester.cs.owl.owlapi.OWLOntologyManagerImpl.loadOntology(OWLOntologyManagerImpl.java:955)
        uk.ac.manchester.cs.owl.owlapi.OWLOntologyManagerImpl.loadImports(OWLOntologyManagerImpl.java:1663)
        uk.ac.manchester.cs.owl.owlapi.OWLOntologyManagerImpl.makeLoadImportRequest(OWLOntologyManagerImpl.java:1703)
        org.semanticweb.owlapi.rdf.rdfxml.parser.TripleHandlers$TPImportsHandler.handleTriple(TripleHandlers.java:1555)
        org.semanticweb.owlapi.rdf.rdfxml.parser.TripleHandlers$HandlerAccessor.handleStreaming(TripleHandlers.java:369)
        org.semanticweb.owlapi.rdf.rdfxml.parser.OWLRDFConsumer.statementWithResourceValue(OWLRDFConsumer.java:1563)
ע���в����������ַ��� "--"�� [line 38, column 12]        org.eclipse.rdf4j.rio.helpers.RDFParserHelper.reportFatalError(RDFParserHelper.java:380)
        org.eclipse.rdf4j.rio.helpers.AbstractRDFParser.reportFatalError(AbstractRDFParser.java:723)
        org.eclipse.rdf4j.rio.rdfxml.RDFXMLParser.reportFatalError(RDFXMLParser.java:1022)
        org.eclipse.rdf4j.rio.rdfxml.RDFXMLParser.fatalError(RDFXMLParser.java:1159)
        java.xml/com.sun.org.apache.xerces.internal.util.ErrorHandlerWrapper.fatalError(ErrorHandlerWrapper.java:181)
        java.xml/com.sun.org.apache.xerces.internal.impl.XMLErrorReporter.reportError(XMLErrorReporter.java:400)
        java.xml/com.sun.org.apache.xerces.internal.impl.XMLErrorReporter.reportError(XMLErrorReporter.java:327)
        java.xml/com.sun.org.apache.xerces.internal.impl.XMLScanner.reportFatalError(XMLScanner.java:1465)
        java.xml/com.sun.org.apache.xerces.internal.impl.XMLScanner.scanComment(XMLScanner.java:818)
        java.xml/com.sun.org.apache.xerces.internal.impl.XMLDocumentFragmentScannerImpl.scanComment(XMLDocumentFragmentScannerImpl.java:1088)
ע���в����������ַ��� "--"��        java.xml/com.sun.org.apache.xerces.internal.util.ErrorHandlerWrapper.createSAXParseException(ErrorHandlerWrapper.java:204)
        java.xml/com.sun.org.apache.xerces.internal.util.ErrorHandlerWrapper.fatalError(ErrorHandlerWrapper.java:178)
        java.xml/com.sun.org.apache.xerces.internal.impl.XMLErrorReporter.reportError(XMLErrorReporter.java:400)
        java.xml/com.sun.org.apache.xerces.internal.impl.XMLErrorReporter.reportError(XMLErrorReporter.java:327)
        java.xml/com.sun.org.apache.xerces.internal.impl.XMLScanner.reportFatalError(XMLScanner.java:1465)
        java.xml/com.sun.org.apache.xerces.internal.impl.XMLScanner.scanComment(XMLScanner.java:818)
        java.xml/com.sun.org.apache.xerces.internal.impl.XMLDocumentFragmentScannerImpl.scanComment(XMLDocumentFragmentScannerImpl.java:1088)
        java.xml/com.sun.org.apache.xerces.internal.impl.XMLDocumentFragmentScannerImpl$FragmentContentDriver.next(XMLDocumentFragmentScannerImpl.java:2924)
        java.xml/com.sun.org.apache.xerces.internal.impl.XMLDocumentScannerImpl.next(XMLDocumentScannerImpl.java:635)
        java.xml/com.sun.org.apache.xerces.internal.impl.XMLNSDocumentScannerImpl.next(XMLNSDocumentScannerImpl.java:113)


--------------------------------------------------------------------------------
Parser: org.semanticweb.owlapi.rdf.turtle.parser.TurtleOntologyParser@7c0a6f62
    Stack trace:
org.semanticweb.owlapi.rdf.turtle.parser.ParseException: Encountered unexpected token: "<" <ERROR>
    at line 1, column 1.

Was expecting one of:

    "("
    "@base"
    "@prefix"
    "["
    <EMPTY_BLANK_NODE>
    <FULLIRI>
    <NODEID>
    <PNAME_LN>
    <PNAME_NS>
        org.semanticweb.owlapi.rdf.turtle.parser.TurtleOntologyParser.parse(TurtleOntologyParser.java:58)
        uk.ac.manchester.cs.owl.owlapi.OWLOntologyFactoryImpl.loadOWLOntology(OWLOntologyFactoryImpl.java:195)
        uk.ac.manchester.cs.owl.owlapi.OWLOntologyManagerImpl.load(OWLOntologyManagerImpl.java:1105)
        uk.ac.manchester.cs.owl.owlapi.OWLOntologyManagerImpl.loadOntology(OWLOntologyManagerImpl.java:1055)
        uk.ac.manchester.cs.owl.owlapi.OWLOntologyManagerImpl.loadOntology(OWLOntologyManagerImpl.java:955)
        uk.ac.manchester.cs.owl.owlapi.OWLOntologyManagerImpl.loadImports(OWLOntologyManagerImpl.java:1663)
        uk.ac.manchester.cs.owl.owlapi.OWLOntologyManagerImpl.makeLoadImportRequest(OWLOntologyManagerImpl.java:1703)
        org.semanticweb.owlapi.rdf.rdfxml.parser.TripleHandlers$TPImportsHandler.handleTriple(TripleHandlers.java:1555)
        org.semanticweb.owlapi.rdf.rdfxml.parser.TripleHandlers$HandlerAccessor.handleStreaming(TripleHandlers.java:369)
        org.semanticweb.owlapi.rdf.rdfxml.parser.OWLRDFConsumer.statementWithResourceValue(OWLRDFConsumer.java:1563)
Encountered unexpected token: "<" <ERROR>
    at line 1, column 1.

Was expecting one of:

    "("
    "@base"
    "@prefix"
    "["
    <EMPTY_BLANK_NODE>
    <FULLIRI>
    <NODEID>
    <PNAME_LN>
    <PNAME_NS>
        org.semanticweb.owlapi.rdf.turtle.parser.TurtleParser.generateParseException(TurtleParser.java:1034)
        org.semanticweb.owlapi.rdf.turtle.parser.TurtleParser.jj_consume_token(TurtleParser.java:902)
        org.semanticweb.owlapi.rdf.turtle.parser.TurtleParser.parseDocument(TurtleParser.java:165)
        org.semanticweb.owlapi.rdf.turtle.parser.TurtleOntologyParser.parse(TurtleOntologyParser.java:54)
        uk.ac.manchester.cs.owl.owlapi.OWLOntologyFactoryImpl.loadOWLOntology(OWLOntologyFactoryImpl.java:195)
        uk.ac.manchester.cs.owl.owlapi.OWLOntologyManagerImpl.load(OWLOntologyManagerImpl.java:1105)
        uk.ac.manchester.cs.owl.owlapi.OWLOntologyManagerImpl.loadOntology(OWLOntologyManagerImpl.java:1055)
        uk.ac.manchester.cs.owl.owlapi.OWLOntologyManagerImpl.loadOntology(OWLOntologyManagerImpl.java:955)
        uk.ac.manchester.cs.owl.owlapi.OWLOntologyManagerImpl.loadImports(OWLOntologyManagerImpl.java:1663)
        uk.ac.manchester.cs.owl.owlapi.OWLOntologyManagerImpl.makeLoadImportRequest(OWLOntologyManagerImpl.java:1703)


--------------------------------------------------------------------------------
Parser: org.semanticweb.owlapi.oboformat.OBOFormatOWLAPIParser@6b170692
    Stack trace:
LINENO: 1 - Could not find tag separator ':' in line.
LINE: <?xml version="1.0" encoding="UTF-8"?>        org.semanticweb.owlapi.oboformat.OBOFormatOWLAPIParser.parse(OBOFormatOWLAPIParser.java:50)
        uk.ac.manchester.cs.owl.owlapi.OWLOntologyFactoryImpl.loadOWLOntology(OWLOntologyFactoryImpl.java:195)
        uk.ac.manchester.cs.owl.owlapi.OWLOntologyManagerImpl.load(OWLOntologyManagerImpl.java:1105)
        uk.ac.manchester.cs.owl.owlapi.OWLOntologyManagerImpl.loadOntology(OWLOntologyManagerImpl.java:1055)
        uk.ac.manchester.cs.owl.owlapi.OWLOntologyManagerImpl.loadOntology(OWLOntologyManagerImpl.java:955)
        uk.ac.manchester.cs.owl.owlapi.OWLOntologyManagerImpl.loadImports(OWLOntologyManagerImpl.java:1663)
        uk.ac.manchester.cs.owl.owlapi.OWLOntologyManagerImpl.makeLoadImportRequest(OWLOntologyManagerImpl.java:1703)
        org.semanticweb.owlapi.rdf.rdfxml.parser.TripleHandlers$TPImportsHandler.handleTriple(TripleHandlers.java:1555)
        org.semanticweb.owlapi.rdf.rdfxml.parser.TripleHandlers$HandlerAccessor.handleStreaming(TripleHandlers.java:369)
        org.semanticweb.owlapi.rdf.rdfxml.parser.OWLRDFConsumer.statementWithResourceValue(OWLRDFConsumer.java:1563)
LINENO: 1 - Could not find tag separator ':' in line.
LINE: <?xml version="1.0" encoding="UTF-8"?>        org.obolibrary.oboformat.parser.OBOFormatParser.error(OBOFormatParser.java:1317)
        org.obolibrary.oboformat.parser.OBOFormatParser.getParseTag(OBOFormatParser.java:731)
        org.obolibrary.oboformat.parser.OBOFormatParser.parseHeaderClause(OBOFormatParser.java:409)
        org.obolibrary.oboformat.parser.OBOFormatParser.parseHeaderClauseNl(OBOFormatParser.java:402)
        org.obolibrary.oboformat.parser.OBOFormatParser.parseHeaderFrame(OBOFormatParser.java:385)
        org.obolibrary.oboformat.parser.OBOFormatParser.parseOBODoc(OBOFormatParser.java:268)
        org.obolibrary.oboformat.parser.OBOFormatParser.parse(OBOFormatParser.java:237)
        org.semanticweb.owlapi.oboformat.OBOFormatOWLAPIParser.parse(OBOFormatOWLAPIParser.java:44)
        uk.ac.manchester.cs.owl.owlapi.OWLOntologyFactoryImpl.loadOWLOntology(OWLOntologyFactoryImpl.java:195)
        uk.ac.manchester.cs.owl.owlapi.OWLOntologyManagerImpl.load(OWLOntologyManagerImpl.java:1105)


--------------------------------------------------------------------------------
Parser: org.semanticweb.owlapi.dlsyntax.parser.DLSyntaxOWLParser@4603c412
    Stack trace:
Encountered unexpected token: "<" <MAX>
    at line 1, column 1.

Was expecting one of:

    ":"
    "\n"
        org.semanticweb.owlapi.dlsyntax.parser.DLSyntaxOWLParser.parse(DLSyntaxOWLParser.java:52)
        uk.ac.manchester.cs.owl.owlapi.OWLOntologyFactoryImpl.loadOWLOntology(OWLOntologyFactoryImpl.java:195)
        uk.ac.manchester.cs.owl.owlapi.OWLOntologyManagerImpl.load(OWLOntologyManagerImpl.java:1105)
        uk.ac.manchester.cs.owl.owlapi.OWLOntologyManagerImpl.loadOntology(OWLOntologyManagerImpl.java:1055)
        uk.ac.manchester.cs.owl.owlapi.OWLOntologyManagerImpl.loadOntology(OWLOntologyManagerImpl.java:955)
        uk.ac.manchester.cs.owl.owlapi.OWLOntologyManagerImpl.loadImports(OWLOntologyManagerImpl.java:1663)
        uk.ac.manchester.cs.owl.owlapi.OWLOntologyManagerImpl.makeLoadImportRequest(OWLOntologyManagerImpl.java:1703)
        org.semanticweb.owlapi.rdf.rdfxml.parser.TripleHandlers$TPImportsHandler.handleTriple(TripleHandlers.java:1555)
        org.semanticweb.owlapi.rdf.rdfxml.parser.TripleHandlers$HandlerAccessor.handleStreaming(TripleHandlers.java:369)
        org.semanticweb.owlapi.rdf.rdfxml.parser.OWLRDFConsumer.statementWithResourceValue(OWLRDFConsumer.java:1563)
Encountered unexpected token: "<" <MAX>
    at line 1, column 1.

Was expecting one of:

    ":"
    "\n"
        org.semanticweb.owlapi.dlsyntax.parser.DLSyntaxParser.generateParseException(DLSyntaxParser.java:1572)
        org.semanticweb.owlapi.dlsyntax.parser.DLSyntaxParser.jj_consume_token(DLSyntaxParser.java:1443)
        org.semanticweb.owlapi.dlsyntax.parser.DLSyntaxParser.parseAxiom(DLSyntaxParser.java:141)
        org.semanticweb.owlapi.dlsyntax.parser.DLSyntaxParser.parseAxioms(DLSyntaxParser.java:114)
        org.semanticweb.owlapi.dlsyntax.parser.DLSyntaxOWLParser.parse(DLSyntaxOWLParser.java:48)
        uk.ac.manchester.cs.owl.owlapi.OWLOntologyFactoryImpl.loadOWLOntology(OWLOntologyFactoryImpl.java:195)
        uk.ac.manchester.cs.owl.owlapi.OWLOntologyManagerImpl.load(OWLOntologyManagerImpl.java:1105)
        uk.ac.manchester.cs.owl.owlapi.OWLOntologyManagerImpl.loadOntology(OWLOntologyManagerImpl.java:1055)
        uk.ac.manchester.cs.owl.owlapi.OWLOntologyManagerImpl.loadOntology(OWLOntologyManagerImpl.java:955)
        uk.ac.manchester.cs.owl.owlapi.OWLOntologyManagerImpl.loadImports(OWLOntologyManagerImpl.java:1663)


--------------------------------------------------------------------------------
Parser: org.semanticweb.owlapi.rio.RioParserImpl : org.semanticweb.owlapi.formats.BinaryRDFDocumentFormatFactory@3bf24493
    Stack trace:
org.eclipse.rdf4j.rio.RDFParseException: File does not contain a binary RDF document        org.semanticweb.owlapi.rio.RioParserImpl.parse(RioParserImpl.java:148)
        uk.ac.manchester.cs.owl.owlapi.OWLOntologyFactoryImpl.loadOWLOntology(OWLOntologyFactoryImpl.java:195)
        uk.ac.manchester.cs.owl.owlapi.OWLOntologyManagerImpl.load(OWLOntologyManagerImpl.java:1105)
        uk.ac.manchester.cs.owl.owlapi.OWLOntologyManagerImpl.loadOntology(OWLOntologyManagerImpl.java:1055)
        uk.ac.manchester.cs.owl.owlapi.OWLOntologyManagerImpl.loadOntology(OWLOntologyManagerImpl.java:955)
        uk.ac.manchester.cs.owl.owlapi.OWLOntologyManagerImpl.loadImports(OWLOntologyManagerImpl.java:1663)
        uk.ac.manchester.cs.owl.owlapi.OWLOntologyManagerImpl.makeLoadImportRequest(OWLOntologyManagerImpl.java:1703)
        org.semanticweb.owlapi.rdf.rdfxml.parser.TripleHandlers$TPImportsHandler.handleTriple(TripleHandlers.java:1555)
        org.semanticweb.owlapi.rdf.rdfxml.parser.TripleHandlers$HandlerAccessor.handleStreaming(TripleHandlers.java:369)
        org.semanticweb.owlapi.rdf.rdfxml.parser.OWLRDFConsumer.statementWithResourceValue(OWLRDFConsumer.java:1563)
File does not contain a binary RDF document        org.eclipse.rdf4j.rio.helpers.RDFParserHelper.reportFatalError(RDFParserHelper.java:347)
        org.eclipse.rdf4j.rio.helpers.RDFParserHelper.reportFatalError(RDFParserHelper.java:334)
        org.eclipse.rdf4j.rio.helpers.AbstractRDFParser.reportFatalError(AbstractRDFParser.java:690)
        org.eclipse.rdf4j.rio.binary.BinaryRDFParser.parse(BinaryRDFParser.java:92)
        org.semanticweb.owlapi.rio.RioParserImpl.parseDocumentSource(RioParserImpl.java:198)
        org.semanticweb.owlapi.rio.RioParserImpl.parse(RioParserImpl.java:134)
        uk.ac.manchester.cs.owl.owlapi.OWLOntologyFactoryImpl.loadOWLOntology(OWLOntologyFactoryImpl.java:195)
        uk.ac.manchester.cs.owl.owlapi.OWLOntologyManagerImpl.load(OWLOntologyManagerImpl.java:1105)
        uk.ac.manchester.cs.owl.owlapi.OWLOntologyManagerImpl.loadOntology(OWLOntologyManagerImpl.java:1055)
        uk.ac.manchester.cs.owl.owlapi.OWLOntologyManagerImpl.loadOntology(OWLOntologyManagerImpl.java:955)


--------------------------------------------------------------------------------
Parser: org.semanticweb.owlapi.krss2.parser.KRSS2OWLParser@341df373
    Stack trace:
org.semanticweb.owlapi.krss2.parser.ParseException: Encountered unexpected token: "<?xml version=\"1.0\" encoding=\"UTF-8\"?>" ">"
    at line 1, column 1.

Was expecting:

    <EOF>
        org.semanticweb.owlapi.krss2.parser.KRSS2OWLParser.parse(KRSS2OWLParser.java:252)
        uk.ac.manchester.cs.owl.owlapi.OWLOntologyFactoryImpl.loadOWLOntology(OWLOntologyFactoryImpl.java:195)
        uk.ac.manchester.cs.owl.owlapi.OWLOntologyManagerImpl.load(OWLOntologyManagerImpl.java:1105)
        uk.ac.manchester.cs.owl.owlapi.OWLOntologyManagerImpl.loadOntology(OWLOntologyManagerImpl.java:1055)
        uk.ac.manchester.cs.owl.owlapi.OWLOntologyManagerImpl.loadOntology(OWLOntologyManagerImpl.java:955)
        uk.ac.manchester.cs.owl.owlapi.OWLOntologyManagerImpl.loadImports(OWLOntologyManagerImpl.java:1663)
        uk.ac.manchester.cs.owl.owlapi.OWLOntologyManagerImpl.makeLoadImportRequest(OWLOntologyManagerImpl.java:1703)
        org.semanticweb.owlapi.rdf.rdfxml.parser.TripleHandlers$TPImportsHandler.handleTriple(TripleHandlers.java:1555)
        org.semanticweb.owlapi.rdf.rdfxml.parser.TripleHandlers$HandlerAccessor.handleStreaming(TripleHandlers.java:369)
        org.semanticweb.owlapi.rdf.rdfxml.parser.OWLRDFConsumer.statementWithResourceValue(OWLRDFConsumer.java:1563)
Encountered unexpected token: "<?xml version=\"1.0\" encoding=\"UTF-8\"?>" ">"
    at line 1, column 1.

Was expecting:

    <EOF>
        org.semanticweb.owlapi.krss2.parser.KRSS2Parser.generateParseException(KRSS2Parser.java:2103)
        org.semanticweb.owlapi.krss2.parser.KRSS2Parser.jj_consume_token(KRSS2Parser.java:1968)
        org.semanticweb.owlapi.krss2.parser.KRSS2Parser.parse(KRSS2Parser.java:124)
        org.semanticweb.owlapi.krss2.parser.KRSS2OWLParser.parse(KRSS2OWLParser.java:249)
        uk.ac.manchester.cs.owl.owlapi.OWLOntologyFactoryImpl.loadOWLOntology(OWLOntologyFactoryImpl.java:195)
        uk.ac.manchester.cs.owl.owlapi.OWLOntologyManagerImpl.load(OWLOntologyManagerImpl.java:1105)
        uk.ac.manchester.cs.owl.owlapi.OWLOntologyManagerImpl.loadOntology(OWLOntologyManagerImpl.java:1055)
        uk.ac.manchester.cs.owl.owlapi.OWLOntologyManagerImpl.loadOntology(OWLOntologyManagerImpl.java:955)
        uk.ac.manchester.cs.owl.owlapi.OWLOntologyManagerImpl.loadImports(OWLOntologyManagerImpl.java:1663)
        uk.ac.manchester.cs.owl.owlapi.OWLOntologyManagerImpl.makeLoadImportRequest(OWLOntologyManagerImpl.java:1703)


--------------------------------------------------------------------------------
Parser: org.semanticweb.owlapi.rio.RioParserImpl : org.semanticweb.owlapi.formats.HDTRDFDocumentFormatFactory@116d8
    Stack trace:
org.eclipse.rdf4j.rio.RDFParseException: $HDT marker not found [line 4]        org.semanticweb.owlapi.rio.RioParserImpl.parse(RioParserImpl.java:148)
        uk.ac.manchester.cs.owl.owlapi.OWLOntologyFactoryImpl.loadOWLOntology(OWLOntologyFactoryImpl.java:195)
        uk.ac.manchester.cs.owl.owlapi.OWLOntologyManagerImpl.load(OWLOntologyManagerImpl.java:1105)
        uk.ac.manchester.cs.owl.owlapi.OWLOntologyManagerImpl.loadOntology(OWLOntologyManagerImpl.java:1055)
        uk.ac.manchester.cs.owl.owlapi.OWLOntologyManagerImpl.loadOntology(OWLOntologyManagerImpl.java:955)
        uk.ac.manchester.cs.owl.owlapi.OWLOntologyManagerImpl.loadImports(OWLOntologyManagerImpl.java:1663)
        uk.ac.manchester.cs.owl.owlapi.OWLOntologyManagerImpl.makeLoadImportRequest(OWLOntologyManagerImpl.java:1703)
        org.semanticweb.owlapi.rdf.rdfxml.parser.TripleHandlers$TPImportsHandler.handleTriple(TripleHandlers.java:1555)
        org.semanticweb.owlapi.rdf.rdfxml.parser.TripleHandlers$HandlerAccessor.handleStreaming(TripleHandlers.java:369)
        org.semanticweb.owlapi.rdf.rdfxml.parser.OWLRDFConsumer.statementWithResourceValue(OWLRDFConsumer.java:1563)
$HDT marker not found [line 4]        org.eclipse.rdf4j.rio.helpers.RDFParserHelper.reportFatalError(RDFParserHelper.java:347)
        org.eclipse.rdf4j.rio.helpers.AbstractRDFParser.reportFatalError(AbstractRDFParser.java:698)
        org.eclipse.rdf4j.rio.hdt.HDTParser.parse(HDTParser.java:156)
        org.semanticweb.owlapi.rio.RioParserImpl.parseDocumentSource(RioParserImpl.java:198)
        org.semanticweb.owlapi.rio.RioParserImpl.parse(RioParserImpl.java:134)
        uk.ac.manchester.cs.owl.owlapi.OWLOntologyFactoryImpl.loadOWLOntology(OWLOntologyFactoryImpl.java:195)
        uk.ac.manchester.cs.owl.owlapi.OWLOntologyManagerImpl.load(OWLOntologyManagerImpl.java:1105)
        uk.ac.manchester.cs.owl.owlapi.OWLOntologyManagerImpl.loadOntology(OWLOntologyManagerImpl.java:1055)
        uk.ac.manchester.cs.owl.owlapi.OWLOntologyManagerImpl.loadOntology(OWLOntologyManagerImpl.java:955)
        uk.ac.manchester.cs.owl.owlapi.OWLOntologyManagerImpl.loadImports(OWLOntologyManagerImpl.java:1663)


--------------------------------------------------------------------------------
Parser: org.semanticweb.owlapi.rio.RioParserImpl : org.semanticweb.owlapi.formats.RDFaDocumentFormatFactory@264e8d
    Stack trace:
org.eclipse.rdf4j.rio.UnsupportedRDFormatException: Did not recognise RDF format object RDFa (mimeTypes=application/xhtml+xml, application/html, text/html; ext=xhtml, html)        org.semanticweb.owlapi.rio.RioParserImpl.parse(RioParserImpl.java:148)
        uk.ac.manchester.cs.owl.owlapi.OWLOntologyFactoryImpl.loadOWLOntology(OWLOntologyFactoryImpl.java:195)
        uk.ac.manchester.cs.owl.owlapi.OWLOntologyManagerImpl.load(OWLOntologyManagerImpl.java:1105)
        uk.ac.manchester.cs.owl.owlapi.OWLOntologyManagerImpl.loadOntology(OWLOntologyManagerImpl.java:1055)
        uk.ac.manchester.cs.owl.owlapi.OWLOntologyManagerImpl.loadOntology(OWLOntologyManagerImpl.java:955)
        uk.ac.manchester.cs.owl.owlapi.OWLOntologyManagerImpl.loadImports(OWLOntologyManagerImpl.java:1663)
        uk.ac.manchester.cs.owl.owlapi.OWLOntologyManagerImpl.makeLoadImportRequest(OWLOntologyManagerImpl.java:1703)
        org.semanticweb.owlapi.rdf.rdfxml.parser.TripleHandlers$TPImportsHandler.handleTriple(TripleHandlers.java:1555)
        org.semanticweb.owlapi.rdf.rdfxml.parser.TripleHandlers$HandlerAccessor.handleStreaming(TripleHandlers.java:369)
        org.semanticweb.owlapi.rdf.rdfxml.parser.OWLRDFConsumer.statementWithResourceValue(OWLRDFConsumer.java:1563)
Did not recognise RDF format object RDFa (mimeTypes=application/xhtml+xml, application/html, text/html; ext=xhtml, html)        org.eclipse.rdf4j.rio.Rio.lambda$unsupportedFormat$0(Rio.java:761)
        java.base/java.util.Optional.orElseThrow(Optional.java:407)
        org.eclipse.rdf4j.rio.Rio.createParser(Rio.java:99)
        org.semanticweb.owlapi.rio.RioParserImpl.parseDocumentSource(RioParserImpl.java:173)
        org.semanticweb.owlapi.rio.RioParserImpl.parse(RioParserImpl.java:134)
        uk.ac.manchester.cs.owl.owlapi.OWLOntologyFactoryImpl.loadOWLOntology(OWLOntologyFactoryImpl.java:195)
        uk.ac.manchester.cs.owl.owlapi.OWLOntologyManagerImpl.load(OWLOntologyManagerImpl.java:1105)
        uk.ac.manchester.cs.owl.owlapi.OWLOntologyManagerImpl.loadOntology(OWLOntologyManagerImpl.java:1055)
        uk.ac.manchester.cs.owl.owlapi.OWLOntologyManagerImpl.loadOntology(OWLOntologyManagerImpl.java:955)
        uk.ac.manchester.cs.owl.owlapi.OWLOntologyManagerImpl.loadImports(OWLOntologyManagerImpl.java:1663)



	at uk.ac.manchester.cs.owl.owlapi.OWLOntologyManagerImpl.makeLoadImportRequest(OWLOntologyManagerImpl.java:1710)
	at org.semanticweb.owlapi.rdf.rdfxml.parser.TripleHandlers$TPImportsHandler.handleTriple(TripleHandlers.java:1555)
	at org.semanticweb.owlapi.rdf.rdfxml.parser.TripleHandlers$HandlerAccessor.handleStreaming(TripleHandlers.java:369)
	at org.semanticweb.owlapi.rdf.rdfxml.parser.OWLRDFConsumer.statementWithResourceValue(OWLRDFConsumer.java:1563)
	at org.semanticweb.owlapi.rdf.rdfxml.parser.RDFParser.statementWithResourceValue(RDFParser.java:382)
	at org.semanticweb.owlapi.rdf.rdfxml.parser.EmptyPropertyElement.startElement(StartRDF.java:263)
	at org.semanticweb.owlapi.rdf.rdfxml.parser.PropertyElementList.startElement(StartRDF.java:728)
	at org.semanticweb.owlapi.rdf.rdfxml.parser.RDFParser.startElement(RDFParser.java:218)
	at java.xml/com.sun.org.apache.xerces.internal.parsers.AbstractSAXParser.startElement(AbstractSAXParser.java:519)
	at java.xml/com.sun.org.apache.xerces.internal.parsers.AbstractXMLDocumentParser.emptyElement(AbstractXMLDocumentParser.java:183)
	at java.xml/com.sun.org.apache.xerces.internal.impl.XMLNSDocumentScannerImpl.scanStartElement(XMLNSDocumentScannerImpl.java:353)
	at java.xml/com.sun.org.apache.xerces.internal.impl.XMLDocumentFragmentScannerImpl$FragmentContentDriver.next(XMLDocumentFragmentScannerImpl.java:2736)
	at java.xml/com.sun.org.apache.xerces.internal.impl.XMLDocumentScannerImpl.next(XMLDocumentScannerImpl.java:635)
	at java.xml/com.sun.org.apache.xerces.internal.impl.XMLNSDocumentScannerImpl.next(XMLNSDocumentScannerImpl.java:113)
	at java.xml/com.sun.org.apache.xerces.internal.impl.XMLDocumentFragmentScannerImpl.scanDocument(XMLDocumentFragmentScannerImpl.java:551)
	at java.xml/com.sun.org.apache.xerces.internal.parsers.XML11Configuration.parse(XML11Configuration.java:890)
	at java.xml/com.sun.org.apache.xerces.internal.parsers.XML11Configuration.parse(XML11Configuration.java:826)
	at java.xml/com.sun.org.apache.xerces.internal.parsers.XMLParser.parse(XMLParser.java:137)
	at java.xml/com.sun.org.apache.xerces.internal.parsers.AbstractSAXParser.parse(AbstractSAXParser.java:1225)
	at java.xml/com.sun.org.apache.xerces.internal.jaxp.SAXParserImpl$JAXPSAXParser.parse(SAXParserImpl.java:629)
	at java.xml/com.sun.org.apache.xerces.internal.jaxp.SAXParserImpl.parse(SAXParserImpl.java:328)
	at org.semanticweb.owlapi.rdf.rdfxml.parser.RDFParser.parse(RDFParser.java:161)
	at org.semanticweb.owlapi.rdf.rdfxml.parser.RDFXMLParser.parse(RDFXMLParser.java:65)
	at uk.ac.manchester.cs.owl.owlapi.OWLOntologyFactoryImpl.loadOWLOntology(OWLOntologyFactoryImpl.java:195)
	at uk.ac.manchester.cs.owl.owlapi.OWLOntologyManagerImpl.load(OWLOntologyManagerImpl.java:1105)
	at uk.ac.manchester.cs.owl.owlapi.OWLOntologyManagerImpl.loadOntology(OWLOntologyManagerImpl.java:1055)
	at uk.ac.manchester.cs.owl.owlapi.OWLOntologyManagerImpl.loadOntologyFromOntologyDocument(OWLOntologyManagerImpl.java:1005)
	at uk.ac.manchester.cs.owl.owlapi.OWLOntologyManagerImpl.loadOntologyFromOntologyDocument(OWLOntologyManagerImpl.java:1018)
	at it.unibz.inf.ontop.injection.impl.OntopMappingOntologyConfigurationImpl.loadOntologyFromFile(OntopMappingOntologyConfigurationImpl.java:97)
	at it.unibz.inf.ontop.injection.impl.OntopMappingOntologyConfigurationImpl.loadInputOntology(OntopMappingOntologyConfigurationImpl.java:74)
	at it.unibz.inf.ontop.injection.impl.OntopMappingOntologyConfigurationImpl.loadOntology(OntopMappingOntologyConfigurationImpl.java:207)
	at it.unibz.inf.ontop.injection.impl.OntopMappingConfigurationImpl.loadSpecification(OntopMappingConfigurationImpl.java:94)
	at it.unibz.inf.ontop.injection.impl.OntopMappingSQLConfigurationImpl.loadSpecification(OntopMappingSQLConfigurationImpl.java:93)
	at it.unibz.inf.ontop.injection.impl.OntopMappingSQLAllConfigurationImpl.loadSpecification(OntopMappingSQLAllConfigurationImpl.java:55)
	at it.unibz.inf.ontop.injection.impl.OntopSQLOWLAPIConfigurationImpl.loadOBDASpecification(OntopSQLOWLAPIConfigurationImpl.java:42)
	at it.unibz.inf.ontop.injection.impl.OntopOBDAConfigurationImpl.loadSpecification(OntopOBDAConfigurationImpl.java:44)
	at it.unibz.inf.ontop.injection.OntopSystemConfiguration.loadQueryEngine(OntopSystemConfiguration.java:20)
	at it.unibz.inf.ontop.rdf4j.repository.impl.OntopVirtualRepository.initializeInternal(OntopVirtualRepository.java:72)
	... 41 more
Caused by: org.semanticweb.owlapi.io.UnparsableOntologyException: Problem parsing file:/D:/work/Ontology/TraditionalChineseMedicineOntology/ontology/fangji.owl
Could not parse ontology.  Either a suitable parser could not be found, or parsing failed.  See parser logs below for explanation.
The following parsers were tried:
1) org.semanticweb.owlapi.rdf.rdfxml.parser.RDFXMLParser@2cd2c764
2) org.semanticweb.owlapi.owlxml.parser.OWLXMLParser@571c7572
3) org.semanticweb.owlapi.functional.parser.OWLFunctionalSyntaxOWLParser@c6a3f47
4) org.semanticweb.owlapi.rio.RioParserImpl : org.semanticweb.owlapi.formats.RioTurtleDocumentFormatFactory@95fd655c
5) org.semanticweb.owlapi.manchestersyntax.parser.ManchesterOWLSyntaxOntologyParser@59bbf82e
6) org.semanticweb.owlapi.rio.RioParserImpl : org.semanticweb.owlapi.formats.NQuadsDocumentFormatFactory@6f9c39ad
7) org.semanticweb.owlapi.rio.RioParserImpl : org.semanticweb.owlapi.formats.NTriplesDocumentFormatFactory@937ecd36
8) org.semanticweb.owlapi.rio.RioParserImpl : org.semanticweb.owlapi.formats.RDFJsonDocumentFormatFactory@cd748dc3
9) org.semanticweb.owlapi.rio.RioParserImpl : org.semanticweb.owlapi.formats.TrigDocumentFormatFactory@27e81c
10) org.semanticweb.owlapi.rio.RioParserImpl : org.semanticweb.owlapi.formats.RDFJsonLDDocumentFormatFactory@dcacc47d
11) org.semanticweb.owlapi.rio.RioParserImpl : org.semanticweb.owlapi.formats.N3DocumentFormatFactory@9a5
12) org.semanticweb.owlapi.rio.RioParserImpl : org.semanticweb.owlapi.formats.RioRDFXMLDocumentFormatFactory@69b9a3bc
13) org.semanticweb.owlapi.rdf.turtle.parser.TurtleOntologyParser@7c0a6f62
14) org.semanticweb.owlapi.oboformat.OBOFormatOWLAPIParser@6b170692
15) org.semanticweb.owlapi.dlsyntax.parser.DLSyntaxOWLParser@4603c412
16) org.semanticweb.owlapi.rio.RioParserImpl : org.semanticweb.owlapi.formats.BinaryRDFDocumentFormatFactory@3bf24493
17) org.semanticweb.owlapi.krss2.parser.KRSS2OWLParser@341df373
18) org.semanticweb.owlapi.rio.RioParserImpl : org.semanticweb.owlapi.formats.HDTRDFDocumentFormatFactory@116d8
19) org.semanticweb.owlapi.rio.RioParserImpl : org.semanticweb.owlapi.formats.RDFaDocumentFormatFactory@264e8d


Detailed logs:
--------------------------------------------------------------------------------
Parser: org.semanticweb.owlapi.rdf.rdfxml.parser.RDFXMLParser@2cd2c764
    Stack trace:
org.xml.sax.SAXParseException; systemId: file:/D:/work/Ontology/TraditionalChineseMedicineOntology/ontology/fangji.owl; lineNumber: 38; columnNumber: 12; ע���в����������ַ��� "--"��        org.semanticweb.owlapi.rdf.rdfxml.parser.RDFXMLParser.parse(RDFXMLParser.java:69)
        uk.ac.manchester.cs.owl.owlapi.OWLOntologyFactoryImpl.loadOWLOntology(OWLOntologyFactoryImpl.java:195)
        uk.ac.manchester.cs.owl.owlapi.OWLOntologyManagerImpl.load(OWLOntologyManagerImpl.java:1105)
        uk.ac.manchester.cs.owl.owlapi.OWLOntologyManagerImpl.loadOntology(OWLOntologyManagerImpl.java:1055)
        uk.ac.manchester.cs.owl.owlapi.OWLOntologyManagerImpl.loadOntology(OWLOntologyManagerImpl.java:955)
        uk.ac.manchester.cs.owl.owlapi.OWLOntologyManagerImpl.loadImports(OWLOntologyManagerImpl.java:1663)
        uk.ac.manchester.cs.owl.owlapi.OWLOntologyManagerImpl.makeLoadImportRequest(OWLOntologyManagerImpl.java:1703)
        org.semanticweb.owlapi.rdf.rdfxml.parser.TripleHandlers$TPImportsHandler.handleTriple(TripleHandlers.java:1555)
        org.semanticweb.owlapi.rdf.rdfxml.parser.TripleHandlers$HandlerAccessor.handleStreaming(TripleHandlers.java:369)
        org.semanticweb.owlapi.rdf.rdfxml.parser.OWLRDFConsumer.statementWithResourceValue(OWLRDFConsumer.java:1563)
ע���в����������ַ��� "--"��        java.xml/com.sun.org.apache.xerces.internal.util.ErrorHandlerWrapper.createSAXParseException(ErrorHandlerWrapper.java:204)
        java.xml/com.sun.org.apache.xerces.internal.util.ErrorHandlerWrapper.fatalError(ErrorHandlerWrapper.java:178)
        java.xml/com.sun.org.apache.xerces.internal.impl.XMLErrorReporter.reportError(XMLErrorReporter.java:400)
        java.xml/com.sun.org.apache.xerces.internal.impl.XMLErrorReporter.reportError(XMLErrorReporter.java:327)
        java.xml/com.sun.org.apache.xerces.internal.impl.XMLScanner.reportFatalError(XMLScanner.java:1465)
        java.xml/com.sun.org.apache.xerces.internal.impl.XMLScanner.scanComment(XMLScanner.java:818)
        java.xml/com.sun.org.apache.xerces.internal.impl.XMLDocumentFragmentScannerImpl.scanComment(XMLDocumentFragmentScannerImpl.java:1088)
        java.xml/com.sun.org.apache.xerces.internal.impl.XMLDocumentFragmentScannerImpl$FragmentContentDriver.next(XMLDocumentFragmentScannerImpl.java:2924)
        java.xml/com.sun.org.apache.xerces.internal.impl.XMLDocumentScannerImpl.next(XMLDocumentScannerImpl.java:635)
        java.xml/com.sun.org.apache.xerces.internal.impl.XMLNSDocumentScannerImpl.next(XMLNSDocumentScannerImpl.java:113)


--------------------------------------------------------------------------------
Parser: org.semanticweb.owlapi.owlxml.parser.OWLXMLParser@571c7572
    Stack trace:
Attribute not found: IRI (Line 20)        org.semanticweb.owlapi.owlxml.parser.OWLEH.ensureAttributeNotNull(PARSER_OWLXMLVocabulary.java:597)
        org.semanticweb.owlapi.owlxml.parser.OWLEH.getIRIFromAttribute(PARSER_OWLXMLVocabulary.java:504)
        org.semanticweb.owlapi.owlxml.parser.OWLClassEH.attribute(PARSER_OWLXMLVocabulary.java:1008)
        org.semanticweb.owlapi.owlxml.parser.OWLXMLPH.startElement(OWLXMLPH.java:478)
        java.xml/com.sun.org.apache.xerces.internal.parsers.AbstractSAXParser.startElement(AbstractSAXParser.java:519)
        java.xml/com.sun.org.apache.xerces.internal.impl.XMLNSDocumentScannerImpl.scanStartElement(XMLNSDocumentScannerImpl.java:376)
        java.xml/com.sun.org.apache.xerces.internal.impl.XMLDocumentFragmentScannerImpl$FragmentContentDriver.next(XMLDocumentFragmentScannerImpl.java:2736)
        java.xml/com.sun.org.apache.xerces.internal.impl.XMLDocumentScannerImpl.next(XMLDocumentScannerImpl.java:635)
        java.xml/com.sun.org.apache.xerces.internal.impl.XMLNSDocumentScannerImpl.next(XMLNSDocumentScannerImpl.java:113)
        java.xml/com.sun.org.apache.xerces.internal.impl.XMLDocumentFragmentScannerImpl.scanDocument(XMLDocumentFragmentScannerImpl.java:551)


--------------------------------------------------------------------------------
Parser: org.semanticweb.owlapi.functional.parser.OWLFunctionalSyntaxOWLParser@c6a3f47
    Stack trace:
Encountered unexpected token: "<?xml version=\"1.0\" encoding=\"UTF-8\"?>" <FULLIRI>
    at line 1, column 1.

Was expecting one of:

    "Ontology"
    "Prefix"
 (Line 0)        org.semanticweb.owlapi.functional.parser.OWLFunctionalSyntaxOWLParser.parse(OWLFunctionalSyntaxOWLParser.java:49)
        uk.ac.manchester.cs.owl.owlapi.OWLOntologyFactoryImpl.loadOWLOntology(OWLOntologyFactoryImpl.java:195)
        uk.ac.manchester.cs.owl.owlapi.OWLOntologyManagerImpl.load(OWLOntologyManagerImpl.java:1105)
        uk.ac.manchester.cs.owl.owlapi.OWLOntologyManagerImpl.loadOntology(OWLOntologyManagerImpl.java:1055)
        uk.ac.manchester.cs.owl.owlapi.OWLOntologyManagerImpl.loadOntology(OWLOntologyManagerImpl.java:955)
        uk.ac.manchester.cs.owl.owlapi.OWLOntologyManagerImpl.loadImports(OWLOntologyManagerImpl.java:1663)
        uk.ac.manchester.cs.owl.owlapi.OWLOntologyManagerImpl.makeLoadImportRequest(OWLOntologyManagerImpl.java:1703)
        org.semanticweb.owlapi.rdf.rdfxml.parser.TripleHandlers$TPImportsHandler.handleTriple(TripleHandlers.java:1555)
        org.semanticweb.owlapi.rdf.rdfxml.parser.TripleHandlers$HandlerAccessor.handleStreaming(TripleHandlers.java:369)
        org.semanticweb.owlapi.rdf.rdfxml.parser.OWLRDFConsumer.statementWithResourceValue(OWLRDFConsumer.java:1563)
Encountered unexpected token: "<?xml version=\"1.0\" encoding=\"UTF-8\"?>" <FULLIRI>
    at line 1, column 1.

Was expecting one of:

    "Ontology"
    "Prefix"
        org.semanticweb.owlapi.functional.parser.OWLFunctionalSyntaxParser.generateParseException(OWLFunctionalSyntaxParser.java:2479)
        org.semanticweb.owlapi.functional.parser.OWLFunctionalSyntaxParser.jj_consume_token(OWLFunctionalSyntaxParser.java:2405)
        org.semanticweb.owlapi.functional.parser.OWLFunctionalSyntaxParser.Ontology(OWLFunctionalSyntaxParser.java:115)
        org.semanticweb.owlapi.functional.parser.OWLFunctionalSyntaxParser.parse(OWLFunctionalSyntaxParser.java:101)
        org.semanticweb.owlapi.functional.parser.OWLFunctionalSyntaxOWLParser.parse(OWLFunctionalSyntaxOWLParser.java:47)
        uk.ac.manchester.cs.owl.owlapi.OWLOntologyFactoryImpl.loadOWLOntology(OWLOntologyFactoryImpl.java:195)
        uk.ac.manchester.cs.owl.owlapi.OWLOntologyManagerImpl.load(OWLOntologyManagerImpl.java:1105)
        uk.ac.manchester.cs.owl.owlapi.OWLOntologyManagerImpl.loadOntology(OWLOntologyManagerImpl.java:1055)
        uk.ac.manchester.cs.owl.owlapi.OWLOntologyManagerImpl.loadOntology(OWLOntologyManagerImpl.java:955)
        uk.ac.manchester.cs.owl.owlapi.OWLOntologyManagerImpl.loadImports(OWLOntologyManagerImpl.java:1663)


--------------------------------------------------------------------------------
Parser: org.semanticweb.owlapi.rio.RioParserImpl : org.semanticweb.owlapi.formats.RioTurtleDocumentFormatFactory@95fd655c
    Stack trace:
org.eclipse.rdf4j.rio.RDFParseException: Expected '.', found '<' [line 5]        org.semanticweb.owlapi.rio.RioParserImpl.parse(RioParserImpl.java:148)
        uk.ac.manchester.cs.owl.owlapi.OWLOntologyFactoryImpl.loadOWLOntology(OWLOntologyFactoryImpl.java:195)
        uk.ac.manchester.cs.owl.owlapi.OWLOntologyManagerImpl.load(OWLOntologyManagerImpl.java:1105)
        uk.ac.manchester.cs.owl.owlapi.OWLOntologyManagerImpl.loadOntology(OWLOntologyManagerImpl.java:1055)
        uk.ac.manchester.cs.owl.owlapi.OWLOntologyManagerImpl.loadOntology(OWLOntologyManagerImpl.java:955)
        uk.ac.manchester.cs.owl.owlapi.OWLOntologyManagerImpl.loadImports(OWLOntologyManagerImpl.java:1663)
        uk.ac.manchester.cs.owl.owlapi.OWLOntologyManagerImpl.makeLoadImportRequest(OWLOntologyManagerImpl.java:1703)
        org.semanticweb.owlapi.rdf.rdfxml.parser.TripleHandlers$TPImportsHandler.handleTriple(TripleHandlers.java:1555)
        org.semanticweb.owlapi.rdf.rdfxml.parser.TripleHandlers$HandlerAccessor.handleStreaming(TripleHandlers.java:369)
        org.semanticweb.owlapi.rdf.rdfxml.parser.OWLRDFConsumer.statementWithResourceValue(OWLRDFConsumer.java:1563)
Expected '.', found '<' [line 5]        org.eclipse.rdf4j.rio.helpers.RDFParserHelper.reportFatalError(RDFParserHelper.java:347)
        org.eclipse.rdf4j.rio.helpers.AbstractRDFParser.reportFatalError(AbstractRDFParser.java:698)
        org.eclipse.rdf4j.rio.turtle.TurtleParser.reportFatalError(TurtleParser.java:1309)
        org.eclipse.rdf4j.rio.turtle.TurtleParser.verifyCharacterOrFail(TurtleParser.java:1154)
        org.eclipse.rdf4j.rio.turtle.TurtleParser.parseStatement(TurtleParser.java:205)
        org.eclipse.rdf4j.rio.turtle.TurtleParser.parse(TurtleParser.java:165)
        org.semanticweb.owlapi.rio.RioParserImpl.parseDocumentSource(RioParserImpl.java:186)
        org.semanticweb.owlapi.rio.RioParserImpl.parse(RioParserImpl.java:134)
        uk.ac.manchester.cs.owl.owlapi.OWLOntologyFactoryImpl.loadOWLOntology(OWLOntologyFactoryImpl.java:195)
        uk.ac.manchester.cs.owl.owlapi.OWLOntologyManagerImpl.load(OWLOntologyManagerImpl.java:1105)


--------------------------------------------------------------------------------
Parser: org.semanticweb.owlapi.manchestersyntax.parser.ManchesterOWLSyntaxOntologyParser@59bbf82e
    Stack trace:
Encountered '<?xml version="1.0" encoding="UTF-8"?>' at line 1 column 1.  Expected either 'Ontology:' or 'Prefix:' (Line 1)        org.semanticweb.owlapi.manchestersyntax.parser.ManchesterOWLSyntaxOntologyParser.parse(ManchesterOWLSyntaxOntologyParser.java:81)
        uk.ac.manchester.cs.owl.owlapi.OWLOntologyFactoryImpl.loadOWLOntology(OWLOntologyFactoryImpl.java:195)
        uk.ac.manchester.cs.owl.owlapi.OWLOntologyManagerImpl.load(OWLOntologyManagerImpl.java:1105)
        uk.ac.manchester.cs.owl.owlapi.OWLOntologyManagerImpl.loadOntology(OWLOntologyManagerImpl.java:1055)
        uk.ac.manchester.cs.owl.owlapi.OWLOntologyManagerImpl.loadOntology(OWLOntologyManagerImpl.java:955)
        uk.ac.manchester.cs.owl.owlapi.OWLOntologyManagerImpl.loadImports(OWLOntologyManagerImpl.java:1663)
        uk.ac.manchester.cs.owl.owlapi.OWLOntologyManagerImpl.makeLoadImportRequest(OWLOntologyManagerImpl.java:1703)
        org.semanticweb.owlapi.rdf.rdfxml.parser.TripleHandlers$TPImportsHandler.handleTriple(TripleHandlers.java:1555)
        org.semanticweb.owlapi.rdf.rdfxml.parser.TripleHandlers$HandlerAccessor.handleStreaming(TripleHandlers.java:369)
        org.semanticweb.owlapi.rdf.rdfxml.parser.OWLRDFConsumer.statementWithResourceValue(OWLRDFConsumer.java:1563)


--------------------------------------------------------------------------------
Parser: org.semanticweb.owlapi.rio.RioParserImpl : org.semanticweb.owlapi.formats.NQuadsDocumentFormatFactory@6f9c39ad
    Stack trace:
org.eclipse.rdf4j.rio.RDFParseException: Not a valid (absolute) IRI: ?xml version="1.0" encoding="UTF-8"? [line 1]        org.semanticweb.owlapi.rio.RioParserImpl.parse(RioParserImpl.java:148)
        uk.ac.manchester.cs.owl.owlapi.OWLOntologyFactoryImpl.loadOWLOntology(OWLOntologyFactoryImpl.java:195)
        uk.ac.manchester.cs.owl.owlapi.OWLOntologyManagerImpl.load(OWLOntologyManagerImpl.java:1105)
        uk.ac.manchester.cs.owl.owlapi.OWLOntologyManagerImpl.loadOntology(OWLOntologyManagerImpl.java:1055)
        uk.ac.manchester.cs.owl.owlapi.OWLOntologyManagerImpl.loadOntology(OWLOntologyManagerImpl.java:955)
        uk.ac.manchester.cs.owl.owlapi.OWLOntologyManagerImpl.loadImports(OWLOntologyManagerImpl.java:1663)
        uk.ac.manchester.cs.owl.owlapi.OWLOntologyManagerImpl.makeLoadImportRequest(OWLOntologyManagerImpl.java:1703)
        org.semanticweb.owlapi.rdf.rdfxml.parser.TripleHandlers$TPImportsHandler.handleTriple(TripleHandlers.java:1555)
        org.semanticweb.owlapi.rdf.rdfxml.parser.TripleHandlers$HandlerAccessor.handleStreaming(TripleHandlers.java:369)
        org.semanticweb.owlapi.rdf.rdfxml.parser.OWLRDFConsumer.statementWithResourceValue(OWLRDFConsumer.java:1563)
Not a valid (absolute) IRI: ?xml version="1.0" encoding="UTF-8"? [line 1]        org.eclipse.rdf4j.rio.helpers.RDFParserHelper.reportFatalError(RDFParserHelper.java:380)
        org.eclipse.rdf4j.rio.helpers.AbstractRDFParser.reportFatalError(AbstractRDFParser.java:723)
        org.eclipse.rdf4j.rio.ntriples.NTriplesParser.reportFatalError(NTriplesParser.java:468)
        org.eclipse.rdf4j.rio.helpers.AbstractRDFParser.createURI(AbstractRDFParser.java:360)
        org.eclipse.rdf4j.rio.ntriples.NTriplesParser.createURI(NTriplesParser.java:431)
        org.eclipse.rdf4j.rio.ntriples.NTriplesParser.parseIRI(NTriplesParser.java:260)
        org.eclipse.rdf4j.rio.ntriples.NTriplesParser.parseSubject(NTriplesParser.java:187)
        org.eclipse.rdf4j.rio.nquads.NQuadsParser.parseStatement(NQuadsParser.java:51)
        org.eclipse.rdf4j.rio.ntriples.NTriplesParser.parse(NTriplesParser.java:119)
        org.semanticweb.owlapi.rio.RioParserImpl.parseDocumentSource(RioParserImpl.java:186)
Not a valid (absolute) IRI: ?xml version="1.0" encoding="UTF-8"?        org.eclipse.rdf4j.model.impl.SimpleIRI.setIRIString(SimpleIRI.java:96)
        org.eclipse.rdf4j.model.impl.SimpleIRI.<init>(SimpleIRI.java:67)
        org.eclipse.rdf4j.model.impl.SimpleValueFactory.createIRI(SimpleValueFactory.java:83)
        org.eclipse.rdf4j.rio.helpers.RDFStarDecodingValueFactory.createIRI(RDFStarDecodingValueFactory.java:46)
        org.eclipse.rdf4j.rio.helpers.AbstractRDFParser.createURI(AbstractRDFParser.java:358)
        org.eclipse.rdf4j.rio.ntriples.NTriplesParser.createURI(NTriplesParser.java:431)
        org.eclipse.rdf4j.rio.ntriples.NTriplesParser.parseIRI(NTriplesParser.java:260)
        org.eclipse.rdf4j.rio.ntriples.NTriplesParser.parseSubject(NTriplesParser.java:187)
        org.eclipse.rdf4j.rio.nquads.NQuadsParser.parseStatement(NQuadsParser.java:51)
        org.eclipse.rdf4j.rio.ntriples.NTriplesParser.parse(NTriplesParser.java:119)


--------------------------------------------------------------------------------
Parser: org.semanticweb.owlapi.rio.RioParserImpl : org.semanticweb.owlapi.formats.NTriplesDocumentFormatFactory@937ecd36
    Stack trace:
org.eclipse.rdf4j.rio.RDFParseException: Not a valid (absolute) IRI: ?xml version="1.0" encoding="UTF-8"? [line 1]        org.semanticweb.owlapi.rio.RioParserImpl.parse(RioParserImpl.java:148)
        uk.ac.manchester.cs.owl.owlapi.OWLOntologyFactoryImpl.loadOWLOntology(OWLOntologyFactoryImpl.java:195)
        uk.ac.manchester.cs.owl.owlapi.OWLOntologyManagerImpl.load(OWLOntologyManagerImpl.java:1105)
        uk.ac.manchester.cs.owl.owlapi.OWLOntologyManagerImpl.loadOntology(OWLOntologyManagerImpl.java:1055)
        uk.ac.manchester.cs.owl.owlapi.OWLOntologyManagerImpl.loadOntology(OWLOntologyManagerImpl.java:955)
        uk.ac.manchester.cs.owl.owlapi.OWLOntologyManagerImpl.loadImports(OWLOntologyManagerImpl.java:1663)
        uk.ac.manchester.cs.owl.owlapi.OWLOntologyManagerImpl.makeLoadImportRequest(OWLOntologyManagerImpl.java:1703)
        org.semanticweb.owlapi.rdf.rdfxml.parser.TripleHandlers$TPImportsHandler.handleTriple(TripleHandlers.java:1555)
        org.semanticweb.owlapi.rdf.rdfxml.parser.TripleHandlers$HandlerAccessor.handleStreaming(TripleHandlers.java:369)
        org.semanticweb.owlapi.rdf.rdfxml.parser.OWLRDFConsumer.statementWithResourceValue(OWLRDFConsumer.java:1563)
Not a valid (absolute) IRI: ?xml version="1.0" encoding="UTF-8"? [line 1]        org.eclipse.rdf4j.rio.helpers.RDFParserHelper.reportFatalError(RDFParserHelper.java:380)
        org.eclipse.rdf4j.rio.helpers.AbstractRDFParser.reportFatalError(AbstractRDFParser.java:723)
        org.eclipse.rdf4j.rio.ntriples.NTriplesParser.reportFatalError(NTriplesParser.java:468)
        org.eclipse.rdf4j.rio.helpers.AbstractRDFParser.createURI(AbstractRDFParser.java:360)
        org.eclipse.rdf4j.rio.ntriples.NTriplesParser.createURI(NTriplesParser.java:431)
        org.eclipse.rdf4j.rio.ntriples.NTriplesParser.parseIRI(NTriplesParser.java:260)
        org.eclipse.rdf4j.rio.ntriples.NTriplesParser.parseSubject(NTriplesParser.java:187)
        org.eclipse.rdf4j.rio.ntriples.NTriplesParser.parseStatement(NTriplesParser.java:137)
        org.eclipse.rdf4j.rio.ntriples.NTriplesParser.parse(NTriplesParser.java:119)
        org.semanticweb.owlapi.rio.RioParserImpl.parseDocumentSource(RioParserImpl.java:186)
Not a valid (absolute) IRI: ?xml version="1.0" encoding="UTF-8"?        org.eclipse.rdf4j.model.impl.SimpleIRI.setIRIString(SimpleIRI.java:96)
        org.eclipse.rdf4j.model.impl.SimpleIRI.<init>(SimpleIRI.java:67)
        org.eclipse.rdf4j.model.impl.SimpleValueFactory.createIRI(SimpleValueFactory.java:83)
        org.eclipse.rdf4j.rio.helpers.RDFStarDecodingValueFactory.createIRI(RDFStarDecodingValueFactory.java:46)
        org.eclipse.rdf4j.rio.helpers.AbstractRDFParser.createURI(AbstractRDFParser.java:358)
        org.eclipse.rdf4j.rio.ntriples.NTriplesParser.createURI(NTriplesParser.java:431)
        org.eclipse.rdf4j.rio.ntriples.NTriplesParser.parseIRI(NTriplesParser.java:260)
        org.eclipse.rdf4j.rio.ntriples.NTriplesParser.parseSubject(NTriplesParser.java:187)
        org.eclipse.rdf4j.rio.ntriples.NTriplesParser.parseStatement(NTriplesParser.java:137)
        org.eclipse.rdf4j.rio.ntriples.NTriplesParser.parse(NTriplesParser.java:119)


--------------------------------------------------------------------------------
Parser: org.semanticweb.owlapi.rio.RioParserImpl : org.semanticweb.owlapi.formats.RDFJsonDocumentFormatFactory@cd748dc3
    Stack trace:
org.eclipse.rdf4j.rio.RDFParseException: Found IOException during parsing [line 1, column 2]        org.semanticweb.owlapi.rio.RioParserImpl.parse(RioParserImpl.java:148)
        uk.ac.manchester.cs.owl.owlapi.OWLOntologyFactoryImpl.loadOWLOntology(OWLOntologyFactoryImpl.java:195)
        uk.ac.manchester.cs.owl.owlapi.OWLOntologyManagerImpl.load(OWLOntologyManagerImpl.java:1105)
        uk.ac.manchester.cs.owl.owlapi.OWLOntologyManagerImpl.loadOntology(OWLOntologyManagerImpl.java:1055)
        uk.ac.manchester.cs.owl.owlapi.OWLOntologyManagerImpl.loadOntology(OWLOntologyManagerImpl.java:955)
        uk.ac.manchester.cs.owl.owlapi.OWLOntologyManagerImpl.loadImports(OWLOntologyManagerImpl.java:1663)
        uk.ac.manchester.cs.owl.owlapi.OWLOntologyManagerImpl.makeLoadImportRequest(OWLOntologyManagerImpl.java:1703)
        org.semanticweb.owlapi.rdf.rdfxml.parser.TripleHandlers$TPImportsHandler.handleTriple(TripleHandlers.java:1555)
        org.semanticweb.owlapi.rdf.rdfxml.parser.TripleHandlers$HandlerAccessor.handleStreaming(TripleHandlers.java:369)
        org.semanticweb.owlapi.rdf.rdfxml.parser.OWLRDFConsumer.statementWithResourceValue(OWLRDFConsumer.java:1563)
Found IOException during parsing [line 1, column 2]        org.eclipse.rdf4j.rio.helpers.RDFParserHelper.reportFatalError(RDFParserHelper.java:400)
        org.eclipse.rdf4j.rio.helpers.AbstractRDFParser.reportFatalError(AbstractRDFParser.java:734)
        org.eclipse.rdf4j.rio.rdfjson.RDFJSONParser.reportFatalError(RDFJSONParser.java:138)
        org.eclipse.rdf4j.rio.rdfjson.RDFJSONParser.parse(RDFJSONParser.java:161)
        org.semanticweb.owlapi.rio.RioParserImpl.parseDocumentSource(RioParserImpl.java:186)
        org.semanticweb.owlapi.rio.RioParserImpl.parse(RioParserImpl.java:134)
        uk.ac.manchester.cs.owl.owlapi.OWLOntologyFactoryImpl.loadOWLOntology(OWLOntologyFactoryImpl.java:195)
        uk.ac.manchester.cs.owl.owlapi.OWLOntologyManagerImpl.load(OWLOntologyManagerImpl.java:1105)
        uk.ac.manchester.cs.owl.owlapi.OWLOntologyManagerImpl.loadOntology(OWLOntologyManagerImpl.java:1055)
        uk.ac.manchester.cs.owl.owlapi.OWLOntologyManagerImpl.loadOntology(OWLOntologyManagerImpl.java:955)
Unexpected character ('<' (code 60)): expected a valid value (JSON String, Number, Array, Object or token 'null', 'true' or 'false')
 at [Source: (BufferedReader); line: 1, column: 2]        com.fasterxml.jackson.core.JsonParser._constructError(JsonParser.java:2477)
        com.fasterxml.jackson.core.base.ParserMinimalBase._reportError(ParserMinimalBase.java:750)
        com.fasterxml.jackson.core.base.ParserMinimalBase._reportUnexpectedChar(ParserMinimalBase.java:674)
        com.fasterxml.jackson.core.json.ReaderBasedJsonParser._handleOddValue(ReaderBasedJsonParser.java:2085)
        com.fasterxml.jackson.core.json.ReaderBasedJsonParser.nextToken(ReaderBasedJsonParser.java:808)
        org.eclipse.rdf4j.rio.rdfjson.RDFJSONParser.rdfJsonToHandlerInternal(RDFJSONParser.java:182)
        org.eclipse.rdf4j.rio.rdfjson.RDFJSONParser.parse(RDFJSONParser.java:158)
        org.semanticweb.owlapi.rio.RioParserImpl.parseDocumentSource(RioParserImpl.java:186)
        org.semanticweb.owlapi.rio.RioParserImpl.parse(RioParserImpl.java:134)
        uk.ac.manchester.cs.owl.owlapi.OWLOntologyFactoryImpl.loadOWLOntology(OWLOntologyFactoryImpl.java:195)


--------------------------------------------------------------------------------
Parser: org.semanticweb.owlapi.rio.RioParserImpl : org.semanticweb.owlapi.formats.TrigDocumentFormatFactory@27e81c
    Stack trace:
org.eclipse.rdf4j.rio.RDFParseException: Expected an RDF value here, found '=' [line 5]        org.semanticweb.owlapi.rio.RioParserImpl.parse(RioParserImpl.java:148)
        uk.ac.manchester.cs.owl.owlapi.OWLOntologyFactoryImpl.loadOWLOntology(OWLOntologyFactoryImpl.java:195)
        uk.ac.manchester.cs.owl.owlapi.OWLOntologyManagerImpl.load(OWLOntologyManagerImpl.java:1105)
        uk.ac.manchester.cs.owl.owlapi.OWLOntologyManagerImpl.loadOntology(OWLOntologyManagerImpl.java:1055)
        uk.ac.manchester.cs.owl.owlapi.OWLOntologyManagerImpl.loadOntology(OWLOntologyManagerImpl.java:955)
        uk.ac.manchester.cs.owl.owlapi.OWLOntologyManagerImpl.loadImports(OWLOntologyManagerImpl.java:1663)
        uk.ac.manchester.cs.owl.owlapi.OWLOntologyManagerImpl.makeLoadImportRequest(OWLOntologyManagerImpl.java:1703)
        org.semanticweb.owlapi.rdf.rdfxml.parser.TripleHandlers$TPImportsHandler.handleTriple(TripleHandlers.java:1555)
        org.semanticweb.owlapi.rdf.rdfxml.parser.TripleHandlers$HandlerAccessor.handleStreaming(TripleHandlers.java:369)
        org.semanticweb.owlapi.rdf.rdfxml.parser.OWLRDFConsumer.statementWithResourceValue(OWLRDFConsumer.java:1563)
Expected an RDF value here, found '=' [line 5]        org.eclipse.rdf4j.rio.helpers.RDFParserHelper.reportFatalError(RDFParserHelper.java:347)
        org.eclipse.rdf4j.rio.helpers.AbstractRDFParser.reportFatalError(AbstractRDFParser.java:698)
        org.eclipse.rdf4j.rio.turtle.TurtleParser.reportFatalError(TurtleParser.java:1309)
        org.eclipse.rdf4j.rio.turtle.TurtleParser.parseValue(TurtleParser.java:588)
        org.eclipse.rdf4j.rio.turtle.TurtleParser.parseObject(TurtleParser.java:453)
        org.eclipse.rdf4j.rio.turtle.TurtleParser.parseObjectList(TurtleParser.java:375)
        org.eclipse.rdf4j.rio.turtle.TurtleParser.parsePredicateObjectList(TurtleParser.java:348)
        org.eclipse.rdf4j.rio.trig.TriGParser.parseGraph(TriGParser.java:192)
        org.eclipse.rdf4j.rio.trig.TriGParser.parseStatement(TriGParser.java:115)
        org.eclipse.rdf4j.rio.turtle.TurtleParser.parse(TurtleParser.java:165)


--------------------------------------------------------------------------------
Parser: org.semanticweb.owlapi.rio.RioParserImpl : org.semanticweb.owlapi.formats.RDFJsonLDDocumentFormatFactory@dcacc47d
    Stack trace:
org.eclipse.rdf4j.rio.RDFParseException: Could not parse JSONLD        org.semanticweb.owlapi.rio.RioParserImpl.parse(RioParserImpl.java:148)
        uk.ac.manchester.cs.owl.owlapi.OWLOntologyFactoryImpl.loadOWLOntology(OWLOntologyFactoryImpl.java:195)
        uk.ac.manchester.cs.owl.owlapi.OWLOntologyManagerImpl.load(OWLOntologyManagerImpl.java:1105)
        uk.ac.manchester.cs.owl.owlapi.OWLOntologyManagerImpl.loadOntology(OWLOntologyManagerImpl.java:1055)
        uk.ac.manchester.cs.owl.owlapi.OWLOntologyManagerImpl.loadOntology(OWLOntologyManagerImpl.java:955)
        uk.ac.manchester.cs.owl.owlapi.OWLOntologyManagerImpl.loadImports(OWLOntologyManagerImpl.java:1663)
        uk.ac.manchester.cs.owl.owlapi.OWLOntologyManagerImpl.makeLoadImportRequest(OWLOntologyManagerImpl.java:1703)
        org.semanticweb.owlapi.rdf.rdfxml.parser.TripleHandlers$TPImportsHandler.handleTriple(TripleHandlers.java:1555)
        org.semanticweb.owlapi.rdf.rdfxml.parser.TripleHandlers$HandlerAccessor.handleStreaming(TripleHandlers.java:369)
        org.semanticweb.owlapi.rdf.rdfxml.parser.OWLRDFConsumer.statementWithResourceValue(OWLRDFConsumer.java:1563)
Could not parse JSONLD        org.eclipse.rdf4j.rio.jsonld.JSONLDParser.parse(JSONLDParser.java:261)
        org.eclipse.rdf4j.rio.jsonld.JSONLDParser.parse(JSONLDParser.java:112)
        org.semanticweb.owlapi.rio.RioParserImpl.parseDocumentSource(RioParserImpl.java:186)
        org.semanticweb.owlapi.rio.RioParserImpl.parse(RioParserImpl.java:134)
        uk.ac.manchester.cs.owl.owlapi.OWLOntologyFactoryImpl.loadOWLOntology(OWLOntologyFactoryImpl.java:195)
        uk.ac.manchester.cs.owl.owlapi.OWLOntologyManagerImpl.load(OWLOntologyManagerImpl.java:1105)
        uk.ac.manchester.cs.owl.owlapi.OWLOntologyManagerImpl.loadOntology(OWLOntologyManagerImpl.java:1055)
        uk.ac.manchester.cs.owl.owlapi.OWLOntologyManagerImpl.loadOntology(OWLOntologyManagerImpl.java:955)
        uk.ac.manchester.cs.owl.owlapi.OWLOntologyManagerImpl.loadImports(OWLOntologyManagerImpl.java:1663)
        uk.ac.manchester.cs.owl.owlapi.OWLOntologyManagerImpl.makeLoadImportRequest(OWLOntologyManagerImpl.java:1703)
The document could not be loaded or parsed [code=LOADING_DOCUMENT_FAILED].        no.hasmac.jsonld.document.JsonDocument.of(JsonDocument.java:154)
        no.hasmac.jsonld.document.JsonDocument.of(JsonDocument.java:129)
        org.eclipse.rdf4j.rio.jsonld.JSONLDParser.getDocument(JSONLDParser.java:285)
        org.eclipse.rdf4j.rio.jsonld.JSONLDParser.parse(JSONLDParser.java:134)
        org.eclipse.rdf4j.rio.jsonld.JSONLDParser.parse(JSONLDParser.java:112)
        org.semanticweb.owlapi.rio.RioParserImpl.parseDocumentSource(RioParserImpl.java:186)
        org.semanticweb.owlapi.rio.RioParserImpl.parse(RioParserImpl.java:134)
        uk.ac.manchester.cs.owl.owlapi.OWLOntologyFactoryImpl.loadOWLOntology(OWLOntologyFactoryImpl.java:195)
        uk.ac.manchester.cs.owl.owlapi.OWLOntologyManagerImpl.load(OWLOntologyManagerImpl.java:1105)
        uk.ac.manchester.cs.owl.owlapi.OWLOntologyManagerImpl.loadOntology(OWLOntologyManagerImpl.java:1055)
Unexpected char 60 at (line no=1, column no=1, offset=0)        org.glassfish.json.JsonTokenizer.unexpectedChar(JsonTokenizer.java:577)
        org.glassfish.json.JsonTokenizer.nextToken(JsonTokenizer.java:394)
        org.glassfish.json.JsonParserImpl$NoneContext.getNextEvent(JsonParserImpl.java:419)
        org.glassfish.json.JsonParserImpl.next(JsonParserImpl.java:369)
        no.hasmac.jsonld.document.JsonDocument.doParse(JsonDocument.java:164)
        no.hasmac.jsonld.document.JsonDocument.of(JsonDocument.java:151)
        no.hasmac.jsonld.document.JsonDocument.of(JsonDocument.java:129)
        org.eclipse.rdf4j.rio.jsonld.JSONLDParser.getDocument(JSONLDParser.java:285)
        org.eclipse.rdf4j.rio.jsonld.JSONLDParser.parse(JSONLDParser.java:134)
        org.eclipse.rdf4j.rio.jsonld.JSONLDParser.parse(JSONLDParser.java:112)


--------------------------------------------------------------------------------
Parser: org.semanticweb.owlapi.rio.RioParserImpl : org.semanticweb.owlapi.formats.N3DocumentFormatFactory@9a5
    Stack trace:
org.eclipse.rdf4j.rio.RDFParseException: Expected '.', found '<' [line 5]        org.semanticweb.owlapi.rio.RioParserImpl.parse(RioParserImpl.java:148)
        uk.ac.manchester.cs.owl.owlapi.OWLOntologyFactoryImpl.loadOWLOntology(OWLOntologyFactoryImpl.java:195)
        uk.ac.manchester.cs.owl.owlapi.OWLOntologyManagerImpl.load(OWLOntologyManagerImpl.java:1105)
        uk.ac.manchester.cs.owl.owlapi.OWLOntologyManagerImpl.loadOntology(OWLOntologyManagerImpl.java:1055)
        uk.ac.manchester.cs.owl.owlapi.OWLOntologyManagerImpl.loadOntology(OWLOntologyManagerImpl.java:955)
        uk.ac.manchester.cs.owl.owlapi.OWLOntologyManagerImpl.loadImports(OWLOntologyManagerImpl.java:1663)
        uk.ac.manchester.cs.owl.owlapi.OWLOntologyManagerImpl.makeLoadImportRequest(OWLOntologyManagerImpl.java:1703)
        org.semanticweb.owlapi.rdf.rdfxml.parser.TripleHandlers$TPImportsHandler.handleTriple(TripleHandlers.java:1555)
        org.semanticweb.owlapi.rdf.rdfxml.parser.TripleHandlers$HandlerAccessor.handleStreaming(TripleHandlers.java:369)
        org.semanticweb.owlapi.rdf.rdfxml.parser.OWLRDFConsumer.statementWithResourceValue(OWLRDFConsumer.java:1563)
Expected '.', found '<' [line 5]        org.eclipse.rdf4j.rio.helpers.RDFParserHelper.reportFatalError(RDFParserHelper.java:347)
        org.eclipse.rdf4j.rio.helpers.AbstractRDFParser.reportFatalError(AbstractRDFParser.java:698)
        org.eclipse.rdf4j.rio.turtle.TurtleParser.reportFatalError(TurtleParser.java:1309)
        org.eclipse.rdf4j.rio.turtle.TurtleParser.verifyCharacterOrFail(TurtleParser.java:1154)
        org.eclipse.rdf4j.rio.turtle.TurtleParser.parseStatement(TurtleParser.java:205)
        org.eclipse.rdf4j.rio.turtle.TurtleParser.parse(TurtleParser.java:165)
        org.semanticweb.owlapi.rio.RioParserImpl.parseDocumentSource(RioParserImpl.java:186)
        org.semanticweb.owlapi.rio.RioParserImpl.parse(RioParserImpl.java:134)
        uk.ac.manchester.cs.owl.owlapi.OWLOntologyFactoryImpl.loadOWLOntology(OWLOntologyFactoryImpl.java:195)
        uk.ac.manchester.cs.owl.owlapi.OWLOntologyManagerImpl.load(OWLOntologyManagerImpl.java:1105)


--------------------------------------------------------------------------------
Parser: org.semanticweb.owlapi.rio.RioParserImpl : org.semanticweb.owlapi.formats.RioRDFXMLDocumentFormatFactory@69b9a3bc
    Stack trace:
org.eclipse.rdf4j.rio.RDFParseException: ע���в����������ַ��� "--"�� [line 38, column 12]        org.semanticweb.owlapi.rio.RioParserImpl.parse(RioParserImpl.java:148)
        uk.ac.manchester.cs.owl.owlapi.OWLOntologyFactoryImpl.loadOWLOntology(OWLOntologyFactoryImpl.java:195)
        uk.ac.manchester.cs.owl.owlapi.OWLOntologyManagerImpl.load(OWLOntologyManagerImpl.java:1105)
        uk.ac.manchester.cs.owl.owlapi.OWLOntologyManagerImpl.loadOntology(OWLOntologyManagerImpl.java:1055)
        uk.ac.manchester.cs.owl.owlapi.OWLOntologyManagerImpl.loadOntology(OWLOntologyManagerImpl.java:955)
        uk.ac.manchester.cs.owl.owlapi.OWLOntologyManagerImpl.loadImports(OWLOntologyManagerImpl.java:1663)
        uk.ac.manchester.cs.owl.owlapi.OWLOntologyManagerImpl.makeLoadImportRequest(OWLOntologyManagerImpl.java:1703)
        org.semanticweb.owlapi.rdf.rdfxml.parser.TripleHandlers$TPImportsHandler.handleTriple(TripleHandlers.java:1555)
        org.semanticweb.owlapi.rdf.rdfxml.parser.TripleHandlers$HandlerAccessor.handleStreaming(TripleHandlers.java:369)
        org.semanticweb.owlapi.rdf.rdfxml.parser.OWLRDFConsumer.statementWithResourceValue(OWLRDFConsumer.java:1563)
ע���в����������ַ��� "--"�� [line 38, column 12]        org.eclipse.rdf4j.rio.helpers.RDFParserHelper.reportFatalError(RDFParserHelper.java:380)
        org.eclipse.rdf4j.rio.helpers.AbstractRDFParser.reportFatalError(AbstractRDFParser.java:723)
        org.eclipse.rdf4j.rio.rdfxml.RDFXMLParser.reportFatalError(RDFXMLParser.java:1022)
        org.eclipse.rdf4j.rio.rdfxml.RDFXMLParser.fatalError(RDFXMLParser.java:1159)
        java.xml/com.sun.org.apache.xerces.internal.util.ErrorHandlerWrapper.fatalError(ErrorHandlerWrapper.java:181)
        java.xml/com.sun.org.apache.xerces.internal.impl.XMLErrorReporter.reportError(XMLErrorReporter.java:400)
        java.xml/com.sun.org.apache.xerces.internal.impl.XMLErrorReporter.reportError(XMLErrorReporter.java:327)
        java.xml/com.sun.org.apache.xerces.internal.impl.XMLScanner.reportFatalError(XMLScanner.java:1465)
        java.xml/com.sun.org.apache.xerces.internal.impl.XMLScanner.scanComment(XMLScanner.java:818)
        java.xml/com.sun.org.apache.xerces.internal.impl.XMLDocumentFragmentScannerImpl.scanComment(XMLDocumentFragmentScannerImpl.java:1088)
ע���в����������ַ��� "--"��        java.xml/com.sun.org.apache.xerces.internal.util.ErrorHandlerWrapper.createSAXParseException(ErrorHandlerWrapper.java:204)
        java.xml/com.sun.org.apache.xerces.internal.util.ErrorHandlerWrapper.fatalError(ErrorHandlerWrapper.java:178)
        java.xml/com.sun.org.apache.xerces.internal.impl.XMLErrorReporter.reportError(XMLErrorReporter.java:400)
        java.xml/com.sun.org.apache.xerces.internal.impl.XMLErrorReporter.reportError(XMLErrorReporter.java:327)
        java.xml/com.sun.org.apache.xerces.internal.impl.XMLScanner.reportFatalError(XMLScanner.java:1465)
        java.xml/com.sun.org.apache.xerces.internal.impl.XMLScanner.scanComment(XMLScanner.java:818)
        java.xml/com.sun.org.apache.xerces.internal.impl.XMLDocumentFragmentScannerImpl.scanComment(XMLDocumentFragmentScannerImpl.java:1088)
        java.xml/com.sun.org.apache.xerces.internal.impl.XMLDocumentFragmentScannerImpl$FragmentContentDriver.next(XMLDocumentFragmentScannerImpl.java:2924)
        java.xml/com.sun.org.apache.xerces.internal.impl.XMLDocumentScannerImpl.next(XMLDocumentScannerImpl.java:635)
        java.xml/com.sun.org.apache.xerces.internal.impl.XMLNSDocumentScannerImpl.next(XMLNSDocumentScannerImpl.java:113)


--------------------------------------------------------------------------------
Parser: org.semanticweb.owlapi.rdf.turtle.parser.TurtleOntologyParser@7c0a6f62
    Stack trace:
org.semanticweb.owlapi.rdf.turtle.parser.ParseException: Encountered unexpected token: "<" <ERROR>
    at line 1, column 1.

Was expecting one of:

    "("
    "@base"
    "@prefix"
    "["
    <EMPTY_BLANK_NODE>
    <FULLIRI>
    <NODEID>
    <PNAME_LN>
    <PNAME_NS>
        org.semanticweb.owlapi.rdf.turtle.parser.TurtleOntologyParser.parse(TurtleOntologyParser.java:58)
        uk.ac.manchester.cs.owl.owlapi.OWLOntologyFactoryImpl.loadOWLOntology(OWLOntologyFactoryImpl.java:195)
        uk.ac.manchester.cs.owl.owlapi.OWLOntologyManagerImpl.load(OWLOntologyManagerImpl.java:1105)
        uk.ac.manchester.cs.owl.owlapi.OWLOntologyManagerImpl.loadOntology(OWLOntologyManagerImpl.java:1055)
        uk.ac.manchester.cs.owl.owlapi.OWLOntologyManagerImpl.loadOntology(OWLOntologyManagerImpl.java:955)
        uk.ac.manchester.cs.owl.owlapi.OWLOntologyManagerImpl.loadImports(OWLOntologyManagerImpl.java:1663)
        uk.ac.manchester.cs.owl.owlapi.OWLOntologyManagerImpl.makeLoadImportRequest(OWLOntologyManagerImpl.java:1703)
        org.semanticweb.owlapi.rdf.rdfxml.parser.TripleHandlers$TPImportsHandler.handleTriple(TripleHandlers.java:1555)
        org.semanticweb.owlapi.rdf.rdfxml.parser.TripleHandlers$HandlerAccessor.handleStreaming(TripleHandlers.java:369)
        org.semanticweb.owlapi.rdf.rdfxml.parser.OWLRDFConsumer.statementWithResourceValue(OWLRDFConsumer.java:1563)
Encountered unexpected token: "<" <ERROR>
    at line 1, column 1.

Was expecting one of:

    "("
    "@base"
    "@prefix"
    "["
    <EMPTY_BLANK_NODE>
    <FULLIRI>
    <NODEID>
    <PNAME_LN>
    <PNAME_NS>
        org.semanticweb.owlapi.rdf.turtle.parser.TurtleParser.generateParseException(TurtleParser.java:1034)
        org.semanticweb.owlapi.rdf.turtle.parser.TurtleParser.jj_consume_token(TurtleParser.java:902)
        org.semanticweb.owlapi.rdf.turtle.parser.TurtleParser.parseDocument(TurtleParser.java:165)
        org.semanticweb.owlapi.rdf.turtle.parser.TurtleOntologyParser.parse(TurtleOntologyParser.java:54)
        uk.ac.manchester.cs.owl.owlapi.OWLOntologyFactoryImpl.loadOWLOntology(OWLOntologyFactoryImpl.java:195)
        uk.ac.manchester.cs.owl.owlapi.OWLOntologyManagerImpl.load(OWLOntologyManagerImpl.java:1105)
        uk.ac.manchester.cs.owl.owlapi.OWLOntologyManagerImpl.loadOntology(OWLOntologyManagerImpl.java:1055)
        uk.ac.manchester.cs.owl.owlapi.OWLOntologyManagerImpl.loadOntology(OWLOntologyManagerImpl.java:955)
        uk.ac.manchester.cs.owl.owlapi.OWLOntologyManagerImpl.loadImports(OWLOntologyManagerImpl.java:1663)
        uk.ac.manchester.cs.owl.owlapi.OWLOntologyManagerImpl.makeLoadImportRequest(OWLOntologyManagerImpl.java:1703)


--------------------------------------------------------------------------------
Parser: org.semanticweb.owlapi.oboformat.OBOFormatOWLAPIParser@6b170692
    Stack trace:
LINENO: 1 - Could not find tag separator ':' in line.
LINE: <?xml version="1.0" encoding="UTF-8"?>        org.semanticweb.owlapi.oboformat.OBOFormatOWLAPIParser.parse(OBOFormatOWLAPIParser.java:50)
        uk.ac.manchester.cs.owl.owlapi.OWLOntologyFactoryImpl.loadOWLOntology(OWLOntologyFactoryImpl.java:195)
        uk.ac.manchester.cs.owl.owlapi.OWLOntologyManagerImpl.load(OWLOntologyManagerImpl.java:1105)
        uk.ac.manchester.cs.owl.owlapi.OWLOntologyManagerImpl.loadOntology(OWLOntologyManagerImpl.java:1055)
        uk.ac.manchester.cs.owl.owlapi.OWLOntologyManagerImpl.loadOntology(OWLOntologyManagerImpl.java:955)
        uk.ac.manchester.cs.owl.owlapi.OWLOntologyManagerImpl.loadImports(OWLOntologyManagerImpl.java:1663)
        uk.ac.manchester.cs.owl.owlapi.OWLOntologyManagerImpl.makeLoadImportRequest(OWLOntologyManagerImpl.java:1703)
        org.semanticweb.owlapi.rdf.rdfxml.parser.TripleHandlers$TPImportsHandler.handleTriple(TripleHandlers.java:1555)
        org.semanticweb.owlapi.rdf.rdfxml.parser.TripleHandlers$HandlerAccessor.handleStreaming(TripleHandlers.java:369)
        org.semanticweb.owlapi.rdf.rdfxml.parser.OWLRDFConsumer.statementWithResourceValue(OWLRDFConsumer.java:1563)
LINENO: 1 - Could not find tag separator ':' in line.
LINE: <?xml version="1.0" encoding="UTF-8"?>        org.obolibrary.oboformat.parser.OBOFormatParser.error(OBOFormatParser.java:1317)
        org.obolibrary.oboformat.parser.OBOFormatParser.getParseTag(OBOFormatParser.java:731)
        org.obolibrary.oboformat.parser.OBOFormatParser.parseHeaderClause(OBOFormatParser.java:409)
        org.obolibrary.oboformat.parser.OBOFormatParser.parseHeaderClauseNl(OBOFormatParser.java:402)
        org.obolibrary.oboformat.parser.OBOFormatParser.parseHeaderFrame(OBOFormatParser.java:385)
        org.obolibrary.oboformat.parser.OBOFormatParser.parseOBODoc(OBOFormatParser.java:268)
        org.obolibrary.oboformat.parser.OBOFormatParser.parse(OBOFormatParser.java:237)
        org.semanticweb.owlapi.oboformat.OBOFormatOWLAPIParser.parse(OBOFormatOWLAPIParser.java:44)
        uk.ac.manchester.cs.owl.owlapi.OWLOntologyFactoryImpl.loadOWLOntology(OWLOntologyFactoryImpl.java:195)
        uk.ac.manchester.cs.owl.owlapi.OWLOntologyManagerImpl.load(OWLOntologyManagerImpl.java:1105)


--------------------------------------------------------------------------------
Parser: org.semanticweb.owlapi.dlsyntax.parser.DLSyntaxOWLParser@4603c412
    Stack trace:
Encountered unexpected token: "<" <MAX>
    at line 1, column 1.

Was expecting one of:

    ":"
    "\n"
        org.semanticweb.owlapi.dlsyntax.parser.DLSyntaxOWLParser.parse(DLSyntaxOWLParser.java:52)
        uk.ac.manchester.cs.owl.owlapi.OWLOntologyFactoryImpl.loadOWLOntology(OWLOntologyFactoryImpl.java:195)
        uk.ac.manchester.cs.owl.owlapi.OWLOntologyManagerImpl.load(OWLOntologyManagerImpl.java:1105)
        uk.ac.manchester.cs.owl.owlapi.OWLOntologyManagerImpl.loadOntology(OWLOntologyManagerImpl.java:1055)
        uk.ac.manchester.cs.owl.owlapi.OWLOntologyManagerImpl.loadOntology(OWLOntologyManagerImpl.java:955)
        uk.ac.manchester.cs.owl.owlapi.OWLOntologyManagerImpl.loadImports(OWLOntologyManagerImpl.java:1663)
        uk.ac.manchester.cs.owl.owlapi.OWLOntologyManagerImpl.makeLoadImportRequest(OWLOntologyManagerImpl.java:1703)
        org.semanticweb.owlapi.rdf.rdfxml.parser.TripleHandlers$TPImportsHandler.handleTriple(TripleHandlers.java:1555)
        org.semanticweb.owlapi.rdf.rdfxml.parser.TripleHandlers$HandlerAccessor.handleStreaming(TripleHandlers.java:369)
        org.semanticweb.owlapi.rdf.rdfxml.parser.OWLRDFConsumer.statementWithResourceValue(OWLRDFConsumer.java:1563)
Encountered unexpected token: "<" <MAX>
    at line 1, column 1.

Was expecting one of:

    ":"
    "\n"
        org.semanticweb.owlapi.dlsyntax.parser.DLSyntaxParser.generateParseException(DLSyntaxParser.java:1572)
        org.semanticweb.owlapi.dlsyntax.parser.DLSyntaxParser.jj_consume_token(DLSyntaxParser.java:1443)
        org.semanticweb.owlapi.dlsyntax.parser.DLSyntaxParser.parseAxiom(DLSyntaxParser.java:141)
        org.semanticweb.owlapi.dlsyntax.parser.DLSyntaxParser.parseAxioms(DLSyntaxParser.java:114)
        org.semanticweb.owlapi.dlsyntax.parser.DLSyntaxOWLParser.parse(DLSyntaxOWLParser.java:48)
        uk.ac.manchester.cs.owl.owlapi.OWLOntologyFactoryImpl.loadOWLOntology(OWLOntologyFactoryImpl.java:195)
        uk.ac.manchester.cs.owl.owlapi.OWLOntologyManagerImpl.load(OWLOntologyManagerImpl.java:1105)
        uk.ac.manchester.cs.owl.owlapi.OWLOntologyManagerImpl.loadOntology(OWLOntologyManagerImpl.java:1055)
        uk.ac.manchester.cs.owl.owlapi.OWLOntologyManagerImpl.loadOntology(OWLOntologyManagerImpl.java:955)
        uk.ac.manchester.cs.owl.owlapi.OWLOntologyManagerImpl.loadImports(OWLOntologyManagerImpl.java:1663)


--------------------------------------------------------------------------------
Parser: org.semanticweb.owlapi.rio.RioParserImpl : org.semanticweb.owlapi.formats.BinaryRDFDocumentFormatFactory@3bf24493
    Stack trace:
org.eclipse.rdf4j.rio.RDFParseException: File does not contain a binary RDF document        org.semanticweb.owlapi.rio.RioParserImpl.parse(RioParserImpl.java:148)
        uk.ac.manchester.cs.owl.owlapi.OWLOntologyFactoryImpl.loadOWLOntology(OWLOntologyFactoryImpl.java:195)
        uk.ac.manchester.cs.owl.owlapi.OWLOntologyManagerImpl.load(OWLOntologyManagerImpl.java:1105)
        uk.ac.manchester.cs.owl.owlapi.OWLOntologyManagerImpl.loadOntology(OWLOntologyManagerImpl.java:1055)
        uk.ac.manchester.cs.owl.owlapi.OWLOntologyManagerImpl.loadOntology(OWLOntologyManagerImpl.java:955)
        uk.ac.manchester.cs.owl.owlapi.OWLOntologyManagerImpl.loadImports(OWLOntologyManagerImpl.java:1663)
        uk.ac.manchester.cs.owl.owlapi.OWLOntologyManagerImpl.makeLoadImportRequest(OWLOntologyManagerImpl.java:1703)
        org.semanticweb.owlapi.rdf.rdfxml.parser.TripleHandlers$TPImportsHandler.handleTriple(TripleHandlers.java:1555)
        org.semanticweb.owlapi.rdf.rdfxml.parser.TripleHandlers$HandlerAccessor.handleStreaming(TripleHandlers.java:369)
        org.semanticweb.owlapi.rdf.rdfxml.parser.OWLRDFConsumer.statementWithResourceValue(OWLRDFConsumer.java:1563)
File does not contain a binary RDF document        org.eclipse.rdf4j.rio.helpers.RDFParserHelper.reportFatalError(RDFParserHelper.java:347)
        org.eclipse.rdf4j.rio.helpers.RDFParserHelper.reportFatalError(RDFParserHelper.java:334)
        org.eclipse.rdf4j.rio.helpers.AbstractRDFParser.reportFatalError(AbstractRDFParser.java:690)
        org.eclipse.rdf4j.rio.binary.BinaryRDFParser.parse(BinaryRDFParser.java:92)
        org.semanticweb.owlapi.rio.RioParserImpl.parseDocumentSource(RioParserImpl.java:198)
        org.semanticweb.owlapi.rio.RioParserImpl.parse(RioParserImpl.java:134)
        uk.ac.manchester.cs.owl.owlapi.OWLOntologyFactoryImpl.loadOWLOntology(OWLOntologyFactoryImpl.java:195)
        uk.ac.manchester.cs.owl.owlapi.OWLOntologyManagerImpl.load(OWLOntologyManagerImpl.java:1105)
        uk.ac.manchester.cs.owl.owlapi.OWLOntologyManagerImpl.loadOntology(OWLOntologyManagerImpl.java:1055)
        uk.ac.manchester.cs.owl.owlapi.OWLOntologyManagerImpl.loadOntology(OWLOntologyManagerImpl.java:955)


--------------------------------------------------------------------------------
Parser: org.semanticweb.owlapi.krss2.parser.KRSS2OWLParser@341df373
    Stack trace:
org.semanticweb.owlapi.krss2.parser.ParseException: Encountered unexpected token: "<?xml version=\"1.0\" encoding=\"UTF-8\"?>" ">"
    at line 1, column 1.

Was expecting:

    <EOF>
        org.semanticweb.owlapi.krss2.parser.KRSS2OWLParser.parse(KRSS2OWLParser.java:252)
        uk.ac.manchester.cs.owl.owlapi.OWLOntologyFactoryImpl.loadOWLOntology(OWLOntologyFactoryImpl.java:195)
        uk.ac.manchester.cs.owl.owlapi.OWLOntologyManagerImpl.load(OWLOntologyManagerImpl.java:1105)
        uk.ac.manchester.cs.owl.owlapi.OWLOntologyManagerImpl.loadOntology(OWLOntologyManagerImpl.java:1055)
        uk.ac.manchester.cs.owl.owlapi.OWLOntologyManagerImpl.loadOntology(OWLOntologyManagerImpl.java:955)
        uk.ac.manchester.cs.owl.owlapi.OWLOntologyManagerImpl.loadImports(OWLOntologyManagerImpl.java:1663)
        uk.ac.manchester.cs.owl.owlapi.OWLOntologyManagerImpl.makeLoadImportRequest(OWLOntologyManagerImpl.java:1703)
        org.semanticweb.owlapi.rdf.rdfxml.parser.TripleHandlers$TPImportsHandler.handleTriple(TripleHandlers.java:1555)
        org.semanticweb.owlapi.rdf.rdfxml.parser.TripleHandlers$HandlerAccessor.handleStreaming(TripleHandlers.java:369)
        org.semanticweb.owlapi.rdf.rdfxml.parser.OWLRDFConsumer.statementWithResourceValue(OWLRDFConsumer.java:1563)
Encountered unexpected token: "<?xml version=\"1.0\" encoding=\"UTF-8\"?>" ">"
    at line 1, column 1.

Was expecting:

    <EOF>
        org.semanticweb.owlapi.krss2.parser.KRSS2Parser.generateParseException(KRSS2Parser.java:2103)
        org.semanticweb.owlapi.krss2.parser.KRSS2Parser.jj_consume_token(KRSS2Parser.java:1968)
        org.semanticweb.owlapi.krss2.parser.KRSS2Parser.parse(KRSS2Parser.java:124)
        org.semanticweb.owlapi.krss2.parser.KRSS2OWLParser.parse(KRSS2OWLParser.java:249)
        uk.ac.manchester.cs.owl.owlapi.OWLOntologyFactoryImpl.loadOWLOntology(OWLOntologyFactoryImpl.java:195)
        uk.ac.manchester.cs.owl.owlapi.OWLOntologyManagerImpl.load(OWLOntologyManagerImpl.java:1105)
        uk.ac.manchester.cs.owl.owlapi.OWLOntologyManagerImpl.loadOntology(OWLOntologyManagerImpl.java:1055)
        uk.ac.manchester.cs.owl.owlapi.OWLOntologyManagerImpl.loadOntology(OWLOntologyManagerImpl.java:955)
        uk.ac.manchester.cs.owl.owlapi.OWLOntologyManagerImpl.loadImports(OWLOntologyManagerImpl.java:1663)
        uk.ac.manchester.cs.owl.owlapi.OWLOntologyManagerImpl.makeLoadImportRequest(OWLOntologyManagerImpl.java:1703)


--------------------------------------------------------------------------------
Parser: org.semanticweb.owlapi.rio.RioParserImpl : org.semanticweb.owlapi.formats.HDTRDFDocumentFormatFactory@116d8
    Stack trace:
org.eclipse.rdf4j.rio.RDFParseException: $HDT marker not found [line 4]        org.semanticweb.owlapi.rio.RioParserImpl.parse(RioParserImpl.java:148)
        uk.ac.manchester.cs.owl.owlapi.OWLOntologyFactoryImpl.loadOWLOntology(OWLOntologyFactoryImpl.java:195)
        uk.ac.manchester.cs.owl.owlapi.OWLOntologyManagerImpl.load(OWLOntologyManagerImpl.java:1105)
        uk.ac.manchester.cs.owl.owlapi.OWLOntologyManagerImpl.loadOntology(OWLOntologyManagerImpl.java:1055)
        uk.ac.manchester.cs.owl.owlapi.OWLOntologyManagerImpl.loadOntology(OWLOntologyManagerImpl.java:955)
        uk.ac.manchester.cs.owl.owlapi.OWLOntologyManagerImpl.loadImports(OWLOntologyManagerImpl.java:1663)
        uk.ac.manchester.cs.owl.owlapi.OWLOntologyManagerImpl.makeLoadImportRequest(OWLOntologyManagerImpl.java:1703)
        org.semanticweb.owlapi.rdf.rdfxml.parser.TripleHandlers$TPImportsHandler.handleTriple(TripleHandlers.java:1555)
        org.semanticweb.owlapi.rdf.rdfxml.parser.TripleHandlers$HandlerAccessor.handleStreaming(TripleHandlers.java:369)
        org.semanticweb.owlapi.rdf.rdfxml.parser.OWLRDFConsumer.statementWithResourceValue(OWLRDFConsumer.java:1563)
$HDT marker not found [line 4]        org.eclipse.rdf4j.rio.helpers.RDFParserHelper.reportFatalError(RDFParserHelper.java:347)
        org.eclipse.rdf4j.rio.helpers.AbstractRDFParser.reportFatalError(AbstractRDFParser.java:698)
        org.eclipse.rdf4j.rio.hdt.HDTParser.parse(HDTParser.java:156)
        org.semanticweb.owlapi.rio.RioParserImpl.parseDocumentSource(RioParserImpl.java:198)
        org.semanticweb.owlapi.rio.RioParserImpl.parse(RioParserImpl.java:134)
        uk.ac.manchester.cs.owl.owlapi.OWLOntologyFactoryImpl.loadOWLOntology(OWLOntologyFactoryImpl.java:195)
        uk.ac.manchester.cs.owl.owlapi.OWLOntologyManagerImpl.load(OWLOntologyManagerImpl.java:1105)
        uk.ac.manchester.cs.owl.owlapi.OWLOntologyManagerImpl.loadOntology(OWLOntologyManagerImpl.java:1055)
        uk.ac.manchester.cs.owl.owlapi.OWLOntologyManagerImpl.loadOntology(OWLOntologyManagerImpl.java:955)
        uk.ac.manchester.cs.owl.owlapi.OWLOntologyManagerImpl.loadImports(OWLOntologyManagerImpl.java:1663)


--------------------------------------------------------------------------------
Parser: org.semanticweb.owlapi.rio.RioParserImpl : org.semanticweb.owlapi.formats.RDFaDocumentFormatFactory@264e8d
    Stack trace:
org.eclipse.rdf4j.rio.UnsupportedRDFormatException: Did not recognise RDF format object RDFa (mimeTypes=application/xhtml+xml, application/html, text/html; ext=xhtml, html)        org.semanticweb.owlapi.rio.RioParserImpl.parse(RioParserImpl.java:148)
        uk.ac.manchester.cs.owl.owlapi.OWLOntologyFactoryImpl.loadOWLOntology(OWLOntologyFactoryImpl.java:195)
        uk.ac.manchester.cs.owl.owlapi.OWLOntologyManagerImpl.load(OWLOntologyManagerImpl.java:1105)
        uk.ac.manchester.cs.owl.owlapi.OWLOntologyManagerImpl.loadOntology(OWLOntologyManagerImpl.java:1055)
        uk.ac.manchester.cs.owl.owlapi.OWLOntologyManagerImpl.loadOntology(OWLOntologyManagerImpl.java:955)
        uk.ac.manchester.cs.owl.owlapi.OWLOntologyManagerImpl.loadImports(OWLOntologyManagerImpl.java:1663)
        uk.ac.manchester.cs.owl.owlapi.OWLOntologyManagerImpl.makeLoadImportRequest(OWLOntologyManagerImpl.java:1703)
        org.semanticweb.owlapi.rdf.rdfxml.parser.TripleHandlers$TPImportsHandler.handleTriple(TripleHandlers.java:1555)
        org.semanticweb.owlapi.rdf.rdfxml.parser.TripleHandlers$HandlerAccessor.handleStreaming(TripleHandlers.java:369)
        org.semanticweb.owlapi.rdf.rdfxml.parser.OWLRDFConsumer.statementWithResourceValue(OWLRDFConsumer.java:1563)
Did not recognise RDF format object RDFa (mimeTypes=application/xhtml+xml, application/html, text/html; ext=xhtml, html)        org.eclipse.rdf4j.rio.Rio.lambda$unsupportedFormat$0(Rio.java:761)
        java.base/java.util.Optional.orElseThrow(Optional.java:407)
        org.eclipse.rdf4j.rio.Rio.createParser(Rio.java:99)
        org.semanticweb.owlapi.rio.RioParserImpl.parseDocumentSource(RioParserImpl.java:173)
        org.semanticweb.owlapi.rio.RioParserImpl.parse(RioParserImpl.java:134)
        uk.ac.manchester.cs.owl.owlapi.OWLOntologyFactoryImpl.loadOWLOntology(OWLOntologyFactoryImpl.java:195)
        uk.ac.manchester.cs.owl.owlapi.OWLOntologyManagerImpl.load(OWLOntologyManagerImpl.java:1105)
        uk.ac.manchester.cs.owl.owlapi.OWLOntologyManagerImpl.loadOntology(OWLOntologyManagerImpl.java:1055)
        uk.ac.manchester.cs.owl.owlapi.OWLOntologyManagerImpl.loadOntology(OWLOntologyManagerImpl.java:955)
        uk.ac.manchester.cs.owl.owlapi.OWLOntologyManagerImpl.loadImports(OWLOntologyManagerImpl.java:1663)



	at uk.ac.manchester.cs.owl.owlapi.OWLOntologyFactoryImpl.loadOWLOntology(OWLOntologyFactoryImpl.java:236)
	at uk.ac.manchester.cs.owl.owlapi.OWLOntologyManagerImpl.load(OWLOntologyManagerImpl.java:1105)
	at uk.ac.manchester.cs.owl.owlapi.OWLOntologyManagerImpl.loadOntology(OWLOntologyManagerImpl.java:1055)
	at uk.ac.manchester.cs.owl.owlapi.OWLOntologyManagerImpl.loadOntology(OWLOntologyManagerImpl.java:955)
	at uk.ac.manchester.cs.owl.owlapi.OWLOntologyManagerImpl.loadImports(OWLOntologyManagerImpl.java:1663)
	at uk.ac.manchester.cs.owl.owlapi.OWLOntologyManagerImpl.makeLoadImportRequest(OWLOntologyManagerImpl.java:1703)
	... 78 more
Exception in thread "main" java.lang.AssertionError
	at it.unibz.inf.ontop.cli.Ontop.main(Ontop.java:31)
-------------------------------------------

    ####    #   #   #####    ####    #####
   #    #   ##  #     #     #    #   #    #
   #    #   # # #     #     #    #   #####
   #    #   #  ##     #     #    #   #
    ####    #   #     #      ####    #

   v5.5.0
   (Java 26.0.1, Windows 11 10.0)
-------------------------------------------




09:31:07.113 |-INFO  in i.u.i.o.e.OntopEndpointApplication - Starting OntopEndpointApplication v5.5.0 using Java 26.0.1 on Ocean-win-Desktop with PID 18760 (D:\work\Ontology\ontop-cli-5.5.0\lib\ontop-endpoint-5.5.0.jar started by ocean in D:\work\Ontology\ontop-cli-5.5.0)
09:31:07.118 |-INFO  in i.u.i.o.e.OntopEndpointApplication - No active profile set, falling back to 1 default profile: "default"
WARNING: A restricted method in java.lang.System has been called
WARNING: java.lang.System::load has been called by org.apache.tomcat.jni.Library in an unnamed module (file:/D:/work/Ontology/ontop-cli-5.5.0/lib/tomcat-embed-core-9.0.111.jar)
WARNING: Use --enable-native-access=ALL-UNNAMED to avoid a warning for callers in this module
WARNING: Restricted methods will be blocked in a future release unless native access is enabled

09:31:09.265 |-INFO  in o.s.b.w.e.tomcat.TomcatWebServer - Tomcat initialized with port(s): 8080 (http)
09:31:09.295 |-INFO  in o.a.coyote.http11.Http11NioProtocol - Initializing ProtocolHandler ["http-nio-8080"]
09:31:09.301 |-INFO  in o.a.catalina.core.StandardService - Starting service [Tomcat]
09:31:09.301 |-INFO  in o.a.catalina.core.StandardEngine - Starting Servlet engine: [Apache Tomcat/9.0.111]
09:31:09.659 |-INFO  in o.a.c.c.C.[Tomcat].[localhost].[/] - Initializing Spring embedded WebApplicationContext
09:31:09.659 |-INFO  in o.s.b.w.s.c.ServletWebServerApplicationContext - Root WebApplicationContext: initialization completed in 2440 ms
WARNING: A terminally deprecated method in sun.misc.Unsafe has been called
WARNING: sun.misc.Unsafe::objectFieldOffset has been called by com.google.common.util.concurrent.AbstractFuture$UnsafeAtomicHelper (file:/D:/work/Ontology/ontop-cli-5.5.0/lib/guava-32.0.1-jre.jar)
WARNING: Please consider reporting this to the maintainers of class com.google.common.util.concurrent.AbstractFuture$UnsafeAtomicHelper
WARNING: sun.misc.Unsafe::objectFieldOffset will be removed in a future release
09:31:14.028 |-INFO  in o.s.o.r.rdfxml.parser.OWLRDFConsumer - Unparsed triple: http://www.w3.org/2002/07/owl#equivalentProperty -> http://www.tcm-classics.org/skos/shexiang#progressesFrom -> http://www.tcm-classics.org/shexiang#progressesFrom
09:31:14.030 |-INFO  in o.s.o.r.rdfxml.parser.OWLRDFConsumer - Unparsed triple: http://www.w3.org/2002/07/owl#equivalentProperty -> http://www.tcm-classics.org/skos/shexiang#progressesTo -> http://www.tcm-classics.org/shexiang#progressesTo
09:31:14.216 |-WARN  in o.s.o.u.OWLAnnotationPropertyTransformer - Annotation property range axiom turned to object property range after parsing. This could introduce errors if the original range was an anonymous expression: http://www.tcm-classics.org/tcm#SymptomSign is the new domain.
09:31:14.217 |-WARN  in o.s.o.u.OWLAnnotationPropertyTransformer - Annotation property range axiom turned to data property range after parsing. This could introduce errors if the original range was an anonymous expression: http://www.w3.org/1999/02/22-rdf-syntax-ns#PlainLiteral is the new domain.
09:31:14.217 |-WARN  in o.s.o.u.OWLAnnotationPropertyTransformer - Annotation property range axiom turned to object property range after parsing. This could introduce errors if the original range was an anonymous expression: http://www.tcm-classics.org/liujing#SixChannelSyndrome is the new domain.
09:31:14.221 |-WARN  in o.s.o.u.OWLAnnotationPropertyTransformer - Annotation property range axiom turned to object property range after parsing. This could introduce errors if the original range was an anonymous expression: http://www.tcm-classics.org/bagang#EightPrincipleElement is the new domain.
09:31:14.221 |-WARN  in o.s.o.u.OWLAnnotationPropertyTransformer - Annotation property range axiom turned to object property range after parsing. This could introduce errors if the original range was an anonymous expression: http://www.tcm-classics.org/bagang#EightPrincipleElement is the new domain.
09:31:14.221 |-WARN  in o.s.o.u.OWLAnnotationPropertyTransformer - Annotation property range axiom turned to object property range after parsing. This could introduce errors if the original range was an anonymous expression: http://www.tcm-classics.org/maixiang#PulseManifestation is the new domain.
09:31:14.322 |-WARN  in i.u.i.o.s.o.o.OWLAPITranslatorOWL2QL - Quest can become unstable with properties declared as both data and object. Offending property: http://www.tcm-classics.org/jianjia#mainFormulaPattern
09:31:14.354 |-WARN  in i.u.i.o.s.o.o.OWLAPITranslatorOWL2QL - Axiom does not belong to OWL 2 QL: SubClassOf(<http://www.tcm-classics.org/bagang#Re> ObjectHasValue(<http://www.tcm-classics.org/bagang#summarizesAs> <http://www.tcm-classics.org/bagang#Yang>)) (unsupported operation in ObjectHasValue(<http://www.tcm-classics.org/bagang#summarizesAs> <http://www.tcm-classics.org/bagang#Yang>))
09:31:14.356 |-WARN  in i.u.i.o.s.o.o.OWLAPITranslatorOWL2QL - Axiom does not belong to OWL 2 QL: SubClassOf(<http://www.tcm-classics.org/bagang#Shi> ObjectHasValue(<http://www.tcm-classics.org/bagang#summarizesAs> <http://www.tcm-classics.org/bagang#Yang>)) (unsupported operation in ObjectHasValue(<http://www.tcm-classics.org/bagang#summarizesAs> <http://www.tcm-classics.org/bagang#Yang>))
09:31:14.368 |-WARN  in i.u.i.o.s.o.o.OWLAPITranslatorOWL2QL - Axiom does not belong to OWL 2 QL: SubClassOf(<http://www.tcm-classics.org/bagang#Han> ObjectHasValue(<http://www.tcm-classics.org/bagang#summarizesAs> <http://www.tcm-classics.org/bagang#Yin>)) (unsupported operation in ObjectHasValue(<http://www.tcm-classics.org/bagang#summarizesAs> <http://www.tcm-classics.org/bagang#Yin>))
09:31:14.368 |-WARN  in i.u.i.o.s.o.o.OWLAPITranslatorOWL2QL - Axiom does not belong to OWL 2 QL: SubClassOf(<http://www.tcm-classics.org/bagang#Xu> ObjectHasValue(<http://www.tcm-classics.org/bagang#summarizesAs> <http://www.tcm-classics.org/bagang#Yin>)) (unsupported operation in ObjectHasValue(<http://www.tcm-classics.org/bagang#summarizesAs> <http://www.tcm-classics.org/bagang#Yin>))
09:31:14.510 |-WARN  in o.s.b.w.s.c.AnnotationConfigServletWebServerApplicationContext - Exception encountered during context initialization - cancelling refresh attempt: org.springframework.beans.factory.UnsatisfiedDependencyException: Error creating bean with name 'sparqlQueryController' defined in URL [jar:file:/D:/work/Ontology/ontop-cli-5.5.0/lib/ontop-endpoint-5.5.0.jar!/it/unibz/inf/ontop/endpoint/controllers/SparqlQueryController.class]: Unsatisfied dependency expressed through constructor parameter 0; nested exception is org.springframework.beans.factory.BeanCreationException: Error creating bean with name 'setupVirtualRepository' defined in class path resource [it/unibz/inf/ontop/endpoint/beans/OntopVirtualRepositoryBean.class]: Bean instantiation via factory method failed; nested exception is org.springframework.beans.BeanInstantiationException: Failed to instantiate [it.unibz.inf.ontop.rdf4j.repository.impl.OntopVirtualRepository]: Factory method 'setupVirtualRepository' threw exception; nested exception is org.eclipse.rdf4j.repository.RepositoryException: java.lang.RuntimeException: DataProperty not found: http://www.tcm-classics.org/jianjia#mainFormulaPattern
09:31:14.518 |-INFO  in o.a.catalina.core.StandardService - Stopping service [Tomcat]
09:31:14.568 |-INFO  in o.s.b.a.l.ConditionEvaluationReportLoggingListener - 

Error starting ApplicationContext. To display the conditions report re-run your application with 'debug' enabled.
09:31:14.613 |-ERROR in o.s.boot.SpringApplication - Application run failed
org.springframework.beans.factory.UnsatisfiedDependencyException: Error creating bean with name 'sparqlQueryController' defined in URL [jar:file:/D:/work/Ontology/ontop-cli-5.5.0/lib/ontop-endpoint-5.5.0.jar!/it/unibz/inf/ontop/endpoint/controllers/SparqlQueryController.class]: Unsatisfied dependency expressed through constructor parameter 0; nested exception is org.springframework.beans.factory.BeanCreationException: Error creating bean with name 'setupVirtualRepository' defined in class path resource [it/unibz/inf/ontop/endpoint/beans/OntopVirtualRepositoryBean.class]: Bean instantiation via factory method failed; nested exception is org.springframework.beans.BeanInstantiationException: Failed to instantiate [it.unibz.inf.ontop.rdf4j.repository.impl.OntopVirtualRepository]: Factory method 'setupVirtualRepository' threw exception; nested exception is org.eclipse.rdf4j.repository.RepositoryException: java.lang.RuntimeException: DataProperty not found: http://www.tcm-classics.org/jianjia#mainFormulaPattern
	at org.springframework.beans.factory.support.ConstructorResolver.createArgumentArray(ConstructorResolver.java:801)
	at org.springframework.beans.factory.support.ConstructorResolver.autowireConstructor(ConstructorResolver.java:224)
	at org.springframework.beans.factory.support.AbstractAutowireCapableBeanFactory.autowireConstructor(AbstractAutowireCapableBeanFactory.java:1372)
	at org.springframework.beans.factory.support.AbstractAutowireCapableBeanFactory.createBeanInstance(AbstractAutowireCapableBeanFactory.java:1222)
	at org.springframework.beans.factory.support.AbstractAutowireCapableBeanFactory.doCreateBean(AbstractAutowireCapableBeanFactory.java:582)
	at org.springframework.beans.factory.support.AbstractAutowireCapableBeanFactory.createBean(AbstractAutowireCapableBeanFactory.java:542)
	at org.springframework.beans.factory.support.AbstractBeanFactory.lambda$doGetBean$0(AbstractBeanFactory.java:335)
	at org.springframework.beans.factory.support.DefaultSingletonBeanRegistry.getSingleton(DefaultSingletonBeanRegistry.java:234)
	at org.springframework.beans.factory.support.AbstractBeanFactory.doGetBean(AbstractBeanFactory.java:333)
	at org.springframework.beans.factory.support.AbstractBeanFactory.getBean(AbstractBeanFactory.java:208)
	at org.springframework.beans.factory.support.DefaultListableBeanFactory.preInstantiateSingletons(DefaultListableBeanFactory.java:955)
	at org.springframework.context.support.AbstractApplicationContext.finishBeanFactoryInitialization(AbstractApplicationContext.java:929)
	at org.springframework.context.support.AbstractApplicationContext.refresh(AbstractApplicationContext.java:591)
	at org.springframework.boot.web.servlet.context.ServletWebServerApplicationContext.refresh(ServletWebServerApplicationContext.java:147)
	at org.springframework.boot.SpringApplication.refresh(SpringApplication.java:732)
	at org.springframework.boot.SpringApplication.refreshContext(SpringApplication.java:409)
	at org.springframework.boot.SpringApplication.run(SpringApplication.java:308)
	at org.springframework.boot.SpringApplication.run(SpringApplication.java:1300)
	at org.springframework.boot.SpringApplication.run(SpringApplication.java:1289)
	at it.unibz.inf.ontop.endpoint.OntopEndpointApplication.main(OntopEndpointApplication.java:20)
	at it.unibz.inf.ontop.cli.OntopEndpoint.run(OntopEndpoint.java:152)
	at it.unibz.inf.ontop.cli.Ontop.main(Ontop.java:19)
Caused by: org.springframework.beans.factory.BeanCreationException: Error creating bean with name 'setupVirtualRepository' defined in class path resource [it/unibz/inf/ontop/endpoint/beans/OntopVirtualRepositoryBean.class]: Bean instantiation via factory method failed; nested exception is org.springframework.beans.BeanInstantiationException: Failed to instantiate [it.unibz.inf.ontop.rdf4j.repository.impl.OntopVirtualRepository]: Factory method 'setupVirtualRepository' threw exception; nested exception is org.eclipse.rdf4j.repository.RepositoryException: java.lang.RuntimeException: DataProperty not found: http://www.tcm-classics.org/jianjia#mainFormulaPattern
	at org.springframework.beans.factory.support.ConstructorResolver.instantiate(ConstructorResolver.java:653)
	at org.springframework.beans.factory.support.ConstructorResolver.instantiateUsingFactoryMethod(ConstructorResolver.java:633)
	at org.springframework.beans.factory.support.AbstractAutowireCapableBeanFactory.instantiateUsingFactoryMethod(AbstractAutowireCapableBeanFactory.java:1352)
	at org.springframework.beans.factory.support.AbstractAutowireCapableBeanFactory.createBeanInstance(AbstractAutowireCapableBeanFactory.java:1195)
	at org.springframework.beans.factory.support.AbstractAutowireCapableBeanFactory.doCreateBean(AbstractAutowireCapableBeanFactory.java:582)
	at org.springframework.beans.factory.support.AbstractAutowireCapableBeanFactory.createBean(AbstractAutowireCapableBeanFactory.java:542)
	at org.springframework.beans.factory.support.AbstractBeanFactory.lambda$doGetBean$0(AbstractBeanFactory.java:335)
	at org.springframework.beans.factory.support.DefaultSingletonBeanRegistry.getSingleton(DefaultSingletonBeanRegistry.java:234)
	at org.springframework.beans.factory.support.AbstractBeanFactory.doGetBean(AbstractBeanFactory.java:333)
	at org.springframework.beans.factory.support.AbstractBeanFactory.getBean(AbstractBeanFactory.java:208)
	at org.springframework.beans.factory.config.DependencyDescriptor.resolveCandidate(DependencyDescriptor.java:276)
	at org.springframework.beans.factory.support.DefaultListableBeanFactory.doResolveDependency(DefaultListableBeanFactory.java:1391)
	at org.springframework.beans.factory.support.DefaultListableBeanFactory.resolveDependency(DefaultListableBeanFactory.java:1311)
	at org.springframework.beans.factory.support.ConstructorResolver.resolveAutowiredArgument(ConstructorResolver.java:911)
	at org.springframework.beans.factory.support.ConstructorResolver.createArgumentArray(ConstructorResolver.java:788)
	... 21 common frames omitted
Caused by: org.springframework.beans.BeanInstantiationException: Failed to instantiate [it.unibz.inf.ontop.rdf4j.repository.impl.OntopVirtualRepository]: Factory method 'setupVirtualRepository' threw exception; nested exception is org.eclipse.rdf4j.repository.RepositoryException: java.lang.RuntimeException: DataProperty not found: http://www.tcm-classics.org/jianjia#mainFormulaPattern
	at org.springframework.beans.factory.support.SimpleInstantiationStrategy.instantiate(SimpleInstantiationStrategy.java:185)
	at org.springframework.beans.factory.support.ConstructorResolver.instantiate(ConstructorResolver.java:648)
	... 35 common frames omitted
Caused by: org.eclipse.rdf4j.repository.RepositoryException: java.lang.RuntimeException: DataProperty not found: http://www.tcm-classics.org/jianjia#mainFormulaPattern
	at it.unibz.inf.ontop.rdf4j.repository.impl.OntopVirtualRepository.initializeInternal(OntopVirtualRepository.java:76)
	at org.eclipse.rdf4j.repository.base.AbstractRepository.init(AbstractRepository.java:36)
	at it.unibz.inf.ontop.endpoint.beans.OntopVirtualRepositoryBean.setupVirtualRepository(OntopVirtualRepositoryBean.java:91)
	at java.base/jdk.internal.reflect.DirectMethodHandleAccessor.invoke(DirectMethodHandleAccessor.java:104)
	at java.base/java.lang.reflect.Method.invoke(Method.java:565)
	at org.springframework.beans.factory.support.SimpleInstantiationStrategy.instantiate(SimpleInstantiationStrategy.java:154)
	... 36 common frames omitted
Caused by: java.lang.RuntimeException: DataProperty not found: http://www.tcm-classics.org/jianjia#mainFormulaPattern
	at it.unibz.inf.ontop.spec.ontology.impl.OntologyBuilderImpl$OntologyCategoryImpl.get(OntologyBuilderImpl.java:92)
	at it.unibz.inf.ontop.spec.ontology.owlapi.OWLAPITranslatorOWL2QL.getPropertyExpression(OWLAPITranslatorOWL2QL.java:1058)
	at it.unibz.inf.ontop.spec.ontology.owlapi.OWLAPITranslatorOWL2QL$OWLAxiomVisitorImpl.visit(OWLAPITranslatorOWL2QL.java:588)
	at org.semanticweb.owlapi.model.OWLDataPropertyRangeAxiom.accept(OWLDataPropertyRangeAxiom.java:46)
	at it.unibz.inf.ontop.spec.ontology.owlapi.OWLAPITranslatorOWL2QL.translateAndClassify(OWLAPITranslatorOWL2QL.java:81)
	at java.base/java.util.Optional.map(Optional.java:264)
	at it.unibz.inf.ontop.injection.impl.OntopMappingOntologyConfigurationImpl.loadOntology(OntopMappingOntologyConfigurationImpl.java:208)
	at it.unibz.inf.ontop.injection.impl.OntopMappingConfigurationImpl.loadSpecification(OntopMappingConfigurationImpl.java:94)
	at it.unibz.inf.ontop.injection.impl.OntopMappingSQLConfigurationImpl.loadSpecification(OntopMappingSQLConfigurationImpl.java:93)
	at it.unibz.inf.ontop.injection.impl.OntopMappingSQLAllConfigurationImpl.loadSpecification(OntopMappingSQLAllConfigurationImpl.java:55)
	at it.unibz.inf.ontop.injection.impl.OntopSQLOWLAPIConfigurationImpl.loadOBDASpecification(OntopSQLOWLAPIConfigurationImpl.java:42)
	at it.unibz.inf.ontop.injection.impl.OntopOBDAConfigurationImpl.loadSpecification(OntopOBDAConfigurationImpl.java:44)
	at it.unibz.inf.ontop.injection.OntopSystemConfiguration.loadQueryEngine(OntopSystemConfiguration.java:20)
	at it.unibz.inf.ontop.rdf4j.repository.impl.OntopVirtualRepository.initializeInternal(OntopVirtualRepository.java:72)
	... 41 common frames omitted
org.springframework.beans.factory.UnsatisfiedDependencyException: Error creating bean with name 'sparqlQueryController' defined in URL [jar:file:/D:/work/Ontology/ontop-cli-5.5.0/lib/ontop-endpoint-5.5.0.jar!/it/unibz/inf/ontop/endpoint/controllers/SparqlQueryController.class]: Unsatisfied dependency expressed through constructor parameter 0; nested exception is org.springframework.beans.factory.BeanCreationException: Error creating bean with name 'setupVirtualRepository' defined in class path resource [it/unibz/inf/ontop/endpoint/beans/OntopVirtualRepositoryBean.class]: Bean instantiation via factory method failed; nested exception is org.springframework.beans.BeanInstantiationException: Failed to instantiate [it.unibz.inf.ontop.rdf4j.repository.impl.OntopVirtualRepository]: Factory method 'setupVirtualRepository' threw exception; nested exception is org.eclipse.rdf4j.repository.RepositoryException: java.lang.RuntimeException: DataProperty not found: http://www.tcm-classics.org/jianjia#mainFormulaPattern
	at org.springframework.beans.factory.support.ConstructorResolver.createArgumentArray(ConstructorResolver.java:801)
	at org.springframework.beans.factory.support.ConstructorResolver.autowireConstructor(ConstructorResolver.java:224)
	at org.springframework.beans.factory.support.AbstractAutowireCapableBeanFactory.autowireConstructor(AbstractAutowireCapableBeanFactory.java:1372)
	at org.springframework.beans.factory.support.AbstractAutowireCapableBeanFactory.createBeanInstance(AbstractAutowireCapableBeanFactory.java:1222)
	at org.springframework.beans.factory.support.AbstractAutowireCapableBeanFactory.doCreateBean(AbstractAutowireCapableBeanFactory.java:582)
	at org.springframework.beans.factory.support.AbstractAutowireCapableBeanFactory.createBean(AbstractAutowireCapableBeanFactory.java:542)
	at org.springframework.beans.factory.support.AbstractBeanFactory.lambda$doGetBean$0(AbstractBeanFactory.java:335)
	at org.springframework.beans.factory.support.DefaultSingletonBeanRegistry.getSingleton(DefaultSingletonBeanRegistry.java:234)
	at org.springframework.beans.factory.support.AbstractBeanFactory.doGetBean(AbstractBeanFactory.java:333)
	at org.springframework.beans.factory.support.AbstractBeanFactory.getBean(AbstractBeanFactory.java:208)
	at org.springframework.beans.factory.support.DefaultListableBeanFactory.preInstantiateSingletons(DefaultListableBeanFactory.java:955)
	at org.springframework.context.support.AbstractApplicationContext.finishBeanFactoryInitialization(AbstractApplicationContext.java:929)
	at org.springframework.context.support.AbstractApplicationContext.refresh(AbstractApplicationContext.java:591)
	at org.springframework.boot.web.servlet.context.ServletWebServerApplicationContext.refresh(ServletWebServerApplicationContext.java:147)
	at org.springframework.boot.SpringApplication.refresh(SpringApplication.java:732)
	at org.springframework.boot.SpringApplication.refreshContext(SpringApplication.java:409)
	at org.springframework.boot.SpringApplication.run(SpringApplication.java:308)
	at org.springframework.boot.SpringApplication.run(SpringApplication.java:1300)
	at org.springframework.boot.SpringApplication.run(SpringApplication.java:1289)
	at it.unibz.inf.ontop.endpoint.OntopEndpointApplication.main(OntopEndpointApplication.java:20)
	at it.unibz.inf.ontop.cli.OntopEndpoint.run(OntopEndpoint.java:152)
	at it.unibz.inf.ontop.cli.Ontop.main(Ontop.java:19)
Caused by: org.springframework.beans.factory.BeanCreationException: Error creating bean with name 'setupVirtualRepository' defined in class path resource [it/unibz/inf/ontop/endpoint/beans/OntopVirtualRepositoryBean.class]: Bean instantiation via factory method failed; nested exception is org.springframework.beans.BeanInstantiationException: Failed to instantiate [it.unibz.inf.ontop.rdf4j.repository.impl.OntopVirtualRepository]: Factory method 'setupVirtualRepository' threw exception; nested exception is org.eclipse.rdf4j.repository.RepositoryException: java.lang.RuntimeException: DataProperty not found: http://www.tcm-classics.org/jianjia#mainFormulaPattern
	at org.springframework.beans.factory.support.ConstructorResolver.instantiate(ConstructorResolver.java:653)
	at org.springframework.beans.factory.support.ConstructorResolver.instantiateUsingFactoryMethod(ConstructorResolver.java:633)
	at org.springframework.beans.factory.support.AbstractAutowireCapableBeanFactory.instantiateUsingFactoryMethod(AbstractAutowireCapableBeanFactory.java:1352)
	at org.springframework.beans.factory.support.AbstractAutowireCapableBeanFactory.createBeanInstance(AbstractAutowireCapableBeanFactory.java:1195)
	at org.springframework.beans.factory.support.AbstractAutowireCapableBeanFactory.doCreateBean(AbstractAutowireCapableBeanFactory.java:582)
	at org.springframework.beans.factory.support.AbstractAutowireCapableBeanFactory.createBean(AbstractAutowireCapableBeanFactory.java:542)
	at org.springframework.beans.factory.support.AbstractBeanFactory.lambda$doGetBean$0(AbstractBeanFactory.java:335)
	at org.springframework.beans.factory.support.DefaultSingletonBeanRegistry.getSingleton(DefaultSingletonBeanRegistry.java:234)
	at org.springframework.beans.factory.support.AbstractBeanFactory.doGetBean(AbstractBeanFactory.java:333)
	at org.springframework.beans.factory.support.AbstractBeanFactory.getBean(AbstractBeanFactory.java:208)
	at org.springframework.beans.factory.config.DependencyDescriptor.resolveCandidate(DependencyDescriptor.java:276)
	at org.springframework.beans.factory.support.DefaultListableBeanFactory.doResolveDependency(DefaultListableBeanFactory.java:1391)
	at org.springframework.beans.factory.support.DefaultListableBeanFactory.resolveDependency(DefaultListableBeanFactory.java:1311)
	at org.springframework.beans.factory.support.ConstructorResolver.resolveAutowiredArgument(ConstructorResolver.java:911)
	at org.springframework.beans.factory.support.ConstructorResolver.createArgumentArray(ConstructorResolver.java:788)
	... 21 more
Caused by: org.springframework.beans.BeanInstantiationException: Failed to instantiate [it.unibz.inf.ontop.rdf4j.repository.impl.OntopVirtualRepository]: Factory method 'setupVirtualRepository' threw exception; nested exception is org.eclipse.rdf4j.repository.RepositoryException: java.lang.RuntimeException: DataProperty not found: http://www.tcm-classics.org/jianjia#mainFormulaPattern
	at org.springframework.beans.factory.support.SimpleInstantiationStrategy.instantiate(SimpleInstantiationStrategy.java:185)
	at org.springframework.beans.factory.support.ConstructorResolver.instantiate(ConstructorResolver.java:648)
	... 35 more
Caused by: org.eclipse.rdf4j.repository.RepositoryException: java.lang.RuntimeException: DataProperty not found: http://www.tcm-classics.org/jianjia#mainFormulaPattern
	at it.unibz.inf.ontop.rdf4j.repository.impl.OntopVirtualRepository.initializeInternal(OntopVirtualRepository.java:76)
	at org.eclipse.rdf4j.repository.base.AbstractRepository.init(AbstractRepository.java:36)
	at it.unibz.inf.ontop.endpoint.beans.OntopVirtualRepositoryBean.setupVirtualRepository(OntopVirtualRepositoryBean.java:91)
	at java.base/jdk.internal.reflect.DirectMethodHandleAccessor.invoke(DirectMethodHandleAccessor.java:104)
	at java.base/java.lang.reflect.Method.invoke(Method.java:565)
	at org.springframework.beans.factory.support.SimpleInstantiationStrategy.instantiate(SimpleInstantiationStrategy.java:154)
	... 36 more
Caused by: java.lang.RuntimeException: DataProperty not found: http://www.tcm-classics.org/jianjia#mainFormulaPattern
	at it.unibz.inf.ontop.spec.ontology.impl.OntologyBuilderImpl$OntologyCategoryImpl.get(OntologyBuilderImpl.java:92)
	at it.unibz.inf.ontop.spec.ontology.owlapi.OWLAPITranslatorOWL2QL.getPropertyExpression(OWLAPITranslatorOWL2QL.java:1058)
	at it.unibz.inf.ontop.spec.ontology.owlapi.OWLAPITranslatorOWL2QL$OWLAxiomVisitorImpl.visit(OWLAPITranslatorOWL2QL.java:588)
	at org.semanticweb.owlapi.model.OWLDataPropertyRangeAxiom.accept(OWLDataPropertyRangeAxiom.java:46)
	at it.unibz.inf.ontop.spec.ontology.owlapi.OWLAPITranslatorOWL2QL.translateAndClassify(OWLAPITranslatorOWL2QL.java:81)
	at java.base/java.util.Optional.map(Optional.java:264)
	at it.unibz.inf.ontop.injection.impl.OntopMappingOntologyConfigurationImpl.loadOntology(OntopMappingOntologyConfigurationImpl.java:208)
	at it.unibz.inf.ontop.injection.impl.OntopMappingConfigurationImpl.loadSpecification(OntopMappingConfigurationImpl.java:94)
	at it.unibz.inf.ontop.injection.impl.OntopMappingSQLConfigurationImpl.loadSpecification(OntopMappingSQLConfigurationImpl.java:93)
	at it.unibz.inf.ontop.injection.impl.OntopMappingSQLAllConfigurationImpl.loadSpecification(OntopMappingSQLAllConfigurationImpl.java:55)
	at it.unibz.inf.ontop.injection.impl.OntopSQLOWLAPIConfigurationImpl.loadOBDASpecification(OntopSQLOWLAPIConfigurationImpl.java:42)
	at it.unibz.inf.ontop.injection.impl.OntopOBDAConfigurationImpl.loadSpecification(OntopOBDAConfigurationImpl.java:44)
	at it.unibz.inf.ontop.injection.OntopSystemConfiguration.loadQueryEngine(OntopSystemConfiguration.java:20)
	at it.unibz.inf.ontop.rdf4j.repository.impl.OntopVirtualRepository.initializeInternal(OntopVirtualRepository.java:72)
	... 41 more
Exception in thread "main" java.lang.AssertionError
	at it.unibz.inf.ontop.cli.Ontop.main(Ontop.java:31)
-------------------------------------------

    ####    #   #   #####    ####    #####
   #    #   ##  #     #     #    #   #    #
   #    #   # # #     #     #    #   #####
   #    #   #  ##     #     #    #   #
    ####    #   #     #      ####    #

   v5.5.0
   (Java 26.0.1, Windows 11 10.0)
-------------------------------------------




12:17:46.998 |-INFO  in i.u.i.o.e.OntopEndpointApplication - Starting OntopEndpointApplication v5.5.0 using Java 26.0.1 on Ocean-win-Desktop with PID 12940 (D:\work\Ontology\ontop-cli-5.5.0\lib\ontop-endpoint-5.5.0.jar started by ocean in D:\work\Ontology\ontop-cli-5.5.0)
12:17:47.000 |-INFO  in i.u.i.o.e.OntopEndpointApplication - No active profile set, falling back to 1 default profile: "default"
WARNING: A restricted method in java.lang.System has been called
WARNING: java.lang.System::load has been called by org.apache.tomcat.jni.Library in an unnamed module (file:/D:/work/Ontology/ontop-cli-5.5.0/lib/tomcat-embed-core-9.0.111.jar)
WARNING: Use --enable-native-access=ALL-UNNAMED to avoid a warning for callers in this module
WARNING: Restricted methods will be blocked in a future release unless native access is enabled

12:17:47.924 |-INFO  in o.s.b.w.e.tomcat.TomcatWebServer - Tomcat initialized with port(s): 8080 (http)
12:17:47.935 |-INFO  in o.a.coyote.http11.Http11NioProtocol - Initializing ProtocolHandler ["http-nio-8080"]
12:17:47.937 |-INFO  in o.a.catalina.core.StandardService - Starting service [Tomcat]
12:17:47.937 |-INFO  in o.a.catalina.core.StandardEngine - Starting Servlet engine: [Apache Tomcat/9.0.111]
12:17:48.096 |-INFO  in o.a.c.c.C.[Tomcat].[localhost].[/] - Initializing Spring embedded WebApplicationContext
12:17:48.096 |-INFO  in o.s.b.w.s.c.ServletWebServerApplicationContext - Root WebApplicationContext: initialization completed in 1064 ms
WARNING: A terminally deprecated method in sun.misc.Unsafe has been called
WARNING: sun.misc.Unsafe::objectFieldOffset has been called by com.google.common.util.concurrent.AbstractFuture$UnsafeAtomicHelper (file:/D:/work/Ontology/ontop-cli-5.5.0/lib/guava-32.0.1-jre.jar)
WARNING: Please consider reporting this to the maintainers of class com.google.common.util.concurrent.AbstractFuture$UnsafeAtomicHelper
WARNING: sun.misc.Unsafe::objectFieldOffset will be removed in a future release
12:17:50.401 |-INFO  in o.s.o.r.rdfxml.parser.AbstractState - Notice: root element does not have an xml:base. Relative IRIs will be resolved against file:/D:/work/Ontology/TraditionalChineseMedicineOntology/ontology/jingfang_swrl_rules.owl
12:17:50.501 |-WARN  in o.s.o.u.OWLAnnotationPropertyTransformer - Annotation property range axiom turned to object property range after parsing. This could introduce errors if the original range was an anonymous expression: http://www.tcm-classics.org/tcm#SymptomSign is the new domain.
12:17:50.502 |-WARN  in o.s.o.u.OWLAnnotationPropertyTransformer - Annotation property range axiom turned to data property range after parsing. This could introduce errors if the original range was an anonymous expression: http://www.w3.org/1999/02/22-rdf-syntax-ns#PlainLiteral is the new domain.
12:17:50.502 |-WARN  in o.s.o.u.OWLAnnotationPropertyTransformer - Annotation property range axiom turned to object property range after parsing. This could introduce errors if the original range was an anonymous expression: http://www.tcm-classics.org/liujing#SixChannelSyndrome is the new domain.
12:17:50.502 |-WARN  in o.s.o.u.OWLAnnotationPropertyTransformer - Annotation property range axiom turned to object property range after parsing. This could introduce errors if the original range was an anonymous expression: http://www.tcm-classics.org/bagang#EightPrincipleElement is the new domain.
12:17:50.502 |-WARN  in o.s.o.u.OWLAnnotationPropertyTransformer - Annotation property range axiom turned to object property range after parsing. This could introduce errors if the original range was an anonymous expression: http://www.tcm-classics.org/bagang#EightPrincipleElement is the new domain.
12:17:50.503 |-WARN  in o.s.o.u.OWLAnnotationPropertyTransformer - Annotation property range axiom turned to object property range after parsing. This could introduce errors if the original range was an anonymous expression: http://www.tcm-classics.org/maixiang#PulseManifestation is the new domain.
12:17:50.555 |-WARN  in i.u.i.o.s.o.o.OWLAPITranslatorOWL2QL - Axiom does not belong to OWL 2 QL: SubClassOf(<http://www.tcm-classics.org/bagang#Xu> ObjectHasValue(<http://www.tcm-classics.org/bagang#summarizesAs> <http://www.tcm-classics.org/bagang#Yin>)) (unsupported operation in ObjectHasValue(<http://www.tcm-classics.org/bagang#summarizesAs> <http://www.tcm-classics.org/bagang#Yin>))
12:17:50.555 |-WARN  in i.u.i.o.s.o.o.OWLAPITranslatorOWL2QL - Axiom does not belong to OWL 2 QL: SubClassOf(<http://www.tcm-classics.org/bagang#Han> ObjectHasValue(<http://www.tcm-classics.org/bagang#summarizesAs> <http://www.tcm-classics.org/bagang#Yin>)) (unsupported operation in ObjectHasValue(<http://www.tcm-classics.org/bagang#summarizesAs> <http://www.tcm-classics.org/bagang#Yin>))
12:17:50.555 |-WARN  in i.u.i.o.s.o.o.OWLAPITranslatorOWL2QL - Axiom does not belong to OWL 2 QL: SubClassOf(<http://www.tcm-classics.org/bagang#Re> ObjectHasValue(<http://www.tcm-classics.org/bagang#summarizesAs> <http://www.tcm-classics.org/bagang#Yang>)) (unsupported operation in ObjectHasValue(<http://www.tcm-classics.org/bagang#summarizesAs> <http://www.tcm-classics.org/bagang#Yang>))
12:17:50.555 |-WARN  in i.u.i.o.s.o.o.OWLAPITranslatorOWL2QL - Axiom does not belong to OWL 2 QL: SubClassOf(<http://www.tcm-classics.org/bagang#Shi> ObjectHasValue(<http://www.tcm-classics.org/bagang#summarizesAs> <http://www.tcm-classics.org/bagang#Yang>)) (unsupported operation in ObjectHasValue(<http://www.tcm-classics.org/bagang#summarizesAs> <http://www.tcm-classics.org/bagang#Yang>))
12:17:50.588 |-WARN  in i.u.i.o.s.o.o.OWLAPITranslatorOWL2QL - Axiom does not belong to OWL 2 QL: DLSafeRule(Annotation(rdfs:comment "逻辑：若化裁规则的策略为合方（FormulaCombination），
则除推出目标方证外，额外触发合方提示。
临床意义：提示医师此处非简单加药或转方，乃两方合用，
需注意两方药物之重叠与剂量调整。"@zh) Annotation(rdfs:label "兼夹合方策略提示"@zh) Body(ClassAtom(<http://www.tcm-classics.org/tcm#ClinicalCase> Variable(<http://www.tcm-classics.org/swrl/rules#p>)) ObjectPropertyAtom(<http://www.tcm-classics.org/tcm#hasConfirmedPattern> Variable(<http://www.tcm-classics.org/swrl/rules#p>) Variable(<http://www.tcm-classics.org/swrl/rules#main>)) ObjectPropertyAtom(<http://www.tcm-classics.org/tcm#hasConcomitantPathology> Variable(<http://www.tcm-classics.org/swrl/rules#p>) Variable(<http://www.tcm-classics.org/swrl/rules#conc>)) ClassAtom(<http://www.tcm-classics.org/jianjia#ModificationRule> Variable(<http://www.tcm-classics.org/swrl/rules#r>)) ObjectPropertyAtom(<http://www.tcm-classics.org/jianjia#appliesToPathology> Variable(<http://www.tcm-classics.org/swrl/rules#r>) Variable(<http://www.tcm-classics.org/swrl/rules#conc>)) ObjectPropertyAtom(<http://www.tcm-classics.org/jianjia#primaryFormulaPattern> Variable(<http://www.tcm-classics.org/swrl/rules#r>) Variable(<http://www.tcm-classics.org/swrl/rules#main>)) ObjectPropertyAtom(<http://www.tcm-classics.org/jianjia#usesStrategy> Variable(<http://www.tcm-classics.org/swrl/rules#r>) <http://www.tcm-classics.org/jianjia#FormulaCombination_Instance>) ObjectPropertyAtom(<http://www.tcm-classics.org/jianjia#targetFormulaPattern> Variable(<http://www.tcm-classics.org/swrl/rules#r>) Variable(<http://www.tcm-classics.org/swrl/rules#target>))) Head(ObjectPropertyAtom(<http://www.tcm-classics.org/tcm#suggestedFormulaPattern> Variable(<http://www.tcm-classics.org/swrl/rules#p>) Variable(<http://www.tcm-classics.org/swrl/rules#target>)) ObjectPropertyAtom(<http://www.tcm-classics.org/tcm#hasCombinationAlert> Variable(<http://www.tcm-classics.org/swrl/rules#p>) Variable(<http://www.tcm-classics.org/swrl/rules#target>))))
12:17:50.590 |-WARN  in i.u.i.o.s.o.o.OWLAPITranslatorOWL2QL - Axiom does not belong to OWL 2 QL: DLSafeRule(Body(ClassAtom(<http://www.tcm-classics.org/tcm#ClinicalCase> Variable(<http://www.tcm-classics.org/swrl/rules#p>)) ObjectPropertyAtom(<http://www.tcm-classics.org/tcm#hasConfirmedPattern> Variable(<http://www.tcm-classics.org/swrl/rules#p>) Variable(<http://www.tcm-classics.org/swrl/rules#main>)) ClassAtom(<http://www.tcm-classics.org/jianjia#EightPrincipleAdditionRule> Variable(<http://www.tcm-classics.org/swrl/rules#r>)) ObjectPropertyAtom(<http://www.tcm-classics.org/jianjia#primaryFormulaPattern> Variable(<http://www.tcm-classics.org/swrl/rules#r>) Variable(<http://www.tcm-classics.org/swrl/rules#main>)) ObjectPropertyAtom(<http://www.tcm-classics.org/jianjia#targetFormulaPattern> Variable(<http://www.tcm-classics.org/swrl/rules#r>) Variable(<http://www.tcm-classics.org/swrl/rules#target>)) ObjectPropertyAtom(<http://www.tcm-classics.org/jianjia#triggersSymptom> Variable(<http://www.tcm-classics.org/swrl/rules#r>) Variable(<http://www.tcm-classics.org/swrl/rules#sym>)) ObjectPropertyAtom(<http://www.tcm-classics.org/tcm#has_symptom> Variable(<http://www.tcm-classics.org/swrl/rules#p>) Variable(<http://www.tcm-classics.org/swrl/rules#sym>))) Head(ObjectPropertyAtom(<http://www.tcm-classics.org/tcm#suggestedFormulaPattern> Variable(<http://www.tcm-classics.org/swrl/rules#p>) Variable(<http://www.tcm-classics.org/swrl/rules#target>))))
12:17:50.590 |-WARN  in i.u.i.o.s.o.o.OWLAPITranslatorOWL2QL - Axiom does not belong to OWL 2 QL: DLSafeRule(Annotation(rdfs:comment "前提：主方证+兼夹证各自独立确认（非权重打分）。
逻辑：若存在化裁规则R，R适用于兼夹C，且R的主方证恰为患者当前主方证，
则推出R的目标方证。
此即\"有是证用是方\"之计算化表达：方证匹配，非分数累加。"@zh) Annotation(rdfs:label "兼夹化裁路径推断"@zh) Body(ClassAtom(<http://www.tcm-classics.org/tcm#ClinicalCase> Variable(<http://www.tcm-classics.org/swrl/rules#p>)) ObjectPropertyAtom(<http://www.tcm-classics.org/tcm#hasConfirmedPattern> Variable(<http://www.tcm-classics.org/swrl/rules#p>) Variable(<http://www.tcm-classics.org/swrl/rules#main>)) ObjectPropertyAtom(<http://www.tcm-classics.org/tcm#hasConcomitantPathology> Variable(<http://www.tcm-classics.org/swrl/rules#p>) Variable(<http://www.tcm-classics.org/swrl/rules#conc>)) ClassAtom(<http://www.tcm-classics.org/jianjia#ModificationRule> Variable(<http://www.tcm-classics.org/swrl/rules#r>)) ObjectPropertyAtom(<http://www.tcm-classics.org/jianjia#appliesToPathology> Variable(<http://www.tcm-classics.org/swrl/rules#r>) Variable(<http://www.tcm-classics.org/swrl/rules#conc>)) ObjectPropertyAtom(<http://www.tcm-classics.org/jianjia#primaryFormulaPattern> Variable(<http://www.tcm-classics.org/swrl/rules#r>) Variable(<http://www.tcm-classics.org/swrl/rules#main>)) ObjectPropertyAtom(<http://www.tcm-classics.org/jianjia#targetFormulaPattern> Variable(<http://www.tcm-classics.org/swrl/rules#r>) Variable(<http://www.tcm-classics.org/swrl/rules#target>))) Head(ObjectPropertyAtom(<http://www.tcm-classics.org/tcm#suggestedFormulaPattern> Variable(<http://www.tcm-classics.org/swrl/rules#p>) Variable(<http://www.tcm-classics.org/swrl/rules#target>))))
12:17:50.590 |-WARN  in i.u.i.o.s.o.o.OWLAPITranslatorOWL2QL - Axiom does not belong to OWL 2 QL: DLSafeRule(Annotation(rdfs:comment "前提：两个方证各自独立确认（有是证用是方）。
逻辑：若患者同时有方证A和方证B，A≠B，且A CombinesWith B，
则触发合方提示。
合方的前提：两个方证各自独立成立。不可因\"想兼顾\"而勉强合方。
输出：应用层据此查询jj:CombinesWith及jj:combinationResult。"@zh) Annotation(rdfs:label "合方建议"@zh) Body(ClassAtom(<http://www.tcm-classics.org/tcm#ClinicalCase> Variable(<http://www.tcm-classics.org/swrl/rules#p>)) ObjectPropertyAtom(<http://www.tcm-classics.org/tcm#hasConfirmedPattern> Variable(<http://www.tcm-classics.org/swrl/rules#p>) Variable(<http://www.tcm-classics.org/swrl/rules#a>)) ObjectPropertyAtom(<http://www.tcm-classics.org/tcm#hasConfirmedPattern> Variable(<http://www.tcm-classics.org/swrl/rules#p>) Variable(<http://www.tcm-classics.org/swrl/rules#b>)) DifferentFromAtom(Variable(<http://www.tcm-classics.org/swrl/rules#a>) Variable(<http://www.tcm-classics.org/swrl/rules#b>)) ObjectPropertyAtom(<http://www.tcm-classics.org/jianjia#CombinesWith> Variable(<http://www.tcm-classics.org/swrl/rules#a>) Variable(<http://www.tcm-classics.org/swrl/rules#b>))) Head(ObjectPropertyAtom(<http://www.tcm-classics.org/tcm#hasCombinationAlert> Variable(<http://www.tcm-classics.org/swrl/rules#p>) Variable(<http://www.tcm-classics.org/swrl/rules#a>)) ObjectPropertyAtom(<http://www.tcm-classics.org/tcm#hasCombinationAlert> Variable(<http://www.tcm-classics.org/swrl/rules#p>) Variable(<http://www.tcm-classics.org/swrl/rules#b>))))
12:17:50.591 |-WARN  in i.u.i.o.s.o.o.OWLAPITranslatorOWL2QL - Axiom does not belong to OWL 2 QL: DLSafeRule(Annotation(rdfs:comment "逻辑：方证→归属六经→六经关联禁忌→触发警告。
仲景明训不可违。此规则确保任何方证确认后，其所属六经之禁忌
自动浮出，防止误汗、误下、误吐。
注意：此规则仅触发警告，不阻止处方。最终决策权在临床医师。"@zh) Annotation(rdfs:label "禁忌检查"@zh) Body(ClassAtom(<http://www.tcm-classics.org/tcm#ClinicalCase> Variable(<http://www.tcm-classics.org/swrl/rules#p>)) ObjectPropertyAtom(<http://www.tcm-classics.org/tcm#hasConfirmedPattern> Variable(<http://www.tcm-classics.org/swrl/rules#p>) Variable(<http://www.tcm-classics.org/swrl/rules#pat>)) ObjectPropertyAtom(<http://www.tcm-classics.org/tcm#belongs_to_channel> Variable(<http://www.tcm-classics.org/swrl/rules#pat>) Variable(<http://www.tcm-classics.org/swrl/rules#channel>)) ClassAtom(<http://www.tcm-classics.org/jianjia#ModificationContraindication> Variable(<http://www.tcm-classics.org/swrl/rules#c>)) ObjectPropertyAtom(<http://www.tcm-classics.org/jianjia#contraindicatedIn> Variable(<http://www.tcm-classics.org/swrl/rules#c>) Variable(<http://www.tcm-classics.org/swrl/rules#channel>))) Head(ObjectPropertyAtom(<http://www.tcm-classics.org/tcm#hasContraindicationWarning> Variable(<http://www.tcm-classics.org/swrl/rules#p>) Variable(<http://www.tcm-classics.org/swrl/rules#c>))))
12:17:50.596 |-WARN  in i.u.i.o.s.o.o.OWLAPITranslatorOWL2QL - Axiom does not belong to OWL 2 QL: DataPropertyRange(<http://www.tcm-classics.org/zhengzhuangtizheng#has_diagnostic_weight> xsd:float) (unsupported datatype: XSD_FLOAT)
12:17:52.162 |-INFO  in i.u.i.o.a.impl.OntopQueryEngineImpl - Ontop has completed the setup and it is ready for query answering!
12:17:52.163 |-INFO  in i.u.i.o.r.r.i.OntopVirtualRepository - Ontop virtual repository initialized successfully!
12:17:52.761 |-INFO  in o.s.b.a.e.web.EndpointLinksResolver - Exposing 1 endpoint(s) beneath base path '/actuator'
12:17:52.829 |-INFO  in o.a.coyote.http11.Http11NioProtocol - Starting ProtocolHandler ["http-nio-8080"]
12:17:52.874 |-INFO  in o.s.b.w.e.tomcat.TomcatWebServer - Tomcat started on port(s): 8080 (http) with context path ''
12:17:52.887 |-INFO  in i.u.i.o.e.OntopEndpointApplication - Started OntopEndpointApplication in 6.154 seconds (JVM running for 6.592)
12:18:11.404 |-INFO  in o.a.c.c.C.[Tomcat].[localhost].[/] - Initializing Spring DispatcherServlet 'dispatcherServlet'
12:18:11.404 |-INFO  in o.s.web.servlet.DispatcherServlet - Initializing Servlet 'dispatcherServlet'
12:18:11.405 |-INFO  in o.s.web.servlet.DispatcherServlet - Completed initialization in 1 ms
-------------------------------------------

    ####    #   #   #####    ####    #####
   #    #   ##  #     #     #    #   #    #
   #    #   # # #     #     #    #   #####
   #    #   #  ##     #     #    #   #
    ####    #   #     #      ####    #

   v5.5.0
   (Java 26.0.1, Windows 11 10.0)
-------------------------------------------




13:03:48.015 |-INFO  in i.u.i.o.e.OntopEndpointApplication - Starting OntopEndpointApplication v5.5.0 using Java 26.0.1 on Ocean-win-Desktop with PID 3100 (D:\work\Ontology\ontop-cli-5.5.0\lib\ontop-endpoint-5.5.0.jar started by ocean in D:\work\Ontology\ontop-cli-5.5.0)
13:03:48.018 |-INFO  in i.u.i.o.e.OntopEndpointApplication - No active profile set, falling back to 1 default profile: "default"
WARNING: A restricted method in java.lang.System has been called
WARNING: java.lang.System::load has been called by org.apache.tomcat.jni.Library in an unnamed module (file:/D:/work/Ontology/ontop-cli-5.5.0/lib/tomcat-embed-core-9.0.111.jar)
WARNING: Use --enable-native-access=ALL-UNNAMED to avoid a warning for callers in this module
WARNING: Restricted methods will be blocked in a future release unless native access is enabled

13:03:49.008 |-INFO  in o.s.b.w.e.tomcat.TomcatWebServer - Tomcat initialized with port(s): 8080 (http)
13:03:49.018 |-INFO  in o.a.coyote.http11.Http11NioProtocol - Initializing ProtocolHandler ["http-nio-8080"]
13:03:49.019 |-INFO  in o.a.catalina.core.StandardService - Starting service [Tomcat]
13:03:49.020 |-INFO  in o.a.catalina.core.StandardEngine - Starting Servlet engine: [Apache Tomcat/9.0.111]
13:03:49.149 |-INFO  in o.a.c.c.C.[Tomcat].[localhost].[/] - Initializing Spring embedded WebApplicationContext
13:03:49.149 |-INFO  in o.s.b.w.s.c.ServletWebServerApplicationContext - Root WebApplicationContext: initialization completed in 1090 ms
WARNING: A terminally deprecated method in sun.misc.Unsafe has been called
WARNING: sun.misc.Unsafe::objectFieldOffset has been called by com.google.common.util.concurrent.AbstractFuture$UnsafeAtomicHelper (file:/D:/work/Ontology/ontop-cli-5.5.0/lib/guava-32.0.1-jre.jar)
WARNING: Please consider reporting this to the maintainers of class com.google.common.util.concurrent.AbstractFuture$UnsafeAtomicHelper
WARNING: sun.misc.Unsafe::objectFieldOffset will be removed in a future release
13:03:51.622 |-INFO  in o.s.o.r.rdfxml.parser.AbstractState - Notice: root element does not have an xml:base. Relative IRIs will be resolved against file:/D:/work/Ontology/TraditionalChineseMedicineOntology/ontology/jingfang_swrl_rules.owl
13:03:51.688 |-WARN  in o.s.o.u.OWLAnnotationPropertyTransformer - Annotation property range axiom turned to object property range after parsing. This could introduce errors if the original range was an anonymous expression: http://www.tcm-classics.org/tcm#SymptomSign is the new domain.
13:03:51.688 |-WARN  in o.s.o.u.OWLAnnotationPropertyTransformer - Annotation property range axiom turned to data property range after parsing. This could introduce errors if the original range was an anonymous expression: http://www.w3.org/1999/02/22-rdf-syntax-ns#PlainLiteral is the new domain.
13:03:51.688 |-WARN  in o.s.o.u.OWLAnnotationPropertyTransformer - Annotation property range axiom turned to object property range after parsing. This could introduce errors if the original range was an anonymous expression: http://www.tcm-classics.org/liujing#SixChannelSyndrome is the new domain.
13:03:51.689 |-WARN  in o.s.o.u.OWLAnnotationPropertyTransformer - Annotation property range axiom turned to object property range after parsing. This could introduce errors if the original range was an anonymous expression: http://www.tcm-classics.org/bagang#EightPrincipleElement is the new domain.
13:03:51.689 |-WARN  in o.s.o.u.OWLAnnotationPropertyTransformer - Annotation property range axiom turned to object property range after parsing. This could introduce errors if the original range was an anonymous expression: http://www.tcm-classics.org/bagang#EightPrincipleElement is the new domain.
13:03:51.689 |-WARN  in o.s.o.u.OWLAnnotationPropertyTransformer - Annotation property range axiom turned to object property range after parsing. This could introduce errors if the original range was an anonymous expression: http://www.tcm-classics.org/maixiang#PulseManifestation is the new domain.
13:03:51.747 |-WARN  in i.u.i.o.s.o.o.OWLAPITranslatorOWL2QL - Axiom does not belong to OWL 2 QL: SubClassOf(<http://www.tcm-classics.org/bagang#Re> ObjectHasValue(<http://www.tcm-classics.org/bagang#summarizesAs> <http://www.tcm-classics.org/bagang#Yang>)) (unsupported operation in ObjectHasValue(<http://www.tcm-classics.org/bagang#summarizesAs> <http://www.tcm-classics.org/bagang#Yang>))
13:03:51.748 |-WARN  in i.u.i.o.s.o.o.OWLAPITranslatorOWL2QL - Axiom does not belong to OWL 2 QL: SubClassOf(<http://www.tcm-classics.org/bagang#Xu> ObjectHasValue(<http://www.tcm-classics.org/bagang#summarizesAs> <http://www.tcm-classics.org/bagang#Yin>)) (unsupported operation in ObjectHasValue(<http://www.tcm-classics.org/bagang#summarizesAs> <http://www.tcm-classics.org/bagang#Yin>))
13:03:51.748 |-WARN  in i.u.i.o.s.o.o.OWLAPITranslatorOWL2QL - Axiom does not belong to OWL 2 QL: SubClassOf(<http://www.tcm-classics.org/bagang#Shi> ObjectHasValue(<http://www.tcm-classics.org/bagang#summarizesAs> <http://www.tcm-classics.org/bagang#Yang>)) (unsupported operation in ObjectHasValue(<http://www.tcm-classics.org/bagang#summarizesAs> <http://www.tcm-classics.org/bagang#Yang>))
13:03:51.748 |-WARN  in i.u.i.o.s.o.o.OWLAPITranslatorOWL2QL - Axiom does not belong to OWL 2 QL: SubClassOf(<http://www.tcm-classics.org/bagang#Han> ObjectHasValue(<http://www.tcm-classics.org/bagang#summarizesAs> <http://www.tcm-classics.org/bagang#Yin>)) (unsupported operation in ObjectHasValue(<http://www.tcm-classics.org/bagang#summarizesAs> <http://www.tcm-classics.org/bagang#Yin>))
13:03:51.801 |-WARN  in i.u.i.o.s.o.o.OWLAPITranslatorOWL2QL - Axiom does not belong to OWL 2 QL: DLSafeRule(Annotation(rdfs:comment "前提：主方证+兼夹证各自独立确认（非权重打分）。
逻辑：若存在化裁规则R，R适用于兼夹C，且R的主方证恰为患者当前主方证，
则推出R的目标方证。
此即\"有是证用是方\"之计算化表达：方证匹配，非分数累加。"@zh) Annotation(rdfs:label "兼夹化裁路径推断"@zh) Body(ClassAtom(<http://www.tcm-classics.org/tcm#ClinicalCase> Variable(<http://www.tcm-classics.org/swrl/rules#p>)) ObjectPropertyAtom(<http://www.tcm-classics.org/tcm#hasConfirmedPattern> Variable(<http://www.tcm-classics.org/swrl/rules#p>) Variable(<http://www.tcm-classics.org/swrl/rules#main>)) ObjectPropertyAtom(<http://www.tcm-classics.org/tcm#hasConcomitantPathology> Variable(<http://www.tcm-classics.org/swrl/rules#p>) Variable(<http://www.tcm-classics.org/swrl/rules#conc>)) ClassAtom(<http://www.tcm-classics.org/jianjia#ModificationRule> Variable(<http://www.tcm-classics.org/swrl/rules#r>)) ObjectPropertyAtom(<http://www.tcm-classics.org/jianjia#appliesToPathology> Variable(<http://www.tcm-classics.org/swrl/rules#r>) Variable(<http://www.tcm-classics.org/swrl/rules#conc>)) ObjectPropertyAtom(<http://www.tcm-classics.org/jianjia#primaryFormulaPattern> Variable(<http://www.tcm-classics.org/swrl/rules#r>) Variable(<http://www.tcm-classics.org/swrl/rules#main>)) ObjectPropertyAtom(<http://www.tcm-classics.org/jianjia#targetFormulaPattern> Variable(<http://www.tcm-classics.org/swrl/rules#r>) Variable(<http://www.tcm-classics.org/swrl/rules#target>))) Head(ObjectPropertyAtom(<http://www.tcm-classics.org/tcm#suggestedFormulaPattern> Variable(<http://www.tcm-classics.org/swrl/rules#p>) Variable(<http://www.tcm-classics.org/swrl/rules#target>))))
13:03:51.802 |-WARN  in i.u.i.o.s.o.o.OWLAPITranslatorOWL2QL - Axiom does not belong to OWL 2 QL: DLSafeRule(Annotation(rdfs:comment "逻辑：若化裁规则的策略为合方（FormulaCombination），
则除推出目标方证外，额外触发合方提示。
临床意义：提示医师此处非简单加药或转方，乃两方合用，
需注意两方药物之重叠与剂量调整。"@zh) Annotation(rdfs:label "兼夹合方策略提示"@zh) Body(ClassAtom(<http://www.tcm-classics.org/tcm#ClinicalCase> Variable(<http://www.tcm-classics.org/swrl/rules#p>)) ObjectPropertyAtom(<http://www.tcm-classics.org/tcm#hasConfirmedPattern> Variable(<http://www.tcm-classics.org/swrl/rules#p>) Variable(<http://www.tcm-classics.org/swrl/rules#main>)) ObjectPropertyAtom(<http://www.tcm-classics.org/tcm#hasConcomitantPathology> Variable(<http://www.tcm-classics.org/swrl/rules#p>) Variable(<http://www.tcm-classics.org/swrl/rules#conc>)) ClassAtom(<http://www.tcm-classics.org/jianjia#ModificationRule> Variable(<http://www.tcm-classics.org/swrl/rules#r>)) ObjectPropertyAtom(<http://www.tcm-classics.org/jianjia#appliesToPathology> Variable(<http://www.tcm-classics.org/swrl/rules#r>) Variable(<http://www.tcm-classics.org/swrl/rules#conc>)) ObjectPropertyAtom(<http://www.tcm-classics.org/jianjia#primaryFormulaPattern> Variable(<http://www.tcm-classics.org/swrl/rules#r>) Variable(<http://www.tcm-classics.org/swrl/rules#main>)) ObjectPropertyAtom(<http://www.tcm-classics.org/jianjia#usesStrategy> Variable(<http://www.tcm-classics.org/swrl/rules#r>) <http://www.tcm-classics.org/jianjia#FormulaCombination_Instance>) ObjectPropertyAtom(<http://www.tcm-classics.org/jianjia#targetFormulaPattern> Variable(<http://www.tcm-classics.org/swrl/rules#r>) Variable(<http://www.tcm-classics.org/swrl/rules#target>))) Head(ObjectPropertyAtom(<http://www.tcm-classics.org/tcm#suggestedFormulaPattern> Variable(<http://www.tcm-classics.org/swrl/rules#p>) Variable(<http://www.tcm-classics.org/swrl/rules#target>)) ObjectPropertyAtom(<http://www.tcm-classics.org/tcm#hasCombinationAlert> Variable(<http://www.tcm-classics.org/swrl/rules#p>) Variable(<http://www.tcm-classics.org/swrl/rules#target>))))
13:03:51.802 |-WARN  in i.u.i.o.s.o.o.OWLAPITranslatorOWL2QL - Axiom does not belong to OWL 2 QL: DLSafeRule(Annotation(rdfs:comment "逻辑：方证→归属六经→六经关联禁忌→触发警告。
仲景明训不可违。此规则确保任何方证确认后，其所属六经之禁忌
自动浮出，防止误汗、误下、误吐。
注意：此规则仅触发警告，不阻止处方。最终决策权在临床医师。"@zh) Annotation(rdfs:label "禁忌检查"@zh) Body(ClassAtom(<http://www.tcm-classics.org/tcm#ClinicalCase> Variable(<http://www.tcm-classics.org/swrl/rules#p>)) ObjectPropertyAtom(<http://www.tcm-classics.org/tcm#hasConfirmedPattern> Variable(<http://www.tcm-classics.org/swrl/rules#p>) Variable(<http://www.tcm-classics.org/swrl/rules#pat>)) ObjectPropertyAtom(<http://www.tcm-classics.org/tcm#belongs_to_channel> Variable(<http://www.tcm-classics.org/swrl/rules#pat>) Variable(<http://www.tcm-classics.org/swrl/rules#channel>)) ClassAtom(<http://www.tcm-classics.org/jianjia#ModificationContraindication> Variable(<http://www.tcm-classics.org/swrl/rules#c>)) ObjectPropertyAtom(<http://www.tcm-classics.org/jianjia#contraindicatedIn> Variable(<http://www.tcm-classics.org/swrl/rules#c>) Variable(<http://www.tcm-classics.org/swrl/rules#channel>))) Head(ObjectPropertyAtom(<http://www.tcm-classics.org/tcm#hasContraindicationWarning> Variable(<http://www.tcm-classics.org/swrl/rules#p>) Variable(<http://www.tcm-classics.org/swrl/rules#c>))))
13:03:51.804 |-WARN  in i.u.i.o.s.o.o.OWLAPITranslatorOWL2QL - Axiom does not belong to OWL 2 QL: DLSafeRule(Annotation(rdfs:comment "前提：两个方证各自独立确认（有是证用是方）。
逻辑：若患者同时有方证A和方证B，A≠B，且A CombinesWith B，
则触发合方提示。
合方的前提：两个方证各自独立成立。不可因\"想兼顾\"而勉强合方。
输出：应用层据此查询jj:CombinesWith及jj:combinationResult。"@zh) Annotation(rdfs:label "合方建议"@zh) Body(ClassAtom(<http://www.tcm-classics.org/tcm#ClinicalCase> Variable(<http://www.tcm-classics.org/swrl/rules#p>)) ObjectPropertyAtom(<http://www.tcm-classics.org/tcm#hasConfirmedPattern> Variable(<http://www.tcm-classics.org/swrl/rules#p>) Variable(<http://www.tcm-classics.org/swrl/rules#a>)) ObjectPropertyAtom(<http://www.tcm-classics.org/tcm#hasConfirmedPattern> Variable(<http://www.tcm-classics.org/swrl/rules#p>) Variable(<http://www.tcm-classics.org/swrl/rules#b>)) DifferentFromAtom(Variable(<http://www.tcm-classics.org/swrl/rules#a>) Variable(<http://www.tcm-classics.org/swrl/rules#b>)) ObjectPropertyAtom(<http://www.tcm-classics.org/jianjia#CombinesWith> Variable(<http://www.tcm-classics.org/swrl/rules#a>) Variable(<http://www.tcm-classics.org/swrl/rules#b>))) Head(ObjectPropertyAtom(<http://www.tcm-classics.org/tcm#hasCombinationAlert> Variable(<http://www.tcm-classics.org/swrl/rules#p>) Variable(<http://www.tcm-classics.org/swrl/rules#a>)) ObjectPropertyAtom(<http://www.tcm-classics.org/tcm#hasCombinationAlert> Variable(<http://www.tcm-classics.org/swrl/rules#p>) Variable(<http://www.tcm-classics.org/swrl/rules#b>))))
13:03:51.804 |-WARN  in i.u.i.o.s.o.o.OWLAPITranslatorOWL2QL - Axiom does not belong to OWL 2 QL: DLSafeRule(Body(ClassAtom(<http://www.tcm-classics.org/tcm#ClinicalCase> Variable(<http://www.tcm-classics.org/swrl/rules#p>)) ObjectPropertyAtom(<http://www.tcm-classics.org/tcm#hasConfirmedPattern> Variable(<http://www.tcm-classics.org/swrl/rules#p>) Variable(<http://www.tcm-classics.org/swrl/rules#main>)) ClassAtom(<http://www.tcm-classics.org/jianjia#EightPrincipleAdditionRule> Variable(<http://www.tcm-classics.org/swrl/rules#r>)) ObjectPropertyAtom(<http://www.tcm-classics.org/jianjia#primaryFormulaPattern> Variable(<http://www.tcm-classics.org/swrl/rules#r>) Variable(<http://www.tcm-classics.org/swrl/rules#main>)) ObjectPropertyAtom(<http://www.tcm-classics.org/jianjia#targetFormulaPattern> Variable(<http://www.tcm-classics.org/swrl/rules#r>) Variable(<http://www.tcm-classics.org/swrl/rules#target>)) ObjectPropertyAtom(<http://www.tcm-classics.org/jianjia#triggersSymptom> Variable(<http://www.tcm-classics.org/swrl/rules#r>) Variable(<http://www.tcm-classics.org/swrl/rules#sym>)) ObjectPropertyAtom(<http://www.tcm-classics.org/tcm#has_symptom> Variable(<http://www.tcm-classics.org/swrl/rules#p>) Variable(<http://www.tcm-classics.org/swrl/rules#sym>))) Head(ObjectPropertyAtom(<http://www.tcm-classics.org/tcm#suggestedFormulaPattern> Variable(<http://www.tcm-classics.org/swrl/rules#p>) Variable(<http://www.tcm-classics.org/swrl/rules#target>))))
13:03:51.809 |-WARN  in i.u.i.o.s.o.o.OWLAPITranslatorOWL2QL - Axiom does not belong to OWL 2 QL: DataPropertyRange(<http://www.tcm-classics.org/zhengzhuangtizheng#has_diagnostic_weight> xsd:float) (unsupported datatype: XSD_FLOAT)
13:03:53.515 |-INFO  in i.u.i.o.a.impl.OntopQueryEngineImpl - Ontop has completed the setup and it is ready for query answering!
13:03:53.515 |-INFO  in i.u.i.o.r.r.i.OntopVirtualRepository - Ontop virtual repository initialized successfully!
13:03:54.083 |-INFO  in o.s.b.a.e.web.EndpointLinksResolver - Exposing 1 endpoint(s) beneath base path '/actuator'
13:03:54.124 |-INFO  in o.a.coyote.http11.Http11NioProtocol - Starting ProtocolHandler ["http-nio-8080"]
13:03:54.154 |-INFO  in o.s.b.w.e.tomcat.TomcatWebServer - Tomcat started on port(s): 8080 (http) with context path ''
13:03:54.175 |-INFO  in i.u.i.o.e.OntopEndpointApplication - Started OntopEndpointApplication in 6.456 seconds (JVM running for 6.897)
13:04:01.631 |-INFO  in o.a.c.c.C.[Tomcat].[localhost].[/] - Initializing Spring DispatcherServlet 'dispatcherServlet'
13:04:01.631 |-INFO  in o.s.web.servlet.DispatcherServlet - Initializing Servlet 'dispatcherServlet'
13:04:01.632 |-INFO  in o.s.web.servlet.DispatcherServlet - Completed initialization in 1 ms
-------------------------------------------

    ####    #   #   #####    ####    #####
   #    #   ##  #     #     #    #   #    #
   #    #   # # #     #     #    #   #####
   #    #   #  ##     #     #    #   #
    ####    #   #     #      ####    #

   v5.5.0
   (Java 26.0.1, Windows 11 10.0)
-------------------------------------------




16:15:11.314 |-INFO  in i.u.i.o.e.OntopEndpointApplication - Starting OntopEndpointApplication v5.5.0 using Java 26.0.1 on Ocean-win-Desktop with PID 30544 (D:\work\Ontology\ontop-cli-5.5.0\lib\ontop-endpoint-5.5.0.jar started by ocean in D:\work\Ontology\ontop-cli-5.5.0)
16:15:11.316 |-INFO  in i.u.i.o.e.OntopEndpointApplication - No active profile set, falling back to 1 default profile: "default"
WARNING: A restricted method in java.lang.System has been called
WARNING: java.lang.System::load has been called by org.apache.tomcat.jni.Library in an unnamed module (file:/D:/work/Ontology/ontop-cli-5.5.0/lib/tomcat-embed-core-9.0.111.jar)
WARNING: Use --enable-native-access=ALL-UNNAMED to avoid a warning for callers in this module
WARNING: Restricted methods will be blocked in a future release unless native access is enabled

16:15:12.272 |-INFO  in o.s.b.w.e.tomcat.TomcatWebServer - Tomcat initialized with port(s): 8080 (http)
16:15:12.284 |-INFO  in o.a.coyote.http11.Http11NioProtocol - Initializing ProtocolHandler ["http-nio-8080"]
16:15:12.288 |-INFO  in o.a.catalina.core.StandardService - Starting service [Tomcat]
16:15:12.288 |-INFO  in o.a.catalina.core.StandardEngine - Starting Servlet engine: [Apache Tomcat/9.0.111]
16:15:12.440 |-INFO  in o.a.c.c.C.[Tomcat].[localhost].[/] - Initializing Spring embedded WebApplicationContext
16:15:12.440 |-INFO  in o.s.b.w.s.c.ServletWebServerApplicationContext - Root WebApplicationContext: initialization completed in 1089 ms
WARNING: A terminally deprecated method in sun.misc.Unsafe has been called
WARNING: sun.misc.Unsafe::objectFieldOffset has been called by com.google.common.util.concurrent.AbstractFuture$UnsafeAtomicHelper (file:/D:/work/Ontology/ontop-cli-5.5.0/lib/guava-32.0.1-jre.jar)
WARNING: Please consider reporting this to the maintainers of class com.google.common.util.concurrent.AbstractFuture$UnsafeAtomicHelper
WARNING: sun.misc.Unsafe::objectFieldOffset will be removed in a future release
16:15:14.883 |-INFO  in o.s.o.r.rdfxml.parser.AbstractState - Notice: root element does not have an xml:base. Relative IRIs will be resolved against file:/D:/work/Ontology/TraditionalChineseMedicineOntology/ontology/jingfang_swrl_rules.owl
16:15:14.984 |-WARN  in o.s.o.u.OWLAnnotationPropertyTransformer - Annotation property range axiom turned to object property range after parsing. This could introduce errors if the original range was an anonymous expression: http://www.tcm-classics.org/tcm#SymptomSign is the new domain.
16:15:14.985 |-WARN  in o.s.o.u.OWLAnnotationPropertyTransformer - Annotation property range axiom turned to data property range after parsing. This could introduce errors if the original range was an anonymous expression: http://www.w3.org/1999/02/22-rdf-syntax-ns#PlainLiteral is the new domain.
16:15:14.985 |-WARN  in o.s.o.u.OWLAnnotationPropertyTransformer - Annotation property range axiom turned to object property range after parsing. This could introduce errors if the original range was an anonymous expression: http://www.tcm-classics.org/bagang#EightPrincipleElement is the new domain.
16:15:14.985 |-WARN  in o.s.o.u.OWLAnnotationPropertyTransformer - Annotation property range axiom turned to object property range after parsing. This could introduce errors if the original range was an anonymous expression: http://www.tcm-classics.org/bagang#EightPrincipleElement is the new domain.
16:15:14.985 |-WARN  in o.s.o.u.OWLAnnotationPropertyTransformer - Annotation property range axiom turned to object property range after parsing. This could introduce errors if the original range was an anonymous expression: http://www.tcm-classics.org/maixiang#PulseManifestation is the new domain.
16:15:15.034 |-WARN  in i.u.i.o.s.o.o.OWLAPITranslatorOWL2QL - Axiom does not belong to OWL 2 QL: SubClassOf(<http://www.tcm-classics.org/bagang#Xu> ObjectHasValue(<http://www.tcm-classics.org/bagang#summarizesAs> <http://www.tcm-classics.org/bagang#Yin>)) (unsupported operation in ObjectHasValue(<http://www.tcm-classics.org/bagang#summarizesAs> <http://www.tcm-classics.org/bagang#Yin>))
16:15:15.035 |-WARN  in i.u.i.o.s.o.o.OWLAPITranslatorOWL2QL - Axiom does not belong to OWL 2 QL: SubClassOf(<http://www.tcm-classics.org/bagang#Re> ObjectHasValue(<http://www.tcm-classics.org/bagang#summarizesAs> <http://www.tcm-classics.org/bagang#Yang>)) (unsupported operation in ObjectHasValue(<http://www.tcm-classics.org/bagang#summarizesAs> <http://www.tcm-classics.org/bagang#Yang>))
16:15:15.036 |-WARN  in i.u.i.o.s.o.o.OWLAPITranslatorOWL2QL - Axiom does not belong to OWL 2 QL: SubClassOf(<http://www.tcm-classics.org/bagang#Shi> ObjectHasValue(<http://www.tcm-classics.org/bagang#summarizesAs> <http://www.tcm-classics.org/bagang#Yang>)) (unsupported operation in ObjectHasValue(<http://www.tcm-classics.org/bagang#summarizesAs> <http://www.tcm-classics.org/bagang#Yang>))
16:15:15.036 |-WARN  in i.u.i.o.s.o.o.OWLAPITranslatorOWL2QL - Axiom does not belong to OWL 2 QL: SubClassOf(<http://www.tcm-classics.org/bagang#Han> ObjectHasValue(<http://www.tcm-classics.org/bagang#summarizesAs> <http://www.tcm-classics.org/bagang#Yin>)) (unsupported operation in ObjectHasValue(<http://www.tcm-classics.org/bagang#summarizesAs> <http://www.tcm-classics.org/bagang#Yin>))
16:15:15.100 |-WARN  in i.u.i.o.s.o.o.OWLAPITranslatorOWL2QL - Axiom does not belong to OWL 2 QL: DLSafeRule(Annotation(rdfs:comment "逻辑：方证→归属六经→六经关联禁忌→触发警告。
					仲景明训不可违。此规则确保任何方证确认后，其所属六经之禁忌
					自动浮出，防止误汗、误下、误吐。
					注意：此规则仅触发警告，不阻止处方。最终决策权在临床医师。
					【v2.1】归属六经由 bz:belongs_to_liujing 承载（替代已删除的 tcm:belongs_to_channel）。"@zh) Annotation(rdfs:label "禁忌检查"@zh) Body(ClassAtom(<http://www.tcm-classics.org/tcm#ClinicalCase> Variable(<http://www.tcm-classics.org/swrl/rules#p>)) ObjectPropertyAtom(<http://www.tcm-classics.org/tcm#hasConfirmedPattern> Variable(<http://www.tcm-classics.org/swrl/rules#p>) Variable(<http://www.tcm-classics.org/swrl/rules#pat>)) ObjectPropertyAtom(<http://www.tcm-classics.org/bingzheng#belongs_to_liujing> Variable(<http://www.tcm-classics.org/swrl/rules#pat>) Variable(<http://www.tcm-classics.org/swrl/rules#channel>)) ClassAtom(<http://www.tcm-classics.org/jianjia#ModificationContraindication> Variable(<http://www.tcm-classics.org/swrl/rules#c>)) ObjectPropertyAtom(<http://www.tcm-classics.org/jianjia#contraindicatedIn> Variable(<http://www.tcm-classics.org/swrl/rules#c>) Variable(<http://www.tcm-classics.org/swrl/rules#channel>))) Head(ObjectPropertyAtom(<http://www.tcm-classics.org/tcm#hasContraindicationWarning> Variable(<http://www.tcm-classics.org/swrl/rules#p>) Variable(<http://www.tcm-classics.org/swrl/rules#c>))))
16:15:15.101 |-WARN  in i.u.i.o.s.o.o.OWLAPITranslatorOWL2QL - Axiom does not belong to OWL 2 QL: DLSafeRule(Annotation(rdfs:comment "逻辑：若化裁规则的策略为合方（FormulaCombination），
则除推出目标方证外，额外触发合方提示。
临床意义：提示医师此处非简单加药或转方，乃两方合用，
需注意两方药物之重叠与剂量调整。"@zh) Annotation(rdfs:label "兼夹合方策略提示"@zh) Body(ClassAtom(<http://www.tcm-classics.org/tcm#ClinicalCase> Variable(<http://www.tcm-classics.org/swrl/rules#p>)) ObjectPropertyAtom(<http://www.tcm-classics.org/tcm#hasConfirmedPattern> Variable(<http://www.tcm-classics.org/swrl/rules#p>) Variable(<http://www.tcm-classics.org/swrl/rules#main>)) ObjectPropertyAtom(<http://www.tcm-classics.org/tcm#hasConcomitantPathology> Variable(<http://www.tcm-classics.org/swrl/rules#p>) Variable(<http://www.tcm-classics.org/swrl/rules#conc>)) ClassAtom(<http://www.tcm-classics.org/jianjia#ModificationRule> Variable(<http://www.tcm-classics.org/swrl/rules#r>)) ObjectPropertyAtom(<http://www.tcm-classics.org/jianjia#appliesToPathology> Variable(<http://www.tcm-classics.org/swrl/rules#r>) Variable(<http://www.tcm-classics.org/swrl/rules#conc>)) ObjectPropertyAtom(<http://www.tcm-classics.org/jianjia#primaryFormulaPattern> Variable(<http://www.tcm-classics.org/swrl/rules#r>) Variable(<http://www.tcm-classics.org/swrl/rules#main>)) ObjectPropertyAtom(<http://www.tcm-classics.org/jianjia#usesStrategy> Variable(<http://www.tcm-classics.org/swrl/rules#r>) <http://www.tcm-classics.org/jianjia#FormulaCombination_Instance>) ObjectPropertyAtom(<http://www.tcm-classics.org/jianjia#targetFormulaPattern> Variable(<http://www.tcm-classics.org/swrl/rules#r>) Variable(<http://www.tcm-classics.org/swrl/rules#target>))) Head(ObjectPropertyAtom(<http://www.tcm-classics.org/tcm#suggestedFormulaPattern> Variable(<http://www.tcm-classics.org/swrl/rules#p>) Variable(<http://www.tcm-classics.org/swrl/rules#target>)) ObjectPropertyAtom(<http://www.tcm-classics.org/tcm#hasCombinationAlert> Variable(<http://www.tcm-classics.org/swrl/rules#p>) Variable(<http://www.tcm-classics.org/swrl/rules#target>))))
16:15:15.102 |-WARN  in i.u.i.o.s.o.o.OWLAPITranslatorOWL2QL - Axiom does not belong to OWL 2 QL: DLSafeRule(Annotation(rdfs:comment "前提：主方证+兼夹证各自独立确认（非权重打分）。
逻辑：若存在化裁规则R，R适用于兼夹C，且R的主方证恰为患者当前主方证，
则推出R的目标方证。
此即\"有是证用是方\"之计算化表达：方证匹配，非分数累加。"@zh) Annotation(rdfs:label "兼夹化裁路径推断"@zh) Body(ClassAtom(<http://www.tcm-classics.org/tcm#ClinicalCase> Variable(<http://www.tcm-classics.org/swrl/rules#p>)) ObjectPropertyAtom(<http://www.tcm-classics.org/tcm#hasConfirmedPattern> Variable(<http://www.tcm-classics.org/swrl/rules#p>) Variable(<http://www.tcm-classics.org/swrl/rules#main>)) ObjectPropertyAtom(<http://www.tcm-classics.org/tcm#hasConcomitantPathology> Variable(<http://www.tcm-classics.org/swrl/rules#p>) Variable(<http://www.tcm-classics.org/swrl/rules#conc>)) ClassAtom(<http://www.tcm-classics.org/jianjia#ModificationRule> Variable(<http://www.tcm-classics.org/swrl/rules#r>)) ObjectPropertyAtom(<http://www.tcm-classics.org/jianjia#appliesToPathology> Variable(<http://www.tcm-classics.org/swrl/rules#r>) Variable(<http://www.tcm-classics.org/swrl/rules#conc>)) ObjectPropertyAtom(<http://www.tcm-classics.org/jianjia#primaryFormulaPattern> Variable(<http://www.tcm-classics.org/swrl/rules#r>) Variable(<http://www.tcm-classics.org/swrl/rules#main>)) ObjectPropertyAtom(<http://www.tcm-classics.org/jianjia#targetFormulaPattern> Variable(<http://www.tcm-classics.org/swrl/rules#r>) Variable(<http://www.tcm-classics.org/swrl/rules#target>))) Head(ObjectPropertyAtom(<http://www.tcm-classics.org/tcm#suggestedFormulaPattern> Variable(<http://www.tcm-classics.org/swrl/rules#p>) Variable(<http://www.tcm-classics.org/swrl/rules#target>))))
16:15:15.102 |-WARN  in i.u.i.o.s.o.o.OWLAPITranslatorOWL2QL - Axiom does not belong to OWL 2 QL: DLSafeRule(Annotation(rdfs:comment "前提：两个方证各自独立确认（有是证用是方）。
逻辑：若患者同时有方证A和方证B，A≠B，且A CombinesWith B，
则触发合方提示。
合方的前提：两个方证各自独立成立。不可因\"想兼顾\"而勉强合方。
输出：应用层据此查询jj:CombinesWith及jj:combinationResult。"@zh) Annotation(rdfs:label "合方建议"@zh) Body(ClassAtom(<http://www.tcm-classics.org/tcm#ClinicalCase> Variable(<http://www.tcm-classics.org/swrl/rules#p>)) ObjectPropertyAtom(<http://www.tcm-classics.org/tcm#hasConfirmedPattern> Variable(<http://www.tcm-classics.org/swrl/rules#p>) Variable(<http://www.tcm-classics.org/swrl/rules#a>)) ObjectPropertyAtom(<http://www.tcm-classics.org/tcm#hasConfirmedPattern> Variable(<http://www.tcm-classics.org/swrl/rules#p>) Variable(<http://www.tcm-classics.org/swrl/rules#b>)) DifferentFromAtom(Variable(<http://www.tcm-classics.org/swrl/rules#a>) Variable(<http://www.tcm-classics.org/swrl/rules#b>)) ObjectPropertyAtom(<http://www.tcm-classics.org/jianjia#CombinesWith> Variable(<http://www.tcm-classics.org/swrl/rules#a>) Variable(<http://www.tcm-classics.org/swrl/rules#b>))) Head(ObjectPropertyAtom(<http://www.tcm-classics.org/tcm#hasCombinationAlert> Variable(<http://www.tcm-classics.org/swrl/rules#p>) Variable(<http://www.tcm-classics.org/swrl/rules#a>)) ObjectPropertyAtom(<http://www.tcm-classics.org/tcm#hasCombinationAlert> Variable(<http://www.tcm-classics.org/swrl/rules#p>) Variable(<http://www.tcm-classics.org/swrl/rules#b>))))
16:15:15.103 |-WARN  in i.u.i.o.s.o.o.OWLAPITranslatorOWL2QL - Axiom does not belong to OWL 2 QL: DLSafeRule(Body(ClassAtom(<http://www.tcm-classics.org/tcm#ClinicalCase> Variable(<http://www.tcm-classics.org/swrl/rules#p>)) ObjectPropertyAtom(<http://www.tcm-classics.org/tcm#hasConfirmedPattern> Variable(<http://www.tcm-classics.org/swrl/rules#p>) Variable(<http://www.tcm-classics.org/swrl/rules#main>)) ClassAtom(<http://www.tcm-classics.org/jianjia#EightPrincipleAdditionRule> Variable(<http://www.tcm-classics.org/swrl/rules#r>)) ObjectPropertyAtom(<http://www.tcm-classics.org/jianjia#primaryFormulaPattern> Variable(<http://www.tcm-classics.org/swrl/rules#r>) Variable(<http://www.tcm-classics.org/swrl/rules#main>)) ObjectPropertyAtom(<http://www.tcm-classics.org/jianjia#targetFormulaPattern> Variable(<http://www.tcm-classics.org/swrl/rules#r>) Variable(<http://www.tcm-classics.org/swrl/rules#target>)) ObjectPropertyAtom(<http://www.tcm-classics.org/jianjia#triggersSymptom> Variable(<http://www.tcm-classics.org/swrl/rules#r>) Variable(<http://www.tcm-classics.org/swrl/rules#sym>)) ObjectPropertyAtom(<http://www.tcm-classics.org/tcm#has_symptom> Variable(<http://www.tcm-classics.org/swrl/rules#p>) Variable(<http://www.tcm-classics.org/swrl/rules#sym>))) Head(ObjectPropertyAtom(<http://www.tcm-classics.org/tcm#suggestedFormulaPattern> Variable(<http://www.tcm-classics.org/swrl/rules#p>) Variable(<http://www.tcm-classics.org/swrl/rules#target>))))
16:15:15.104 |-WARN  in i.u.i.o.s.o.o.OWLAPITranslatorOWL2QL - Axiom does not belong to OWL 2 QL: DataPropertyRange(<http://www.tcm-classics.org/zhengzhuangtizheng#has_diagnostic_weight> xsd:float) (unsupported datatype: XSD_FLOAT)
16:15:16.824 |-INFO  in i.u.i.o.a.impl.OntopQueryEngineImpl - Ontop has completed the setup and it is ready for query answering!
16:15:16.824 |-INFO  in i.u.i.o.r.r.i.OntopVirtualRepository - Ontop virtual repository initialized successfully!
16:15:17.592 |-INFO  in o.s.b.a.e.web.EndpointLinksResolver - Exposing 1 endpoint(s) beneath base path '/actuator'
16:15:17.643 |-INFO  in o.a.coyote.http11.Http11NioProtocol - Starting ProtocolHandler ["http-nio-8080"]
16:15:17.672 |-INFO  in o.s.b.w.e.tomcat.TomcatWebServer - Tomcat started on port(s): 8080 (http) with context path ''
16:15:17.695 |-INFO  in i.u.i.o.e.OntopEndpointApplication - Started OntopEndpointApplication in 6.682 seconds (JVM running for 7.104)
16:17:30.132 |-INFO  in o.a.c.c.C.[Tomcat].[localhost].[/] - Initializing Spring DispatcherServlet 'dispatcherServlet'
16:17:30.132 |-INFO  in o.s.web.servlet.DispatcherServlet - Initializing Servlet 'dispatcherServlet'
16:17:30.133 |-INFO  in o.s.web.servlet.DispatcherServlet - Completed initialization in 1 ms
-------------------------------------------

    ####    #   #   #####    ####    #####
   #    #   ##  #     #     #    #   #    #
   #    #   # # #     #     #    #   #####
   #    #   #  ##     #     #    #   #
    ####    #   #     #      ####    #

   v5.5.0
   (Java 26.0.1, Windows 11 10.0)
-------------------------------------------




20:07:30.021 |-INFO  in i.u.i.o.e.OntopEndpointApplication - Starting OntopEndpointApplication v5.5.0 using Java 26.0.1 on Ocean-win-Desktop with PID 48524 (D:\work\Ontology\ontop-cli-5.5.0\lib\ontop-endpoint-5.5.0.jar started by ocean in D:\work\Ontology\ontop-cli-5.5.0)
20:07:30.024 |-INFO  in i.u.i.o.e.OntopEndpointApplication - No active profile set, falling back to 1 default profile: "default"
WARNING: A restricted method in java.lang.System has been called
WARNING: java.lang.System::load has been called by org.apache.tomcat.jni.Library in an unnamed module (file:/D:/work/Ontology/ontop-cli-5.5.0/lib/tomcat-embed-core-9.0.111.jar)
WARNING: Use --enable-native-access=ALL-UNNAMED to avoid a warning for callers in this module
WARNING: Restricted methods will be blocked in a future release unless native access is enabled

20:07:31.094 |-INFO  in o.s.b.w.e.tomcat.TomcatWebServer - Tomcat initialized with port(s): 8080 (http)
20:07:31.106 |-INFO  in o.a.coyote.http11.Http11NioProtocol - Initializing ProtocolHandler ["http-nio-8080"]
20:07:31.108 |-INFO  in o.a.catalina.core.StandardService - Starting service [Tomcat]
20:07:31.109 |-INFO  in o.a.catalina.core.StandardEngine - Starting Servlet engine: [Apache Tomcat/9.0.111]
20:07:31.271 |-INFO  in o.a.c.c.C.[Tomcat].[localhost].[/] - Initializing Spring embedded WebApplicationContext
20:07:31.271 |-INFO  in o.s.b.w.s.c.ServletWebServerApplicationContext - Root WebApplicationContext: initialization completed in 1209 ms
WARNING: A terminally deprecated method in sun.misc.Unsafe has been called
WARNING: sun.misc.Unsafe::objectFieldOffset has been called by com.google.common.util.concurrent.AbstractFuture$UnsafeAtomicHelper (file:/D:/work/Ontology/ontop-cli-5.5.0/lib/guava-32.0.1-jre.jar)
WARNING: Please consider reporting this to the maintainers of class com.google.common.util.concurrent.AbstractFuture$UnsafeAtomicHelper
WARNING: sun.misc.Unsafe::objectFieldOffset will be removed in a future release
20:07:33.629 |-INFO  in o.s.o.r.rdfxml.parser.AbstractState - Notice: root element does not have an xml:base. Relative IRIs will be resolved against file:/D:/work/Ontology/TraditionalChineseMedicineOntology/ontology/jingfang_swrl_rules.owl
20:07:33.698 |-WARN  in o.s.o.u.OWLAnnotationPropertyTransformer - Annotation property range axiom turned to object property range after parsing. This could introduce errors if the original range was an anonymous expression: http://www.tcm-classics.org/tcm#SymptomSign is the new domain.
20:07:33.698 |-WARN  in o.s.o.u.OWLAnnotationPropertyTransformer - Annotation property range axiom turned to data property range after parsing. This could introduce errors if the original range was an anonymous expression: http://www.w3.org/1999/02/22-rdf-syntax-ns#PlainLiteral is the new domain.
20:07:33.698 |-WARN  in o.s.o.u.OWLAnnotationPropertyTransformer - Annotation property range axiom turned to object property range after parsing. This could introduce errors if the original range was an anonymous expression: http://www.tcm-classics.org/bagang#EightPrincipleElement is the new domain.
20:07:33.699 |-WARN  in o.s.o.u.OWLAnnotationPropertyTransformer - Annotation property range axiom turned to object property range after parsing. This could introduce errors if the original range was an anonymous expression: http://www.tcm-classics.org/bagang#EightPrincipleElement is the new domain.
20:07:33.699 |-WARN  in o.s.o.u.OWLAnnotationPropertyTransformer - Annotation property range axiom turned to object property range after parsing. This could introduce errors if the original range was an anonymous expression: http://www.tcm-classics.org/maixiang#PulseManifestation is the new domain.
20:07:33.735 |-WARN  in i.u.i.o.s.o.o.OWLAPITranslatorOWL2QL - Axiom does not belong to OWL 2 QL: SubClassOf(<http://www.tcm-classics.org/bagang#Shi> ObjectHasValue(<http://www.tcm-classics.org/bagang#summarizesAs> <http://www.tcm-classics.org/bagang#Yang>)) (unsupported operation in ObjectHasValue(<http://www.tcm-classics.org/bagang#summarizesAs> <http://www.tcm-classics.org/bagang#Yang>))
20:07:33.735 |-WARN  in i.u.i.o.s.o.o.OWLAPITranslatorOWL2QL - Axiom does not belong to OWL 2 QL: SubClassOf(<http://www.tcm-classics.org/bagang#Han> ObjectHasValue(<http://www.tcm-classics.org/bagang#summarizesAs> <http://www.tcm-classics.org/bagang#Yin>)) (unsupported operation in ObjectHasValue(<http://www.tcm-classics.org/bagang#summarizesAs> <http://www.tcm-classics.org/bagang#Yin>))
20:07:33.736 |-WARN  in i.u.i.o.s.o.o.OWLAPITranslatorOWL2QL - Axiom does not belong to OWL 2 QL: SubClassOf(<http://www.tcm-classics.org/bagang#Xu> ObjectHasValue(<http://www.tcm-classics.org/bagang#summarizesAs> <http://www.tcm-classics.org/bagang#Yin>)) (unsupported operation in ObjectHasValue(<http://www.tcm-classics.org/bagang#summarizesAs> <http://www.tcm-classics.org/bagang#Yin>))
20:07:33.736 |-WARN  in i.u.i.o.s.o.o.OWLAPITranslatorOWL2QL - Axiom does not belong to OWL 2 QL: SubClassOf(<http://www.tcm-classics.org/bagang#Re> ObjectHasValue(<http://www.tcm-classics.org/bagang#summarizesAs> <http://www.tcm-classics.org/bagang#Yang>)) (unsupported operation in ObjectHasValue(<http://www.tcm-classics.org/bagang#summarizesAs> <http://www.tcm-classics.org/bagang#Yang>))
20:07:33.775 |-WARN  in i.u.i.o.s.o.o.OWLAPITranslatorOWL2QL - Axiom does not belong to OWL 2 QL: DLSafeRule(Annotation(rdfs:comment "逻辑：若化裁规则的策略为合方（FormulaCombination），
则除推出目标方证外，额外触发合方提示。
临床意义：提示医师此处非简单加药或转方，乃两方合用，
需注意两方药物之重叠与剂量调整。"@zh) Annotation(rdfs:label "兼夹合方策略提示"@zh) Body(ClassAtom(<http://www.tcm-classics.org/tcm#ClinicalCase> Variable(<http://www.tcm-classics.org/swrl/rules#p>)) ObjectPropertyAtom(<http://www.tcm-classics.org/tcm#hasConfirmedPattern> Variable(<http://www.tcm-classics.org/swrl/rules#p>) Variable(<http://www.tcm-classics.org/swrl/rules#main>)) ObjectPropertyAtom(<http://www.tcm-classics.org/tcm#hasConcomitantPathology> Variable(<http://www.tcm-classics.org/swrl/rules#p>) Variable(<http://www.tcm-classics.org/swrl/rules#conc>)) ClassAtom(<http://www.tcm-classics.org/jianjia#ModificationRule> Variable(<http://www.tcm-classics.org/swrl/rules#r>)) ObjectPropertyAtom(<http://www.tcm-classics.org/jianjia#appliesToPathology> Variable(<http://www.tcm-classics.org/swrl/rules#r>) Variable(<http://www.tcm-classics.org/swrl/rules#conc>)) ObjectPropertyAtom(<http://www.tcm-classics.org/jianjia#primaryFormulaPattern> Variable(<http://www.tcm-classics.org/swrl/rules#r>) Variable(<http://www.tcm-classics.org/swrl/rules#main>)) ObjectPropertyAtom(<http://www.tcm-classics.org/jianjia#usesStrategy> Variable(<http://www.tcm-classics.org/swrl/rules#r>) <http://www.tcm-classics.org/jianjia#FormulaCombination_Instance>) ObjectPropertyAtom(<http://www.tcm-classics.org/jianjia#targetFormulaPattern> Variable(<http://www.tcm-classics.org/swrl/rules#r>) Variable(<http://www.tcm-classics.org/swrl/rules#target>))) Head(ObjectPropertyAtom(<http://www.tcm-classics.org/tcm#suggestedFormulaPattern> Variable(<http://www.tcm-classics.org/swrl/rules#p>) Variable(<http://www.tcm-classics.org/swrl/rules#target>)) ObjectPropertyAtom(<http://www.tcm-classics.org/tcm#hasCombinationAlert> Variable(<http://www.tcm-classics.org/swrl/rules#p>) Variable(<http://www.tcm-classics.org/swrl/rules#target>))))
20:07:33.776 |-WARN  in i.u.i.o.s.o.o.OWLAPITranslatorOWL2QL - Axiom does not belong to OWL 2 QL: DLSafeRule(Body(ClassAtom(<http://www.tcm-classics.org/tcm#ClinicalCase> Variable(<http://www.tcm-classics.org/swrl/rules#p>)) ObjectPropertyAtom(<http://www.tcm-classics.org/tcm#hasConfirmedPattern> Variable(<http://www.tcm-classics.org/swrl/rules#p>) Variable(<http://www.tcm-classics.org/swrl/rules#main>)) ClassAtom(<http://www.tcm-classics.org/jianjia#EightPrincipleAdditionRule> Variable(<http://www.tcm-classics.org/swrl/rules#r>)) ObjectPropertyAtom(<http://www.tcm-classics.org/jianjia#primaryFormulaPattern> Variable(<http://www.tcm-classics.org/swrl/rules#r>) Variable(<http://www.tcm-classics.org/swrl/rules#main>)) ObjectPropertyAtom(<http://www.tcm-classics.org/jianjia#targetFormulaPattern> Variable(<http://www.tcm-classics.org/swrl/rules#r>) Variable(<http://www.tcm-classics.org/swrl/rules#target>)) ObjectPropertyAtom(<http://www.tcm-classics.org/jianjia#triggersSymptom> Variable(<http://www.tcm-classics.org/swrl/rules#r>) Variable(<http://www.tcm-classics.org/swrl/rules#sym>)) ObjectPropertyAtom(<http://www.tcm-classics.org/tcm#has_symptom> Variable(<http://www.tcm-classics.org/swrl/rules#p>) Variable(<http://www.tcm-classics.org/swrl/rules#sym>))) Head(ObjectPropertyAtom(<http://www.tcm-classics.org/tcm#suggestedFormulaPattern> Variable(<http://www.tcm-classics.org/swrl/rules#p>) Variable(<http://www.tcm-classics.org/swrl/rules#target>))))
20:07:33.776 |-WARN  in i.u.i.o.s.o.o.OWLAPITranslatorOWL2QL - Axiom does not belong to OWL 2 QL: DLSafeRule(Annotation(rdfs:comment "前提：主方证+兼夹证各自独立确认（非权重打分）。
逻辑：若存在化裁规则R，R适用于兼夹C，且R的主方证恰为患者当前主方证，
则推出R的目标方证。
此即\"有是证用是方\"之计算化表达：方证匹配，非分数累加。"@zh) Annotation(rdfs:label "兼夹化裁路径推断"@zh) Body(ClassAtom(<http://www.tcm-classics.org/tcm#ClinicalCase> Variable(<http://www.tcm-classics.org/swrl/rules#p>)) ObjectPropertyAtom(<http://www.tcm-classics.org/tcm#hasConfirmedPattern> Variable(<http://www.tcm-classics.org/swrl/rules#p>) Variable(<http://www.tcm-classics.org/swrl/rules#main>)) ObjectPropertyAtom(<http://www.tcm-classics.org/tcm#hasConcomitantPathology> Variable(<http://www.tcm-classics.org/swrl/rules#p>) Variable(<http://www.tcm-classics.org/swrl/rules#conc>)) ClassAtom(<http://www.tcm-classics.org/jianjia#ModificationRule> Variable(<http://www.tcm-classics.org/swrl/rules#r>)) ObjectPropertyAtom(<http://www.tcm-classics.org/jianjia#appliesToPathology> Variable(<http://www.tcm-classics.org/swrl/rules#r>) Variable(<http://www.tcm-classics.org/swrl/rules#conc>)) ObjectPropertyAtom(<http://www.tcm-classics.org/jianjia#primaryFormulaPattern> Variable(<http://www.tcm-classics.org/swrl/rules#r>) Variable(<http://www.tcm-classics.org/swrl/rules#main>)) ObjectPropertyAtom(<http://www.tcm-classics.org/jianjia#targetFormulaPattern> Variable(<http://www.tcm-classics.org/swrl/rules#r>) Variable(<http://www.tcm-classics.org/swrl/rules#target>))) Head(ObjectPropertyAtom(<http://www.tcm-classics.org/tcm#suggestedFormulaPattern> Variable(<http://www.tcm-classics.org/swrl/rules#p>) Variable(<http://www.tcm-classics.org/swrl/rules#target>))))
20:07:33.776 |-WARN  in i.u.i.o.s.o.o.OWLAPITranslatorOWL2QL - Axiom does not belong to OWL 2 QL: DLSafeRule(Annotation(rdfs:comment "前提：两个方证各自独立确认（有是证用是方）。
逻辑：若患者同时有方证A和方证B，A≠B，且A CombinesWith B，
则触发合方提示。
合方的前提：两个方证各自独立成立。不可因\"想兼顾\"而勉强合方。
输出：应用层据此查询jj:CombinesWith及jj:combinationResult。"@zh) Annotation(rdfs:label "合方建议"@zh) Body(ClassAtom(<http://www.tcm-classics.org/tcm#ClinicalCase> Variable(<http://www.tcm-classics.org/swrl/rules#p>)) ObjectPropertyAtom(<http://www.tcm-classics.org/tcm#hasConfirmedPattern> Variable(<http://www.tcm-classics.org/swrl/rules#p>) Variable(<http://www.tcm-classics.org/swrl/rules#a>)) ObjectPropertyAtom(<http://www.tcm-classics.org/tcm#hasConfirmedPattern> Variable(<http://www.tcm-classics.org/swrl/rules#p>) Variable(<http://www.tcm-classics.org/swrl/rules#b>)) DifferentFromAtom(Variable(<http://www.tcm-classics.org/swrl/rules#a>) Variable(<http://www.tcm-classics.org/swrl/rules#b>)) ObjectPropertyAtom(<http://www.tcm-classics.org/jianjia#CombinesWith> Variable(<http://www.tcm-classics.org/swrl/rules#a>) Variable(<http://www.tcm-classics.org/swrl/rules#b>))) Head(ObjectPropertyAtom(<http://www.tcm-classics.org/tcm#hasCombinationAlert> Variable(<http://www.tcm-classics.org/swrl/rules#p>) Variable(<http://www.tcm-classics.org/swrl/rules#a>)) ObjectPropertyAtom(<http://www.tcm-classics.org/tcm#hasCombinationAlert> Variable(<http://www.tcm-classics.org/swrl/rules#p>) Variable(<http://www.tcm-classics.org/swrl/rules#b>))))
20:07:33.777 |-WARN  in i.u.i.o.s.o.o.OWLAPITranslatorOWL2QL - Axiom does not belong to OWL 2 QL: DLSafeRule(Annotation(rdfs:comment "逻辑：方证→归属六经→六经关联禁忌→触发警告。
					仲景明训不可违。此规则确保任何方证确认后，其所属六经之禁忌
					自动浮出，防止误汗、误下、误吐。
					注意：此规则仅触发警告，不阻止处方。最终决策权在临床医师。
					【v2.1】归属六经由 bz:belongs_to_liujing 承载（替代已删除的 tcm:belongs_to_channel）。"@zh) Annotation(rdfs:label "禁忌检查"@zh) Body(ClassAtom(<http://www.tcm-classics.org/tcm#ClinicalCase> Variable(<http://www.tcm-classics.org/swrl/rules#p>)) ObjectPropertyAtom(<http://www.tcm-classics.org/tcm#hasConfirmedPattern> Variable(<http://www.tcm-classics.org/swrl/rules#p>) Variable(<http://www.tcm-classics.org/swrl/rules#pat>)) ObjectPropertyAtom(<http://www.tcm-classics.org/bingzheng#belongs_to_liujing> Variable(<http://www.tcm-classics.org/swrl/rules#pat>) Variable(<http://www.tcm-classics.org/swrl/rules#channel>)) ClassAtom(<http://www.tcm-classics.org/jianjia#ModificationContraindication> Variable(<http://www.tcm-classics.org/swrl/rules#c>)) ObjectPropertyAtom(<http://www.tcm-classics.org/jianjia#contraindicatedIn> Variable(<http://www.tcm-classics.org/swrl/rules#c>) Variable(<http://www.tcm-classics.org/swrl/rules#channel>))) Head(ObjectPropertyAtom(<http://www.tcm-classics.org/tcm#hasContraindicationWarning> Variable(<http://www.tcm-classics.org/swrl/rules#p>) Variable(<http://www.tcm-classics.org/swrl/rules#c>))))
20:07:35.447 |-INFO  in i.u.i.o.a.impl.OntopQueryEngineImpl - Ontop has completed the setup and it is ready for query answering!
20:07:35.448 |-INFO  in i.u.i.o.r.r.i.OntopVirtualRepository - Ontop virtual repository initialized successfully!
20:07:36.123 |-INFO  in o.s.b.a.e.web.EndpointLinksResolver - Exposing 1 endpoint(s) beneath base path '/actuator'
20:07:36.163 |-INFO  in o.a.coyote.http11.Http11NioProtocol - Starting ProtocolHandler ["http-nio-8080"]
20:07:36.187 |-INFO  in o.s.b.w.e.tomcat.TomcatWebServer - Tomcat started on port(s): 8080 (http) with context path ''
20:07:36.203 |-INFO  in i.u.i.o.e.OntopEndpointApplication - Started OntopEndpointApplication in 6.467 seconds (JVM running for 6.928)
20:08:15.157 |-INFO  in o.a.c.c.C.[Tomcat].[localhost].[/] - Initializing Spring DispatcherServlet 'dispatcherServlet'
20:08:15.157 |-INFO  in o.s.web.servlet.DispatcherServlet - Initializing Servlet 'dispatcherServlet'
20:08:15.158 |-INFO  in o.s.web.servlet.DispatcherServlet - Completed initialization in 1 ms
-------------------------------------------

    ####    #   #   #####    ####    #####
   #    #   ##  #     #     #    #   #    #
   #    #   # # #     #     #    #   #####
   #    #   #  ##     #     #    #   #
    ####    #   #     #      ####    #

   v5.5.0
   (Java 26.0.1, Windows 11 10.0)
-------------------------------------------




19:48:54.441 |-INFO  in i.u.i.o.e.OntopEndpointApplication - Starting OntopEndpointApplication v5.5.0 using Java 26.0.1 on Ocean-win-Desktop with PID 14696 (D:\work\Ontology\ontop-cli-5.5.0\lib\ontop-endpoint-5.5.0.jar started by ocean in D:\work\Ontology\ontop-cli-5.5.0)
19:48:54.443 |-INFO  in i.u.i.o.e.OntopEndpointApplication - No active profile set, falling back to 1 default profile: "default"
WARNING: A restricted method in java.lang.System has been called
WARNING: java.lang.System::load has been called by org.apache.tomcat.jni.Library in an unnamed module (file:/D:/work/Ontology/ontop-cli-5.5.0/lib/tomcat-embed-core-9.0.111.jar)
WARNING: Use --enable-native-access=ALL-UNNAMED to avoid a warning for callers in this module
WARNING: Restricted methods will be blocked in a future release unless native access is enabled

19:48:56.321 |-INFO  in o.s.b.w.e.tomcat.TomcatWebServer - Tomcat initialized with port(s): 8080 (http)
19:48:56.339 |-INFO  in o.a.coyote.http11.Http11NioProtocol - Initializing ProtocolHandler ["http-nio-8080"]
19:48:56.344 |-INFO  in o.a.catalina.core.StandardService - Starting service [Tomcat]
19:48:56.345 |-INFO  in o.a.catalina.core.StandardEngine - Starting Servlet engine: [Apache Tomcat/9.0.111]
19:48:56.633 |-INFO  in o.a.c.c.C.[Tomcat].[localhost].[/] - Initializing Spring embedded WebApplicationContext
19:48:56.633 |-INFO  in o.s.b.w.s.c.ServletWebServerApplicationContext - Root WebApplicationContext: initialization completed in 2118 ms
WARNING: A terminally deprecated method in sun.misc.Unsafe has been called
WARNING: sun.misc.Unsafe::objectFieldOffset has been called by com.google.common.util.concurrent.AbstractFuture$UnsafeAtomicHelper (file:/D:/work/Ontology/ontop-cli-5.5.0/lib/guava-32.0.1-jre.jar)
WARNING: Please consider reporting this to the maintainers of class com.google.common.util.concurrent.AbstractFuture$UnsafeAtomicHelper
WARNING: sun.misc.Unsafe::objectFieldOffset will be removed in a future release
19:49:01.979 |-WARN  in u.a.m.c.o.o.OWLOntologyManagerImpl - Illegal redeclarations of entities: reuse of entity http://www.tcm-classics.org/zhengzhuangtizheng#evidenceLevel in punning not allowed [Declaration(AnnotationProperty(<http://www.tcm-classics.org/zhengzhuangtizheng#evidenceLevel>)), Declaration(DataProperty(<http://www.tcm-classics.org/zhengzhuangtizheng#evidenceLevel>))]
19:49:02.664 |-INFO  in o.s.o.r.rdfxml.parser.AbstractState - Notice: root element does not have an xml:base. Relative IRIs will be resolved against file:/D:/work/Ontology/TraditionalChineseMedicineOntology/ontology/jingfang_swrl_rules.owl
19:49:02.762 |-WARN  in u.a.m.c.o.o.OWLOntologyManagerImpl - Illegal redeclarations of entities: reuse of entity http://www.tcm-classics.org/zhengzhuangtizheng#evidenceLevel in punning not allowed [Declaration(AnnotationProperty(<http://www.tcm-classics.org/zhengzhuangtizheng#evidenceLevel>)), Declaration(DataProperty(<http://www.tcm-classics.org/zhengzhuangtizheng#evidenceLevel>))]
19:49:02.812 |-WARN  in u.a.m.c.o.o.OWLOntologyManagerImpl - Illegal redeclarations of entities: reuse of entity http://www.tcm-classics.org/zhengzhuangtizheng#evidenceLevel in punning not allowed [Declaration(AnnotationProperty(<http://www.tcm-classics.org/zhengzhuangtizheng#evidenceLevel>)), Declaration(DataProperty(<http://www.tcm-classics.org/zhengzhuangtizheng#evidenceLevel>))]
19:49:02.891 |-WARN  in o.s.o.u.OWLAnnotationPropertyTransformer - Annotation property range axiom turned to object property range after parsing. This could introduce errors if the original range was an anonymous expression: http://www.tcm-classics.org/tcm#SymptomSign is the new domain.
19:49:02.892 |-WARN  in o.s.o.u.OWLAnnotationPropertyTransformer - Annotation property range axiom turned to data property range after parsing. This could introduce errors if the original range was an anonymous expression: http://www.w3.org/1999/02/22-rdf-syntax-ns#PlainLiteral is the new domain.
19:49:02.893 |-WARN  in o.s.o.u.OWLAnnotationPropertyTransformer - Annotation property range axiom turned to object property range after parsing. This could introduce errors if the original range was an anonymous expression: http://www.tcm-classics.org/bagang#EightPrincipleElement is the new domain.
19:49:02.893 |-WARN  in o.s.o.u.OWLAnnotationPropertyTransformer - Annotation property range axiom turned to object property range after parsing. This could introduce errors if the original range was an anonymous expression: http://www.tcm-classics.org/bagang#EightPrincipleElement is the new domain.
19:49:02.901 |-WARN  in o.s.o.u.OWLAnnotationPropertyTransformer - Annotation property range axiom turned to object property range after parsing. This could introduce errors if the original range was an anonymous expression: http://www.tcm-classics.org/maixiang#PulseManifestation is the new domain.
19:49:03.257 |-WARN  in i.u.i.o.s.o.o.OWLAPITranslatorOWL2QL - Axiom does not belong to OWL 2 QL: DLSafeRule(Annotation(rdfs:comment "前提：两个方证各自独立确认（有是证用是方）。
逻辑：若患者同时有方证A和方证B，A≠B，且A CombinesWith B，
则触发合方提示。
合方的前提：两个方证各自独立成立。不可因\"想兼顾\"而勉强合方。
输出：应用层据此查询jj:CombinesWith及jj:combinationResult。"@zh) Annotation(rdfs:label "合方建议"@zh) Body(ClassAtom(<http://www.tcm-classics.org/tcm#ClinicalCase> Variable(<http://www.tcm-classics.org/swrl/rules#p>)) ObjectPropertyAtom(<http://www.tcm-classics.org/tcm#hasConfirmedPattern> Variable(<http://www.tcm-classics.org/swrl/rules#p>) Variable(<http://www.tcm-classics.org/swrl/rules#a>)) ObjectPropertyAtom(<http://www.tcm-classics.org/tcm#hasConfirmedPattern> Variable(<http://www.tcm-classics.org/swrl/rules#p>) Variable(<http://www.tcm-classics.org/swrl/rules#b>)) DifferentFromAtom(Variable(<http://www.tcm-classics.org/swrl/rules#a>) Variable(<http://www.tcm-classics.org/swrl/rules#b>)) ObjectPropertyAtom(<http://www.tcm-classics.org/jianjia#CombinesWith> Variable(<http://www.tcm-classics.org/swrl/rules#a>) Variable(<http://www.tcm-classics.org/swrl/rules#b>))) Head(ObjectPropertyAtom(<http://www.tcm-classics.org/tcm#hasCombinationAlert> Variable(<http://www.tcm-classics.org/swrl/rules#p>) Variable(<http://www.tcm-classics.org/swrl/rules#a>)) ObjectPropertyAtom(<http://www.tcm-classics.org/tcm#hasCombinationAlert> Variable(<http://www.tcm-classics.org/swrl/rules#p>) Variable(<http://www.tcm-classics.org/swrl/rules#b>))))
19:49:03.259 |-WARN  in i.u.i.o.s.o.o.OWLAPITranslatorOWL2QL - Axiom does not belong to OWL 2 QL: DLSafeRule(Body(ClassAtom(<http://www.tcm-classics.org/tcm#ClinicalCase> Variable(<http://www.tcm-classics.org/swrl/rules#p>)) ObjectPropertyAtom(<http://www.tcm-classics.org/tcm#hasConfirmedPattern> Variable(<http://www.tcm-classics.org/swrl/rules#p>) Variable(<http://www.tcm-classics.org/swrl/rules#main>)) ClassAtom(<http://www.tcm-classics.org/jianjia#EightPrincipleAdditionRule> Variable(<http://www.tcm-classics.org/swrl/rules#r>)) ObjectPropertyAtom(<http://www.tcm-classics.org/jianjia#primaryFormulaPattern> Variable(<http://www.tcm-classics.org/swrl/rules#r>) Variable(<http://www.tcm-classics.org/swrl/rules#main>)) ObjectPropertyAtom(<http://www.tcm-classics.org/jianjia#targetFormulaPattern> Variable(<http://www.tcm-classics.org/swrl/rules#r>) Variable(<http://www.tcm-classics.org/swrl/rules#target>)) ObjectPropertyAtom(<http://www.tcm-classics.org/jianjia#triggersSymptom> Variable(<http://www.tcm-classics.org/swrl/rules#r>) Variable(<http://www.tcm-classics.org/swrl/rules#sym>)) ObjectPropertyAtom(<http://www.tcm-classics.org/tcm#has_symptom> Variable(<http://www.tcm-classics.org/swrl/rules#p>) Variable(<http://www.tcm-classics.org/swrl/rules#sym>))) Head(ObjectPropertyAtom(<http://www.tcm-classics.org/tcm#suggestedFormulaPattern> Variable(<http://www.tcm-classics.org/swrl/rules#p>) Variable(<http://www.tcm-classics.org/swrl/rules#target>))))
19:49:03.261 |-WARN  in i.u.i.o.s.o.o.OWLAPITranslatorOWL2QL - Axiom does not belong to OWL 2 QL: DLSafeRule(Annotation(rdfs:comment "逻辑：方证→归属六经→六经关联禁忌→触发警告。
					仲景明训不可违。此规则确保任何方证确认后，其所属六经之禁忌
					自动浮出，防止误汗、误下、误吐。
					注意：此规则仅触发警告，不阻止处方。最终决策权在临床医师。
					【v2.1】归属六经由 bz:belongs_to_liujing 承载（替代已删除的 tcm:belongs_to_channel）。"@zh) Annotation(rdfs:label "禁忌检查"@zh) Body(ClassAtom(<http://www.tcm-classics.org/tcm#ClinicalCase> Variable(<http://www.tcm-classics.org/swrl/rules#p>)) ObjectPropertyAtom(<http://www.tcm-classics.org/tcm#hasConfirmedPattern> Variable(<http://www.tcm-classics.org/swrl/rules#p>) Variable(<http://www.tcm-classics.org/swrl/rules#pat>)) ObjectPropertyAtom(<http://www.tcm-classics.org/bingzheng#belongs_to_liujing> Variable(<http://www.tcm-classics.org/swrl/rules#pat>) Variable(<http://www.tcm-classics.org/swrl/rules#channel>)) ClassAtom(<http://www.tcm-classics.org/jianjia#ModificationContraindication> Variable(<http://www.tcm-classics.org/swrl/rules#c>)) ObjectPropertyAtom(<http://www.tcm-classics.org/jianjia#contraindicatedIn> Variable(<http://www.tcm-classics.org/swrl/rules#c>) Variable(<http://www.tcm-classics.org/swrl/rules#channel>))) Head(ObjectPropertyAtom(<http://www.tcm-classics.org/tcm#hasContraindicationWarning> Variable(<http://www.tcm-classics.org/swrl/rules#p>) Variable(<http://www.tcm-classics.org/swrl/rules#c>))))
19:49:03.261 |-WARN  in i.u.i.o.s.o.o.OWLAPITranslatorOWL2QL - Axiom does not belong to OWL 2 QL: DLSafeRule(Annotation(rdfs:comment "逻辑：若化裁规则的策略为合方（FormulaCombination），
则除推出目标方证外，额外触发合方提示。
临床意义：提示医师此处非简单加药或转方，乃两方合用，
需注意两方药物之重叠与剂量调整。"@zh) Annotation(rdfs:label "兼夹合方策略提示"@zh) Body(ClassAtom(<http://www.tcm-classics.org/tcm#ClinicalCase> Variable(<http://www.tcm-classics.org/swrl/rules#p>)) ObjectPropertyAtom(<http://www.tcm-classics.org/tcm#hasConfirmedPattern> Variable(<http://www.tcm-classics.org/swrl/rules#p>) Variable(<http://www.tcm-classics.org/swrl/rules#main>)) ObjectPropertyAtom(<http://www.tcm-classics.org/tcm#hasConcomitantPathology> Variable(<http://www.tcm-classics.org/swrl/rules#p>) Variable(<http://www.tcm-classics.org/swrl/rules#conc>)) ClassAtom(<http://www.tcm-classics.org/jianjia#ModificationRule> Variable(<http://www.tcm-classics.org/swrl/rules#r>)) ObjectPropertyAtom(<http://www.tcm-classics.org/jianjia#appliesToPathology> Variable(<http://www.tcm-classics.org/swrl/rules#r>) Variable(<http://www.tcm-classics.org/swrl/rules#conc>)) ObjectPropertyAtom(<http://www.tcm-classics.org/jianjia#primaryFormulaPattern> Variable(<http://www.tcm-classics.org/swrl/rules#r>) Variable(<http://www.tcm-classics.org/swrl/rules#main>)) ObjectPropertyAtom(<http://www.tcm-classics.org/jianjia#usesStrategy> Variable(<http://www.tcm-classics.org/swrl/rules#r>) <http://www.tcm-classics.org/jianjia#FormulaCombination_Instance>) ObjectPropertyAtom(<http://www.tcm-classics.org/jianjia#targetFormulaPattern> Variable(<http://www.tcm-classics.org/swrl/rules#r>) Variable(<http://www.tcm-classics.org/swrl/rules#target>))) Head(ObjectPropertyAtom(<http://www.tcm-classics.org/tcm#suggestedFormulaPattern> Variable(<http://www.tcm-classics.org/swrl/rules#p>) Variable(<http://www.tcm-classics.org/swrl/rules#target>)) ObjectPropertyAtom(<http://www.tcm-classics.org/tcm#hasCombinationAlert> Variable(<http://www.tcm-classics.org/swrl/rules#p>) Variable(<http://www.tcm-classics.org/swrl/rules#target>))))
19:49:03.262 |-WARN  in i.u.i.o.s.o.o.OWLAPITranslatorOWL2QL - Axiom does not belong to OWL 2 QL: DLSafeRule(Annotation(rdfs:comment "前提：主方证+兼夹证各自独立确认（非权重打分）。
逻辑：若存在化裁规则R，R适用于兼夹C，且R的主方证恰为患者当前主方证，
则推出R的目标方证。
此即\"有是证用是方\"之计算化表达：方证匹配，非分数累加。"@zh) Annotation(rdfs:label "兼夹化裁路径推断"@zh) Body(ClassAtom(<http://www.tcm-classics.org/tcm#ClinicalCase> Variable(<http://www.tcm-classics.org/swrl/rules#p>)) ObjectPropertyAtom(<http://www.tcm-classics.org/tcm#hasConfirmedPattern> Variable(<http://www.tcm-classics.org/swrl/rules#p>) Variable(<http://www.tcm-classics.org/swrl/rules#main>)) ObjectPropertyAtom(<http://www.tcm-classics.org/tcm#hasConcomitantPathology> Variable(<http://www.tcm-classics.org/swrl/rules#p>) Variable(<http://www.tcm-classics.org/swrl/rules#conc>)) ClassAtom(<http://www.tcm-classics.org/jianjia#ModificationRule> Variable(<http://www.tcm-classics.org/swrl/rules#r>)) ObjectPropertyAtom(<http://www.tcm-classics.org/jianjia#appliesToPathology> Variable(<http://www.tcm-classics.org/swrl/rules#r>) Variable(<http://www.tcm-classics.org/swrl/rules#conc>)) ObjectPropertyAtom(<http://www.tcm-classics.org/jianjia#primaryFormulaPattern> Variable(<http://www.tcm-classics.org/swrl/rules#r>) Variable(<http://www.tcm-classics.org/swrl/rules#main>)) ObjectPropertyAtom(<http://www.tcm-classics.org/jianjia#targetFormulaPattern> Variable(<http://www.tcm-classics.org/swrl/rules#r>) Variable(<http://www.tcm-classics.org/swrl/rules#target>))) Head(ObjectPropertyAtom(<http://www.tcm-classics.org/tcm#suggestedFormulaPattern> Variable(<http://www.tcm-classics.org/swrl/rules#p>) Variable(<http://www.tcm-classics.org/swrl/rules#target>))))
19:49:04.004 |-WARN  in o.s.b.w.s.c.AnnotationConfigServletWebServerApplicationContext - Exception encountered during context initialization - cancelling refresh attempt: org.springframework.beans.factory.UnsatisfiedDependencyException: Error creating bean with name 'sparqlQueryController' defined in URL [jar:file:/D:/work/Ontology/ontop-cli-5.5.0/lib/ontop-endpoint-5.5.0.jar!/it/unibz/inf/ontop/endpoint/controllers/SparqlQueryController.class]: Unsatisfied dependency expressed through constructor parameter 0; nested exception is org.springframework.beans.factory.BeanCreationException: Error creating bean with name 'setupVirtualRepository' defined in class path resource [it/unibz/inf/ontop/endpoint/beans/OntopVirtualRepositoryBean.class]: Bean instantiation via factory method failed; nested exception is org.springframework.beans.BeanInstantiationException: Failed to instantiate [it.unibz.inf.ontop.rdf4j.repository.impl.OntopVirtualRepository]: Factory method 'setupVirtualRepository' threw exception; nested exception is org.eclipse.rdf4j.repository.RepositoryException: it.unibz.inf.ontop.exception.MappingIOException: java.io.IOException: ERROR reading .obda file at line: 163
MESSAGE: Unknown parameter name "--" at line: 163.
19:49:04.017 |-INFO  in o.a.catalina.core.StandardService - Stopping service [Tomcat]
19:49:04.085 |-INFO  in o.s.b.a.l.ConditionEvaluationReportLoggingListener - 

Error starting ApplicationContext. To display the conditions report re-run your application with 'debug' enabled.
19:49:04.175 |-ERROR in o.s.boot.SpringApplication - Application run failed
org.springframework.beans.factory.UnsatisfiedDependencyException: Error creating bean with name 'sparqlQueryController' defined in URL [jar:file:/D:/work/Ontology/ontop-cli-5.5.0/lib/ontop-endpoint-5.5.0.jar!/it/unibz/inf/ontop/endpoint/controllers/SparqlQueryController.class]: Unsatisfied dependency expressed through constructor parameter 0; nested exception is org.springframework.beans.factory.BeanCreationException: Error creating bean with name 'setupVirtualRepository' defined in class path resource [it/unibz/inf/ontop/endpoint/beans/OntopVirtualRepositoryBean.class]: Bean instantiation via factory method failed; nested exception is org.springframework.beans.BeanInstantiationException: Failed to instantiate [it.unibz.inf.ontop.rdf4j.repository.impl.OntopVirtualRepository]: Factory method 'setupVirtualRepository' threw exception; nested exception is org.eclipse.rdf4j.repository.RepositoryException: it.unibz.inf.ontop.exception.MappingIOException: java.io.IOException: ERROR reading .obda file at line: 163
MESSAGE: Unknown parameter name "--" at line: 163.
	at org.springframework.beans.factory.support.ConstructorResolver.createArgumentArray(ConstructorResolver.java:801)
	at org.springframework.beans.factory.support.ConstructorResolver.autowireConstructor(ConstructorResolver.java:224)
	at org.springframework.beans.factory.support.AbstractAutowireCapableBeanFactory.autowireConstructor(AbstractAutowireCapableBeanFactory.java:1372)
	at org.springframework.beans.factory.support.AbstractAutowireCapableBeanFactory.createBeanInstance(AbstractAutowireCapableBeanFactory.java:1222)
	at org.springframework.beans.factory.support.AbstractAutowireCapableBeanFactory.doCreateBean(AbstractAutowireCapableBeanFactory.java:582)
	at org.springframework.beans.factory.support.AbstractAutowireCapableBeanFactory.createBean(AbstractAutowireCapableBeanFactory.java:542)
	at org.springframework.beans.factory.support.AbstractBeanFactory.lambda$doGetBean$0(AbstractBeanFactory.java:335)
	at org.springframework.beans.factory.support.DefaultSingletonBeanRegistry.getSingleton(DefaultSingletonBeanRegistry.java:234)
	at org.springframework.beans.factory.support.AbstractBeanFactory.doGetBean(AbstractBeanFactory.java:333)
	at org.springframework.beans.factory.support.AbstractBeanFactory.getBean(AbstractBeanFactory.java:208)
	at org.springframework.beans.factory.support.DefaultListableBeanFactory.preInstantiateSingletons(DefaultListableBeanFactory.java:955)
	at org.springframework.context.support.AbstractApplicationContext.finishBeanFactoryInitialization(AbstractApplicationContext.java:929)
	at org.springframework.context.support.AbstractApplicationContext.refresh(AbstractApplicationContext.java:591)
	at org.springframework.boot.web.servlet.context.ServletWebServerApplicationContext.refresh(ServletWebServerApplicationContext.java:147)
	at org.springframework.boot.SpringApplication.refresh(SpringApplication.java:732)
	at org.springframework.boot.SpringApplication.refreshContext(SpringApplication.java:409)
	at org.springframework.boot.SpringApplication.run(SpringApplication.java:308)
	at org.springframework.boot.SpringApplication.run(SpringApplication.java:1300)
	at org.springframework.boot.SpringApplication.run(SpringApplication.java:1289)
	at it.unibz.inf.ontop.endpoint.OntopEndpointApplication.main(OntopEndpointApplication.java:20)
	at it.unibz.inf.ontop.cli.OntopEndpoint.run(OntopEndpoint.java:152)
	at it.unibz.inf.ontop.cli.Ontop.main(Ontop.java:19)
Caused by: org.springframework.beans.factory.BeanCreationException: Error creating bean with name 'setupVirtualRepository' defined in class path resource [it/unibz/inf/ontop/endpoint/beans/OntopVirtualRepositoryBean.class]: Bean instantiation via factory method failed; nested exception is org.springframework.beans.BeanInstantiationException: Failed to instantiate [it.unibz.inf.ontop.rdf4j.repository.impl.OntopVirtualRepository]: Factory method 'setupVirtualRepository' threw exception; nested exception is org.eclipse.rdf4j.repository.RepositoryException: it.unibz.inf.ontop.exception.MappingIOException: java.io.IOException: ERROR reading .obda file at line: 163
MESSAGE: Unknown parameter name "--" at line: 163.
	at org.springframework.beans.factory.support.ConstructorResolver.instantiate(ConstructorResolver.java:653)
	at org.springframework.beans.factory.support.ConstructorResolver.instantiateUsingFactoryMethod(ConstructorResolver.java:633)
	at org.springframework.beans.factory.support.AbstractAutowireCapableBeanFactory.instantiateUsingFactoryMethod(AbstractAutowireCapableBeanFactory.java:1352)
	at org.springframework.beans.factory.support.AbstractAutowireCapableBeanFactory.createBeanInstance(AbstractAutowireCapableBeanFactory.java:1195)
	at org.springframework.beans.factory.support.AbstractAutowireCapableBeanFactory.doCreateBean(AbstractAutowireCapableBeanFactory.java:582)
	at org.springframework.beans.factory.support.AbstractAutowireCapableBeanFactory.createBean(AbstractAutowireCapableBeanFactory.java:542)
	at org.springframework.beans.factory.support.AbstractBeanFactory.lambda$doGetBean$0(AbstractBeanFactory.java:335)
	at org.springframework.beans.factory.support.DefaultSingletonBeanRegistry.getSingleton(DefaultSingletonBeanRegistry.java:234)
	at org.springframework.beans.factory.support.AbstractBeanFactory.doGetBean(AbstractBeanFactory.java:333)
	at org.springframework.beans.factory.support.AbstractBeanFactory.getBean(AbstractBeanFactory.java:208)
	at org.springframework.beans.factory.config.DependencyDescriptor.resolveCandidate(DependencyDescriptor.java:276)
	at org.springframework.beans.factory.support.DefaultListableBeanFactory.doResolveDependency(DefaultListableBeanFactory.java:1391)
	at org.springframework.beans.factory.support.DefaultListableBeanFactory.resolveDependency(DefaultListableBeanFactory.java:1311)
	at org.springframework.beans.factory.support.ConstructorResolver.resolveAutowiredArgument(ConstructorResolver.java:911)
	at org.springframework.beans.factory.support.ConstructorResolver.createArgumentArray(ConstructorResolver.java:788)
	... 21 common frames omitted
Caused by: org.springframework.beans.BeanInstantiationException: Failed to instantiate [it.unibz.inf.ontop.rdf4j.repository.impl.OntopVirtualRepository]: Factory method 'setupVirtualRepository' threw exception; nested exception is org.eclipse.rdf4j.repository.RepositoryException: it.unibz.inf.ontop.exception.MappingIOException: java.io.IOException: ERROR reading .obda file at line: 163
MESSAGE: Unknown parameter name "--" at line: 163.
	at org.springframework.beans.factory.support.SimpleInstantiationStrategy.instantiate(SimpleInstantiationStrategy.java:185)
	at org.springframework.beans.factory.support.ConstructorResolver.instantiate(ConstructorResolver.java:648)
	... 35 common frames omitted
Caused by: org.eclipse.rdf4j.repository.RepositoryException: it.unibz.inf.ontop.exception.MappingIOException: java.io.IOException: ERROR reading .obda file at line: 163
MESSAGE: Unknown parameter name "--" at line: 163.
	at it.unibz.inf.ontop.rdf4j.repository.impl.OntopVirtualRepository.initializeInternal(OntopVirtualRepository.java:76)
	at org.eclipse.rdf4j.repository.base.AbstractRepository.init(AbstractRepository.java:36)
	at it.unibz.inf.ontop.endpoint.beans.OntopVirtualRepositoryBean.setupVirtualRepository(OntopVirtualRepositoryBean.java:91)
	at java.base/jdk.internal.reflect.DirectMethodHandleAccessor.invoke(DirectMethodHandleAccessor.java:104)
	at java.base/java.lang.reflect.Method.invoke(Method.java:565)
	at org.springframework.beans.factory.support.SimpleInstantiationStrategy.instantiate(SimpleInstantiationStrategy.java:154)
	... 36 common frames omitted
Caused by: it.unibz.inf.ontop.exception.MappingIOException: java.io.IOException: ERROR reading .obda file at line: 163
MESSAGE: Unknown parameter name "--" at line: 163.
	at it.unibz.inf.ontop.spec.mapping.parser.impl.OntopNativeMappingParser.load(OntopNativeMappingParser.java:156)
	at it.unibz.inf.ontop.spec.mapping.parser.impl.OntopNativeMappingParser.parse(OntopNativeMappingParser.java:102)
	at it.unibz.inf.ontop.spec.mapping.impl.SQLMappingExtractor.extractPPMapping(SQLMappingExtractor.java:128)
	at it.unibz.inf.ontop.spec.mapping.impl.SQLMappingExtractor.extract(SQLMappingExtractor.java:108)
	at it.unibz.inf.ontop.spec.impl.DefaultOBDASpecificationExtractor.extract(DefaultOBDASpecificationExtractor.java:51)
	at it.unibz.inf.ontop.injection.impl.OntopMappingConfigurationImpl.loadSpecification(OntopMappingConfigurationImpl.java:130)
	at it.unibz.inf.ontop.injection.impl.OntopMappingSQLConfigurationImpl.loadSpecification(OntopMappingSQLConfigurationImpl.java:93)
	at it.unibz.inf.ontop.injection.impl.OntopMappingSQLAllConfigurationImpl.loadSpecification(OntopMappingSQLAllConfigurationImpl.java:55)
	at it.unibz.inf.ontop.injection.impl.OntopSQLOWLAPIConfigurationImpl.loadOBDASpecification(OntopSQLOWLAPIConfigurationImpl.java:42)
	at it.unibz.inf.ontop.injection.impl.OntopOBDAConfigurationImpl.loadSpecification(OntopOBDAConfigurationImpl.java:44)
	at it.unibz.inf.ontop.injection.OntopSystemConfiguration.loadQueryEngine(OntopSystemConfiguration.java:20)
	at it.unibz.inf.ontop.rdf4j.repository.impl.OntopVirtualRepository.initializeInternal(OntopVirtualRepository.java:72)
	... 41 common frames omitted
Caused by: java.io.IOException: ERROR reading .obda file at line: 163
MESSAGE: Unknown parameter name "--" at line: 163.
	at it.unibz.inf.ontop.spec.mapping.parser.impl.OntopNativeMappingParser.load(OntopNativeMappingParser.java:151)
	... 52 common frames omitted
Caused by: java.io.IOException: Unknown parameter name "--" at line: 163.
	at it.unibz.inf.ontop.spec.mapping.parser.impl.OntopNativeMappingParser.readMappingDeclaration(OntopNativeMappingParser.java:322)
	at it.unibz.inf.ontop.spec.mapping.parser.impl.OntopNativeMappingParser.load(OntopNativeMappingParser.java:133)
	... 52 common frames omitted
org.springframework.beans.factory.UnsatisfiedDependencyException: Error creating bean with name 'sparqlQueryController' defined in URL [jar:file:/D:/work/Ontology/ontop-cli-5.5.0/lib/ontop-endpoint-5.5.0.jar!/it/unibz/inf/ontop/endpoint/controllers/SparqlQueryController.class]: Unsatisfied dependency expressed through constructor parameter 0; nested exception is org.springframework.beans.factory.BeanCreationException: Error creating bean with name 'setupVirtualRepository' defined in class path resource [it/unibz/inf/ontop/endpoint/beans/OntopVirtualRepositoryBean.class]: Bean instantiation via factory method failed; nested exception is org.springframework.beans.BeanInstantiationException: Failed to instantiate [it.unibz.inf.ontop.rdf4j.repository.impl.OntopVirtualRepository]: Factory method 'setupVirtualRepository' threw exception; nested exception is org.eclipse.rdf4j.repository.RepositoryException: it.unibz.inf.ontop.exception.MappingIOException: java.io.IOException: ERROR reading .obda file at line: 163
MESSAGE: Unknown parameter name "--" at line: 163.
	at org.springframework.beans.factory.support.ConstructorResolver.createArgumentArray(ConstructorResolver.java:801)
	at org.springframework.beans.factory.support.ConstructorResolver.autowireConstructor(ConstructorResolver.java:224)
	at org.springframework.beans.factory.support.AbstractAutowireCapableBeanFactory.autowireConstructor(AbstractAutowireCapableBeanFactory.java:1372)
	at org.springframework.beans.factory.support.AbstractAutowireCapableBeanFactory.createBeanInstance(AbstractAutowireCapableBeanFactory.java:1222)
	at org.springframework.beans.factory.support.AbstractAutowireCapableBeanFactory.doCreateBean(AbstractAutowireCapableBeanFactory.java:582)
	at org.springframework.beans.factory.support.AbstractAutowireCapableBeanFactory.createBean(AbstractAutowireCapableBeanFactory.java:542)
	at org.springframework.beans.factory.support.AbstractBeanFactory.lambda$doGetBean$0(AbstractBeanFactory.java:335)
	at org.springframework.beans.factory.support.DefaultSingletonBeanRegistry.getSingleton(DefaultSingletonBeanRegistry.java:234)
	at org.springframework.beans.factory.support.AbstractBeanFactory.doGetBean(AbstractBeanFactory.java:333)
	at org.springframework.beans.factory.support.AbstractBeanFactory.getBean(AbstractBeanFactory.java:208)
	at org.springframework.beans.factory.support.DefaultListableBeanFactory.preInstantiateSingletons(DefaultListableBeanFactory.java:955)
	at org.springframework.context.support.AbstractApplicationContext.finishBeanFactoryInitialization(AbstractApplicationContext.java:929)
	at org.springframework.context.support.AbstractApplicationContext.refresh(AbstractApplicationContext.java:591)
	at org.springframework.boot.web.servlet.context.ServletWebServerApplicationContext.refresh(ServletWebServerApplicationContext.java:147)
	at org.springframework.boot.SpringApplication.refresh(SpringApplication.java:732)
	at org.springframework.boot.SpringApplication.refreshContext(SpringApplication.java:409)
	at org.springframework.boot.SpringApplication.run(SpringApplication.java:308)
	at org.springframework.boot.SpringApplication.run(SpringApplication.java:1300)
	at org.springframework.boot.SpringApplication.run(SpringApplication.java:1289)
	at it.unibz.inf.ontop.endpoint.OntopEndpointApplication.main(OntopEndpointApplication.java:20)
	at it.unibz.inf.ontop.cli.OntopEndpoint.run(OntopEndpoint.java:152)
	at it.unibz.inf.ontop.cli.Ontop.main(Ontop.java:19)
Caused by: org.springframework.beans.factory.BeanCreationException: Error creating bean with name 'setupVirtualRepository' defined in class path resource [it/unibz/inf/ontop/endpoint/beans/OntopVirtualRepositoryBean.class]: Bean instantiation via factory method failed; nested exception is org.springframework.beans.BeanInstantiationException: Failed to instantiate [it.unibz.inf.ontop.rdf4j.repository.impl.OntopVirtualRepository]: Factory method 'setupVirtualRepository' threw exception; nested exception is org.eclipse.rdf4j.repository.RepositoryException: it.unibz.inf.ontop.exception.MappingIOException: java.io.IOException: ERROR reading .obda file at line: 163
MESSAGE: Unknown parameter name "--" at line: 163.
	at org.springframework.beans.factory.support.ConstructorResolver.instantiate(ConstructorResolver.java:653)
	at org.springframework.beans.factory.support.ConstructorResolver.instantiateUsingFactoryMethod(ConstructorResolver.java:633)
	at org.springframework.beans.factory.support.AbstractAutowireCapableBeanFactory.instantiateUsingFactoryMethod(AbstractAutowireCapableBeanFactory.java:1352)
	at org.springframework.beans.factory.support.AbstractAutowireCapableBeanFactory.createBeanInstance(AbstractAutowireCapableBeanFactory.java:1195)
	at org.springframework.beans.factory.support.AbstractAutowireCapableBeanFactory.doCreateBean(AbstractAutowireCapableBeanFactory.java:582)
	at org.springframework.beans.factory.support.AbstractAutowireCapableBeanFactory.createBean(AbstractAutowireCapableBeanFactory.java:542)
	at org.springframework.beans.factory.support.AbstractBeanFactory.lambda$doGetBean$0(AbstractBeanFactory.java:335)
	at org.springframework.beans.factory.support.DefaultSingletonBeanRegistry.getSingleton(DefaultSingletonBeanRegistry.java:234)
	at org.springframework.beans.factory.support.AbstractBeanFactory.doGetBean(AbstractBeanFactory.java:333)
	at org.springframework.beans.factory.support.AbstractBeanFactory.getBean(AbstractBeanFactory.java:208)
	at org.springframework.beans.factory.config.DependencyDescriptor.resolveCandidate(DependencyDescriptor.java:276)
	at org.springframework.beans.factory.support.DefaultListableBeanFactory.doResolveDependency(DefaultListableBeanFactory.java:1391)
	at org.springframework.beans.factory.support.DefaultListableBeanFactory.resolveDependency(DefaultListableBeanFactory.java:1311)
	at org.springframework.beans.factory.support.ConstructorResolver.resolveAutowiredArgument(ConstructorResolver.java:911)
	at org.springframework.beans.factory.support.ConstructorResolver.createArgumentArray(ConstructorResolver.java:788)
	... 21 more
Caused by: org.springframework.beans.BeanInstantiationException: Failed to instantiate [it.unibz.inf.ontop.rdf4j.repository.impl.OntopVirtualRepository]: Factory method 'setupVirtualRepository' threw exception; nested exception is org.eclipse.rdf4j.repository.RepositoryException: it.unibz.inf.ontop.exception.MappingIOException: java.io.IOException: ERROR reading .obda file at line: 163
MESSAGE: Unknown parameter name "--" at line: 163.
	at org.springframework.beans.factory.support.SimpleInstantiationStrategy.instantiate(SimpleInstantiationStrategy.java:185)
	at org.springframework.beans.factory.support.ConstructorResolver.instantiate(ConstructorResolver.java:648)
	... 35 more
Caused by: org.eclipse.rdf4j.repository.RepositoryException: it.unibz.inf.ontop.exception.MappingIOException: java.io.IOException: ERROR reading .obda file at line: 163
MESSAGE: Unknown parameter name "--" at line: 163.
	at it.unibz.inf.ontop.rdf4j.repository.impl.OntopVirtualRepository.initializeInternal(OntopVirtualRepository.java:76)
	at org.eclipse.rdf4j.repository.base.AbstractRepository.init(AbstractRepository.java:36)
	at it.unibz.inf.ontop.endpoint.beans.OntopVirtualRepositoryBean.setupVirtualRepository(OntopVirtualRepositoryBean.java:91)
	at java.base/jdk.internal.reflect.DirectMethodHandleAccessor.invoke(DirectMethodHandleAccessor.java:104)
	at java.base/java.lang.reflect.Method.invoke(Method.java:565)
	at org.springframework.beans.factory.support.SimpleInstantiationStrategy.instantiate(SimpleInstantiationStrategy.java:154)
	... 36 more
Caused by: it.unibz.inf.ontop.exception.MappingIOException: java.io.IOException: ERROR reading .obda file at line: 163
MESSAGE: Unknown parameter name "--" at line: 163.
	at it.unibz.inf.ontop.spec.mapping.parser.impl.OntopNativeMappingParser.load(OntopNativeMappingParser.java:156)
	at it.unibz.inf.ontop.spec.mapping.parser.impl.OntopNativeMappingParser.parse(OntopNativeMappingParser.java:102)
	at it.unibz.inf.ontop.spec.mapping.impl.SQLMappingExtractor.extractPPMapping(SQLMappingExtractor.java:128)
	at it.unibz.inf.ontop.spec.mapping.impl.SQLMappingExtractor.extract(SQLMappingExtractor.java:108)
	at it.unibz.inf.ontop.spec.impl.DefaultOBDASpecificationExtractor.extract(DefaultOBDASpecificationExtractor.java:51)
	at it.unibz.inf.ontop.injection.impl.OntopMappingConfigurationImpl.loadSpecification(OntopMappingConfigurationImpl.java:130)
	at it.unibz.inf.ontop.injection.impl.OntopMappingSQLConfigurationImpl.loadSpecification(OntopMappingSQLConfigurationImpl.java:93)
	at it.unibz.inf.ontop.injection.impl.OntopMappingSQLAllConfigurationImpl.loadSpecification(OntopMappingSQLAllConfigurationImpl.java:55)
	at it.unibz.inf.ontop.injection.impl.OntopSQLOWLAPIConfigurationImpl.loadOBDASpecification(OntopSQLOWLAPIConfigurationImpl.java:42)
	at it.unibz.inf.ontop.injection.impl.OntopOBDAConfigurationImpl.loadSpecification(OntopOBDAConfigurationImpl.java:44)
	at it.unibz.inf.ontop.injection.OntopSystemConfiguration.loadQueryEngine(OntopSystemConfiguration.java:20)
	at it.unibz.inf.ontop.rdf4j.repository.impl.OntopVirtualRepository.initializeInternal(OntopVirtualRepository.java:72)
	... 41 more
Caused by: java.io.IOException: ERROR reading .obda file at line: 163
MESSAGE: Unknown parameter name "--" at line: 163.
	at it.unibz.inf.ontop.spec.mapping.parser.impl.OntopNativeMappingParser.load(OntopNativeMappingParser.java:151)
	... 52 more
Caused by: java.io.IOException: Unknown parameter name "--" at line: 163.
	at it.unibz.inf.ontop.spec.mapping.parser.impl.OntopNativeMappingParser.readMappingDeclaration(OntopNativeMappingParser.java:322)
	at it.unibz.inf.ontop.spec.mapping.parser.impl.OntopNativeMappingParser.load(OntopNativeMappingParser.java:133)
	... 52 more
Exception in thread "main" java.lang.AssertionError
	at it.unibz.inf.ontop.cli.Ontop.main(Ontop.java:31)
-------------------------------------------

    ####    #   #   #####    ####    #####
   #    #   ##  #     #     #    #   #    #
   #    #   # # #     #     #    #   #####
   #    #   #  ##     #     #    #   #
    ####    #   #     #      ####    #

   v5.5.0
   (Java 26.0.1, Windows 11 10.0)
-------------------------------------------




23:16:10.808 |-INFO  in i.u.i.o.e.OntopEndpointApplication - Starting OntopEndpointApplication v5.5.0 using Java 26.0.1 on Ocean-win-Desktop with PID 14996 (D:\work\Ontology\ontop-cli-5.5.0\lib\ontop-endpoint-5.5.0.jar started by ocean in D:\work\Ontology\ontop-cli-5.5.0)
23:16:10.813 |-INFO  in i.u.i.o.e.OntopEndpointApplication - No active profile set, falling back to 1 default profile: "default"
WARNING: A restricted method in java.lang.System has been called
WARNING: java.lang.System::load has been called by org.apache.tomcat.jni.Library in an unnamed module (file:/D:/work/Ontology/ontop-cli-5.5.0/lib/tomcat-embed-core-9.0.111.jar)
WARNING: Use --enable-native-access=ALL-UNNAMED to avoid a warning for callers in this module
WARNING: Restricted methods will be blocked in a future release unless native access is enabled

23:16:11.952 |-INFO  in o.s.b.w.e.tomcat.TomcatWebServer - Tomcat initialized with port(s): 8080 (http)
23:16:11.962 |-INFO  in o.a.coyote.http11.Http11NioProtocol - Initializing ProtocolHandler ["http-nio-8080"]
23:16:11.965 |-INFO  in o.a.catalina.core.StandardService - Starting service [Tomcat]
23:16:11.965 |-INFO  in o.a.catalina.core.StandardEngine - Starting Servlet engine: [Apache Tomcat/9.0.111]
23:16:12.121 |-INFO  in o.a.c.c.C.[Tomcat].[localhost].[/] - Initializing Spring embedded WebApplicationContext
23:16:12.122 |-INFO  in o.s.b.w.s.c.ServletWebServerApplicationContext - Root WebApplicationContext: initialization completed in 1259 ms
WARNING: A terminally deprecated method in sun.misc.Unsafe has been called
WARNING: sun.misc.Unsafe::objectFieldOffset has been called by com.google.common.util.concurrent.AbstractFuture$UnsafeAtomicHelper (file:/D:/work/Ontology/ontop-cli-5.5.0/lib/guava-32.0.1-jre.jar)
WARNING: Please consider reporting this to the maintainers of class com.google.common.util.concurrent.AbstractFuture$UnsafeAtomicHelper
WARNING: sun.misc.Unsafe::objectFieldOffset will be removed in a future release
23:16:14.872 |-WARN  in u.a.m.c.o.o.OWLOntologyManagerImpl - Illegal redeclarations of entities: reuse of entity http://www.tcm-classics.org/zhengzhuangtizheng#evidenceLevel in punning not allowed [Declaration(AnnotationProperty(<http://www.tcm-classics.org/zhengzhuangtizheng#evidenceLevel>)), Declaration(DataProperty(<http://www.tcm-classics.org/zhengzhuangtizheng#evidenceLevel>))]
23:16:15.139 |-INFO  in o.s.o.r.rdfxml.parser.AbstractState - Notice: root element does not have an xml:base. Relative IRIs will be resolved against file:/D:/work/Ontology/TraditionalChineseMedicineOntology/ontology/jingfang_swrl_rules.owl
23:16:15.177 |-WARN  in u.a.m.c.o.o.OWLOntologyManagerImpl - Illegal redeclarations of entities: reuse of entity http://www.tcm-classics.org/zhengzhuangtizheng#evidenceLevel in punning not allowed [Declaration(AnnotationProperty(<http://www.tcm-classics.org/zhengzhuangtizheng#evidenceLevel>)), Declaration(DataProperty(<http://www.tcm-classics.org/zhengzhuangtizheng#evidenceLevel>))]
23:16:15.207 |-WARN  in u.a.m.c.o.o.OWLOntologyManagerImpl - Illegal redeclarations of entities: reuse of entity http://www.tcm-classics.org/zhengzhuangtizheng#evidenceLevel in punning not allowed [Declaration(AnnotationProperty(<http://www.tcm-classics.org/zhengzhuangtizheng#evidenceLevel>)), Declaration(DataProperty(<http://www.tcm-classics.org/zhengzhuangtizheng#evidenceLevel>))]
23:16:15.235 |-WARN  in o.s.o.u.OWLAnnotationPropertyTransformer - Annotation property range axiom turned to object property range after parsing. This could introduce errors if the original range was an anonymous expression: http://www.tcm-classics.org/tcm#SymptomSign is the new domain.
23:16:15.235 |-WARN  in o.s.o.u.OWLAnnotationPropertyTransformer - Annotation property range axiom turned to data property range after parsing. This could introduce errors if the original range was an anonymous expression: http://www.w3.org/1999/02/22-rdf-syntax-ns#PlainLiteral is the new domain.
23:16:15.235 |-WARN  in o.s.o.u.OWLAnnotationPropertyTransformer - Annotation property range axiom turned to object property range after parsing. This could introduce errors if the original range was an anonymous expression: http://www.tcm-classics.org/bagang#EightPrincipleElement is the new domain.
23:16:15.235 |-WARN  in o.s.o.u.OWLAnnotationPropertyTransformer - Annotation property range axiom turned to object property range after parsing. This could introduce errors if the original range was an anonymous expression: http://www.tcm-classics.org/bagang#EightPrincipleElement is the new domain.
23:16:15.235 |-WARN  in o.s.o.u.OWLAnnotationPropertyTransformer - Annotation property range axiom turned to object property range after parsing. This could introduce errors if the original range was an anonymous expression: http://www.tcm-classics.org/maixiang#PulseManifestation is the new domain.
23:16:15.352 |-WARN  in i.u.i.o.s.o.o.OWLAPITranslatorOWL2QL - Axiom does not belong to OWL 2 QL: DLSafeRule(Annotation(rdfs:comment "逻辑：若化裁规则的策略为合方（FormulaCombination），
则除推出目标方证外，额外触发合方提示。
临床意义：提示医师此处非简单加药或转方，乃两方合用，
需注意两方药物之重叠与剂量调整。"@zh) Annotation(rdfs:label "兼夹合方策略提示"@zh) Body(ClassAtom(<http://www.tcm-classics.org/tcm#ClinicalCase> Variable(<http://www.tcm-classics.org/swrl/rules#p>)) ObjectPropertyAtom(<http://www.tcm-classics.org/tcm#hasConfirmedPattern> Variable(<http://www.tcm-classics.org/swrl/rules#p>) Variable(<http://www.tcm-classics.org/swrl/rules#main>)) ObjectPropertyAtom(<http://www.tcm-classics.org/tcm#hasConcomitantPathology> Variable(<http://www.tcm-classics.org/swrl/rules#p>) Variable(<http://www.tcm-classics.org/swrl/rules#conc>)) ClassAtom(<http://www.tcm-classics.org/jianjia#ModificationRule> Variable(<http://www.tcm-classics.org/swrl/rules#r>)) ObjectPropertyAtom(<http://www.tcm-classics.org/jianjia#appliesToPathology> Variable(<http://www.tcm-classics.org/swrl/rules#r>) Variable(<http://www.tcm-classics.org/swrl/rules#conc>)) ObjectPropertyAtom(<http://www.tcm-classics.org/jianjia#primaryFormulaPattern> Variable(<http://www.tcm-classics.org/swrl/rules#r>) Variable(<http://www.tcm-classics.org/swrl/rules#main>)) ObjectPropertyAtom(<http://www.tcm-classics.org/jianjia#usesStrategy> Variable(<http://www.tcm-classics.org/swrl/rules#r>) <http://www.tcm-classics.org/jianjia#FormulaCombination_Instance>) ObjectPropertyAtom(<http://www.tcm-classics.org/jianjia#targetFormulaPattern> Variable(<http://www.tcm-classics.org/swrl/rules#r>) Variable(<http://www.tcm-classics.org/swrl/rules#target>))) Head(ObjectPropertyAtom(<http://www.tcm-classics.org/tcm#suggestedFormulaPattern> Variable(<http://www.tcm-classics.org/swrl/rules#p>) Variable(<http://www.tcm-classics.org/swrl/rules#target>)) ObjectPropertyAtom(<http://www.tcm-classics.org/tcm#hasCombinationAlert> Variable(<http://www.tcm-classics.org/swrl/rules#p>) Variable(<http://www.tcm-classics.org/swrl/rules#target>))))
23:16:15.354 |-WARN  in i.u.i.o.s.o.o.OWLAPITranslatorOWL2QL - Axiom does not belong to OWL 2 QL: DLSafeRule(Annotation(rdfs:comment "逻辑：方证→归属六经→六经关联禁忌→触发警告。
					仲景明训不可违。此规则确保任何方证确认后，其所属六经之禁忌
					自动浮出，防止误汗、误下、误吐。
					注意：此规则仅触发警告，不阻止处方。最终决策权在临床医师。
					【v2.1】归属六经由 bz:belongs_to_liujing 承载（替代已删除的 tcm:belongs_to_channel）。"@zh) Annotation(rdfs:label "禁忌检查"@zh) Body(ClassAtom(<http://www.tcm-classics.org/tcm#ClinicalCase> Variable(<http://www.tcm-classics.org/swrl/rules#p>)) ObjectPropertyAtom(<http://www.tcm-classics.org/tcm#hasConfirmedPattern> Variable(<http://www.tcm-classics.org/swrl/rules#p>) Variable(<http://www.tcm-classics.org/swrl/rules#pat>)) ObjectPropertyAtom(<http://www.tcm-classics.org/bingzheng#belongs_to_liujing> Variable(<http://www.tcm-classics.org/swrl/rules#pat>) Variable(<http://www.tcm-classics.org/swrl/rules#channel>)) ClassAtom(<http://www.tcm-classics.org/jianjia#ModificationContraindication> Variable(<http://www.tcm-classics.org/swrl/rules#c>)) ObjectPropertyAtom(<http://www.tcm-classics.org/jianjia#contraindicatedIn> Variable(<http://www.tcm-classics.org/swrl/rules#c>) Variable(<http://www.tcm-classics.org/swrl/rules#channel>))) Head(ObjectPropertyAtom(<http://www.tcm-classics.org/tcm#hasContraindicationWarning> Variable(<http://www.tcm-classics.org/swrl/rules#p>) Variable(<http://www.tcm-classics.org/swrl/rules#c>))))
23:16:15.354 |-WARN  in i.u.i.o.s.o.o.OWLAPITranslatorOWL2QL - Axiom does not belong to OWL 2 QL: DLSafeRule(Annotation(rdfs:comment "前提：两个方证各自独立确认（有是证用是方）。
逻辑：若患者同时有方证A和方证B，A≠B，且A CombinesWith B，
则触发合方提示。
合方的前提：两个方证各自独立成立。不可因\"想兼顾\"而勉强合方。
输出：应用层据此查询jj:CombinesWith及jj:combinationResult。"@zh) Annotation(rdfs:label "合方建议"@zh) Body(ClassAtom(<http://www.tcm-classics.org/tcm#ClinicalCase> Variable(<http://www.tcm-classics.org/swrl/rules#p>)) ObjectPropertyAtom(<http://www.tcm-classics.org/tcm#hasConfirmedPattern> Variable(<http://www.tcm-classics.org/swrl/rules#p>) Variable(<http://www.tcm-classics.org/swrl/rules#a>)) ObjectPropertyAtom(<http://www.tcm-classics.org/tcm#hasConfirmedPattern> Variable(<http://www.tcm-classics.org/swrl/rules#p>) Variable(<http://www.tcm-classics.org/swrl/rules#b>)) DifferentFromAtom(Variable(<http://www.tcm-classics.org/swrl/rules#a>) Variable(<http://www.tcm-classics.org/swrl/rules#b>)) ObjectPropertyAtom(<http://www.tcm-classics.org/jianjia#CombinesWith> Variable(<http://www.tcm-classics.org/swrl/rules#a>) Variable(<http://www.tcm-classics.org/swrl/rules#b>))) Head(ObjectPropertyAtom(<http://www.tcm-classics.org/tcm#hasCombinationAlert> Variable(<http://www.tcm-classics.org/swrl/rules#p>) Variable(<http://www.tcm-classics.org/swrl/rules#a>)) ObjectPropertyAtom(<http://www.tcm-classics.org/tcm#hasCombinationAlert> Variable(<http://www.tcm-classics.org/swrl/rules#p>) Variable(<http://www.tcm-classics.org/swrl/rules#b>))))
23:16:15.354 |-WARN  in i.u.i.o.s.o.o.OWLAPITranslatorOWL2QL - Axiom does not belong to OWL 2 QL: DLSafeRule(Body(ClassAtom(<http://www.tcm-classics.org/tcm#ClinicalCase> Variable(<http://www.tcm-classics.org/swrl/rules#p>)) ObjectPropertyAtom(<http://www.tcm-classics.org/tcm#hasConfirmedPattern> Variable(<http://www.tcm-classics.org/swrl/rules#p>) Variable(<http://www.tcm-classics.org/swrl/rules#main>)) ClassAtom(<http://www.tcm-classics.org/jianjia#EightPrincipleAdditionRule> Variable(<http://www.tcm-classics.org/swrl/rules#r>)) ObjectPropertyAtom(<http://www.tcm-classics.org/jianjia#primaryFormulaPattern> Variable(<http://www.tcm-classics.org/swrl/rules#r>) Variable(<http://www.tcm-classics.org/swrl/rules#main>)) ObjectPropertyAtom(<http://www.tcm-classics.org/jianjia#targetFormulaPattern> Variable(<http://www.tcm-classics.org/swrl/rules#r>) Variable(<http://www.tcm-classics.org/swrl/rules#target>)) ObjectPropertyAtom(<http://www.tcm-classics.org/jianjia#triggersSymptom> Variable(<http://www.tcm-classics.org/swrl/rules#r>) Variable(<http://www.tcm-classics.org/swrl/rules#sym>)) ObjectPropertyAtom(<http://www.tcm-classics.org/tcm#has_symptom> Variable(<http://www.tcm-classics.org/swrl/rules#p>) Variable(<http://www.tcm-classics.org/swrl/rules#sym>))) Head(ObjectPropertyAtom(<http://www.tcm-classics.org/tcm#suggestedFormulaPattern> Variable(<http://www.tcm-classics.org/swrl/rules#p>) Variable(<http://www.tcm-classics.org/swrl/rules#target>))))
23:16:15.354 |-WARN  in i.u.i.o.s.o.o.OWLAPITranslatorOWL2QL - Axiom does not belong to OWL 2 QL: DLSafeRule(Annotation(rdfs:comment "前提：主方证+兼夹证各自独立确认（非权重打分）。
逻辑：若存在化裁规则R，R适用于兼夹C，且R的主方证恰为患者当前主方证，
则推出R的目标方证。
此即\"有是证用是方\"之计算化表达：方证匹配，非分数累加。"@zh) Annotation(rdfs:label "兼夹化裁路径推断"@zh) Body(ClassAtom(<http://www.tcm-classics.org/tcm#ClinicalCase> Variable(<http://www.tcm-classics.org/swrl/rules#p>)) ObjectPropertyAtom(<http://www.tcm-classics.org/tcm#hasConfirmedPattern> Variable(<http://www.tcm-classics.org/swrl/rules#p>) Variable(<http://www.tcm-classics.org/swrl/rules#main>)) ObjectPropertyAtom(<http://www.tcm-classics.org/tcm#hasConcomitantPathology> Variable(<http://www.tcm-classics.org/swrl/rules#p>) Variable(<http://www.tcm-classics.org/swrl/rules#conc>)) ClassAtom(<http://www.tcm-classics.org/jianjia#ModificationRule> Variable(<http://www.tcm-classics.org/swrl/rules#r>)) ObjectPropertyAtom(<http://www.tcm-classics.org/jianjia#appliesToPathology> Variable(<http://www.tcm-classics.org/swrl/rules#r>) Variable(<http://www.tcm-classics.org/swrl/rules#conc>)) ObjectPropertyAtom(<http://www.tcm-classics.org/jianjia#primaryFormulaPattern> Variable(<http://www.tcm-classics.org/swrl/rules#r>) Variable(<http://www.tcm-classics.org/swrl/rules#main>)) ObjectPropertyAtom(<http://www.tcm-classics.org/jianjia#targetFormulaPattern> Variable(<http://www.tcm-classics.org/swrl/rules#r>) Variable(<http://www.tcm-classics.org/swrl/rules#target>))) Head(ObjectPropertyAtom(<http://www.tcm-classics.org/tcm#suggestedFormulaPattern> Variable(<http://www.tcm-classics.org/swrl/rules#p>) Variable(<http://www.tcm-classics.org/swrl/rules#target>))))
23:16:17.540 |-INFO  in i.u.i.o.a.impl.OntopQueryEngineImpl - Ontop has completed the setup and it is ready for query answering!
23:16:17.540 |-INFO  in i.u.i.o.r.r.i.OntopVirtualRepository - Ontop virtual repository initialized successfully!
23:16:18.269 |-INFO  in o.s.b.a.e.web.EndpointLinksResolver - Exposing 1 endpoint(s) beneath base path '/actuator'
23:16:18.312 |-INFO  in o.a.coyote.http11.Http11NioProtocol - Starting ProtocolHandler ["http-nio-8080"]
23:16:18.342 |-INFO  in o.s.b.w.e.tomcat.TomcatWebServer - Tomcat started on port(s): 8080 (http) with context path ''
23:16:18.370 |-INFO  in i.u.i.o.e.OntopEndpointApplication - Started OntopEndpointApplication in 7.888 seconds (JVM running for 8.365)
23:16:59.436 |-INFO  in o.a.c.c.C.[Tomcat].[localhost].[/] - Initializing Spring DispatcherServlet 'dispatcherServlet'
23:16:59.436 |-INFO  in o.s.web.servlet.DispatcherServlet - Initializing Servlet 'dispatcherServlet'
23:16:59.436 |-INFO  in o.s.web.servlet.DispatcherServlet - Completed initialization in 0 ms
-------------------------------------------

    ####    #   #   #####    ####    #####
   #    #   ##  #     #     #    #   #    #
   #    #   # # #     #     #    #   #####
   #    #   #  ##     #     #    #   #
    ####    #   #     #      ####    #

   v5.5.0
   (Java 26.0.1, Windows 11 10.0)
-------------------------------------------




16:15:45.196 |-INFO  in i.u.i.o.e.OntopEndpointApplication - Starting OntopEndpointApplication v5.5.0 using Java 26.0.1 on Ocean-win-Desktop with PID 36736 (D:\work\Ontology\ontop-cli-5.5.0\lib\ontop-endpoint-5.5.0.jar started by ocean in D:\work\Ontology\ontop-cli-5.5.0)
16:15:45.199 |-INFO  in i.u.i.o.e.OntopEndpointApplication - No active profile set, falling back to 1 default profile: "default"
WARNING: A restricted method in java.lang.System has been called
WARNING: java.lang.System::load has been called by org.apache.tomcat.jni.Library in an unnamed module (file:/D:/work/Ontology/ontop-cli-5.5.0/lib/tomcat-embed-core-9.0.111.jar)
WARNING: Use --enable-native-access=ALL-UNNAMED to avoid a warning for callers in this module
WARNING: Restricted methods will be blocked in a future release unless native access is enabled

16:15:46.309 |-INFO  in o.s.b.w.e.tomcat.TomcatWebServer - Tomcat initialized with port(s): 8080 (http)
16:15:46.318 |-INFO  in o.a.coyote.http11.Http11NioProtocol - Initializing ProtocolHandler ["http-nio-8080"]
16:15:46.320 |-INFO  in o.a.catalina.core.StandardService - Starting service [Tomcat]
16:15:46.320 |-INFO  in o.a.catalina.core.StandardEngine - Starting Servlet engine: [Apache Tomcat/9.0.111]
16:15:46.461 |-INFO  in o.a.c.c.C.[Tomcat].[localhost].[/] - Initializing Spring embedded WebApplicationContext
16:15:46.461 |-INFO  in o.s.b.w.s.c.ServletWebServerApplicationContext - Root WebApplicationContext: initialization completed in 1209 ms
16:15:46.730 |-WARN  in o.s.b.w.s.c.AnnotationConfigServletWebServerApplicationContext - Exception encountered during context initialization - cancelling refresh attempt: org.springframework.beans.factory.UnsatisfiedDependencyException: Error creating bean with name 'sparqlQueryController' defined in URL [jar:file:/D:/work/Ontology/ontop-cli-5.5.0/lib/ontop-endpoint-5.5.0.jar!/it/unibz/inf/ontop/endpoint/controllers/SparqlQueryController.class]: Unsatisfied dependency expressed through constructor parameter 0; nested exception is org.springframework.beans.factory.UnsatisfiedDependencyException: Error creating bean with name 'setupVirtualRepository' defined in class path resource [it/unibz/inf/ontop/endpoint/beans/OntopVirtualRepositoryBean.class]: Unsatisfied dependency expressed through method 'setupVirtualRepository' parameter 1; nested exception is org.springframework.beans.factory.BeanCreationException: Error creating bean with name 'setupOntopConfiguration' defined in class path resource [it/unibz/inf/ontop/endpoint/beans/OntopVirtualRepositoryBean.class]: Bean instantiation via factory method failed; nested exception is org.springframework.beans.BeanInstantiationException: Failed to instantiate [it.unibz.inf.ontop.injection.OntopSystemConfiguration]: Factory method 'setupOntopConfiguration' threw exception; nested exception is it.unibz.inf.ontop.exception.InvalidOntopConfigurationException: Cannot reach the property file: D:\work\Ontology\TraditionalChineseMedicineOntology\ontology\database\tcm.properties
16:15:46.734 |-INFO  in o.a.catalina.core.StandardService - Stopping service [Tomcat]
16:15:46.759 |-INFO  in o.s.b.a.l.ConditionEvaluationReportLoggingListener - 

Error starting ApplicationContext. To display the conditions report re-run your application with 'debug' enabled.
16:15:46.786 |-ERROR in o.s.boot.SpringApplication - Application run failed
org.springframework.beans.factory.UnsatisfiedDependencyException: Error creating bean with name 'sparqlQueryController' defined in URL [jar:file:/D:/work/Ontology/ontop-cli-5.5.0/lib/ontop-endpoint-5.5.0.jar!/it/unibz/inf/ontop/endpoint/controllers/SparqlQueryController.class]: Unsatisfied dependency expressed through constructor parameter 0; nested exception is org.springframework.beans.factory.UnsatisfiedDependencyException: Error creating bean with name 'setupVirtualRepository' defined in class path resource [it/unibz/inf/ontop/endpoint/beans/OntopVirtualRepositoryBean.class]: Unsatisfied dependency expressed through method 'setupVirtualRepository' parameter 1; nested exception is org.springframework.beans.factory.BeanCreationException: Error creating bean with name 'setupOntopConfiguration' defined in class path resource [it/unibz/inf/ontop/endpoint/beans/OntopVirtualRepositoryBean.class]: Bean instantiation via factory method failed; nested exception is org.springframework.beans.BeanInstantiationException: Failed to instantiate [it.unibz.inf.ontop.injection.OntopSystemConfiguration]: Factory method 'setupOntopConfiguration' threw exception; nested exception is it.unibz.inf.ontop.exception.InvalidOntopConfigurationException: Cannot reach the property file: D:\work\Ontology\TraditionalChineseMedicineOntology\ontology\database\tcm.properties
	at org.springframework.beans.factory.support.ConstructorResolver.createArgumentArray(ConstructorResolver.java:801)
	at org.springframework.beans.factory.support.ConstructorResolver.autowireConstructor(ConstructorResolver.java:224)
	at org.springframework.beans.factory.support.AbstractAutowireCapableBeanFactory.autowireConstructor(AbstractAutowireCapableBeanFactory.java:1372)
	at org.springframework.beans.factory.support.AbstractAutowireCapableBeanFactory.createBeanInstance(AbstractAutowireCapableBeanFactory.java:1222)
	at org.springframework.beans.factory.support.AbstractAutowireCapableBeanFactory.doCreateBean(AbstractAutowireCapableBeanFactory.java:582)
	at org.springframework.beans.factory.support.AbstractAutowireCapableBeanFactory.createBean(AbstractAutowireCapableBeanFactory.java:542)
	at org.springframework.beans.factory.support.AbstractBeanFactory.lambda$doGetBean$0(AbstractBeanFactory.java:335)
	at org.springframework.beans.factory.support.DefaultSingletonBeanRegistry.getSingleton(DefaultSingletonBeanRegistry.java:234)
	at org.springframework.beans.factory.support.AbstractBeanFactory.doGetBean(AbstractBeanFactory.java:333)
	at org.springframework.beans.factory.support.AbstractBeanFactory.getBean(AbstractBeanFactory.java:208)
	at org.springframework.beans.factory.support.DefaultListableBeanFactory.preInstantiateSingletons(DefaultListableBeanFactory.java:955)
	at org.springframework.context.support.AbstractApplicationContext.finishBeanFactoryInitialization(AbstractApplicationContext.java:929)
	at org.springframework.context.support.AbstractApplicationContext.refresh(AbstractApplicationContext.java:591)
	at org.springframework.boot.web.servlet.context.ServletWebServerApplicationContext.refresh(ServletWebServerApplicationContext.java:147)
	at org.springframework.boot.SpringApplication.refresh(SpringApplication.java:732)
	at org.springframework.boot.SpringApplication.refreshContext(SpringApplication.java:409)
	at org.springframework.boot.SpringApplication.run(SpringApplication.java:308)
	at org.springframework.boot.SpringApplication.run(SpringApplication.java:1300)
	at org.springframework.boot.SpringApplication.run(SpringApplication.java:1289)
	at it.unibz.inf.ontop.endpoint.OntopEndpointApplication.main(OntopEndpointApplication.java:20)
	at it.unibz.inf.ontop.cli.OntopEndpoint.run(OntopEndpoint.java:152)
	at it.unibz.inf.ontop.cli.Ontop.main(Ontop.java:19)
Caused by: org.springframework.beans.factory.UnsatisfiedDependencyException: Error creating bean with name 'setupVirtualRepository' defined in class path resource [it/unibz/inf/ontop/endpoint/beans/OntopVirtualRepositoryBean.class]: Unsatisfied dependency expressed through method 'setupVirtualRepository' parameter 1; nested exception is org.springframework.beans.factory.BeanCreationException: Error creating bean with name 'setupOntopConfiguration' defined in class path resource [it/unibz/inf/ontop/endpoint/beans/OntopVirtualRepositoryBean.class]: Bean instantiation via factory method failed; nested exception is org.springframework.beans.BeanInstantiationException: Failed to instantiate [it.unibz.inf.ontop.injection.OntopSystemConfiguration]: Factory method 'setupOntopConfiguration' threw exception; nested exception is it.unibz.inf.ontop.exception.InvalidOntopConfigurationException: Cannot reach the property file: D:\work\Ontology\TraditionalChineseMedicineOntology\ontology\database\tcm.properties
	at org.springframework.beans.factory.support.ConstructorResolver.createArgumentArray(ConstructorResolver.java:801)
	at org.springframework.beans.factory.support.ConstructorResolver.instantiateUsingFactoryMethod(ConstructorResolver.java:536)
	at org.springframework.beans.factory.support.AbstractAutowireCapableBeanFactory.instantiateUsingFactoryMethod(AbstractAutowireCapableBeanFactory.java:1352)
	at org.springframework.beans.factory.support.AbstractAutowireCapableBeanFactory.createBeanInstance(AbstractAutowireCapableBeanFactory.java:1195)
	at org.springframework.beans.factory.support.AbstractAutowireCapableBeanFactory.doCreateBean(AbstractAutowireCapableBeanFactory.java:582)
	at org.springframework.beans.factory.support.AbstractAutowireCapableBeanFactory.createBean(AbstractAutowireCapableBeanFactory.java:542)
	at org.springframework.beans.factory.support.AbstractBeanFactory.lambda$doGetBean$0(AbstractBeanFactory.java:335)
	at org.springframework.beans.factory.support.DefaultSingletonBeanRegistry.getSingleton(DefaultSingletonBeanRegistry.java:234)
	at org.springframework.beans.factory.support.AbstractBeanFactory.doGetBean(AbstractBeanFactory.java:333)
	at org.springframework.beans.factory.support.AbstractBeanFactory.getBean(AbstractBeanFactory.java:208)
	at org.springframework.beans.factory.config.DependencyDescriptor.resolveCandidate(DependencyDescriptor.java:276)
	at org.springframework.beans.factory.support.DefaultListableBeanFactory.doResolveDependency(DefaultListableBeanFactory.java:1391)
	at org.springframework.beans.factory.support.DefaultListableBeanFactory.resolveDependency(DefaultListableBeanFactory.java:1311)
	at org.springframework.beans.factory.support.ConstructorResolver.resolveAutowiredArgument(ConstructorResolver.java:911)
	at org.springframework.beans.factory.support.ConstructorResolver.createArgumentArray(ConstructorResolver.java:788)
	... 21 common frames omitted
Caused by: org.springframework.beans.factory.BeanCreationException: Error creating bean with name 'setupOntopConfiguration' defined in class path resource [it/unibz/inf/ontop/endpoint/beans/OntopVirtualRepositoryBean.class]: Bean instantiation via factory method failed; nested exception is org.springframework.beans.BeanInstantiationException: Failed to instantiate [it.unibz.inf.ontop.injection.OntopSystemConfiguration]: Factory method 'setupOntopConfiguration' threw exception; nested exception is it.unibz.inf.ontop.exception.InvalidOntopConfigurationException: Cannot reach the property file: D:\work\Ontology\TraditionalChineseMedicineOntology\ontology\database\tcm.properties
	at org.springframework.beans.factory.support.ConstructorResolver.instantiate(ConstructorResolver.java:653)
	at org.springframework.beans.factory.support.ConstructorResolver.instantiateUsingFactoryMethod(ConstructorResolver.java:633)
	at org.springframework.beans.factory.support.AbstractAutowireCapableBeanFactory.instantiateUsingFactoryMethod(AbstractAutowireCapableBeanFactory.java:1352)
	at org.springframework.beans.factory.support.AbstractAutowireCapableBeanFactory.createBeanInstance(AbstractAutowireCapableBeanFactory.java:1195)
	at org.springframework.beans.factory.support.AbstractAutowireCapableBeanFactory.doCreateBean(AbstractAutowireCapableBeanFactory.java:582)
	at org.springframework.beans.factory.support.AbstractAutowireCapableBeanFactory.createBean(AbstractAutowireCapableBeanFactory.java:542)
	at org.springframework.beans.factory.support.AbstractBeanFactory.lambda$doGetBean$0(AbstractBeanFactory.java:335)
	at org.springframework.beans.factory.support.DefaultSingletonBeanRegistry.getSingleton(DefaultSingletonBeanRegistry.java:234)
	at org.springframework.beans.factory.support.AbstractBeanFactory.doGetBean(AbstractBeanFactory.java:333)
	at org.springframework.beans.factory.support.AbstractBeanFactory.getBean(AbstractBeanFactory.java:208)
	at org.springframework.beans.factory.config.DependencyDescriptor.resolveCandidate(DependencyDescriptor.java:276)
	at org.springframework.beans.factory.support.DefaultListableBeanFactory.doResolveDependency(DefaultListableBeanFactory.java:1391)
	at org.springframework.beans.factory.support.DefaultListableBeanFactory.resolveDependency(DefaultListableBeanFactory.java:1311)
	at org.springframework.beans.factory.support.ConstructorResolver.resolveAutowiredArgument(ConstructorResolver.java:911)
	at org.springframework.beans.factory.support.ConstructorResolver.createArgumentArray(ConstructorResolver.java:788)
	... 35 common frames omitted
Caused by: org.springframework.beans.BeanInstantiationException: Failed to instantiate [it.unibz.inf.ontop.injection.OntopSystemConfiguration]: Factory method 'setupOntopConfiguration' threw exception; nested exception is it.unibz.inf.ontop.exception.InvalidOntopConfigurationException: Cannot reach the property file: D:\work\Ontology\TraditionalChineseMedicineOntology\ontology\database\tcm.properties
	at org.springframework.beans.factory.support.SimpleInstantiationStrategy.instantiate(SimpleInstantiationStrategy.java:185)
	at org.springframework.beans.factory.support.ConstructorResolver.instantiate(ConstructorResolver.java:648)
	... 49 common frames omitted
Caused by: it.unibz.inf.ontop.exception.InvalidOntopConfigurationException: Cannot reach the property file: D:\work\Ontology\TraditionalChineseMedicineOntology\ontology\database\tcm.properties
	at it.unibz.inf.ontop.injection.impl.OntopModelConfigurationImpl.extractProperties(OntopModelConfigurationImpl.java:236)
	at it.unibz.inf.ontop.injection.impl.OntopModelConfigurationImpl$DefaultOntopModelBuilderFragment.propertyFile(OntopModelConfigurationImpl.java:161)
	at it.unibz.inf.ontop.injection.impl.OntopModelConfigurationImpl$DefaultOntopModelBuilderFragment.propertyFile(OntopModelConfigurationImpl.java:156)
	at it.unibz.inf.ontop.injection.impl.OntopKGQueryConfigurationImpl$OntopKGQueryBuilderMixin.propertyFile(OntopKGQueryConfigurationImpl.java:106)
	at it.unibz.inf.ontop.injection.impl.OntopSQLOWLAPIConfigurationImpl$BuilderImpl.propertyFile(OntopSQLOWLAPIConfigurationImpl.java:158)
	at it.unibz.inf.ontop.injection.impl.OntopKGQueryConfigurationImpl$OntopKGQueryBuilderMixin.propertyFile(OntopKGQueryConfigurationImpl.java:59)
	at it.unibz.inf.ontop.endpoint.beans.OntopVirtualRepositoryBean.setupOntopConfiguration(OntopVirtualRepositoryBean.java:34)
	at java.base/jdk.internal.reflect.DirectMethodHandleAccessor.invoke(DirectMethodHandleAccessor.java:104)
	at java.base/java.lang.reflect.Method.invoke(Method.java:565)
	at org.springframework.beans.factory.support.SimpleInstantiationStrategy.instantiate(SimpleInstantiationStrategy.java:154)
	... 50 common frames omitted
org.springframework.beans.factory.UnsatisfiedDependencyException: Error creating bean with name 'sparqlQueryController' defined in URL [jar:file:/D:/work/Ontology/ontop-cli-5.5.0/lib/ontop-endpoint-5.5.0.jar!/it/unibz/inf/ontop/endpoint/controllers/SparqlQueryController.class]: Unsatisfied dependency expressed through constructor parameter 0; nested exception is org.springframework.beans.factory.UnsatisfiedDependencyException: Error creating bean with name 'setupVirtualRepository' defined in class path resource [it/unibz/inf/ontop/endpoint/beans/OntopVirtualRepositoryBean.class]: Unsatisfied dependency expressed through method 'setupVirtualRepository' parameter 1; nested exception is org.springframework.beans.factory.BeanCreationException: Error creating bean with name 'setupOntopConfiguration' defined in class path resource [it/unibz/inf/ontop/endpoint/beans/OntopVirtualRepositoryBean.class]: Bean instantiation via factory method failed; nested exception is org.springframework.beans.BeanInstantiationException: Failed to instantiate [it.unibz.inf.ontop.injection.OntopSystemConfiguration]: Factory method 'setupOntopConfiguration' threw exception; nested exception is it.unibz.inf.ontop.exception.InvalidOntopConfigurationException: Cannot reach the property file: D:\work\Ontology\TraditionalChineseMedicineOntology\ontology\database\tcm.properties
	at org.springframework.beans.factory.support.ConstructorResolver.createArgumentArray(ConstructorResolver.java:801)
	at org.springframework.beans.factory.support.ConstructorResolver.autowireConstructor(ConstructorResolver.java:224)
	at org.springframework.beans.factory.support.AbstractAutowireCapableBeanFactory.autowireConstructor(AbstractAutowireCapableBeanFactory.java:1372)
	at org.springframework.beans.factory.support.AbstractAutowireCapableBeanFactory.createBeanInstance(AbstractAutowireCapableBeanFactory.java:1222)
	at org.springframework.beans.factory.support.AbstractAutowireCapableBeanFactory.doCreateBean(AbstractAutowireCapableBeanFactory.java:582)
	at org.springframework.beans.factory.support.AbstractAutowireCapableBeanFactory.createBean(AbstractAutowireCapableBeanFactory.java:542)
	at org.springframework.beans.factory.support.AbstractBeanFactory.lambda$doGetBean$0(AbstractBeanFactory.java:335)
	at org.springframework.beans.factory.support.DefaultSingletonBeanRegistry.getSingleton(DefaultSingletonBeanRegistry.java:234)
	at org.springframework.beans.factory.support.AbstractBeanFactory.doGetBean(AbstractBeanFactory.java:333)
	at org.springframework.beans.factory.support.AbstractBeanFactory.getBean(AbstractBeanFactory.java:208)
	at org.springframework.beans.factory.support.DefaultListableBeanFactory.preInstantiateSingletons(DefaultListableBeanFactory.java:955)
	at org.springframework.context.support.AbstractApplicationContext.finishBeanFactoryInitialization(AbstractApplicationContext.java:929)
	at org.springframework.context.support.AbstractApplicationContext.refresh(AbstractApplicationContext.java:591)
	at org.springframework.boot.web.servlet.context.ServletWebServerApplicationContext.refresh(ServletWebServerApplicationContext.java:147)
	at org.springframework.boot.SpringApplication.refresh(SpringApplication.java:732)
	at org.springframework.boot.SpringApplication.refreshContext(SpringApplication.java:409)
	at org.springframework.boot.SpringApplication.run(SpringApplication.java:308)
	at org.springframework.boot.SpringApplication.run(SpringApplication.java:1300)
	at org.springframework.boot.SpringApplication.run(SpringApplication.java:1289)
	at it.unibz.inf.ontop.endpoint.OntopEndpointApplication.main(OntopEndpointApplication.java:20)
	at it.unibz.inf.ontop.cli.OntopEndpoint.run(OntopEndpoint.java:152)
	at it.unibz.inf.ontop.cli.Ontop.main(Ontop.java:19)
Caused by: org.springframework.beans.factory.UnsatisfiedDependencyException: Error creating bean with name 'setupVirtualRepository' defined in class path resource [it/unibz/inf/ontop/endpoint/beans/OntopVirtualRepositoryBean.class]: Unsatisfied dependency expressed through method 'setupVirtualRepository' parameter 1; nested exception is org.springframework.beans.factory.BeanCreationException: Error creating bean with name 'setupOntopConfiguration' defined in class path resource [it/unibz/inf/ontop/endpoint/beans/OntopVirtualRepositoryBean.class]: Bean instantiation via factory method failed; nested exception is org.springframework.beans.BeanInstantiationException: Failed to instantiate [it.unibz.inf.ontop.injection.OntopSystemConfiguration]: Factory method 'setupOntopConfiguration' threw exception; nested exception is it.unibz.inf.ontop.exception.InvalidOntopConfigurationException: Cannot reach the property file: D:\work\Ontology\TraditionalChineseMedicineOntology\ontology\database\tcm.properties
	at org.springframework.beans.factory.support.ConstructorResolver.createArgumentArray(ConstructorResolver.java:801)
	at org.springframework.beans.factory.support.ConstructorResolver.instantiateUsingFactoryMethod(ConstructorResolver.java:536)
	at org.springframework.beans.factory.support.AbstractAutowireCapableBeanFactory.instantiateUsingFactoryMethod(AbstractAutowireCapableBeanFactory.java:1352)
	at org.springframework.beans.factory.support.AbstractAutowireCapableBeanFactory.createBeanInstance(AbstractAutowireCapableBeanFactory.java:1195)
	at org.springframework.beans.factory.support.AbstractAutowireCapableBeanFactory.doCreateBean(AbstractAutowireCapableBeanFactory.java:582)
	at org.springframework.beans.factory.support.AbstractAutowireCapableBeanFactory.createBean(AbstractAutowireCapableBeanFactory.java:542)
	at org.springframework.beans.factory.support.AbstractBeanFactory.lambda$doGetBean$0(AbstractBeanFactory.java:335)
	at org.springframework.beans.factory.support.DefaultSingletonBeanRegistry.getSingleton(DefaultSingletonBeanRegistry.java:234)
	at org.springframework.beans.factory.support.AbstractBeanFactory.doGetBean(AbstractBeanFactory.java:333)
	at org.springframework.beans.factory.support.AbstractBeanFactory.getBean(AbstractBeanFactory.java:208)
	at org.springframework.beans.factory.config.DependencyDescriptor.resolveCandidate(DependencyDescriptor.java:276)
	at org.springframework.beans.factory.support.DefaultListableBeanFactory.doResolveDependency(DefaultListableBeanFactory.java:1391)
	at org.springframework.beans.factory.support.DefaultListableBeanFactory.resolveDependency(DefaultListableBeanFactory.java:1311)
	at org.springframework.beans.factory.support.ConstructorResolver.resolveAutowiredArgument(ConstructorResolver.java:911)
	at org.springframework.beans.factory.support.ConstructorResolver.createArgumentArray(ConstructorResolver.java:788)
	... 21 more
Caused by: org.springframework.beans.factory.BeanCreationException: Error creating bean with name 'setupOntopConfiguration' defined in class path resource [it/unibz/inf/ontop/endpoint/beans/OntopVirtualRepositoryBean.class]: Bean instantiation via factory method failed; nested exception is org.springframework.beans.BeanInstantiationException: Failed to instantiate [it.unibz.inf.ontop.injection.OntopSystemConfiguration]: Factory method 'setupOntopConfiguration' threw exception; nested exception is it.unibz.inf.ontop.exception.InvalidOntopConfigurationException: Cannot reach the property file: D:\work\Ontology\TraditionalChineseMedicineOntology\ontology\database\tcm.properties
	at org.springframework.beans.factory.support.ConstructorResolver.instantiate(ConstructorResolver.java:653)
	at org.springframework.beans.factory.support.ConstructorResolver.instantiateUsingFactoryMethod(ConstructorResolver.java:633)
	at org.springframework.beans.factory.support.AbstractAutowireCapableBeanFactory.instantiateUsingFactoryMethod(AbstractAutowireCapableBeanFactory.java:1352)
	at org.springframework.beans.factory.support.AbstractAutowireCapableBeanFactory.createBeanInstance(AbstractAutowireCapableBeanFactory.java:1195)
	at org.springframework.beans.factory.support.AbstractAutowireCapableBeanFactory.doCreateBean(AbstractAutowireCapableBeanFactory.java:582)
	at org.springframework.beans.factory.support.AbstractAutowireCapableBeanFactory.createBean(AbstractAutowireCapableBeanFactory.java:542)
	at org.springframework.beans.factory.support.AbstractBeanFactory.lambda$doGetBean$0(AbstractBeanFactory.java:335)
	at org.springframework.beans.factory.support.DefaultSingletonBeanRegistry.getSingleton(DefaultSingletonBeanRegistry.java:234)
	at org.springframework.beans.factory.support.AbstractBeanFactory.doGetBean(AbstractBeanFactory.java:333)
	at org.springframework.beans.factory.support.AbstractBeanFactory.getBean(AbstractBeanFactory.java:208)
	at org.springframework.beans.factory.config.DependencyDescriptor.resolveCandidate(DependencyDescriptor.java:276)
	at org.springframework.beans.factory.support.DefaultListableBeanFactory.doResolveDependency(DefaultListableBeanFactory.java:1391)
	at org.springframework.beans.factory.support.DefaultListableBeanFactory.resolveDependency(DefaultListableBeanFactory.java:1311)
	at org.springframework.beans.factory.support.ConstructorResolver.resolveAutowiredArgument(ConstructorResolver.java:911)
	at org.springframework.beans.factory.support.ConstructorResolver.createArgumentArray(ConstructorResolver.java:788)
	... 35 more
Caused by: org.springframework.beans.BeanInstantiationException: Failed to instantiate [it.unibz.inf.ontop.injection.OntopSystemConfiguration]: Factory method 'setupOntopConfiguration' threw exception; nested exception is it.unibz.inf.ontop.exception.InvalidOntopConfigurationException: Cannot reach the property file: D:\work\Ontology\TraditionalChineseMedicineOntology\ontology\database\tcm.properties
	at org.springframework.beans.factory.support.SimpleInstantiationStrategy.instantiate(SimpleInstantiationStrategy.java:185)
	at org.springframework.beans.factory.support.ConstructorResolver.instantiate(ConstructorResolver.java:648)
	... 49 more
Caused by: it.unibz.inf.ontop.exception.InvalidOntopConfigurationException: Cannot reach the property file: D:\work\Ontology\TraditionalChineseMedicineOntology\ontology\database\tcm.properties
	at it.unibz.inf.ontop.injection.impl.OntopModelConfigurationImpl.extractProperties(OntopModelConfigurationImpl.java:236)
	at it.unibz.inf.ontop.injection.impl.OntopModelConfigurationImpl$DefaultOntopModelBuilderFragment.propertyFile(OntopModelConfigurationImpl.java:161)
	at it.unibz.inf.ontop.injection.impl.OntopModelConfigurationImpl$DefaultOntopModelBuilderFragment.propertyFile(OntopModelConfigurationImpl.java:156)
	at it.unibz.inf.ontop.injection.impl.OntopKGQueryConfigurationImpl$OntopKGQueryBuilderMixin.propertyFile(OntopKGQueryConfigurationImpl.java:106)
	at it.unibz.inf.ontop.injection.impl.OntopSQLOWLAPIConfigurationImpl$BuilderImpl.propertyFile(OntopSQLOWLAPIConfigurationImpl.java:158)
	at it.unibz.inf.ontop.injection.impl.OntopKGQueryConfigurationImpl$OntopKGQueryBuilderMixin.propertyFile(OntopKGQueryConfigurationImpl.java:59)
	at it.unibz.inf.ontop.endpoint.beans.OntopVirtualRepositoryBean.setupOntopConfiguration(OntopVirtualRepositoryBean.java:34)
	at java.base/jdk.internal.reflect.DirectMethodHandleAccessor.invoke(DirectMethodHandleAccessor.java:104)
	at java.base/java.lang.reflect.Method.invoke(Method.java:565)
	at org.springframework.beans.factory.support.SimpleInstantiationStrategy.instantiate(SimpleInstantiationStrategy.java:154)
	... 50 more
Exception in thread "main" java.lang.AssertionError
	at it.unibz.inf.ontop.cli.Ontop.main(Ontop.java:31)
