[INFO] Scanning for projects...
[INFO] 
[INFO] -------------------< com.ocean:OntologyFrameworkTCM >-------------------
[INFO] Building OntologyFrameworkTCM 0.0.1-SNAPSHOT
[INFO]   from pom.xml
[INFO] --------------------------------[ jar ]---------------------------------
[WARNING] The artifact io.camunda:spring-boot-starter-camunda-sdk:jar:8.9.6 has been relocated to io.camunda:camunda-spring-boot-starter:jar:8.9.6: The artifact 'spring-boot-starter-camunda-sdk' has been relocated to 'camunda-spring-boot-starter'.
        Note: Relocation for 'spring-boot-starter-camunda-sdk' will be removed starting from the 8.10 release.
        Please update your dependencies to use 'camunda-spring-boot-starter' to avoid build issues.
[INFO] 
[INFO] --- resources:3.5.0:resources (default-resources) @ OntologyFrameworkTCM ---
[INFO] Copying 2 resources from src\main\resources to target\classes
[INFO] Copying 3 resources from src\main\resources to target\classes
[INFO] 
[INFO] --- compiler:3.15.0:compile (default-compile) @ OntologyFrameworkTCM ---
[INFO] Nothing to compile - all classes are up to date.
[INFO] 
[INFO] --- resources:3.5.0:testResources (default-testResources) @ OntologyFrameworkTCM ---
[INFO] skip non existing resourceDirectory D:\work\Ontology\GoldenWind\OntologyMachine\OntologyFrameworkTCM\src\test\resources
[INFO] 
[INFO] --- compiler:3.15.0:testCompile (default-testCompile) @ OntologyFrameworkTCM ---
[INFO] Nothing to compile - all classes are up to date.
[INFO] 
[INFO] --- surefire:3.5.6:test (default-test) @ OntologyFrameworkTCM ---
[INFO] Using auto detected provider org.apache.maven.surefire.junitplatform.JUnitPlatformProvider
[INFO] 
[INFO] -------------------------------------------------------
[INFO]  T E S T S
[INFO] -------------------------------------------------------
[INFO] Running com.ocean.ontologyframework.tcm.AllFangzhengSuiteTest
[INFO] Running com.ocean.ontologyframework.tcm.HerbRuleEngineTest
SLF4J(W): Class path contains multiple SLF4J providers.
SLF4J(W): Found provider [ch.qos.logback.classic.spi.LogbackServiceProvider@456be73c]
SLF4J(W): Found provider [org.apache.logging.slf4j.SLF4JServiceProvider@2375b321]
SLF4J(W): Found provider [org.slf4j.simple.SimpleServiceProvider@5baaae4c]
SLF4J(W): See https://www.slf4j.org/codes.html#multiple_bindings for an explanation.
SLF4J(I): Actual provider is of type [ch.qos.logback.classic.spi.LogbackServiceProvider@456be73c]
23:11:56.181 [main] INFO com.ocean.ontologyframework.tcm.app.SymptomCatalog -- [SymptomCatalog] 症状 ← 598 个实例个体
23:11:56.185 [main] INFO com.ocean.ontologyframework.tcm.app.SymptomCatalog -- [SymptomCatalog] 脉象 ← 69 个实例个体
23:11:56.186 [main] INFO com.ocean.ontologyframework.tcm.app.SymptomCatalog -- [SymptomCatalog] 舌象 ← 76 个实例个体
23:11:56.186 [main] INFO com.ocean.ontologyframework.tcm.app.SymptomCatalog -- [SymptomCatalog] 腹证 ← 4 个实例个体
23:11:56.215 [main] INFO com.ocean.ontologyframework.tcm.app.SymptomCatalog -- [SymptomCatalog] 同义词全部来自 SKOS 词表（tcm-zhengzhuang_skos.ttl）：1231 条
23:11:56.216 [main] INFO com.ocean.ontologyframework.tcm.app.SymptomCatalog -- [SymptomCatalog] 目录加载完成：747 个实例个体，1231 条口语同义词
========================================================================================
【用例】小柴胡汤证 + 口渴（方后注「若渴」）
----------------------------------------------------------------------------------------
母方证　：小柴胡汤证（Xiaochaihutangzheng）
母方组成：柴胡、黄芩、半夏、人参、甘草、大枣、生姜（7 味）
患者症状：口渴（Kouke）
----------------------------------------------------------------------------------------
命中规则：1 条
  [1] IF Kouke THEN remove Banxia + add Renshen (加至四两半) + add Gualougen (栝蒌根四两)
      出处：《伤寒论》96条方后注：“若渴，去半夏，加人参合前成四两半，栝蒌根四两。”
----------------------------------------------------------------------------------------
去药　　：半夏
加药　　：瓜蒌根
剂量调整：人参：加至四两半
----------------------------------------------------------------------------------------
派生结果：已派生新方（加/去药生效）
最终组成：柴胡、黄芩、人参、甘草、大枣、生姜、瓜蒌根（7 味）
派生方名：小柴胡汤去半夏加瓜蒌根
========================================================================================

========================================================================================
【用例】柴胡加龙骨牡蛎汤证 + 胸满/烦躁/小便不利/谵语
----------------------------------------------------------------------------------------
母方证　：柴胡加龙骨牡蛎汤证（Chaihujialonggumulitangzheng）
母方组成：柴胡、黄芩、半夏、人参、甘草、大枣、生姜（7 味）
患者症状：胸满（Xiongman）、烦躁（Fanzao）、小便不利（Xiaobianbuli）、谵语（Zhanyu）
----------------------------------------------------------------------------------------
命中规则：1 条
  [1] IF Xiongman AND Fanzao AND Xiaobianbuli AND Zhanyu THEN remove Gancao + add Longgu (龙骨一两半) + Muli (牡蛎一两半) + Guizhi (桂枝一两半) + Fuling (茯苓一两半) + Dahuang (大黄二两) + Qiandan (铅丹一两半)
      出处：《伤寒论》107条：“伤寒八九日，下之，胸满烦惊，小便不利，谵语，一身尽重，不可转侧者，柴胡加龙骨牡蛎汤主之。”本方即小柴胡汤去甘草，加龙骨、牡蛎、铅丹、桂枝、茯苓、大黄。
----------------------------------------------------------------------------------------
去药　　：甘草
加药　　：龙骨、牡蛎、桂枝、茯苓、大黄、铅丹
剂量调整：无
----------------------------------------------------------------------------------------
派生结果：已派生新方（加/去药生效）
最终组成：柴胡、黄芩、半夏、人参、大枣、生姜、龙骨、牡蛎、桂枝、茯苓、大黄、铅丹（12 味）
派生方名：柴胡加龙骨牡蛎汤去甘草加龙骨、牡蛎、桂枝、茯苓、大黄、铅丹
========================================================================================

中医经方 · 方后注加减药派生报告
规则来源：ontology\fangzheng\rules.owl
规则规模：46 个方证 / 84 条规则

========================================================================================
【用例】小柴胡汤证 + 咳嗽
----------------------------------------------------------------------------------------
母方证　：小柴胡汤证（Xiaochaihutangzheng）
母方组成：柴胡、黄芩、半夏、人参、甘草、大枣、生姜（7 味）
患者症状：咳嗽（Kesou）
----------------------------------------------------------------------------------------
命中规则：1 条
  [1] IF Kesou THEN remove Renshen + remove Dazao + remove Shengjiang + add Wuweizi (五味子半升) + add Ganjiang (干姜二两)
      出处：《伤寒论》96条方后注：“若咳者，去人参、大枣、生姜，加五味子半升，干姜二两。”
----------------------------------------------------------------------------------------
去药　　：人参、大枣、生姜
加药　　：五味子、干姜
剂量调整：无
----------------------------------------------------------------------------------------
派生结果：已派生新方（加/去药生效）
最终组成：柴胡、黄芩、半夏、甘草、五味子、干姜（6 味）
派生方名：小柴胡汤去人参、大枣、生姜加五味子、干姜
========================================================================================
========================================================================================
【用例】小柴胡汤证 + 口渴
----------------------------------------------------------------------------------------
母方证　：小柴胡汤证（Xiaochaihutangzheng）
母方组成：柴胡、黄芩、半夏、人参、甘草、大枣、生姜（7 味）
患者症状：口渴（Kouke）
----------------------------------------------------------------------------------------
命中规则：1 条
  [1] IF Kouke THEN remove Banxia + add Renshen (加至四两半) + add Gualougen (栝蒌根四两)
      出处：《伤寒论》96条方后注：“若渴，去半夏，加人参合前成四两半，栝蒌根四两。”
----------------------------------------------------------------------------------------
去药　　：半夏
加药　　：瓜蒌根
剂量调整：人参：加至四两半
----------------------------------------------------------------------------------------
派生结果：已派生新方（加/去药生效）
最终组成：柴胡、黄芩、人参、甘草、大枣、生姜、瓜蒌根（7 味）
派生方名：小柴胡汤去半夏加瓜蒌根
========================================================================================
========================================================================================
【用例】大柴胡汤证 + 心下急/郁郁微烦/大便硬
----------------------------------------------------------------------------------------
母方证　：大柴胡汤证（Dachaihutangzheng）
母方组成：柴胡、黄芩、半夏、人参、甘草、大枣、生姜（7 味）
患者症状：心下急（Xinxiaji）、郁郁微烦（Yuyuweifan）、大便硬（Dabianying）
----------------------------------------------------------------------------------------
命中规则：1 条
  [1] IF Xinxiaji AND Yuyuweifan AND (Dabianying OR Xiali) THEN remove Renshen + remove Gancao + add Dahuang (大黄二两) + Zhishi (枳实四枚) + Shaoyao (芍药三两)
      出处：《伤寒论》103、165条。心下急、郁郁微烦为胡希恕辨大柴胡汤证之眼目。大柴胡汤即小柴胡汤去人参、甘草，加芍药、枳实、大黄。
----------------------------------------------------------------------------------------
去药　　：人参、甘草
加药　　：大黄、枳实、芍药
剂量调整：无
----------------------------------------------------------------------------------------
派生结果：已派生新方（加/去药生效）
最终组成：柴胡、黄芩、半夏、大枣、生姜、大黄、枳实、芍药（8 味）
派生方名：大柴胡汤去人参、甘草加大黄、枳实、芍药
========================================================================================
========================================================================================
【用例】柴胡加龙骨牡蛎汤证 + 胸满/烦躁/小便不利/谵语
----------------------------------------------------------------------------------------
母方证　：柴胡加龙骨牡蛎汤证（Chaihujialonggumulitangzheng）
母方组成：柴胡、黄芩、半夏、人参、甘草、大枣、生姜（7 味）
患者症状：胸满（Xiongman）、烦躁（Fanzao）、小便不利（Xiaobianbuli）、谵语（Zhanyu）
----------------------------------------------------------------------------------------
命中规则：1 条
  [1] IF Xiongman AND Fanzao AND Xiaobianbuli AND Zhanyu THEN remove Gancao + add Longgu (龙骨一两半) + Muli (牡蛎一两半) + Guizhi (桂枝一两半) + Fuling (茯苓一两半) + Dahuang (大黄二两) + Qiandan (铅丹一两半)
      出处：《伤寒论》107条：“伤寒八九日，下之，胸满烦惊，小便不利，谵语，一身尽重，不可转侧者，柴胡加龙骨牡蛎汤主之。”本方即小柴胡汤去甘草，加龙骨、牡蛎、铅丹、桂枝、茯苓、大黄。
----------------------------------------------------------------------------------------
去药　　：甘草
加药　　：龙骨、牡蛎、桂枝、茯苓、大黄、铅丹
剂量调整：无
----------------------------------------------------------------------------------------
派生结果：已派生新方（加/去药生效）
最终组成：柴胡、黄芩、半夏、人参、大枣、生姜、龙骨、牡蛎、桂枝、茯苓、大黄、铅丹（12 味）
派生方名：柴胡加龙骨牡蛎汤去甘草加龙骨、牡蛎、桂枝、茯苓、大黄、铅丹
========================================================================================
========================================================================================
【用例】真武汤证 + 小便不利
----------------------------------------------------------------------------------------
母方证　：真武汤证（Zhenwutangzheng）
母方组成：茯苓、芍药、白术、生姜、附子（5 味）
患者症状：小便不利（Xiaobianbuli）
----------------------------------------------------------------------------------------
命中规则：0 条（该方证共 4 条规则，但条件均未满足或未产生组成变化）
----------------------------------------------------------------------------------------
去药　　：无
加药　　：无
剂量调整：无
----------------------------------------------------------------------------------------
派生结果：未派生（保持母方原样）
最终组成：茯苓、芍药、白术、生姜、附子（5 味）
说明　　：规则为 retain 茯苓，母方本有 → 无变化，不派生
========================================================================================
========================================================================================
【用例】小柴胡汤证 + 项强（反例：条件不满足）
----------------------------------------------------------------------------------------
母方证　：小柴胡汤证（Xiaochaihutangzheng）
母方组成：柴胡、黄芩、半夏、人参、甘草、大枣、生姜（7 味）
患者症状：项强（Xiangqiang）
----------------------------------------------------------------------------------------
命中规则：0 条（该方证共 7 条规则，但条件均未满足或未产生组成变化）
----------------------------------------------------------------------------------------
去药　　：无
加药　　：无
剂量调整：无
----------------------------------------------------------------------------------------
派生结果：未派生（保持母方原样）
最终组成：柴胡、黄芩、半夏、人参、甘草、大枣、生姜（7 味）
说明　　：7 条规则的条件均未被满足
========================================================================================
========================================================================================
【用例】桂枝汤证 + 项强（反例：该方证无方后注规则）
----------------------------------------------------------------------------------------
母方证　：桂枝汤证（Guizhitangzheng）
母方组成：桂枝、芍药、生姜、大枣、甘草（5 味）
患者症状：项强（Xiangqiang）
----------------------------------------------------------------------------------------
命中规则：0 条（该方证未挂方后注加减规则）
----------------------------------------------------------------------------------------
去药　　：无
加药　　：无
剂量调整：无
----------------------------------------------------------------------------------------
派生结果：未派生（保持母方原样）
最终组成：桂枝、芍药、生姜、大枣、甘草（5 味）
说明　　：该方证在 rules.owl 中无规则
========================================================================================
========================================================================================
汇总：7 个用例，其中 4 个成功派生新方（加/去药生效），3 个未派生（符合预期）
========================================================================================

报告已写入：D:\work\Ontology\GoldenWind\OntologyMachine\OntologyFrameworkTCM\target\herb-rule-report.txt
========================================================================================
【规则加载】rules.owl 共 46 个方证 / 84 条方后注加减规则
----------------------------------------------------------------------------------------
  Lizhongtangzheng                          8 条  理中汤证
  Xiaochaihutangzheng                       7 条  小柴胡汤证
  Xiaoqinglongtangzheng                     6 条  小青龙汤证
  Tongmaisinitangzheng                      6 条  通脉四逆汤证
  Sinisanzheng                              5 条  四逆散证
  Zhenwutangzheng                           4 条  真武汤证
  Fangjihuangqitangzheng                    4 条  防己黄芪汤证
  Houpoqiwutangzheng                        3 条  厚朴七物汤证
  Baizhusanzheng                            3 条  白术散证
  Dangguishengjiangyangroutangzheng         2 条  当归生姜羊肉汤证
  Xiaoqinglongjiashigaotangzheng            1 条  小青龙加石膏汤证
  Guizhirenshentangzheng                    1 条  桂枝人参汤证
  Xiaojianzhongtangzheng                    1 条  小建中汤证
  Zhizishengjiangchitangzheng               1 条  栀子生姜豉汤证
  Daqinglongtangzheng                       1 条  大青龙汤证
  Guizhiquguijiafulingbaizhutangzheng       1 条  桂枝去桂加茯苓白术汤证
  Guizhiqushaoyaotangzheng                  1 条  桂枝去芍药汤证
  Guizhijiashaoyaotangzheng                 1 条  桂枝加芍药汤证
  Guizhiqushaoyaojiashuqimulilonggujiunitangzheng  1 条  桂枝去芍药加蜀漆牡蛎龙骨救逆汤证
  Guizhijiaguitangzheng                     1 条  桂枝加桂汤证
  Guizhijiafuzitangzheng                    1 条  桂枝加附子汤证
  Zhuyetangzheng                            1 条  竹叶汤证
  Guizhijialonggumulitangzheng              1 条  桂枝加龙骨牡蛎汤证
  Sinijiarenshentangzheng                   1 条  四逆加人参汤证
  Huangqijianzhongtangzheng                 1 条  黄芪建中汤证
  Fulingsinitangzheng                       1 条  茯苓四逆汤证
  Zhizihoupotangzheng                       1 条  栀子厚朴汤证
  Guizhijiadahuangtangzheng                 1 条  桂枝加大黄汤证
  Yinchenwulingsanzheng                     1 条  茵陈五苓散证
  Xiaobanxiajiafulingtangzheng              1 条  小半夏加茯苓汤证
  Guizhijiahuangqitangzheng                 1 条  桂枝加黄芪汤证
  Guizhigancaolonggumulitangzheng           1 条  桂枝甘草龙骨牡蛎汤证
  Chaihujialonggumulitangzheng              1 条  柴胡加龙骨牡蛎汤证
  Guizhijiagegentangzheng                   1 条  桂枝加葛根汤证
  Guizhiqushaoyaojiafuzitangzheng           1 条  桂枝去芍药加附子汤证
  Zhiziganjiangtangzheng                    1 条  栀子干姜汤证
  Baitongjiazhudanzhitangzheng              1 条  白通加猪胆汁汤证
  Chaihujiamangxiaotangzheng                1 条  柴胡加芒硝汤证
  Shaoyaogancaofuzitangzheng                1 条  芍药甘草附子汤证
  Dachaihutangzheng                         1 条  大柴胡汤证
  Baitongtangzheng                          1 条  白通汤证
  Yuebitangzheng                            1 条  越婢汤证
  Zhizigancaochitangzheng                   1 条  栀子甘草豉汤证
  Zhishizhizichitangzheng                   1 条  枳实栀子豉汤证
  Guizhijiahoupoxingzitangzheng             1 条  桂枝加厚朴杏子汤证
  Guizhixinjiatangzheng                     1 条  桂枝新加汤证
========================================================================================

========================================================================================
【用例】小柴胡汤证 + 项强（母方证有规则，但条件不满足）
----------------------------------------------------------------------------------------
母方证　：小柴胡汤证（Xiaochaihutangzheng）
母方组成：柴胡、黄芩、半夏、人参、甘草、大枣、生姜（7 味）
患者症状：项强（Xiangqiang）
----------------------------------------------------------------------------------------
命中规则：0 条（该方证共 7 条规则，但条件均未满足或未产生组成变化）
----------------------------------------------------------------------------------------
去药　　：无
加药　　：无
剂量调整：无
----------------------------------------------------------------------------------------
派生结果：未派生（保持母方原样）
最终组成：柴胡、黄芩、半夏、人参、甘草、大枣、生姜（7 味）
说明　　：该方证共 7 条方后注规则，但无一条的条件被满足 → 不派生
========================================================================================

========================================================================================
【用例】桂枝汤证 + 项强（该方证未挂方后注规则）
----------------------------------------------------------------------------------------
母方证　：桂枝汤证（Guizhitangzheng）
母方组成：桂枝、芍药、生姜、大枣、甘草（5 味）
患者症状：项强（Xiangqiang）
----------------------------------------------------------------------------------------
命中规则：0 条（该方证未挂方后注加减规则）
----------------------------------------------------------------------------------------
去药　　：无
加药　　：无
剂量调整：无
----------------------------------------------------------------------------------------
派生结果：未派生（保持母方原样）
最终组成：桂枝、芍药、生姜、大枣、甘草（5 味）
说明　　：桂枝汤证在 rules.owl 中无规则（其加减已固化为具名方证）→ 不派生
========================================================================================

========================================================================================
【用例】大柴胡汤证 + 大便硬（OR 组命中左分支 Dabianying）
----------------------------------------------------------------------------------------
母方证　：大柴胡汤证（Dachaihutangzheng）
母方组成：柴胡、黄芩、半夏、人参、甘草、大枣、生姜（7 味）
患者症状：心下急（Xinxiaji）、郁郁微烦（Yuyuweifan）、大便硬（Dabianying）
----------------------------------------------------------------------------------------
命中规则：1 条
  [1] IF Xinxiaji AND Yuyuweifan AND (Dabianying OR Xiali) THEN remove Renshen + remove Gancao + add Dahuang (大黄二两) + Zhishi (枳实四枚) + Shaoyao (芍药三两)
      出处：《伤寒论》103、165条。心下急、郁郁微烦为胡希恕辨大柴胡汤证之眼目。大柴胡汤即小柴胡汤去人参、甘草，加芍药、枳实、大黄。
----------------------------------------------------------------------------------------
去药　　：人参、甘草
加药　　：大黄、枳实、芍药
剂量调整：无
----------------------------------------------------------------------------------------
派生结果：已派生新方（加/去药生效）
最终组成：柴胡、黄芩、半夏、大枣、生姜、大黄、枳实、芍药（8 味）
派生方名：大柴胡汤去人参、甘草加大黄、枳实、芍药
========================================================================================

========================================================================================
【用例】大柴胡汤证 + 下利（OR 组命中右分支 Xiali）
----------------------------------------------------------------------------------------
母方证　：大柴胡汤证（Dachaihutangzheng）
母方组成：柴胡、黄芩、半夏、人参、甘草、大枣、生姜（7 味）
患者症状：心下急（Xinxiaji）、郁郁微烦（Yuyuweifan）、下利（Xiali）
----------------------------------------------------------------------------------------
命中规则：1 条
  [1] IF Xinxiaji AND Yuyuweifan AND (Dabianying OR Xiali) THEN remove Renshen + remove Gancao + add Dahuang (大黄二两) + Zhishi (枳实四枚) + Shaoyao (芍药三两)
      出处：《伤寒论》103、165条。心下急、郁郁微烦为胡希恕辨大柴胡汤证之眼目。大柴胡汤即小柴胡汤去人参、甘草，加芍药、枳实、大黄。
----------------------------------------------------------------------------------------
去药　　：人参、甘草
加药　　：大黄、枳实、芍药
剂量调整：无
----------------------------------------------------------------------------------------
派生结果：已派生新方（加/去药生效）
最终组成：柴胡、黄芩、半夏、大枣、生姜、大黄、枳实、芍药（8 味）
派生方名：大柴胡汤去人参、甘草加大黄、枳实、芍药
========================================================================================

========================================================================================
【用例】大柴胡汤证 + 仅心下急/郁郁微烦（OR 组两支均不满足）
----------------------------------------------------------------------------------------
母方证　：大柴胡汤证（Dachaihutangzheng）
母方组成：柴胡、黄芩、半夏、人参、甘草、大枣、生姜（7 味）
患者症状：心下急（Xinxiaji）、郁郁微烦（Yuyuweifan）
----------------------------------------------------------------------------------------
命中规则：0 条（该方证共 1 条规则，但条件均未满足或未产生组成变化）
----------------------------------------------------------------------------------------
去药　　：无
加药　　：无
剂量调整：无
----------------------------------------------------------------------------------------
派生结果：未派生（保持母方原样）
最终组成：柴胡、黄芩、半夏、人参、甘草、大枣、生姜（7 味）
说明　　：条件不满足 → 不派生，组成保持母方原样
========================================================================================

========================================================================================
【用例】小柴胡汤证 + 咳嗽（方后注「若咳者」）
----------------------------------------------------------------------------------------
母方证　：小柴胡汤证（Xiaochaihutangzheng）
母方组成：柴胡、黄芩、半夏、人参、甘草、大枣、生姜（7 味）
患者症状：咳嗽（Kesou）
----------------------------------------------------------------------------------------
命中规则：1 条
  [1] IF Kesou THEN remove Renshen + remove Dazao + remove Shengjiang + add Wuweizi (五味子半升) + add Ganjiang (干姜二两)
      出处：《伤寒论》96条方后注：“若咳者，去人参、大枣、生姜，加五味子半升，干姜二两。”
----------------------------------------------------------------------------------------
去药　　：人参、大枣、生姜
加药　　：五味子、干姜
剂量调整：无
----------------------------------------------------------------------------------------
派生结果：已派生新方（加/去药生效）
最终组成：柴胡、黄芩、半夏、甘草、五味子、干姜（6 味）
派生方名：小柴胡汤去人参、大枣、生姜加五味子、干姜
========================================================================================

========================================================================================
【用例】真武汤证 + 小便不利（方后注「若小便利者，去茯苓」）
----------------------------------------------------------------------------------------
母方证　：真武汤证（Zhenwutangzheng）
母方组成：茯苓、芍药、白术、生姜、附子（5 味）
患者症状：小便不利（Xiaobianbuli）
----------------------------------------------------------------------------------------
命中规则：0 条（该方证共 4 条规则，但条件均未满足或未产生组成变化）
----------------------------------------------------------------------------------------
去药　　：无
加药　　：无
剂量调整：无
----------------------------------------------------------------------------------------
派生结果：未派生（保持母方原样）
最终组成：茯苓、芍药、白术、生姜、附子（5 味）
说明　　：规则动作为 retain 茯苓，而母方本就有茯苓 → 组成无变化 → 不标记为派生（符合预期）
========================================================================================

[INFO] Tests run: 8, Failures: 0, Errors: 0, Skipped: 0, Time elapsed: 0.502 s -- in com.ocean.ontologyframework.tcm.HerbRuleEngineTest
[INFO] Running 【独立】陷胸/栀子/瓜蒂/十枣/其他伤寒杂方
? Deploying BPMN from: ontology/bpmn/Jingfang_Diagnosis.bpmn
23:11:57.054 [main] WARN io.camunda.zeebe.client.impl.ZeebeClientImpl -- ZeebeClient is deprecated and will be removed in version 8.10. Please migrate to io.camunda.client.CamundaClient.
WARNING: A terminally deprecated method in sun.misc.Unsafe has been called
WARNING: sun.misc.Unsafe::arrayBaseOffset has been called by com.google.protobuf.UnsafeUtil (file:/C:/Users/ocean/.m2/repository/com/google/protobuf/protobuf-java/4.34.2/protobuf-java-4.34.2.jar)
WARNING: Please consider reporting this to the maintainers of class com.google.protobuf.UnsafeUtil
WARNING: sun.misc.Unsafe::arrayBaseOffset will be removed in a future release
? 流程已部署，key=2251799815879949, version=2
? 已加载方证诊断六经(eq)索引: 264 个（来源 ontology\fangzheng）
? 已加载本体实例清单: 747 个（来源 ontology）
? 已加载互斥索引: 49 对，展开后涉及 132 个 fragment（来源 ontology）
?? 病例自身四诊已能自证 Shaoyangbing，跳过该经锚点注入（避免凭空补鉴别点）

===== 四逆散证 =====
八纲：{表里=[半表半里], 寒热=[], 虚实=[], 阴阳=[阳证], bagangTypes=[半表半里, 阳证, 阴证]}
六经：少阳厥阴合病
方证：四逆散证
推荐方剂：Sinisan加附子
药物组成：[附子]
六经列表：[厥阴病, 少阳病]
合病标记：少阳厥阴合病
命中主证：[手足冷]
命中或然证：[腹痛, 下利]
候选命中主证：[[手足冷], [口苦, 往来寒热, 胸胁苦满], [下利], [手足冷], [口苦], [下利], [手足冷], [口苦], [口苦], [往来寒热, 下利, 胸胁苦满]]
候选缺口：[[], [], [沉脉], [细脉], [小便赤], [呕, 沉脉], [内有久寒, 呕], [小便赤, 心烦], [小便不利, 小便赤], [心下急, 郁郁微烦, 沉脉]]
候选命中或然证：[[腹痛, 下利], [腹痛], [], [], [], [], [], [], [], []]
候选方证：[四逆散证, 小柴胡汤证, 黄芩汤证, 当归四逆汤证, 百合地黄汤证, 黄芩加半夏生姜汤证, 当归四逆加吴茱萸生姜汤证, 百合知母汤证, 滑石代赭汤证, 大柴胡汤证]
候选方证打分：[Sinisanzheng(hits=3/3, gap=0, poss=2/6, prio=3), Xiaochaihutangzheng(hits=3/3, gap=0, poss=1/7, prio=3), Huangqintangzheng(hits=4/5, gap=1, poss=0/0, prio=3), Dangguisinitangzheng(hits=3/4, gap=1, poss=0/0, prio=3), Baihedihuangtangzheng(hits=3/4, gap=1, poss=0/0, prio=5), Huangqinjiabanxiashengjiangtangzheng(hits=4/6, gap=2, poss=0/0, prio=3), Dangguisinijiawuzhuyushengjiangtangzheng(hits=3/5, gap=2, poss=0/0, prio=3), Baihezhimutangzheng(hits=3/5, gap=2, poss=0/0, prio=5), Huashidaizhetangzheng(hits=3/5, gap=2, poss=0/0, prio=5), Dachaihutangzheng(hits=6/9, gap=3, poss=0/0, prio=2)]
兼夹证：[]
加味药物：[附子]
配伍禁忌警告：[]

===== 己椒苈黄丸证 =====
八纲：{表里=[里证], 寒热=[], 虚实=[虚证], 阴阳=[阴证], bagangTypes=[里证, 虚证, 阴证]}
六经：太阴病
方证：己椒苈黄丸证
推荐方剂：己椒苈黄丸加附子
药物组成：[大黄, 椒目, 木防己, 葶苈子, 附子]
六经列表：[太阴病]
合病标记：null
命中主证：[腹满, 口舌干燥]
命中或然证：[]
候选命中主证：[[腹满, 口舌干燥], [腹满], [腹满], [腹满], [沉弦脉], [腹满], [腹满]]
候选缺口：[[], [时痛], [按之不痛], [不渴, 下利], [下利, 心下坚, 促脉, 胸满], [不能饮食, 肌肤甲错, 两目黯黑, 五劳虚极], [唇口干燥, 暮即发热, 少腹里急, 手掌烦热]]
候选命中或然证：[[], [], [], [], [], [], []]
候选方证：[己椒苈黄丸证, 桂枝加芍药汤证, 厚朴生姜半夏甘草人参汤证, 理中汤证, 甘遂半夏汤证, 大黄蛰虫丸证, 温经汤证]
候选方证打分：[Jijiaolihuangwanzheng(hits=4/4, gap=0, poss=0/0, prio=3), Guizhijiashaoyaotangzheng(hits=3/4, gap=1, poss=0/0, prio=3), Houposhengjiangbanxiagancaorenshentangzheng(hits=3/4, gap=1, poss=0/0, prio=3), Lizhongtangzheng(hits=3/5, gap=2, poss=0/0, prio=3), Gansuibanxiatangzheng(hits=4/7, gap=3, poss=0/0, prio=2), Dahuangzhechongwanzheng(hits=3/7, gap=4, poss=0/0, prio=2), Wenjingtangzheng(hits=3/7, gap=4, poss=0/0, prio=3)]
兼夹证：[]
加味药物：[附子]
配伍禁忌警告：[]

===== 附子粳米汤（十八反：附子反半夏） =====
八纲：{表里=[里证], 寒热=[], 虚实=[虚证], 阴阳=[阴证], bagangTypes=[里证, 虚证, 阴证]}
六经：太阴病
方证：附子粳米汤证
推荐方剂：附子粳米汤加生姜、芍药、人参
药物组成：[半夏, 大枣, 附子, 甘草, 粳米, 生姜, 芍药, 人参]
六经列表：[太阴病]
合病标记：null
命中主证：[腹痛, 腹中雷鸣, 呕吐, 胸胁苦满]
命中或然证：[]
候选命中主证：[[腹痛, 腹中雷鸣, 呕吐, 胸胁苦满], [腹痛], [沉微脉], [呕吐], [腹痛], [腹满], [腹满], [腹满], [腹痛], [腹痛]]
候选缺口：[[], [], [手足冷], [口渴], [拒按], [时痛], [按之不痛], [口舌干燥], [刺痛], [下利脓血, 小便不利]]
候选命中或然证：[[], [], [], [], [], [], [], [], [], []]
候选方证：[附子粳米汤证, 排脓散证, 四逆汤证, 茯苓泽泻汤证, 桂枝加大黄汤证, 桂枝加芍药汤证, 厚朴生姜半夏甘草人参汤证, 己椒苈黄丸证, 红蓝花酒证, 桃花汤证]
候选方证打分：[Fuzijingmitangzheng(hits=6/6, gap=0, poss=0/0, prio=3), Painongsanzheng(hits=3/3, gap=0, poss=0/0, prio=3), Sinitangzheng(hits=3/4, gap=1, poss=0/0, prio=1), Fulingzexietangzheng(hits=3/4, gap=1, poss=0/0, prio=3), Guizhijiadahuangtangzheng(hits=3/4, gap=1, poss=0/0, prio=3), Guizhijiashaoyaotangzheng(hits=3/4, gap=1, poss=0/0, prio=3), Houposhengjiangbanxiagancaorenshentangzheng(hits=3/4, gap=1, poss=0/0, prio=3), Jijiaolihuangwanzheng(hits=3/4, gap=1, poss=0/0, prio=3), Honglanhuajiuzheng(hits=3/4, gap=1, poss=0/0, prio=5), Taohuatangzheng(hits=3/5, gap=2, poss=0/0, prio=1)]
兼夹证：[]
加味药物：[生姜, 芍药, 人参]
配伍禁忌警告：[十八反：半夏 反 附子]

===== 薏苡附子散证 =====
八纲：{表里=[里证], 寒热=[寒证], 虚实=[虚证], 阴阳=[阴证], bagangTypes=[寒证, 里证, 虚证, 阴证]}
六经：太阴病
方证：薏苡附子散证
推荐方剂：薏苡附子散加生姜、干姜
药物组成：[附子, 薏苡仁, 生姜, 干姜]
六经列表：[太阴病]
合病标记：null
命中主证：[胸痹缓急]
命中或然证：[]
候选命中主证：[[胸痹缓急], [腹满], [腹满], [腹满], [腹满], [腹满], [腹满], []]
候选缺口：[[], [时痛], [按之不痛], [口舌干燥], [不渴, 下利], [不能饮食, 肌肤甲错, 两目黯黑, 五劳虚极], [唇口干燥, 暮即发热, 少腹里急, 手掌烦热], [喘, 短气, 胸痹]]
候选命中或然证：[[], [], [], [], [], [], [], [沉迟脉]]
候选方证：[薏苡附子散证, 桂枝加芍药汤证, 厚朴生姜半夏甘草人参汤证, 己椒苈黄丸证, 理中汤证, 大黄蛰虫丸证, 温经汤证, 栝楼薤白白酒汤证]
候选方证打分：[Yiyifuzisanzheng(hits=3/3, gap=0, poss=0/0, prio=3), Guizhijiashaoyaotangzheng(hits=3/4, gap=1, poss=0/0, prio=3), Houposhengjiangbanxiagancaorenshentangzheng(hits=3/4, gap=1, poss=0/0, prio=3), Jijiaolihuangwanzheng(hits=3/4, gap=1, poss=0/0, prio=3), Lizhongtangzheng(hits=3/5, gap=2, poss=0/0, prio=3), Dahuangzhechongwanzheng(hits=3/7, gap=4, poss=0/0, prio=2), Wenjingtangzheng(hits=3/7, gap=4, poss=0/0, prio=3), Gualouxiebaibaijiutangzheng(hits=2/5, gap=3, poss=1/1, prio=3)]
兼夹证：[]
加味药物：[生姜, 干姜]
配伍禁忌警告：[]

===== 猪苓汤证 =====
八纲：{表里=[表证, 里证], 寒热=[热证], 虚实=[], 阴阳=[阳证], bagangTypes=[表证, 里证, 热证, 阳证]}
六经：太阳阳明合病
方证：猪苓汤证
推荐方剂：猪苓汤加白术、人参、瓜蒌根
药物组成：[阿胶, 茯苓, 滑石, 泽泻, 猪苓, 白术, 人参, 瓜蒌根]
六经列表：[太阳病, 阳明病]
合病标记：太阳阳明合病
命中主证：[发热, 口渴, 小便不利]
命中或然证：[]
候选命中主证：[[发热, 口渴, 小便不利], [小便不利], [小便不利], [小便不利], [浮脉, 口渴, 小便不利], [小便不利], [发热], [小便不利], [浮脉], [小便不利]]
候选缺口：[[], [], [], [], [水入则吐], [身黄], [身黄], [心下满], [水之为病], [黄疸]]
候选命中或然证：[[], [], [], [], [], [], [], [], [], []]
候选方证：[猪苓汤证, 茯苓戎盐汤证, 滑石白鱼散证, 蒲灰散证, 五苓散证, 茵陈蒿汤证, 栀子柏皮汤证, 桂枝去桂加茯苓白术汤证, 杏子汤证, 茵陈五苓散证]
候选方证打分：[Zhulingtangzheng(hits=5/5, gap=0, poss=0/0, prio=2), Fulingrongyantangzheng(hits=3/3, gap=0, poss=0/0, prio=3), Huashibaiyusanzheng(hits=3/3, gap=0, poss=0/0, prio=3), Puhuisanzheng(hits=3/3, gap=0, poss=0/0, prio=3), Wulingsanzheng(hits=5/6, gap=1, poss=0/0, prio=3), Yinchenhaotangzheng(hits=3/4, gap=1, poss=0/0, prio=2), Zhizibaipitangzheng(hits=3/4, gap=1, poss=0/0, prio=2), Guizhiquguijiafulingbaizhutangzheng(hits=3/4, gap=1, poss=0/0, prio=3), Xingzitangzheng(hits=3/4, gap=1, poss=0/0, prio=3), Yinchenwulingsanzheng(hits=3/4, gap=1, poss=0/0, prio=3)]
兼夹证：[]
加味药物：[白术, 人参, 瓜蒌根]
配伍禁忌警告：[]

===== 猪苓散证 =====
八纲：{表里=[表证, 里证], 寒热=[], 虚实=[虚证], 阴阳=[阴证], bagangTypes=[表证, 里证, 虚证, 阴证]}
六经：太阴少阴合病
方证：猪苓散证
推荐方剂：猪苓散去白术加半夏、生姜、附子
药物组成：[茯苓, 猪苓, 半夏, 生姜, 附子]
六经列表：[少阴病, 太阴病]
合病标记：太阴少阴合病
命中主证：[后思水, 呕, 吐, 胸满]
命中或然证：[]
候选命中主证：[[后思水, 呕, 吐, 胸满], [呕, 胸满], [腹满], [腹满], [腹满], [胸满], [浮脉], [呕], [腹满], [呕]]
候选缺口：[[], [咳嗽], [时痛], [按之不痛], [口舌干燥], [咳嗽], [咳嗽, 促脉], [下利, 心下痞], [不渴, 下利], [不能饮食, 腹中寒, 心胸大寒痛]]
候选命中或然证：[[], [], [], [], [], [], [], [], [], []]
候选方证：[猪苓散证, 苓甘五味姜辛夏汤证, 桂枝加芍药汤证, 厚朴生姜半夏甘草人参汤证, 己椒苈黄丸证, 苓甘五味姜辛汤证, 厚朴麻黄汤证, 半夏泻心汤证, 理中汤证, 大建中汤证]
候选方证打分：[Zhulingsanzheng(hits=6/6, gap=0, poss=0/0, prio=3), Lingganwuweijiangxinxiatangzheng(hits=4/5, gap=1, poss=0/0, prio=3), Guizhijiashaoyaotangzheng(hits=3/4, gap=1, poss=0/0, prio=3), Houposhengjiangbanxiagancaorenshentangzheng(hits=3/4, gap=1, poss=0/0, prio=3), Jijiaolihuangwanzheng(hits=3/4, gap=1, poss=0/0, prio=3), Lingganwuweijiangxintangzheng(hits=3/4, gap=1, poss=0/0, prio=3), Houpomahuangtangzheng(hits=4/6, gap=2, poss=0/4, prio=3), Banxiaxiexintangzheng(hits=3/5, gap=2, poss=0/0, prio=2), Lizhongtangzheng(hits=3/5, gap=2, poss=0/0, prio=3), Dajianzhongtangzheng(hits=3/6, gap=3, poss=0/0, prio=1)]
兼夹证：[]
加味药物：[半夏, 生姜, 附子]
减味药物：[白术]
配伍禁忌警告：[十八反：半夏 反 附子]

===== 泽泻汤证 =====
八纲：{表里=[里证], 寒热=[], 虚实=[虚证], 阴阳=[阴证], bagangTypes=[里证, 虚证, 阴证]}
六经：太阴病
方证：泽泻汤证
推荐方剂：泽泻汤去白术加附子
药物组成：[泽泻, 附子]
六经列表：[太阴病]
合病标记：null
命中主证：[苦冒眩, 心下有支饮]
命中或然证：[]
候选命中主证：[[苦冒眩, 心下有支饮], [腹满], [腹满], [腹满], [腹满], [沉弦脉], [腹满], [腹满]]
候选缺口：[[], [时痛], [按之不痛], [口舌干燥], [不渴, 下利], [下利, 心下坚, 促脉, 胸满], [不能饮食, 肌肤甲错, 两目黯黑, 五劳虚极], [唇口干燥, 暮即发热, 少腹里急, 手掌烦热]]
候选命中或然证：[[], [], [], [], [], [], [], []]
候选方证：[泽泻汤证, 桂枝加芍药汤证, 厚朴生姜半夏甘草人参汤证, 己椒苈黄丸证, 理中汤证, 甘遂半夏汤证, 大黄蛰虫丸证, 温经汤证]
候选方证打分：[Zexietangzheng(hits=4/4, gap=0, poss=0/0, prio=3), Guizhijiashaoyaotangzheng(hits=3/4, gap=1, poss=0/0, prio=3), Houposhengjiangbanxiagancaorenshentangzheng(hits=3/4, gap=1, poss=0/0, prio=3), Jijiaolihuangwanzheng(hits=3/4, gap=1, poss=0/0, prio=3), Lizhongtangzheng(hits=3/5, gap=2, poss=0/0, prio=3), Gansuibanxiatangzheng(hits=4/7, gap=3, poss=0/0, prio=2), Dahuangzhechongwanzheng(hits=3/7, gap=4, poss=0/0, prio=2), Wenjingtangzheng(hits=3/7, gap=4, poss=0/0, prio=3)]
兼夹证：[]
加味药物：[附子]
减味药物：[白术]
配伍禁忌警告：[]

===== 茯苓杏仁甘草汤证 =====
八纲：{表里=[里证], 寒热=[], 虚实=[虚证], 阴阳=[阴证], bagangTypes=[里证, 虚证, 阴证]}
六经：太阴病
方证：茯苓杏仁甘草汤证
推荐方剂：茯苓杏仁甘草汤加附子
药物组成：[茯苓, 甘草, 杏仁, 附子]
六经列表：[太阴病]
合病标记：null
命中主证：[短气, 胸中气塞]
命中或然证：[]
候选命中主证：[[短气, 胸中气塞], [短气, 胸中气塞], [腹满], [腹满], [腹满], [心下有支饮], [腹满], [短气], [腹满], [腹满]]
候选缺口：[[], [], [时痛], [按之不痛], [口舌干燥], [苦冒眩], [不渴, 下利], [喘, 胸痹], [不能饮食, 肌肤甲错, 两目黯黑, 五劳虚极], [唇口干燥, 暮即发热, 少腹里急, 手掌烦热]]
候选命中或然证：[[], [], [], [], [], [], [], [], [], []]
候选方证：[茯苓杏仁甘草汤证, 橘枳姜汤证, 桂枝加芍药汤证, 厚朴生姜半夏甘草人参汤证, 己椒苈黄丸证, 泽泻汤证, 理中汤证, 栝楼薤白白酒汤证, 大黄蛰虫丸证, 温经汤证]
候选方证打分：[Fulingxingrengancaotangzheng(hits=4/4, gap=0, poss=0/0, prio=3), Juzhijiangtangzheng(hits=4/4, gap=0, poss=0/0, prio=3), Guizhijiashaoyaotangzheng(hits=3/4, gap=1, poss=0/0, prio=3), Houposhengjiangbanxiagancaorenshentangzheng(hits=3/4, gap=1, poss=0/0, prio=3), Jijiaolihuangwanzheng(hits=3/4, gap=1, poss=0/0, prio=3), Zexietangzheng(hits=3/4, gap=1, poss=0/0, prio=3), Lizhongtangzheng(hits=3/5, gap=2, poss=0/0, prio=3), Gualouxiebaibaijiutangzheng(hits=3/5, gap=2, poss=0/1, prio=3), Dahuangzhechongwanzheng(hits=3/7, gap=4, poss=0/0, prio=2), Wenjingtangzheng(hits=3/7, gap=4, poss=0/0, prio=3)]
兼夹证：[]
加味药物：[附子]
配伍禁忌警告：[]

===== 防己茯苓汤证 =====
八纲：{表里=[表证], 寒热=[], 虚实=[], 阴阳=[阳证], bagangTypes=[表证, 阳证]}
六经：太阳病
方证：防己茯苓汤证
推荐方剂：防己茯苓汤加附子
药物组成：[茯苓, 甘草, 桂枝, 黄芪, 木防己, 附子]
六经列表：[太阳病]
合病标记：null
命中主证：[皮水]
命中或然证：[]
候选命中主证：[[皮水], [恶寒], [恶寒], [浮脉], [恶寒], [恶寒], [恶寒], [浮脉], [浮脉], [浮脉]]
候选缺口：[[], [胸满], [身疼烦], [水之为病], [发热, 身黄, 沉弦脉, 心下坚], [发热, 如疟状, 一日再发], [发热, 面有热色, 身痒], [喘, 烦躁, 咳嗽], [咳嗽, 沉弦脉, 心下坚, 无热恶寒], [口渴, 水入则吐, 小便不利]]
候选命中或然证：[[], [], [], [], [], [], [], [], [], []]
候选方证：[防己茯苓汤证, 桂枝去芍药加附子汤证, 麻黄加术汤证, 杏子汤证, 麻黄连翘赤小豆汤证, 桂枝二麻黄一汤证, 桂枝麻黄各半汤证, 小青龙加石膏汤证, 厚朴麻黄汤证, 五苓散证]
候选方证打分：[Fangjifulingtangzheng(hits=3/3, gap=0, poss=0/0, prio=3), Guizhiqushaoyaojiafuzitangzheng(hits=3/4, gap=1, poss=0/0, prio=2), Mahuangjiazhutangzheng(hits=3/4, gap=1, poss=0/0, prio=3), Xingzitangzheng(hits=3/4, gap=1, poss=0/0, prio=3), Mahuanglianqiaochixiaodoutangzheng(hits=4/7, gap=3, poss=0/0, prio=3), Guizhiermahuangyitangzheng(hits=3/6, gap=3, poss=0/0, prio=3), Guizhimahuanggebantangzheng(hits=3/6, gap=3, poss=0/0, prio=3), Xiaoqinglongjiashigaotangzheng(hits=3/6, gap=3, poss=0/0, prio=3), Houpomahuangtangzheng(hits=3/6, gap=3, poss=0/4, prio=3), Wulingsanzheng(hits=3/6, gap=3, poss=0/0, prio=3)]
兼夹证：[]
加味药物：[附子]
配伍禁忌警告：[]

===== 木防己汤证 =====
八纲：{表里=[里证], 寒热=[], 虚实=[实证, 虚证], 阴阳=[阳证], bagangTypes=[里证, 实证, 虚证, 阳证, 阴证]}
六经：阳明太阴合病
方证：木防己汤证
推荐方剂：木防己汤去麻黄加附子、厚朴、杏仁、麻黄、瓜蒌根、白术
药物组成：[桂枝, 木防己, 人参, 石膏, 附子, 厚朴, 杏仁, 瓜蒌根, 白术]
六经列表：[太阴病, 阳明病]
合病标记：阳明太阴合病
命中主证：[喘, 膈间支饮, 面色黧黑, 心下痞坚, 胸满]
命中或然证：[]
候选命中主证：[[喘, 膈间支饮, 面色黧黑, 心下痞坚, 胸满], [膈间支饮, 心下痞坚], [喘], [口渴], [腹满], [腹满], [腹满], [胸满], [口渴], [喘]]
候选缺口：[[], [], [汗出], [呕吐], [时痛], [按之不痛], [口舌干燥], [咳嗽], [口苦, 小便赤], [不得卧, 肺痈]]
候选命中或然证：[[], [], [口渴], [], [], [], [], [], [], []]
候选方证：[木防己汤证, 木防己去石膏加茯苓芒硝汤证, 麻杏石甘汤证, 茯苓泽泻汤证, 桂枝加芍药汤证, 厚朴生姜半夏甘草人参汤证, 己椒苈黄丸证, 苓甘五味姜辛汤证, 百合洗方证, 葶苈大枣泻肺汤证]
候选方证打分：[Mufangjitangzheng(hits=9/9, gap=0, poss=0/0, prio=2), Mufangjiqushigaojiafulingmangxiaotangzheng(hits=4/4, gap=0, poss=0/0, prio=2), Maxingshigantangzheng(hits=3/4, gap=1, poss=1/2, prio=3), Fulingzexietangzheng(hits=3/4, gap=1, poss=0/0, prio=3), Guizhijiashaoyaotangzheng(hits=3/4, gap=1, poss=0/0, prio=3), Houposhengjiangbanxiagancaorenshentangzheng(hits=3/4, gap=1, poss=0/0, prio=3), Jijiaolihuangwanzheng(hits=3/4, gap=1, poss=0/0, prio=3), Lingganwuweijiangxintangzheng(hits=3/4, gap=1, poss=0/0, prio=3), Baihexifangzheng(hits=5/7, gap=2, poss=0/0, prio=5), Tinglidazaoxiefeitangzheng(hits=3/5, gap=2, poss=0/0, prio=2)]
兼夹证：[]
加味药物：[附子, 厚朴, 杏仁, 麻黄, 瓜蒌根, 白术]
减味药物：[麻黄]
配伍禁忌警告：[十八反：瓜蒌根 反 附子]

===== 木防己去石膏加茯苓芒硝汤证 =====
八纲：{表里=[里证], 寒热=[], 虚实=[实证, 虚证], 阴阳=[阳证], bagangTypes=[里证, 实证, 虚证, 阳证, 阴证]}
六经：阳明太阴合病
方证：木防己去石膏加茯苓芒硝汤证
推荐方剂：木防己去石膏加茯苓芒硝汤加附子
药物组成：[茯苓, 桂枝, 芒硝, 木防己, 人参, 附子]
六经列表：[太阴病, 阳明病]
合病标记：阳明太阴合病
命中主证：[膈间支饮, 心下痞坚]
命中或然证：[]
候选命中主证：[[膈间支饮, 心下痞坚], [腹满], [腹满], [腹满], [腹满], [腹满], [腹满], [膈间支饮, 心下痞坚], [腹满], [腹满]]
候选缺口：[[], [时痛], [按之不痛], [口舌干燥], [潮热, 谵语], [卧起不安, 心烦], [不渴, 下利], [喘, 面色黧黑, 胸满], [浮数脉, 发热, 无热恶寒], [黄疸, 小便不利, 小便赤, 自汗]]
候选命中或然证：[[], [], [], [], [], [], [], [], [], []]
候选方证：[木防己去石膏加茯苓芒硝汤证, 桂枝加芍药汤证, 厚朴生姜半夏甘草人参汤证, 己椒苈黄丸证, 小承气汤证, 栀子厚朴汤证, 理中汤证, 木防己汤证, 厚朴七物汤证, 大黄硝石汤证]
候选方证打分：[Mufangjiqushigaojiafulingmangxiaotangzheng(hits=4/4, gap=0, poss=0/0, prio=2), Guizhijiashaoyaotangzheng(hits=3/4, gap=1, poss=0/0, prio=3), Houposhengjiangbanxiagancaorenshentangzheng(hits=3/4, gap=1, poss=0/0, prio=3), Jijiaolihuangwanzheng(hits=3/4, gap=1, poss=0/0, prio=3), Xiaochengqitangzheng(hits=3/5, gap=2, poss=0/0, prio=2), Zhizihoupotangzheng(hits=3/5, gap=2, poss=0/0, prio=2), Lizhongtangzheng(hits=3/5, gap=2, poss=0/0, prio=3), Mufangjitangzheng(hits=6/9, gap=3, poss=0/0, prio=2), Houpoqiwutangzheng(hits=4/7, gap=3, poss=0/0, prio=2), Dahuangxiaoshitangzheng(hits=3/7, gap=4, poss=0/0, prio=2)]
兼夹证：[]
加味药物：[附子]
配伍禁忌警告：[]

===== 甘遂半夏汤（十八反：甘遂反甘草） =====
八纲：{表里=[里证], 寒热=[], 虚实=[实证, 虚证], 阴阳=[阳证], bagangTypes=[里证, 实证, 虚证, 阳证, 阴证]}
六经：阳明太阴合病
方证：甘遂半夏汤证
推荐方剂：甘遂半夏汤去芍药、白术加白术、干姜、附子
药物组成：[半夏, 甘草, 甘遂, 干姜, 附子]
六经列表：[太阴病, 阳明病]
合病标记：阳明太阴合病
命中主证：[沉弦脉, 下利, 心下坚]
命中或然证：[]
候选命中主证：[[沉弦脉, 下利, 心下坚], [腹满, 下利], [下利], [下利], [腹满], [下利], [腹满], [腹满], [下利], [下利]]
候选缺口：[[], [不渴], [气上撞心], [虚烦], [时痛], [下利气], [按之不痛], [口舌干燥], [肺痛], [呕, 气上撞心]]
候选命中或然证：[[], [], [], [], [], [], [], [], [], []]
候选方证：[甘遂半夏汤证, 理中汤证, 黄芩汤证, 白头翁加甘草阿胶汤证, 桂枝加芍药汤证, 诃梨勒散证, 厚朴生姜半夏甘草人参汤证, 己椒苈黄丸证, 紫参汤证, 黄芩加半夏生姜汤证]
候选方证打分：[Gansuibanxiatangzheng(hits=7/7, gap=0, poss=0/0, prio=2), Lizhongtangzheng(hits=4/5, gap=1, poss=0/0, prio=3), Huangqintangzheng(hits=4/5, gap=1, poss=0/0, prio=3), Baitouwengjiagancaojiaotangzheng(hits=3/4, gap=1, poss=0/0, prio=3), Guizhijiashaoyaotangzheng(hits=3/4, gap=1, poss=0/0, prio=3), Helilesanzheng(hits=3/4, gap=1, poss=0/0, prio=3), Houposhengjiangbanxiagancaorenshentangzheng(hits=3/4, gap=1, poss=0/0, prio=3), Jijiaolihuangwanzheng(hits=3/4, gap=1, poss=0/0, prio=3), Zishentangzheng(hits=3/4, gap=1, poss=0/0, prio=3), Huangqinjiabanxiashengjiangtangzheng(hits=4/6, gap=2, poss=0/0, prio=3)]
兼夹证：[]
加味药物：[白术, 干姜, 附子]
减味药物：[芍药, 白术]
配伍禁忌警告：[十八反：甘遂 反 甘草, 十八反：半夏 反 附子]

===== 防己黄芪汤证 =====
八纲：{表里=[表证], 寒热=[], 虚实=[], 阴阳=[阳证], bagangTypes=[表证, 阳证]}
六经：太阳病
方证：防己黄芪汤证
推荐方剂：防己黄芪汤加桂枝、附子
药物组成：[白术, 甘草, 黄芪, 木防己, 桂枝, 附子]
六经列表：[太阳病]
合病标记：null
命中主证：[恶风, 汗出, 身重]
命中或然证：[]
候选命中主证：[[恶风, 汗出, 身重], [恶风, 汗出], [恶风, 汗出], [恶风, 汗出], [恶寒], [恶寒], [恶风], [浮脉], [恶风, 汗出], [恶风]]
候选缺口：[[], [身体强几几], [项背强几几], [喘], [胸满], [身疼烦], [头痛], [水之为病], [缓脉, 发热], [无汗, 项强, 沉弦脉, 心下坚]]
候选命中或然证：[[], [], [], [], [], [], [], [], [], [恶寒]]
候选方证：[防己黄芪汤证, 栝楼桂枝汤证, 桂枝加葛根汤证, 桂枝加厚朴杏子汤证, 桂枝去芍药加附子汤证, 麻黄加术汤证, 头风摩散证, 杏子汤证, 桂枝汤证, 葛根汤证]
候选方证打分：[Fangjihuangqitangzheng(hits=5/5, gap=0, poss=0/0, prio=3), Gualouguizhitangzheng(hits=4/5, gap=1, poss=0/0, prio=3), Guizhijiagegentangzheng(hits=4/5, gap=1, poss=0/0, prio=3), Guizhijiahoupoxingzitangzheng(hits=4/5, gap=1, poss=0/0, prio=3), Guizhiqushaoyaojiafuzitangzheng(hits=3/4, gap=1, poss=0/0, prio=2), Mahuangjiazhutangzheng(hits=3/4, gap=1, poss=0/0, prio=3), Toufengmosanzheng(hits=3/4, gap=1, poss=0/0, prio=3), Xingzitangzheng(hits=3/4, gap=1, poss=0/0, prio=3), Guizhitangzheng(hits=4/6, gap=2, poss=0/0, prio=3), Gegentangzheng(hits=4/7, gap=3, poss=1/2, prio=3)]
兼夹证：[]
加味药物：[桂枝, 附子]
配伍禁忌警告：[]
?? 跳过与病例四诊互斥的六经锚点脉象: Hongmai（Yangmingbing）

===== 瓜蒌牡蛎散证 =====
八纲：{表里=[里证], 寒热=[热证], 虚实=[虚证], 阴阳=[阳证], bagangTypes=[里证, 热证, 虚证, 阳证, 阴证]}
六经：阳明太阴合病
方证：栝楼牡蛎散证
推荐方剂：瓜蒌牡蛎散加附子、人参、白术
药物组成：[瓜蒌根, 牡蛎, 附子, 人参, 白术]
六经列表：[太阴病, 阳明病]
合病标记：阳明太阴合病
命中主证：[大渴, 口渴, 口苦, 小便赤]
命中或然证：[]
候选命中主证：[[大渴, 口渴, 口苦, 小便赤], [口渴, 口苦, 小便赤], [口苦, 小便赤], [口苦, 小便赤], [口渴], [腹满], [腹满], [腹满], [腹满], [腹满]]
候选缺口：[[], [], [发热], [胸中烦], [呕吐], [时痛], [按之不痛], [口舌干燥], [潮热, 谵语], [卧起不安, 心烦]]
候选命中或然证：[[], [], [], [], [], [], [], [], [], []]
候选方证：[栝楼牡蛎散证, 百合洗方证, 百合滑石散证, 百合鸡子汤证, 茯苓泽泻汤证, 桂枝加芍药汤证, 厚朴生姜半夏甘草人参汤证, 己椒苈黄丸证, 小承气汤证, 栀子厚朴汤证]
候选方证打分：[Gualoumulisanzheng(hits=8/8, gap=0, poss=0/0, prio=5), Baihexifangzheng(hits=7/7, gap=0, poss=0/0, prio=5), Baihehuashisanzheng(hits=6/7, gap=1, poss=0/0, prio=5), Baihejizitangzheng(hits=6/7, gap=1, poss=0/0, prio=5), Fulingzexietangzheng(hits=3/4, gap=1, poss=0/0, prio=3), Guizhijiashaoyaotangzheng(hits=3/4, gap=1, poss=0/0, prio=3), Houposhengjiangbanxiagancaorenshentangzheng(hits=3/4, gap=1, poss=0/0, prio=3), Jijiaolihuangwanzheng(hits=3/4, gap=1, poss=0/0, prio=3), Xiaochengqitangzheng(hits=3/5, gap=2, poss=0/0, prio=2), Zhizihoupotangzheng(hits=3/5, gap=2, poss=0/0, prio=2)]
兼夹证：[]
加味药物：[附子, 人参, 白术]
配伍禁忌警告：[十八反：瓜蒌根 反 附子]

===== 十枣汤证 =====
八纲：{表里=[里证], 寒热=[], 虚实=[], 阴阳=[阳证], bagangTypes=[里证, 阳证]}
六经：阳明病
方证：十枣汤证
推荐方剂：十枣汤加人参、瓜蒌根、白术
药物组成：[大戟, 大枣, 甘遂, 芫花, 人参, 瓜蒌根, 白术]
六经列表：[阳明病]
合病标记：null
命中主证：[胁痛, 心下痞硬]
命中或然证：[]
候选命中主证：[[胁痛, 心下痞硬], [口渴], [口渴], [沉弦脉], [口渴], [洪脉], [口渴], [口渴], [口渴], []]
候选缺口：[[], [发热, 小便不利], [里急后重, 下利], [下利, 心下坚, 无热恶寒], [口苦, 小便赤, 无热恶寒], [大汗, 大渴, 大热], [呕吐, 头痛, 欲饮, 无热恶寒], [大渴, 口苦, 小便赤, 无热恶寒], [大汗, 恶寒, 发热, 往来寒热, 胸胁苦满], [喘, 汗出]]
候选命中或然证：[[], [], [], [], [], [], [], [], [], [口渴]]
候选方证：[十枣汤证, 猪苓汤证, 白头翁汤证, 甘遂半夏汤证, 百合洗方证, 白虎汤证, 文蛤汤证, 栝楼牡蛎散证, 柴胡白虎汤证, 麻杏石甘汤证]
候选方证打分：[Shizaotangzheng(hits=4/4, gap=0, poss=0/0, prio=1), Zhulingtangzheng(hits=3/5, gap=2, poss=0/0, prio=2), Baitouwengtangzheng(hits=3/5, gap=2, poss=0/1, prio=3), Gansuibanxiatangzheng(hits=4/7, gap=3, poss=0/0, prio=2), Baihexifangzheng(hits=4/7, gap=3, poss=0/0, prio=5), Baihutangzheng(hits=3/6, gap=3, poss=0/0, prio=2), Wengetangzheng(hits=4/8, gap=4, poss=0/0, prio=3), Gualoumulisanzheng(hits=4/8, gap=4, poss=0/0, prio=5), Chaihubaihutangzheng(hits=3/8, gap=5, poss=0/0, prio=2), Maxingshigantangzheng(hits=2/4, gap=2, poss=1/2, prio=3)]
兼夹证：[]
加味药物：[人参, 瓜蒌根, 白术]
配伍禁忌警告：[]

===== 瓜蒂散证 =====
八纲：{表里=[里证], 寒热=[], 虚实=[虚证], 阴阳=[阴证], bagangTypes=[里证, 虚证, 阴证]}
六经：太阴病
方证：瓜蒂散证
推荐方剂：瓜蒂散加附子
药物组成：[赤小豆, 瓜蒂, 香豉, 附子]
六经列表：[太阴病]
合病标记：null
命中主证：[气上冲胸咽, 胸中痞硬]
命中或然证：[]
候选命中主证：[[气上冲胸咽, 胸中痞硬], [腹满], [腹满], [腹满], [微脉], [腹满], [微脉], [微脉], [腹满], [腹满]]
候选缺口：[[], [时痛], [按之不痛], [口舌干燥], [面赤, 下利], [不渴, 下利], [恶寒, 脚挛急], [恶寒, 利止, 亡血], [不能饮食, 肌肤甲错, 两目黯黑, 五劳虚极], [唇口干燥, 暮即发热, 少腹里急, 手掌烦热]]
候选命中或然证：[[], [], [], [], [], [], [], [], [], []]
候选方证：[瓜蒂散证, 桂枝加芍药汤证, 厚朴生姜半夏甘草人参汤证, 己椒苈黄丸证, 白通汤证, 理中汤证, 芍药甘草附子汤证, 四逆加人参汤证, 大黄蛰虫丸证, 温经汤证]
候选方证打分：[Guadisanzheng(hits=4/4, gap=0, poss=0/0, prio=2), Guizhijiashaoyaotangzheng(hits=3/4, gap=1, poss=0/0, prio=3), Houposhengjiangbanxiagancaorenshentangzheng(hits=3/4, gap=1, poss=0/0, prio=3), Jijiaolihuangwanzheng(hits=3/4, gap=1, poss=0/0, prio=3), Baitongtangzheng(hits=3/5, gap=2, poss=0/0, prio=1), Lizhongtangzheng(hits=3/5, gap=2, poss=0/0, prio=3), Shaoyaogancaofuzitangzheng(hits=3/5, gap=2, poss=0/0, prio=3), Sinijiarenshentangzheng(hits=3/6, gap=3, poss=0/0, prio=1), Dahuangzhechongwanzheng(hits=3/7, gap=4, poss=0/0, prio=2), Wenjingtangzheng(hits=3/7, gap=4, poss=0/0, prio=3)]
兼夹证：[]
加味药物：[附子]
配伍禁忌警告：[]

===== 蜜煎导方证 =====
八纲：{表里=[里证], 寒热=[], 虚实=[], 阴阳=[阳证], bagangTypes=[里证, 阳证]}
六经：阳明病
方证：蜜煎导方证
推荐方剂：蜜煎导方加人参、瓜蒌根、白术
药物组成：[蜜, 人参, 瓜蒌根, 白术]
六经列表：[阳明病]
合病标记：null
命中主证：[大便硬, 小便自利, 自汗]
命中或然证：[]
候选命中主证：[[大便硬, 小便自利, 自汗], [大便硬, 小便自利], [小便自利], [大便硬], [小便自利], [口渴], [口渴], [口渴], [洪脉], [口渴]]
候选缺口：[[], [], [少腹满], [小便数], [如狂, 少腹硬满], [发热, 小便不利], [里急后重, 下利], [口苦, 小便赤, 无热恶寒], [大汗, 大渴, 大热], [呕吐, 头痛, 欲饮, 无热恶寒]]
候选命中或然证：[[], [], [], [], [], [], [], [], [], []]
候选方证：[蜜煎导方证, 猪胆汁方证, 抵当丸证, 麻子仁丸证, 抵当汤证, 猪苓汤证, 白头翁汤证, 百合洗方证, 白虎汤证, 文蛤汤证]
候选方证打分：[Mijiandaofangzheng(hits=5/5, gap=0, poss=0/0, prio=3), Zhudanzhifangzheng(hits=4/4, gap=0, poss=0/0, prio=3), Didangwanzheng(hits=3/4, gap=1, poss=0/0, prio=2), Mazirenwanzheng(hits=3/4, gap=1, poss=0/0, prio=3), Didangtangzheng(hits=3/5, gap=2, poss=0/0, prio=2), Zhulingtangzheng(hits=3/5, gap=2, poss=0/0, prio=2), Baitouwengtangzheng(hits=3/5, gap=2, poss=0/1, prio=3), Baihexifangzheng(hits=4/7, gap=3, poss=0/0, prio=5), Baihutangzheng(hits=3/6, gap=3, poss=0/0, prio=2), Wengetangzheng(hits=4/8, gap=4, poss=0/0, prio=3)]
兼夹证：[]
加味药物：[人参, 瓜蒌根, 白术]
配伍禁忌警告：[]

===== 猪胆汁方证 =====
八纲：{表里=[里证], 寒热=[], 虚实=[], 阴阳=[阳证], bagangTypes=[里证, 阳证]}
六经：阳明病
方证：猪胆汁方证
推荐方剂：猪胆汁方加人参、瓜蒌根、白术
药物组成：[猪胆汁, 人参, 瓜蒌根, 白术]
六经列表：[阳明病]
合病标记：null
命中主证：[大便硬, 小便自利]
命中或然证：[]
候选命中主证：[[大便硬, 小便自利], [发热, 口渴], [大便硬, 小便自利], [小便自利], [发热], [大便硬], [小便自利], [口渴], [发热], [发热]]
候选缺口：[[], [小便不利], [自汗], [少腹满], [身黄], [小便数], [如狂, 少腹硬满], [里急后重, 下利], [浮数脉, 腹满, 无热恶寒], [恶寒, 身黄, 无热恶寒]]
候选命中或然证：[[], [], [], [], [], [], [], [], [], []]
候选方证：[猪胆汁方证, 猪苓汤证, 蜜煎导方证, 抵当丸证, 栀子柏皮汤证, 麻子仁丸证, 抵当汤证, 白头翁汤证, 厚朴七物汤证, 麻黄连翘赤小豆汤证]
候选方证打分：[Zhudanzhifangzheng(hits=4/4, gap=0, poss=0/0, prio=3), Zhulingtangzheng(hits=4/5, gap=1, poss=0/0, prio=2), Mijiandaofangzheng(hits=4/5, gap=1, poss=0/0, prio=3), Didangwanzheng(hits=3/4, gap=1, poss=0/0, prio=2), Zhizibaipitangzheng(hits=3/4, gap=1, poss=0/0, prio=2), Mazirenwanzheng(hits=3/4, gap=1, poss=0/0, prio=3), Didangtangzheng(hits=3/5, gap=2, poss=0/0, prio=2), Baitouwengtangzheng(hits=3/5, gap=2, poss=0/1, prio=3), Houpoqiwutangzheng(hits=4/7, gap=3, poss=0/0, prio=2), Mahuanglianqiaochixiaodoutangzheng(hits=4/7, gap=3, poss=0/0, prio=3)]
兼夹证：[]
加味药物：[人参, 瓜蒌根, 白术]
配伍禁忌警告：[]

===== 一物瓜蒂汤证 =====
八纲：{表里=[表证], 寒热=[], 虚实=[虚证], 阴阳=[阳证], bagangTypes=[表证, 虚证, 阳证, 阴证]}
六经：太少两感
方证：一物瓜蒂汤证
推荐方剂：一物瓜蒂汤加附子
药物组成：[瓜蒂, 附子]
六经列表：[少阴病, 太阳病]
合病标记：太少两感
命中主证：[身热, 身痛, 身重, 微弱脉]
命中或然证：[]
候选命中主证：[[身热, 身痛, 身重, 微弱脉], [恶寒], [恶寒], [恶寒], [浮脉], [浮脉], [身痛], [身重], [恶寒], [身痛]]
候选缺口：[[], [胸满], [但欲寐], [身疼烦], [水之为病], [咳嗽, 沉弦脉, 心下坚], [浮紧脉, 无汗], [恶风, 汗出], [发热, 身黄, 沉弦脉, 心下坚], [背恶寒, 骨节痛, 手足冷]]
候选命中或然证：[[], [], [], [], [], [], [恶寒], [], [], []]
候选方证：[一物瓜蒂汤证, 桂枝去芍药加附子汤证, 麻黄附子甘草汤证, 麻黄加术汤证, 杏子汤证, 厚朴麻黄汤证, 麻黄汤证, 防己黄芪汤证, 麻黄连翘赤小豆汤证, 附子汤证]
候选方证打分：[Yiwuguaditangzheng(hits=6/6, gap=0, poss=0/0, prio=3), Guizhiqushaoyaojiafuzitangzheng(hits=3/4, gap=1, poss=0/0, prio=2), Mahuangfuzigancaotangzheng(hits=3/4, gap=1, poss=0/0, prio=3), Mahuangjiazhutangzheng(hits=3/4, gap=1, poss=0/0, prio=3), Xingzitangzheng(hits=3/4, gap=1, poss=0/0, prio=3), Houpomahuangtangzheng(hits=4/6, gap=2, poss=0/4, prio=3), Mahuangtangzheng(hits=3/5, gap=2, poss=1/4, prio=2), Fangjihuangqitangzheng(hits=3/5, gap=2, poss=0/0, prio=3), Mahuanglianqiaochixiaodoutangzheng(hits=4/7, gap=3, poss=0/0, prio=3), Fuzitangzheng(hits=3/6, gap=3, poss=0/0, prio=3)]
兼夹证：[]
加味药物：[附子]
配伍禁忌警告：[]

===== 猪膏发煎证 =====
八纲：{表里=[表证, 里证], 寒热=[热证], 虚实=[], 阴阳=[阳证], bagangTypes=[表证, 里证, 热证, 阳证]}
六经：太阳阳明合病
方证：猪膏发煎证
推荐方剂：猪膏发煎加茵陈蒿、人参、瓜蒌根、白术
药物组成：[乱发, 猪膏, 茵陈蒿, 人参, 瓜蒌根, 白术]
六经列表：[太阳病, 阳明病]
合病标记：太阳阳明合病
命中主证：[诸黄]
命中或然证：[]
候选命中主证：[[诸黄], [浮脉], [黄疸], [浮脉], [浮脉, 口渴], [口渴], [口渴], [口渴], [口渴], [洪脉]]
候选缺口：[[], [水之为病], [小便不利], [咳嗽, 无热恶寒], [水入则吐, 小便不利], [发热, 小便不利], [里急后重, 下利], [呕吐, 头痛, 欲饮], [口苦, 小便赤, 无热恶寒], [大汗, 大渴, 大热]]
候选命中或然证：[[], [], [], [], [], [], [], [], [], []]
候选方证：[猪膏发煎证, 杏子汤证, 茵陈五苓散证, 厚朴麻黄汤证, 五苓散证, 猪苓汤证, 白头翁汤证, 文蛤汤证, 百合洗方证, 白虎汤证]
候选方证打分：[Zhugaofajianzheng(hits=3/3, gap=0, poss=0/0, prio=3), Xingzitangzheng(hits=3/4, gap=1, poss=0/0, prio=3), Yinchenwulingsanzheng(hits=3/4, gap=1, poss=0/0, prio=3), Houpomahuangtangzheng(hits=4/6, gap=2, poss=0/4, prio=3), Wulingsanzheng(hits=4/6, gap=2, poss=0/0, prio=3), Zhulingtangzheng(hits=3/5, gap=2, poss=0/0, prio=2), Baitouwengtangzheng(hits=3/5, gap=2, poss=0/1, prio=3), Wengetangzheng(hits=5/8, gap=3, poss=0/0, prio=3), Baihexifangzheng(hits=4/7, gap=3, poss=0/0, prio=5), Baihutangzheng(hits=3/6, gap=3, poss=0/0, prio=2)]
兼夹证：[]
加味药物：[茵陈蒿, 人参, 瓜蒌根, 白术]
配伍禁忌警告：[]

===== 硝石矾石散证 =====
八纲：{表里=[里证], 寒热=[], 虚实=[虚证], 阴阳=[阴证], bagangTypes=[里证, 虚证, 阳证, 阴证]}
六经：阳明太阴合病
方证：硝石矾石散证
推荐方剂：硝石矾石散加附子、人参、瓜蒌根、白术
药物组成：[矾石, 硝石, 附子, 人参, 瓜蒌根, 白术]
六经列表：[太阴病, 阳明病]
合病标记：阳明太阴合病
命中主证：[膀胱急, 额上黑, 女劳疸, 少腹满, 身黄, 足下热]
命中或然证：[]
候选命中主证：[[膀胱急, 额上黑, 女劳疸, 少腹满, 身黄, 足下热], [少腹满], [身黄], [身黄], [口渴], [腹满], [腹满], [腹满], [口渴], [腹满]]
候选缺口：[[], [小便自利], [小便不利], [发热], [呕吐], [时痛], [按之不痛], [口舌干燥], [口苦, 小便赤], [潮热, 谵语]]
候选命中或然证：[[], [], [], [], [], [], [], [], [], []]
候选方证：[硝石矾石散证, 抵当丸证, 茵陈蒿汤证, 栀子柏皮汤证, 茯苓泽泻汤证, 桂枝加芍药汤证, 厚朴生姜半夏甘草人参汤证, 己椒苈黄丸证, 百合洗方证, 小承气汤证]
候选方证打分：[Xiaoshifanshisanzheng(hits=10/10, gap=0, poss=0/0, prio=3), Didangwanzheng(hits=3/4, gap=1, poss=0/0, prio=2), Yinchenhaotangzheng(hits=3/4, gap=1, poss=0/0, prio=2), Zhizibaipitangzheng(hits=3/4, gap=1, poss=0/0, prio=2), Fulingzexietangzheng(hits=3/4, gap=1, poss=0/0, prio=3), Guizhijiashaoyaotangzheng(hits=3/4, gap=1, poss=0/0, prio=3), Houposhengjiangbanxiagancaorenshentangzheng(hits=3/4, gap=1, poss=0/0, prio=3), Jijiaolihuangwanzheng(hits=3/4, gap=1, poss=0/0, prio=3), Baihexifangzheng(hits=5/7, gap=2, poss=0/0, prio=5), Xiaochengqitangzheng(hits=3/5, gap=2, poss=0/0, prio=2)]
兼夹证：[]
加味药物：[附子, 人参, 瓜蒌根, 白术]
配伍禁忌警告：[十八反：瓜蒌根 反 附子]

===== 橘皮竹茹汤证 =====
八纲：{表里=[里证], 寒热=[], 虚实=[虚证], 阴阳=[阴证], bagangTypes=[里证, 虚证, 阳证, 阴证]}
六经：阳明太阴合病
方证：橘皮竹茹汤证
推荐方剂：Jupizhurutang加甘草、附子、人参、瓜蒌根、白术
药物组成：[甘草, 附子, 人参, 瓜蒌根, 白术]
六经列表：[太阴病, 阳明病]
合病标记：阳明太阴合病
命中主证：[哕]
命中或然证：[]
候选命中主证：[[哕], [少气], [口渴], [腹满], [腹满], [腹满], [哕], [口渴], [腹满], [腹满]]
候选缺口：[[], [虚烦], [呕吐], [时痛], [按之不痛], [口舌干燥], [干呕], [口苦, 小便赤], [潮热, 谵语], [卧起不安, 心烦]]
候选命中或然证：[[], [], [], [], [], [], [], [], [], []]
候选方证：[橘皮竹茹汤证, 栀子甘草豉汤证, 茯苓泽泻汤证, 桂枝加芍药汤证, 厚朴生姜半夏甘草人参汤证, 己椒苈黄丸证, 橘皮汤证, 百合洗方证, 小承气汤证, 栀子厚朴汤证]
候选方证打分：[Jupizhurutangzheng(hits=5/5, gap=0, poss=0/0, prio=3), Zhizigancaochitangzheng(hits=3/4, gap=1, poss=0/0, prio=2), Fulingzexietangzheng(hits=3/4, gap=1, poss=0/0, prio=3), Guizhijiashaoyaotangzheng(hits=3/4, gap=1, poss=0/0, prio=3), Houposhengjiangbanxiagancaorenshentangzheng(hits=3/4, gap=1, poss=0/0, prio=3), Jijiaolihuangwanzheng(hits=3/4, gap=1, poss=0/0, prio=3), Jupitangzheng(hits=3/4, gap=1, poss=0/0, prio=3), Baihexifangzheng(hits=5/7, gap=2, poss=0/0, prio=5), Xiaochengqitangzheng(hits=3/5, gap=2, poss=0/0, prio=2), Zhizihoupotangzheng(hits=3/5, gap=2, poss=0/0, prio=2)]
兼夹证：[]
加味药物：[甘草, 附子, 人参, 瓜蒌根, 白术]
配伍禁忌警告：[十八反：瓜蒌根 反 附子]

===== 橘皮汤证 =====
八纲：{表里=[里证], 寒热=[], 虚实=[虚证], 阴阳=[阴证], bagangTypes=[里证, 虚证, 阴证]}
六经：太阴病
方证：橘皮汤证
推荐方剂：橘皮汤加附子
药物组成：[陈皮, 生姜, 附子]
六经列表：[太阴病]
合病标记：null
命中主证：[干呕, 哕]
命中或然证：[]
候选命中主证：[[干呕, 哕], [哕], [干呕], [干呕], [腹满], [腹满], [腹满], [腹满], [干呕], [腹满]]
候选缺口：[[], [胸胁苦满], [厥逆], [吐涎沫], [时痛], [按之不痛], [口舌干燥], [不渴, 下利], [头痛, 吐涎沫], [不能饮食, 肌肤甲错, 两目黯黑, 五劳虚极]]
候选命中或然证：[[], [], [], [], [], [], [], [], [], []]
候选方证：[橘皮汤证, 橘皮竹茹汤证, 白通加猪胆汁汤证, 半夏干姜散证, 桂枝加芍药汤证, 厚朴生姜半夏甘草人参汤证, 己椒苈黄丸证, 理中汤证, 吴茱萸汤证, 大黄蛰虫丸证]
候选方证打分：[Jupitangzheng(hits=4/4, gap=0, poss=0/0, prio=3), Jupizhurutangzheng(hits=4/5, gap=1, poss=0/0, prio=3), Baitongjiazhudanzhitangzheng(hits=3/4, gap=1, poss=0/0, prio=1), Banxiaganjiangsanzheng(hits=3/4, gap=1, poss=0/0, prio=3), Guizhijiashaoyaotangzheng(hits=3/4, gap=1, poss=0/0, prio=3), Houposhengjiangbanxiagancaorenshentangzheng(hits=3/4, gap=1, poss=0/0, prio=3), Jijiaolihuangwanzheng(hits=3/4, gap=1, poss=0/0, prio=3), Lizhongtangzheng(hits=3/5, gap=2, poss=0/0, prio=3), Wuzhuyutangzheng(hits=3/5, gap=2, poss=0/3, prio=3), Dahuangzhechongwanzheng(hits=3/7, gap=4, poss=0/0, prio=2)]
兼夹证：[]
加味药物：[附子]
配伍禁忌警告：[]

===== 橘枳姜汤证 =====
八纲：{表里=[里证], 寒热=[], 虚实=[虚证], 阴阳=[阴证], bagangTypes=[里证, 虚证, 阴证]}
六经：太阴病
方证：茯苓杏仁甘草汤证
推荐方剂：茯苓杏仁甘草汤加附子
药物组成：[茯苓, 甘草, 杏仁, 附子]
六经列表：[太阴病]
合病标记：null
命中主证：[短气, 胸中气塞]
命中或然证：[]
候选命中主证：[[短气, 胸中气塞], [短气, 胸中气塞], [腹满], [腹满], [腹满], [腹满], [短气], [腹满], [腹满]]
候选缺口：[[], [], [时痛], [按之不痛], [口舌干燥], [不渴, 下利], [喘, 胸痹], [不能饮食, 肌肤甲错, 两目黯黑, 五劳虚极], [唇口干燥, 暮即发热, 少腹里急, 手掌烦热]]
候选命中或然证：[[], [], [], [], [], [], [], [], []]
候选方证：[茯苓杏仁甘草汤证, 橘枳姜汤证, 桂枝加芍药汤证, 厚朴生姜半夏甘草人参汤证, 己椒苈黄丸证, 理中汤证, 栝楼薤白白酒汤证, 大黄蛰虫丸证, 温经汤证]
候选方证打分：[Fulingxingrengancaotangzheng(hits=4/4, gap=0, poss=0/0, prio=3), Juzhijiangtangzheng(hits=4/4, gap=0, poss=0/0, prio=3), Guizhijiashaoyaotangzheng(hits=3/4, gap=1, poss=0/0, prio=3), Houposhengjiangbanxiagancaorenshentangzheng(hits=3/4, gap=1, poss=0/0, prio=3), Jijiaolihuangwanzheng(hits=3/4, gap=1, poss=0/0, prio=3), Lizhongtangzheng(hits=3/5, gap=2, poss=0/0, prio=3), Gualouxiebaibaijiutangzheng(hits=3/5, gap=2, poss=0/1, prio=3), Dahuangzhechongwanzheng(hits=3/7, gap=4, poss=0/0, prio=2), Wenjingtangzheng(hits=3/7, gap=4, poss=0/0, prio=3)]
兼夹证：[]
加味药物：[附子]
配伍禁忌警告：[]

===== 文蛤汤证 =====
八纲：{表里=[表证, 里证], 寒热=[热证], 虚实=[实证], 阴阳=[阳证], bagangTypes=[表证, 里证, 热证, 实证, 阳证]}
六经：太阳阳明合病
方证：文蛤汤证
推荐方剂：文蛤汤加附子、人参、瓜蒌根、白术
药物组成：[大枣, 甘草, 麻黄, 生姜, 石膏, 文蛤, 杏仁, 附子, 人参, 瓜蒌根, 白术]
六经列表：[太阳病, 阳明病]
合病标记：太阳阳明合病
命中主证：[口渴, 呕吐, 头痛, 欲饮]
命中或然证：[]
候选命中主证：[[口渴, 呕吐, 头痛, 欲饮], [恶寒], [恶寒], [头痛], [头痛], [浮脉], [恶寒], [浮脉], [浮脉, 口渴], [浮紧脉]]
候选缺口：[[], [胸满], [身疼烦], [四肢苦烦热], [恶风], [水之为病], [发热, 身黄], [咳嗽, 无热恶寒], [水入则吐, 小便不利], [身痛, 无汗]]
候选命中或然证：[[], [], [], [], [], [], [], [], [], [恶寒, 头痛]]
候选方证：[文蛤汤证, 桂枝去芍药加附子汤证, 麻黄加术汤证, 三物黄芩汤证, 头风摩散证, 杏子汤证, 麻黄连翘赤小豆汤证, 厚朴麻黄汤证, 五苓散证, 麻黄汤证]
候选方证打分：[Wengetangzheng(hits=8/8, gap=0, poss=0/0, prio=3), Guizhiqushaoyaojiafuzitangzheng(hits=3/4, gap=1, poss=0/0, prio=2), Mahuangjiazhutangzheng(hits=3/4, gap=1, poss=0/0, prio=3), Sanwuhuangqintangzheng(hits=3/4, gap=1, poss=0/0, prio=3), Toufengmosanzheng(hits=3/4, gap=1, poss=0/0, prio=3), Xingzitangzheng(hits=3/4, gap=1, poss=0/0, prio=3), Mahuanglianqiaochixiaodoutangzheng(hits=5/7, gap=2, poss=0/0, prio=3), Houpomahuangtangzheng(hits=4/6, gap=2, poss=0/4, prio=3), Wulingsanzheng(hits=4/6, gap=2, poss=0/0, prio=3), Mahuangtangzheng(hits=3/5, gap=2, poss=2/4, prio=2)]
兼夹证：[]
加味药物：[附子, 人参, 瓜蒌根, 白术]
配伍禁忌警告：[十八反：瓜蒌根 反 附子]

===== 紫参汤证 =====
八纲：{表里=[里证], 寒热=[], 虚实=[虚证], 阴阳=[阴证], bagangTypes=[里证, 虚证, 阴证]}
六经：太阴病
方证：紫参汤证
推荐方剂：紫参汤去白术加白术、干姜、附子
药物组成：[甘草, 紫参, 干姜, 附子]
六经列表：[太阴病]
合病标记：null
命中主证：[肺痛, 下利]
命中或然证：[]
候选命中主证：[[肺痛, 下利], [腹满, 下利], [腹满], [下利], [腹满], [腹满], [沉脉], [下利], [下利], [沉脉]]
候选缺口：[[], [不渴], [时痛], [下利气], [按之不痛], [口舌干燥], [咳嗽], [微脉, 面赤], [呕, 心下痞], [口渴, 小便不利]]
候选命中或然证：[[], [], [], [], [], [], [], [], [], []]
候选方证：[紫参汤证, 理中汤证, 桂枝加芍药汤证, 诃梨勒散证, 厚朴生姜半夏甘草人参汤证, 己椒苈黄丸证, 泽漆汤证, 白通汤证, 半夏泻心汤证, 栝楼瞿麦丸证]
候选方证打分：[Zishentangzheng(hits=4/4, gap=0, poss=0/0, prio=3), Lizhongtangzheng(hits=4/5, gap=1, poss=0/0, prio=3), Guizhijiashaoyaotangzheng(hits=3/4, gap=1, poss=0/0, prio=3), Helilesanzheng(hits=3/4, gap=1, poss=0/0, prio=3), Houposhengjiangbanxiagancaorenshentangzheng(hits=3/4, gap=1, poss=0/0, prio=3), Jijiaolihuangwanzheng(hits=3/4, gap=1, poss=0/0, prio=3), Zeqitangzheng(hits=3/4, gap=1, poss=0/0, prio=3), Baitongtangzheng(hits=3/5, gap=2, poss=0/0, prio=1), Banxiaxiexintangzheng(hits=3/5, gap=2, poss=0/0, prio=2), Gualouqumaiwanzheng(hits=3/5, gap=2, poss=0/0, prio=3)]
兼夹证：[]
加味药物：[白术, 干姜, 附子]
减味药物：[白术]
配伍禁忌警告：[]

===== 诃梨勒散证 =====
八纲：{表里=[里证], 寒热=[], 虚实=[虚证], 阴阳=[阴证], bagangTypes=[里证, 虚证, 阴证]}
六经：太阴病
方证：诃梨勒散证
推荐方剂：诃梨勒散加附子
药物组成：[诃梨勒, 附子]
六经列表：[太阴病]
合病标记：null
命中主证：[下利气]
命中或然证：[]
候选命中主证：[[下利气], [腹满], [腹满], [腹满], [沉脉], [沉脉], [腹满], [腹满], [腹满]]
候选缺口：[[下利], [时痛], [按之不痛], [口舌干燥], [咳嗽], [口渴, 小便不利], [不渴, 下利], [不能饮食, 肌肤甲错, 两目黯黑, 五劳虚极], [唇口干燥, 暮即发热, 少腹里急, 手掌烦热]]
候选命中或然证：[[], [], [], [], [], [], [], [], []]
候选方证：[诃梨勒散证, 桂枝加芍药汤证, 厚朴生姜半夏甘草人参汤证, 己椒苈黄丸证, 泽漆汤证, 栝楼瞿麦丸证, 理中汤证, 大黄蛰虫丸证, 温经汤证]
候选方证打分：[Helilesanzheng(hits=3/4, gap=1, poss=0/0, prio=3), Guizhijiashaoyaotangzheng(hits=3/4, gap=1, poss=0/0, prio=3), Houposhengjiangbanxiagancaorenshentangzheng(hits=3/4, gap=1, poss=0/0, prio=3), Jijiaolihuangwanzheng(hits=3/4, gap=1, poss=0/0, prio=3), Zeqitangzheng(hits=3/4, gap=1, poss=0/0, prio=3), Gualouqumaiwanzheng(hits=3/5, gap=2, poss=0/0, prio=3), Lizhongtangzheng(hits=3/5, gap=2, poss=0/0, prio=3), Dahuangzhechongwanzheng(hits=3/7, gap=4, poss=0/0, prio=2), Wenjingtangzheng(hits=3/7, gap=4, poss=0/0, prio=3)]
兼夹证：[]
加味药物：[附子]
配伍禁忌警告：[]

===== 升麻鳖甲汤证 =====
八纲：{表里=[表证, 里证], 寒热=[热证], 虚实=[], 阴阳=[阳证], bagangTypes=[表证, 里证, 热证, 阳证]}
六经：太阳阳明合病
方证：升麻鳖甲汤证
推荐方剂：升麻鳖甲汤加人参、瓜蒌根、白术
药物组成：[鳖甲, 当归, 甘草, 升麻, 蜀椒, 雄黄, 人参, 瓜蒌根, 白术]
六经列表：[太阳病, 阳明病]
合病标记：太阳阳明合病
命中主证：[面赤斑斑如锦纹, 吐脓血, 咽痛]
命中或然证：[]
候选命中主证：[[面赤斑斑如锦纹, 吐脓血, 咽痛], [浮脉], [浮脉], [浮脉, 口渴], [口渴], [口渴], [口渴], [口渴], [洪脉], [浮脉]]
候选缺口：[[], [水之为病], [咳嗽, 无热恶寒], [水入则吐, 小便不利], [发热, 小便不利], [里急后重, 下利], [呕吐, 头痛, 欲饮], [口苦, 小便赤, 无热恶寒], [大汗, 大渴, 大热], [喘, 烦躁, 咳嗽]]
候选命中或然证：[[], [], [], [], [], [], [], [], [], []]
候选方证：[升麻鳖甲汤证, 杏子汤证, 厚朴麻黄汤证, 五苓散证, 猪苓汤证, 白头翁汤证, 文蛤汤证, 百合洗方证, 白虎汤证, 小青龙加石膏汤证]
候选方证打分：[Shengmabiejiatangzheng(hits=5/5, gap=0, poss=0/0, prio=3), Xingzitangzheng(hits=3/4, gap=1, poss=0/0, prio=3), Houpomahuangtangzheng(hits=4/6, gap=2, poss=0/4, prio=3), Wulingsanzheng(hits=4/6, gap=2, poss=0/0, prio=3), Zhulingtangzheng(hits=3/5, gap=2, poss=0/0, prio=2), Baitouwengtangzheng(hits=3/5, gap=2, poss=0/1, prio=3), Wengetangzheng(hits=5/8, gap=3, poss=0/0, prio=3), Baihexifangzheng(hits=4/7, gap=3, poss=0/0, prio=5), Baihutangzheng(hits=3/6, gap=3, poss=0/0, prio=2), Xiaoqinglongjiashigaotangzheng(hits=3/6, gap=3, poss=0/0, prio=3)]
兼夹证：[]
加味药物：[人参, 瓜蒌根, 白术]
配伍禁忌警告：[]

===== 升麻鳖甲去雄黄蜀椒汤证 =====
八纲：{表里=[里证], 寒热=[], 虚实=[虚证], 阴阳=[阴证], bagangTypes=[里证, 虚证, 阳证, 阴证]}
六经：阳明太阴合病
方证：升麻鳖甲去雄黄蜀椒汤证
推荐方剂：升麻鳖甲去雄黄蜀椒汤加附子、人参、瓜蒌根、白术
药物组成：[鳖甲, 当归, 甘草, 升麻, 附子, 人参, 瓜蒌根, 白术]
六经列表：[太阴病, 阳明病]
合病标记：阳明太阴合病
命中主证：[面色青, 身痛]
命中或然证：[]
候选命中主证：[[面色青, 身痛], [口渴], [腹满], [腹满], [腹满], [口渴], [腹满], [腹满], [口渴], [口渴]]
候选缺口：[[], [呕吐], [时痛], [按之不痛], [口舌干燥], [口苦, 小便赤], [潮热, 谵语], [卧起不安, 心烦], [发热, 小便不利], [沉脉, 小便不利]]
候选命中或然证：[[], [], [], [], [], [], [], [], [], []]
候选方证：[升麻鳖甲去雄黄蜀椒汤证, 茯苓泽泻汤证, 桂枝加芍药汤证, 厚朴生姜半夏甘草人参汤证, 己椒苈黄丸证, 百合洗方证, 小承气汤证, 栀子厚朴汤证, 猪苓汤证, 栝楼瞿麦丸证]
候选方证打分：[Shengmabiejiaquxionghuangshujiaotangzheng(hits=6/6, gap=0, poss=0/0, prio=3), Fulingzexietangzheng(hits=3/4, gap=1, poss=0/0, prio=3), Guizhijiashaoyaotangzheng(hits=3/4, gap=1, poss=0/0, prio=3), Houposhengjiangbanxiagancaorenshentangzheng(hits=3/4, gap=1, poss=0/0, prio=3), Jijiaolihuangwanzheng(hits=3/4, gap=1, poss=0/0, prio=3), Baihexifangzheng(hits=5/7, gap=2, poss=0/0, prio=5), Xiaochengqitangzheng(hits=3/5, gap=2, poss=0/0, prio=2), Zhizihoupotangzheng(hits=3/5, gap=2, poss=0/0, prio=2), Zhulingtangzheng(hits=3/5, gap=2, poss=0/0, prio=2), Gualouqumaiwanzheng(hits=3/5, gap=2, poss=0/0, prio=3)]
兼夹证：[]
加味药物：[附子, 人参, 瓜蒌根, 白术]
配伍禁忌警告：[十八反：瓜蒌根 反 附子]

===== 苦参汤证（狐惑） =====
八纲：{表里=[里证], 寒热=[], 虚实=[虚证], 阴阳=[阴证], bagangTypes=[里证, 虚证, 阳证, 阴证]}
六经：阳明太阴合病
方证：苦参汤证
推荐方剂：苦参汤加附子、人参、瓜蒌根、白术
药物组成：[苦参, 附子, 人参, 瓜蒌根, 白术]
六经列表：[太阴病, 阳明病]
合病标记：阳明太阴合病
命中主证：[咽干, 阴中蚀疮]
命中或然证：[]
候选命中主证：[[咽干, 阴中蚀疮], [口渴], [腹满], [腹满], [腹满], [口渴], [腹满], [腹满], [口渴], [口渴]]
候选缺口：[[], [呕吐], [时痛], [按之不痛], [口舌干燥], [口苦, 小便赤], [潮热, 谵语], [卧起不安, 心烦], [发热, 小便不利], [沉脉, 小便不利]]
候选命中或然证：[[], [], [], [], [], [], [], [], [], []]
候选方证：[苦参汤证, 茯苓泽泻汤证, 桂枝加芍药汤证, 厚朴生姜半夏甘草人参汤证, 己椒苈黄丸证, 百合洗方证, 小承气汤证, 栀子厚朴汤证, 猪苓汤证, 栝楼瞿麦丸证]
候选方证打分：[Kushentangzheng(hits=6/6, gap=0, poss=0/0, prio=3), Fulingzexietangzheng(hits=3/4, gap=1, poss=0/0, prio=3), Guizhijiashaoyaotangzheng(hits=3/4, gap=1, poss=0/0, prio=3), Houposhengjiangbanxiagancaorenshentangzheng(hits=3/4, gap=1, poss=0/0, prio=3), Jijiaolihuangwanzheng(hits=3/4, gap=1, poss=0/0, prio=3), Baihexifangzheng(hits=5/7, gap=2, poss=0/0, prio=5), Xiaochengqitangzheng(hits=3/5, gap=2, poss=0/0, prio=2), Zhizihoupotangzheng(hits=3/5, gap=2, poss=0/0, prio=2), Zhulingtangzheng(hits=3/5, gap=2, poss=0/0, prio=2), Gualouqumaiwanzheng(hits=3/5, gap=2, poss=0/0, prio=3)]
兼夹证：[]
加味药物：[附子, 人参, 瓜蒌根, 白术]
配伍禁忌警告：[十八反：瓜蒌根 反 附子]

===== 雄黄熏方证 =====
八纲：{表里=[里证], 寒热=[], 虚实=[虚证], 阴阳=[阴证], bagangTypes=[里证, 虚证, 阳证, 阴证]}
六经：阳明太阴合病
方证：雄黄熏方证
推荐方剂：雄黄熏方加附子、人参、瓜蒌根、白术
药物组成：[雄黄, 附子, 人参, 瓜蒌根, 白术]
六经列表：[太阴病, 阳明病]
合病标记：阳明太阴合病
命中主证：[肛蚀]
命中或然证：[]
候选命中主证：[[肛蚀], [口渴], [腹满], [腹满], [腹满], [口渴], [腹满], [腹满], [口渴], [口渴]]
候选缺口：[[], [呕吐], [时痛], [按之不痛], [口舌干燥], [口苦, 小便赤], [潮热, 谵语], [卧起不安, 心烦], [发热, 小便不利], [沉脉, 小便不利]]
候选命中或然证：[[], [], [], [], [], [], [], [], [], []]
候选方证：[雄黄熏方证, 茯苓泽泻汤证, 桂枝加芍药汤证, 厚朴生姜半夏甘草人参汤证, 己椒苈黄丸证, 百合洗方证, 小承气汤证, 栀子厚朴汤证, 猪苓汤证, 栝楼瞿麦丸证]
候选方证打分：[Xionghuangxunfangzheng(hits=5/5, gap=0, poss=0/0, prio=3), Fulingzexietangzheng(hits=3/4, gap=1, poss=0/0, prio=3), Guizhijiashaoyaotangzheng(hits=3/4, gap=1, poss=0/0, prio=3), Houposhengjiangbanxiagancaorenshentangzheng(hits=3/4, gap=1, poss=0/0, prio=3), Jijiaolihuangwanzheng(hits=3/4, gap=1, poss=0/0, prio=3), Baihexifangzheng(hits=5/7, gap=2, poss=0/0, prio=5), Xiaochengqitangzheng(hits=3/5, gap=2, poss=0/0, prio=2), Zhizihoupotangzheng(hits=3/5, gap=2, poss=0/0, prio=2), Zhulingtangzheng(hits=3/5, gap=2, poss=0/0, prio=2), Gualouqumaiwanzheng(hits=3/5, gap=2, poss=0/0, prio=3)]
兼夹证：[]
加味药物：[附子, 人参, 瓜蒌根, 白术]
配伍禁忌警告：[十八反：瓜蒌根 反 附子]

===== 鳖甲煎丸证 =====
八纲：{表里=[里证], 寒热=[], 虚实=[虚证], 阴阳=[阴证], bagangTypes=[里证, 虚证, 阴证]}
六经：太阴病
方证：鳖甲煎丸证
推荐方剂：鳖甲煎丸加附子
药物组成：[半夏, 鳖甲, 柴胡, 赤硝, 大黄, 阿胶, 蜂窠, 干姜, 桂枝, 厚朴, 黄芩, 牡丹皮, 蜣螂, 瞿麦, 人参, 芍药, 石韦, 鼠妇, 桃仁, 葶苈子, 乌扇, ?虫, 紫葳, 附子]
六经列表：[太阴病]
合病标记：null
命中主证：[疟母, 胁下癥瘕]
命中或然证：[]
候选命中主证：[[疟母, 胁下癥瘕], [腹满], [腹满], [腹满], [腹满], [腹满], [腹满]]
候选缺口：[[], [时痛], [按之不痛], [口舌干燥], [不渴, 下利], [不能饮食, 肌肤甲错, 两目黯黑, 五劳虚极], [唇口干燥, 暮即发热, 少腹里急, 手掌烦热]]
候选命中或然证：[[], [], [], [], [], [], []]
候选方证：[鳖甲煎丸证, 桂枝加芍药汤证, 厚朴生姜半夏甘草人参汤证, 己椒苈黄丸证, 理中汤证, 大黄蛰虫丸证, 温经汤证]
候选方证打分：[Biejiajianwanzheng(hits=4/4, gap=0, poss=0/0, prio=3), Guizhijiashaoyaotangzheng(hits=3/4, gap=1, poss=0/0, prio=3), Houposhengjiangbanxiagancaorenshentangzheng(hits=3/4, gap=1, poss=0/0, prio=3), Jijiaolihuangwanzheng(hits=3/4, gap=1, poss=0/0, prio=3), Lizhongtangzheng(hits=3/5, gap=2, poss=0/0, prio=3), Dahuangzhechongwanzheng(hits=3/7, gap=4, poss=0/0, prio=2), Wenjingtangzheng(hits=3/7, gap=4, poss=0/0, prio=3)]
兼夹证：[]
加味药物：[附子]
配伍禁忌警告：[十八反：半夏 反 附子]

===== 蜀漆散证 =====
八纲：{表里=[里证], 寒热=[], 虚实=[虚证], 阴阳=[阴证], bagangTypes=[里证, 虚证, 阳证, 阴证]}
六经：阳明太阴合病
方证：蜀漆散证
推荐方剂：蜀漆散加附子、人参、瓜蒌根、白术
药物组成：[龙骨, 蜀漆, 云母, 附子, 人参, 瓜蒌根, 白术]
六经列表：[太阴病, 阳明病]
合病标记：阳明太阴合病
命中主证：[如疟状, 身多寒]
命中或然证：[]
候选命中主证：[[如疟状, 身多寒], [口渴], [腹满], [腹满], [腹满], [口渴], [腹满], [腹满], [口渴], [口渴]]
候选缺口：[[], [呕吐], [时痛], [按之不痛], [口舌干燥], [口苦, 小便赤], [潮热, 谵语], [卧起不安, 心烦], [发热, 小便不利], [沉脉, 小便不利]]
候选命中或然证：[[], [], [], [], [], [], [], [], [], []]
候选方证：[蜀漆散证, 茯苓泽泻汤证, 桂枝加芍药汤证, 厚朴生姜半夏甘草人参汤证, 己椒苈黄丸证, 百合洗方证, 小承气汤证, 栀子厚朴汤证, 猪苓汤证, 栝楼瞿麦丸证]
候选方证打分：[Shuqisanzheng(hits=6/6, gap=0, poss=0/0, prio=3), Fulingzexietangzheng(hits=3/4, gap=1, poss=0/0, prio=3), Guizhijiashaoyaotangzheng(hits=3/4, gap=1, poss=0/0, prio=3), Houposhengjiangbanxiagancaorenshentangzheng(hits=3/4, gap=1, poss=0/0, prio=3), Jijiaolihuangwanzheng(hits=3/4, gap=1, poss=0/0, prio=3), Baihexifangzheng(hits=5/7, gap=2, poss=0/0, prio=5), Xiaochengqitangzheng(hits=3/5, gap=2, poss=0/0, prio=2), Zhizihoupotangzheng(hits=3/5, gap=2, poss=0/0, prio=2), Zhulingtangzheng(hits=3/5, gap=2, poss=0/0, prio=2), Gualouqumaiwanzheng(hits=3/5, gap=2, poss=0/0, prio=3)]
兼夹证：[]
加味药物：[附子, 人参, 瓜蒌根, 白术]
配伍禁忌警告：[十八反：瓜蒌根 反 附子]

===== 牡蛎汤证 =====
八纲：{表里=[半表半里], 寒热=[], 虚实=[虚证], 阴阳=[阴证], bagangTypes=[半表半里, 虚证, 阴证]}
六经：厥阴病
方证：牡蛎汤证
推荐方剂：牡蛎汤
药物组成：[甘草, 麻黄, 牡蛎, 蜀漆]
六经列表：[厥阴病]
合病标记：null
命中主证：[多汗出, 发寒]
命中或然证：[]
候选命中主证：[[多汗出, 发寒], [手足冷], [手足冷], [消渴]]
候选缺口：[[], [细脉], [内有久寒, 呕], [不欲食, 饥, 久利]]
候选命中或然证：[[], [], [], []]
候选方证：[牡蛎汤证, 当归四逆汤证, 当归四逆加吴茱萸生姜汤证, 乌梅丸证]
候选方证打分：[Mulitangzheng(hits=4/4, gap=0, poss=0/0, prio=3), Dangguisinitangzheng(hits=3/4, gap=1, poss=0/0, prio=3), Dangguisinijiawuzhuyushengjiangtangzheng(hits=3/5, gap=2, poss=0/0, prio=3), Wumeiwanzheng(hits=3/6, gap=3, poss=0/0, prio=2)]
兼夹证：[]
加味药物：[]
配伍禁忌警告：[]

===== 牡蛎泽泻散证 =====
八纲：{表里=[里证], 寒热=[], 虚实=[], 阴阳=[阳证], bagangTypes=[里证, 阳证]}
六经：阳明病
方证：牡蛎泽泻散证
推荐方剂：牡蛎泽泻散加人参、白术
药物组成：[瓜蒌根, 海藻, 牡蛎, 商陆, 蜀漆, 葶苈子, 泽泻, 人参, 白术]
六经列表：[阳明病]
合病标记：null
命中主证：[腰以下有水气]
命中或然证：[]
候选命中主证：[[腰以下有水气], [口渴], [口渴], [口渴], [洪脉], [口渴], [口渴], [口渴], []]
候选缺口：[[], [发热, 小便不利], [里急后重, 下利], [口苦, 小便赤, 无热恶寒], [大汗, 大渴, 大热], [呕吐, 头痛, 欲饮, 无热恶寒], [大渴, 口苦, 小便赤, 无热恶寒], [大汗, 恶寒, 发热, 往来寒热, 胸胁苦满], [喘, 汗出]]
候选命中或然证：[[], [], [], [], [], [], [], [], [口渴]]
候选方证：[牡蛎泽泻散证, 猪苓汤证, 白头翁汤证, 百合洗方证, 白虎汤证, 文蛤汤证, 栝楼牡蛎散证, 柴胡白虎汤证, 麻杏石甘汤证]
候选方证打分：[Mulizexiesanzheng(hits=3/3, gap=0, poss=0/0, prio=3), Zhulingtangzheng(hits=3/5, gap=2, poss=0/0, prio=2), Baitouwengtangzheng(hits=3/5, gap=2, poss=0/1, prio=3), Baihexifangzheng(hits=4/7, gap=3, poss=0/0, prio=5), Baihutangzheng(hits=3/6, gap=3, poss=0/0, prio=2), Wengetangzheng(hits=4/8, gap=4, poss=0/0, prio=3), Gualoumulisanzheng(hits=4/8, gap=4, poss=0/0, prio=5), Chaihubaihutangzheng(hits=3/8, gap=5, poss=0/0, prio=2), Maxingshigantangzheng(hits=2/4, gap=2, poss=1/2, prio=3)]
兼夹证：[]
加味药物：[人参, 白术]
配伍禁忌警告：[]
?? 跳过与病例四诊互斥的六经锚点症状: Kouke（Yangmingbing）

===== 大黄甘遂汤证 =====
八纲：{表里=[里证], 寒热=[], 虚实=[虚证], 阴阳=[阴证], bagangTypes=[里证, 虚证, 阴证]}
六经：太阴病
方证：大黄甘遂汤证
推荐方剂：大黄甘遂汤加附子
药物组成：[大黄, 阿胶, 甘遂, 附子]
六经列表：[太阴病]
合病标记：null
命中主证：[不渴, 妇人少腹满如敦状, 生后者, 小便难]
命中或然证：[]
候选命中主证：[[不渴, 妇人少腹满如敦状, 生后者, 小便难], [不渴, 腹满], [腹满], [腹满], [腹满], [小便难], [沉弦脉], [不渴], [腹满], [腹满]]
候选缺口：[[], [下利], [时痛], [按之不痛], [口舌干燥], [饮食如故, 口渴], [下利, 心下坚, 口渴], [肺痿吐涎沫, 小便数, 遗尿], [不能饮食, 肌肤甲错, 两目黯黑, 五劳虚极], [唇口干燥, 暮即发热, 少腹里急, 手掌烦热]]
候选命中或然证：[[], [], [], [], [], [], [], [], [], []]
候选方证：[大黄甘遂汤证, 理中汤证, 桂枝加芍药汤证, 厚朴生姜半夏甘草人参汤证, 己椒苈黄丸证, 当归贝母苦参丸证, 甘遂半夏汤证, 甘草干姜汤证, 大黄蛰虫丸证, 温经汤证]
候选方证打分：[Dahuanggansuitangzheng(hits=6/6, gap=0, poss=0/0, prio=2), Lizhongtangzheng(hits=4/5, gap=1, poss=0/0, prio=3), Guizhijiashaoyaotangzheng(hits=3/4, gap=1, poss=0/0, prio=3), Houposhengjiangbanxiagancaorenshentangzheng(hits=3/4, gap=1, poss=0/0, prio=3), Jijiaolihuangwanzheng(hits=3/4, gap=1, poss=0/0, prio=3), Dangguibeimukushenwanzheng(hits=4/6, gap=2, poss=0/1, prio=3), Gansuibanxiatangzheng(hits=4/7, gap=3, poss=0/0, prio=2), Gancaoganjiangtangzheng(hits=3/6, gap=3, poss=0/0, prio=3), Dahuangzhechongwanzheng(hits=3/7, gap=4, poss=0/0, prio=2), Wenjingtangzheng(hits=3/7, gap=4, poss=0/0, prio=3)]
兼夹证：[]
加味药物：[附子]
配伍禁忌警告：[]

===== 薯蓣丸证 =====
八纲：{表里=[里证], 寒热=[], 虚实=[虚证], 阴阳=[阴证], bagangTypes=[里证, 虚证, 阴证]}
六经：太阴病
方证：薯蓣丸证
推荐方剂：薯蓣丸去白术加附子
药物组成：[败酱草, 柴胡, 川芎, 豆黄卷, 当归, 大枣, 干地黄, 阿胶, 防风, 茯苓, 甘草, 干姜, 桂枝, 桔梗, 麦门冬, 曲, 人参, 山药, 芍药, 杏仁, 附子]
六经列表：[太阴病]
合病标记：null
命中主证：[风气百疾, 虚劳]
命中或然证：[]
候选命中主证：[[风气百疾, 虚劳], [腹满], [腹满], [虚劳], [腹满], [腹满], [腹满], [腹满]]
候选缺口：[[], [时痛], [按之不痛], [里急], [口舌干燥], [不渴, 下利], [不能饮食, 肌肤甲错, 两目黯黑, 五劳虚极], [唇口干燥, 暮即发热, 少腹里急, 手掌烦热]]
候选命中或然证：[[], [], [], [], [], [], [], []]
候选方证：[薯蓣丸证, 桂枝加芍药汤证, 厚朴生姜半夏甘草人参汤证, 黄芪建中汤证, 己椒苈黄丸证, 理中汤证, 大黄蛰虫丸证, 温经汤证]
候选方证打分：[Shuyuwanzheng(hits=4/4, gap=0, poss=0/0, prio=3), Guizhijiashaoyaotangzheng(hits=3/4, gap=1, poss=0/0, prio=3), Houposhengjiangbanxiagancaorenshentangzheng(hits=3/4, gap=1, poss=0/0, prio=3), Huangqijianzhongtangzheng(hits=3/4, gap=1, poss=0/0, prio=3), Jijiaolihuangwanzheng(hits=3/4, gap=1, poss=0/0, prio=3), Lizhongtangzheng(hits=3/5, gap=2, poss=0/0, prio=3), Dahuangzhechongwanzheng(hits=3/7, gap=4, poss=0/0, prio=2), Wenjingtangzheng(hits=3/7, gap=4, poss=0/0, prio=3)]
兼夹证：[]
加味药物：[附子]
减味药物：[白术]
配伍禁忌警告：[]

===== 天雄散证 =====
八纲：{表里=[里证], 寒热=[], 虚实=[虚证], 阴阳=[阴证], bagangTypes=[里证, 虚证, 阴证]}
六经：太阴病
方证：天雄散证
推荐方剂：天雄散去白术加附子
药物组成：[桂枝, 龙骨, 天雄, 附子]
六经列表：[太阴病]
合病标记：null
命中主证：[腰痛, 腰中冷, 遗精]
命中或然证：[]
候选命中主证：[[腰痛, 腰中冷, 遗精], [腹满], [腹满], [腹满], [腰中冷], [腹满], [腰痛], [腹满], [腹满]]
候选缺口：[[], [时痛], [按之不痛], [口舌干燥], [身重], [不渴, 下利], [少腹拘急, 小便不利], [不能饮食, 肌肤甲错, 两目黯黑, 五劳虚极], [唇口干燥, 暮即发热, 少腹里急, 手掌烦热]]
候选命中或然证：[[], [], [], [], [], [], [], [], []]
候选方证：[天雄散证, 桂枝加芍药汤证, 厚朴生姜半夏甘草人参汤证, 己椒苈黄丸证, 甘草干姜茯苓白术汤证, 理中汤证, 肾气丸证, 大黄蛰虫丸证, 温经汤证]
候选方证打分：[Tianxiongsanzheng(hits=5/5, gap=0, poss=0/0, prio=3), Guizhijiashaoyaotangzheng(hits=3/4, gap=1, poss=0/0, prio=3), Houposhengjiangbanxiagancaorenshentangzheng(hits=3/4, gap=1, poss=0/0, prio=3), Jijiaolihuangwanzheng(hits=3/4, gap=1, poss=0/0, prio=3), Gancaoganjiangfulingbaizhutangzheng(hits=3/4, gap=1, poss=0/1, prio=3), Lizhongtangzheng(hits=3/5, gap=2, poss=0/0, prio=3), Shenqiwanzheng(hits=3/5, gap=2, poss=0/0, prio=3), Dahuangzhechongwanzheng(hits=3/7, gap=4, poss=0/0, prio=2), Wenjingtangzheng(hits=3/7, gap=4, poss=0/0, prio=3)]
兼夹证：[]
加味药物：[附子]
减味药物：[白术]
配伍禁忌警告：[]

===== 蛇床子散证 =====
八纲：{表里=[里证], 寒热=[], 虚实=[虚证], 阴阳=[阴证], bagangTypes=[里证, 虚证, 阴证]}
六经：太阴病
方证：蛇床子散证
推荐方剂：蛇床子散加附子
药物组成：[蛇床子, 附子]
六经列表：[太阴病]
合病标记：null
命中主证：[妇人阴寒]
命中或然证：[]
候选命中主证：[[妇人阴寒], [腹满], [腹满], [腹满], [腹满], [腹满], [腹满]]
候选缺口：[[], [时痛], [按之不痛], [口舌干燥], [不渴, 下利], [不能饮食, 肌肤甲错, 两目黯黑, 五劳虚极], [唇口干燥, 暮即发热, 少腹里急, 手掌烦热]]
候选命中或然证：[[], [], [], [], [], [], []]
候选方证：[蛇床子散证, 桂枝加芍药汤证, 厚朴生姜半夏甘草人参汤证, 己椒苈黄丸证, 理中汤证, 大黄蛰虫丸证, 温经汤证]
候选方证打分：[Shechuangzisanzheng(hits=3/3, gap=0, poss=0/0, prio=5), Guizhijiashaoyaotangzheng(hits=3/4, gap=1, poss=0/0, prio=3), Houposhengjiangbanxiagancaorenshentangzheng(hits=3/4, gap=1, poss=0/0, prio=3), Jijiaolihuangwanzheng(hits=3/4, gap=1, poss=0/0, prio=3), Lizhongtangzheng(hits=3/5, gap=2, poss=0/0, prio=3), Dahuangzhechongwanzheng(hits=3/7, gap=4, poss=0/0, prio=2), Wenjingtangzheng(hits=3/7, gap=4, poss=0/0, prio=3)]
兼夹证：[]
加味药物：[附子]
配伍禁忌警告：[]

===== 狼牙汤证 =====
八纲：{表里=[里证], 寒热=[热证], 虚实=[虚证], 阴阳=[阳证], bagangTypes=[里证, 热证, 虚证, 阳证, 阴证]}
六经：阳明太阴合病
方证：狼牙汤证
推荐方剂：狼牙汤加附子、人参、瓜蒌根、白术
药物组成：[生狼牙, 附子, 人参, 瓜蒌根, 白术]
六经列表：[太阴病, 阳明病]
合病标记：阳明太阴合病
命中主证：[阴中即生疮]
命中或然证：[]
候选命中主证：[[阴中即生疮], [口渴], [腹满], [腹满], [腹满], [口渴], [腹满], [腹满], [口渴], [口渴]]
候选缺口：[[], [呕吐], [时痛], [按之不痛], [口舌干燥], [口苦, 小便赤], [潮热, 谵语], [卧起不安, 心烦], [发热, 小便不利], [沉脉, 小便不利]]
候选命中或然证：[[], [], [], [], [], [], [], [], [], []]
候选方证：[狼牙汤证, 茯苓泽泻汤证, 桂枝加芍药汤证, 厚朴生姜半夏甘草人参汤证, 己椒苈黄丸证, 百合洗方证, 小承气汤证, 栀子厚朴汤证, 猪苓汤证, 栝楼瞿麦丸证]
候选方证打分：[Langyatangzheng(hits=5/5, gap=0, poss=0/0, prio=5), Fulingzexietangzheng(hits=3/4, gap=1, poss=0/0, prio=3), Guizhijiashaoyaotangzheng(hits=3/4, gap=1, poss=0/0, prio=3), Houposhengjiangbanxiagancaorenshentangzheng(hits=3/4, gap=1, poss=0/0, prio=3), Jijiaolihuangwanzheng(hits=3/4, gap=1, poss=0/0, prio=3), Baihexifangzheng(hits=5/7, gap=2, poss=0/0, prio=5), Xiaochengqitangzheng(hits=3/5, gap=2, poss=0/0, prio=2), Zhizihoupotangzheng(hits=3/5, gap=2, poss=0/0, prio=2), Zhulingtangzheng(hits=3/5, gap=2, poss=0/0, prio=2), Gualouqumaiwanzheng(hits=3/5, gap=2, poss=0/0, prio=3)]
兼夹证：[]
加味药物：[附子, 人参, 瓜蒌根, 白术]
配伍禁忌警告：[十八反：瓜蒌根 反 附子]

===== 蜘蛛散证 =====
八纲：{表里=[里证], 寒热=[], 虚实=[虚证], 阴阳=[阴证], bagangTypes=[里证, 虚证, 阴证]}
六经：太阴病
方证：蜘蛛散证
推荐方剂：蜘蛛散加附子
药物组成：[桂枝, 蜘蛛, 附子]
六经列表：[太阴病]
合病标记：null
命中主证：[偏有小大, 时时上下, 阴狐疝]
命中或然证：[]
候选命中主证：[[偏有小大, 时时上下, 阴狐疝], [腹满], [腹满], [腹满], [腹满], [腹满], [腹满]]
候选缺口：[[], [时痛], [按之不痛], [口舌干燥], [不渴, 下利], [不能饮食, 肌肤甲错, 两目黯黑, 五劳虚极], [唇口干燥, 暮即发热, 少腹里急, 手掌烦热]]
候选命中或然证：[[], [], [], [], [], [], []]
候选方证：[蜘蛛散证, 桂枝加芍药汤证, 厚朴生姜半夏甘草人参汤证, 己椒苈黄丸证, 理中汤证, 大黄蛰虫丸证, 温经汤证]
候选方证打分：[Zhizhusanzheng(hits=5/5, gap=0, poss=0/0, prio=3), Guizhijiashaoyaotangzheng(hits=3/4, gap=1, poss=0/0, prio=3), Houposhengjiangbanxiagancaorenshentangzheng(hits=3/4, gap=1, poss=0/0, prio=3), Jijiaolihuangwanzheng(hits=3/4, gap=1, poss=0/0, prio=3), Lizhongtangzheng(hits=3/5, gap=2, poss=0/0, prio=3), Dahuangzhechongwanzheng(hits=3/7, gap=4, poss=0/0, prio=2), Wenjingtangzheng(hits=3/7, gap=4, poss=0/0, prio=3)]
兼夹证：[]
加味药物：[附子]
配伍禁忌警告：[]

===== 奔豚汤证 =====
八纲：{表里=[里证], 寒热=[], 虚实=[], 阴阳=[阳证], bagangTypes=[里证, 阳证]}
六经：阳明病
方证：奔豚汤证
推荐方剂：奔豚汤去黄芩、半夏加人参、白术、附子、瓜蒌根
药物组成：[川芎, 当归, 甘草, 甘李根白皮, 葛根, 芍药, 生姜, 人参, 白术, 附子, 瓜蒌根]
六经列表：[阳明病]
合病标记：null
命中主证：[腹痛, 气上冲胸, 往来寒热]
命中或然证：[]
候选命中主证：[[腹痛, 气上冲胸, 往来寒热], [腹痛], [腹痛], [口渴], [口渴], [腹痛], [口渴], [洪脉], [口渴, 往来寒热], [口渴]]
候选缺口：[[], [不大便], [酒黄疸, 心中懊憹], [发热, 小便不利], [里急后重, 下利], [胸中有热, 欲呕, 无热恶寒], [口苦, 小便赤, 无热恶寒], [大汗, 大渴, 大热], [大汗, 恶寒, 发热, 胸胁苦满], [呕吐, 头痛, 欲饮, 无热恶寒]]
候选命中或然证：[[], [], [], [], [], [], [], [], [], []]
候选方证：[奔豚汤证, 厚朴三物汤证, 栀子大黄汤证, 猪苓汤证, 白头翁汤证, 黄连汤证, 百合洗方证, 白虎汤证, 柴胡白虎汤证, 文蛤汤证]
候选方证打分：[Bentuntangzheng(hits=5/5, gap=0, poss=0/0, prio=3), Houposanwutangzheng(hits=3/4, gap=1, poss=0/0, prio=2), Zhizidahuangtangzheng(hits=3/5, gap=2, poss=0/0, prio=2), Zhulingtangzheng(hits=3/5, gap=2, poss=0/0, prio=2), Baitouwengtangzheng(hits=3/5, gap=2, poss=0/1, prio=3), Huangliantangzheng(hits=4/7, gap=3, poss=0/0, prio=2), Baihexifangzheng(hits=4/7, gap=3, poss=0/0, prio=5), Baihutangzheng(hits=3/6, gap=3, poss=0/0, prio=2), Chaihubaihutangzheng(hits=4/8, gap=4, poss=0/0, prio=2), Wengetangzheng(hits=4/8, gap=4, poss=0/0, prio=3)]
兼夹证：[]
加味药物：[人参, 白术, 附子, 瓜蒌根]
减味药物：[黄芩, 半夏]
配伍禁忌警告：[十八反：瓜蒌根 反 附子]

===== 旋覆花汤证 =====
八纲：{表里=[里证], 寒热=[], 虚实=[虚证], 阴阳=[阴证], bagangTypes=[里证, 虚证, 阴证]}
六经：太阴病
方证：旋覆花汤证
推荐方剂：旋覆花汤加附子
药物组成：[葱白, 新绛, 旋覆花, 附子]
六经列表：[太阴病]
合病标记：null
命中主证：[常欲蹈其胸上, 肝着]
命中或然证：[]
候选命中主证：[[常欲蹈其胸上, 肝着], [腹满], [腹满], [腹满], [腹满], [腹满], [腹满]]
候选缺口：[[], [时痛], [按之不痛], [口舌干燥], [不渴, 下利], [不能饮食, 肌肤甲错, 两目黯黑, 五劳虚极], [唇口干燥, 暮即发热, 少腹里急, 手掌烦热]]
候选命中或然证：[[], [], [], [], [], [], []]
候选方证：[旋覆花汤证, 桂枝加芍药汤证, 厚朴生姜半夏甘草人参汤证, 己椒苈黄丸证, 理中汤证, 大黄蛰虫丸证, 温经汤证]
候选方证打分：[Xuanfuhuatangzheng(hits=4/4, gap=0, poss=0/0, prio=3), Guizhijiashaoyaotangzheng(hits=3/4, gap=1, poss=0/0, prio=3), Houposhengjiangbanxiagancaorenshentangzheng(hits=3/4, gap=1, poss=0/0, prio=3), Jijiaolihuangwanzheng(hits=3/4, gap=1, poss=0/0, prio=3), Lizhongtangzheng(hits=3/5, gap=2, poss=0/0, prio=3), Dahuangzhechongwanzheng(hits=3/7, gap=4, poss=0/0, prio=2), Wenjingtangzheng(hits=3/7, gap=4, poss=0/0, prio=3)]
兼夹证：[]
加味药物：[附子]
配伍禁忌警告：[]

===== 皂荚丸证 =====
八纲：{表里=[里证], 寒热=[], 虚实=[], 阴阳=[阳证], bagangTypes=[里证, 阳证]}
六经：阳明病
方证：皂荚丸证
推荐方剂：皂荚丸加人参、瓜蒌根、白术
药物组成：[皂荚, 人参, 瓜蒌根, 白术]
六经列表：[阳明病]
合病标记：null
命中主证：[咳逆, 时时吐浊]
命中或然证：[]
候选命中主证：[[咳逆, 时时吐浊], [口渴], [口渴], [口渴], [洪脉], [口渴], [口渴], [口渴], [], []]
候选缺口：[[], [发热, 小便不利], [里急后重, 下利], [口苦, 小便赤, 无热恶寒], [大汗, 大渴, 大热], [呕吐, 头痛, 欲饮, 无热恶寒], [大渴, 口苦, 小便赤, 无热恶寒], [大汗, 恶寒, 发热, 往来寒热, 胸胁苦满], [支饮胸满], [喘, 汗出]]
候选命中或然证：[[], [], [], [], [], [], [], [], [咳逆], [口渴]]
候选方证：[皂荚丸证, 猪苓汤证, 白头翁汤证, 百合洗方证, 白虎汤证, 文蛤汤证, 栝楼牡蛎散证, 柴胡白虎汤证, 厚朴大黄汤证, 麻杏石甘汤证]
候选方证打分：[Zaojiawanzheng(hits=4/4, gap=0, poss=0/0, prio=2), Zhulingtangzheng(hits=3/5, gap=2, poss=0/0, prio=2), Baitouwengtangzheng(hits=3/5, gap=2, poss=0/1, prio=3), Baihexifangzheng(hits=4/7, gap=3, poss=0/0, prio=5), Baihutangzheng(hits=3/6, gap=3, poss=0/0, prio=2), Wengetangzheng(hits=4/8, gap=4, poss=0/0, prio=3), Gualoumulisanzheng(hits=4/8, gap=4, poss=0/0, prio=5), Chaihubaihutangzheng(hits=3/8, gap=5, poss=0/0, prio=2), Houpodahuangtangzheng(hits=2/3, gap=1, poss=1/2, prio=3), Maxingshigantangzheng(hits=2/4, gap=2, poss=1/2, prio=3)]
兼夹证：[]
加味药物：[人参, 瓜蒌根, 白术]
配伍禁忌警告：[]

===== 千金苇茎汤证 =====
八纲：{表里=[里证], 寒热=[], 虚实=[], 阴阳=[阳证], bagangTypes=[里证, 阳证]}
六经：阳明病
方证：千金苇茎汤证
推荐方剂：千金苇茎汤加人参、瓜蒌根、白术、五味子、细辛、干姜
药物组成：[瓜瓣, 桃仁, 苇茎, 薏苡仁, 人参, 瓜蒌根, 白术, 五味子, 细辛, 干姜]
六经列表：[阳明病]
合病标记：null
命中主证：[烦满, 肺痈, 咳嗽, 微热]
命中或然证：[]
候选命中主证：[[烦满, 肺痈, 咳嗽, 微热], [肺痈], [口渴], [口渴], [口渴], [咳嗽], [洪脉], [口渴], [口渴], [口渴]]
候选缺口：[[], [不得卧, 喘], [发热, 小便不利], [里急后重, 下利], [口苦, 小便赤, 无热恶寒], [喘, 目如脱状, 无热恶寒], [大汗, 大渴, 大热], [呕吐, 头痛, 欲饮, 无热恶寒], [大渴, 口苦, 小便赤, 无热恶寒], [大汗, 恶寒, 发热, 往来寒热, 胸胁苦满]]
候选命中或然证：[[], [], [], [], [], [], [], [], [], []]
候选方证：[千金苇茎汤证, 葶苈大枣泻肺汤证, 猪苓汤证, 白头翁汤证, 百合洗方证, 越婢加半夏汤证, 白虎汤证, 文蛤汤证, 栝楼牡蛎散证, 柴胡白虎汤证]
候选方证打分：[Qianjinweijingtangzheng(hits=6/6, gap=0, poss=0/0, prio=2), Tinglidazaoxiefeitangzheng(hits=3/5, gap=2, poss=0/0, prio=2), Zhulingtangzheng(hits=3/5, gap=2, poss=0/0, prio=2), Baitouwengtangzheng(hits=3/5, gap=2, poss=0/1, prio=3), Baihexifangzheng(hits=4/7, gap=3, poss=0/0, prio=5), Yuebijiabanxiatangzheng(hits=4/7, gap=3, poss=0/1, prio=3), Baihutangzheng(hits=3/6, gap=3, poss=0/0, prio=2), Wengetangzheng(hits=4/8, gap=4, poss=0/0, prio=3), Gualoumulisanzheng(hits=4/8, gap=4, poss=0/0, prio=5), Chaihubaihutangzheng(hits=3/8, gap=5, poss=0/0, prio=2)]
兼夹证：[]
加味药物：[人参, 瓜蒌根, 白术, 五味子, 细辛, 干姜]
配伍禁忌警告：[]

===== 葶苈大枣泻肺汤证 =====
八纲：{表里=[里证], 寒热=[], 虚实=[虚证], 阴阳=[阴证], bagangTypes=[里证, 虚证, 阳证, 阴证]}
六经：阳明太阴合病
方证：葶苈大枣泻肺汤证
推荐方剂：葶苈大枣泻肺汤去麻黄加杏仁、麻黄、厚朴、人参、瓜蒌根、白术
药物组成：[大枣, 葶苈子, 杏仁, 厚朴, 人参, 瓜蒌根, 白术]
六经列表：[太阴病, 阳明病]
合病标记：阳明太阴合病
命中主证：[不得卧, 喘, 肺痈]
命中或然证：[]
候选命中主证：[[不得卧, 喘, 肺痈], [喘], [不得卧], [口渴], [胸满], [口渴], [口渴], [口渴], [不得卧], [胸满]]
候选缺口：[[], [汗出], [心烦], [呕吐], [咳嗽], [口苦, 小便赤], [发热, 小便不利], [沉脉, 小便不利], [心痛彻背, 胸痹], [咳嗽, 呕]]
候选命中或然证：[[], [口渴], [], [], [], [], [], [], [], []]
候选方证：[葶苈大枣泻肺汤证, 麻杏石甘汤证, 黄连阿胶汤证, 茯苓泽泻汤证, 苓甘五味姜辛汤证, 百合洗方证, 猪苓汤证, 栝楼瞿麦丸证, 栝楼薤白半夏汤证, 苓甘五味姜辛夏汤证]
候选方证打分：[Tinglidazaoxiefeitangzheng(hits=5/5, gap=0, poss=0/0, prio=2), Maxingshigantangzheng(hits=3/4, gap=1, poss=1/2, prio=3), Huanglianejiaotangzheng(hits=3/4, gap=1, poss=0/0, prio=1), Fulingzexietangzheng(hits=3/4, gap=1, poss=0/0, prio=3), Lingganwuweijiangxintangzheng(hits=3/4, gap=1, poss=0/0, prio=3), Baihexifangzheng(hits=5/7, gap=2, poss=0/0, prio=5), Zhulingtangzheng(hits=3/5, gap=2, poss=0/0, prio=2), Gualouqumaiwanzheng(hits=3/5, gap=2, poss=0/0, prio=3), Gualouxiebaibanxiatangzheng(hits=3/5, gap=2, poss=0/0, prio=3), Lingganwuweijiangxinxiatangzheng(hits=3/5, gap=2, poss=0/0, prio=3)]
兼夹证：[]
加味药物：[杏仁, 麻黄, 厚朴, 人参, 瓜蒌根, 白术]
减味药物：[麻黄]
配伍禁忌警告：[]

===== 麦门冬汤证 =====
八纲：{表里=[里证], 寒热=[], 虚实=[虚证], 阴阳=[阴证], bagangTypes=[里证, 虚证, 阳证, 阴证]}
六经：阳明太阴合病
方证：麦门冬汤证
推荐方剂：麦门冬汤去半夏加桔梗、附子、瓜蒌根、白术
药物组成：[大枣, 甘草, 粳米, 麦门冬, 人参, 桔梗, 附子, 瓜蒌根, 白术]
六经列表：[太阴病, 阳明病]
合病标记：阳明太阴合病
命中主证：[火逆上气, 咽喉不利]
命中或然证：[]
候选命中主证：[[火逆上气, 咽喉不利], [口渴], [腹满], [腹满], [腹满], [口渴], [腹满], [腹满], [口渴], [口渴]]
候选缺口：[[], [呕吐], [时痛], [按之不痛], [口舌干燥], [口苦, 小便赤], [潮热, 谵语], [卧起不安, 心烦], [发热, 小便不利], [沉脉, 小便不利]]
候选命中或然证：[[], [], [], [], [], [], [], [], [], []]
候选方证：[麦门冬汤证, 茯苓泽泻汤证, 桂枝加芍药汤证, 厚朴生姜半夏甘草人参汤证, 己椒苈黄丸证, 百合洗方证, 小承气汤证, 栀子厚朴汤证, 猪苓汤证, 栝楼瞿麦丸证]
候选方证打分：[Maimendongtangzheng(hits=6/6, gap=0, poss=0/0, prio=3), Fulingzexietangzheng(hits=3/4, gap=1, poss=0/0, prio=3), Guizhijiashaoyaotangzheng(hits=3/4, gap=1, poss=0/0, prio=3), Houposhengjiangbanxiagancaorenshentangzheng(hits=3/4, gap=1, poss=0/0, prio=3), Jijiaolihuangwanzheng(hits=3/4, gap=1, poss=0/0, prio=3), Baihexifangzheng(hits=5/7, gap=2, poss=0/0, prio=5), Xiaochengqitangzheng(hits=3/5, gap=2, poss=0/0, prio=2), Zhizihoupotangzheng(hits=3/5, gap=2, poss=0/0, prio=2), Zhulingtangzheng(hits=3/5, gap=2, poss=0/0, prio=2), Gualouqumaiwanzheng(hits=3/5, gap=2, poss=0/0, prio=3)]
兼夹证：[]
加味药物：[桔梗, 附子, 瓜蒌根, 白术]
减味药物：[半夏]
配伍禁忌警告：[十八反：瓜蒌根 反 附子]

===== 泽漆汤证 =====
八纲：{表里=[里证], 寒热=[], 虚实=[虚证], 阴阳=[阴证], bagangTypes=[里证, 虚证, 阴证]}
六经：太阴病
方证：泽漆汤证
推荐方剂：泽漆汤去麻黄、生姜、人参加附子、厚朴、杏仁、麻黄、五味子、细辛、干姜
药物组成：[白前, 半夏, 甘草, 桂枝, 黄芩, 泽漆, 紫参, 附子, 厚朴, 杏仁, 五味子, 细辛, 干姜]
六经列表：[太阴病]
合病标记：null
命中主证：[沉脉, 咳嗽]
命中或然证：[]
候选命中主证：[[沉脉, 咳嗽], [腹满], [腹满], [腹满], [咳嗽], [沉脉], [咳嗽], [腹满], [喘], [咳嗽]]
候选缺口：[[], [时痛], [按之不痛], [口舌干燥], [胸满], [口渴, 小便不利], [呕, 胸满], [不渴, 下利], [短气, 胸痹], [浮脉, 无热恶寒, 促脉, 胸满]]
候选命中或然证：[[], [], [], [], [], [], [], [], [], [喘]]
候选方证：[泽漆汤证, 桂枝加芍药汤证, 厚朴生姜半夏甘草人参汤证, 己椒苈黄丸证, 苓甘五味姜辛汤证, 栝楼瞿麦丸证, 苓甘五味姜辛夏汤证, 理中汤证, 栝楼薤白白酒汤证, 厚朴麻黄汤证]
候选方证打分：[Zeqitangzheng(hits=4/4, gap=0, poss=0/0, prio=3), Guizhijiashaoyaotangzheng(hits=3/4, gap=1, poss=0/0, prio=3), Houposhengjiangbanxiagancaorenshentangzheng(hits=3/4, gap=1, poss=0/0, prio=3), Jijiaolihuangwanzheng(hits=3/4, gap=1, poss=0/0, prio=3), Lingganwuweijiangxintangzheng(hits=3/4, gap=1, poss=0/0, prio=3), Gualouqumaiwanzheng(hits=3/5, gap=2, poss=0/0, prio=3), Lingganwuweijiangxinxiatangzheng(hits=3/5, gap=2, poss=0/0, prio=3), Lizhongtangzheng(hits=3/5, gap=2, poss=0/0, prio=3), Gualouxiebaibaijiutangzheng(hits=3/5, gap=2, poss=0/1, prio=3), Houpomahuangtangzheng(hits=3/6, gap=3, poss=1/4, prio=3)]
兼夹证：[]
加味药物：[附子, 厚朴, 杏仁, 麻黄, 五味子, 细辛, 干姜]
减味药物：[麻黄, 生姜, 人参]
配伍禁忌警告：[十八反：半夏 反 附子]

===== 续命汤证 =====
八纲：{表里=[表证, 里证], 寒热=[热证], 虚实=[], 阴阳=[阳证], bagangTypes=[表证, 里证, 热证, 阳证]}
六经：太阳阳明合病
方证：续命汤证
推荐方剂：续命汤加附子、瓜蒌根、白术
药物组成：[川芎, 当归, 甘草, 干姜, 桂枝, 麻黄, 人参, 石膏, 杏仁, 附子, 瓜蒌根, 白术]
六经列表：[太阳病, 阳明病]
合病标记：太阳阳明合病
命中主证：[不得语, 口噤, 身体不能自收持]
命中或然证：[]
候选命中主证：[[不得语, 口噤, 身体不能自收持], [恶寒], [恶寒], [浮脉], [恶寒], [浮脉], [浮脉, 口渴], [口渴], [口渴], [恶寒]]
候选缺口：[[], [胸满], [身疼烦], [水之为病], [发热, 身黄], [咳嗽, 无热恶寒], [水入则吐, 小便不利], [发热, 小便不利], [里急后重, 下利], [汗出, 心下痞]]
候选命中或然证：[[], [], [], [], [], [], [], [], [], []]
候选方证：[续命汤证, 桂枝去芍药加附子汤证, 麻黄加术汤证, 杏子汤证, 麻黄连翘赤小豆汤证, 厚朴麻黄汤证, 五苓散证, 猪苓汤证, 白头翁汤证, 附子泻心汤证]
候选方证打分：[Xumingtangzheng(hits=7/7, gap=0, poss=0/0, prio=1), Guizhiqushaoyaojiafuzitangzheng(hits=3/4, gap=1, poss=0/0, prio=2), Mahuangjiazhutangzheng(hits=3/4, gap=1, poss=0/0, prio=3), Xingzitangzheng(hits=3/4, gap=1, poss=0/0, prio=3), Mahuanglianqiaochixiaodoutangzheng(hits=5/7, gap=2, poss=0/0, prio=3), Houpomahuangtangzheng(hits=4/6, gap=2, poss=0/4, prio=3), Wulingsanzheng(hits=4/6, gap=2, poss=0/0, prio=3), Zhulingtangzheng(hits=3/5, gap=2, poss=0/0, prio=2), Baitouwengtangzheng(hits=3/5, gap=2, poss=0/1, prio=3), Fuzixiexintangzheng(hits=3/5, gap=2, poss=0/0, prio=2)]
兼夹证：[]
加味药物：[附子, 瓜蒌根, 白术]
配伍禁忌警告：[十八反：瓜蒌根 反 附子]
[INFO] Tests run: 49, Failures: 0, Errors: 0, Skipped: 0, Time elapsed: 37.22 s -- in 【独立】陷胸/栀子/瓜蒂/十枣/其他伤寒杂方
[INFO] Running 【合病】太阳少阳合病/太少两感/主证不全兜底
?? 病例自身四诊已能自证 Shaoyangbing，跳过该经锚点注入（避免凭空补鉴别点）

===== 柴胡桂枝汤证 =====
八纲：{表里=[半表半里, 表证], 寒热=[], 虚实=[], 阴阳=[阳证], bagangTypes=[半表半里, 表证, 阳证]}
六经：太阳少阳合病
方证：柴胡桂枝汤证
推荐方剂：柴胡桂枝汤加附子
药物组成：[半夏, 柴胡, 大枣, 甘草, 桂枝, 黄芩, 人参, 芍药, 生姜, 附子]
六经列表：[少阳病, 太阳病]
合病标记：太阳少阳合病
命中主证：[发热, 骨节疼烦, 微呕, 心下支结]
命中或然证：[]
候选命中主证：[[发热, 骨节疼烦, 微呕, 心下支结], [口苦, 往来寒热, 胸胁苦满], [恶寒], [恶寒], [浮脉], [口苦], [恶寒, 发热], [恶寒, 发热], [恶寒, 发热], [发热]]
候选缺口：[[], [], [胸满], [身疼烦], [水之为病], [小便赤], [身黄, 沉弦脉, 心下坚], [如疟状, 一日再发], [面有热色, 身痒], [日晡所剧, 一身尽疼]]
候选命中或然证：[[], [], [], [], [], [], [], [], [], [恶寒]]
候选方证：[柴胡桂枝汤证, 小柴胡汤证, 桂枝去芍药加附子汤证, 麻黄加术汤证, 杏子汤证, 百合地黄汤证, 麻黄连翘赤小豆汤证, 桂枝二麻黄一汤证, 桂枝麻黄各半汤证, 麻杏薏甘汤证]
候选方证打分：[Chaihuguizhitangzheng(hits=6/6, gap=0, poss=0/0, prio=3), Xiaochaihutangzheng(hits=3/3, gap=0, poss=0/7, prio=3), Guizhiqushaoyaojiafuzitangzheng(hits=3/4, gap=1, poss=0/0, prio=2), Mahuangjiazhutangzheng(hits=3/4, gap=1, poss=0/0, prio=3), Xingzitangzheng(hits=3/4, gap=1, poss=0/0, prio=3), Baihedihuangtangzheng(hits=3/4, gap=1, poss=0/0, prio=5), Mahuanglianqiaochixiaodoutangzheng(hits=5/7, gap=2, poss=0/0, prio=3), Guizhiermahuangyitangzheng(hits=4/6, gap=2, poss=0/0, prio=3), Guizhimahuanggebantangzheng(hits=4/6, gap=2, poss=0/0, prio=3), Maxingyigantangzheng(hits=3/5, gap=2, poss=1/2, prio=3)]
兼夹证：[]
加味药物：[附子]
配伍禁忌警告：[十八反：半夏 反 附子]

===== 乌头桂枝汤证 =====
八纲：{表里=[表证, 里证], 寒热=[], 虚实=[实证, 虚证], 阴阳=[阳证], bagangTypes=[表证, 里证, 实证, 虚证, 阳证, 阴证]}
六经：太阳太阴合病
方证：乌头桂枝汤证
推荐方剂：乌头桂枝汤加附子
药物组成：[大枣, 甘草, 桂枝, 蜜, 芍药, 生姜, 乌头, 附子]
六经列表：[太阳病, 太阴病]
合病标记：太阳太阴合病
命中主证：[寒疝腹痛, 手足不仁, 手足逆冷]
命中或然证：[]
候选命中主证：[[寒疝腹痛, 手足不仁, 手足逆冷], [身痛], [腹满], [腹满], [腹满], [但欲寐], [腹满], [腹满], [寒疝腹痛], [身痛]]
候选缺口：[[], [面色青], [时痛], [按之不痛], [口舌干燥], [恶寒], [浮数脉, 发热], [不渴, 下利], [里急, 胁痛], [浮紧脉, 无汗]]
候选命中或然证：[[], [], [], [], [], [], [], [], [], []]
候选方证：[乌头桂枝汤证, 升麻鳖甲去雄黄蜀椒汤证, 桂枝加芍药汤证, 厚朴生姜半夏甘草人参汤证, 己椒苈黄丸证, 麻黄附子甘草汤证, 厚朴七物汤证, 理中汤证, 当归生姜羊肉汤证, 麻黄汤证]
候选方证打分：[Wutouguizhitangzheng(hits=7/7, gap=0, poss=0/0, prio=3), Shengmabiejiaquxionghuangshujiaotangzheng(hits=5/6, gap=1, poss=0/0, prio=3), Guizhijiashaoyaotangzheng(hits=3/4, gap=1, poss=0/0, prio=3), Houposhengjiangbanxiagancaorenshentangzheng(hits=3/4, gap=1, poss=0/0, prio=3), Jijiaolihuangwanzheng(hits=3/4, gap=1, poss=0/0, prio=3), Mahuangfuzigancaotangzheng(hits=3/4, gap=1, poss=0/0, prio=3), Houpoqiwutangzheng(hits=5/7, gap=2, poss=0/0, prio=2), Lizhongtangzheng(hits=3/5, gap=2, poss=0/0, prio=3), Dangguishengjiangyangroutangzheng(hits=3/5, gap=2, poss=0/1, prio=3), Mahuangtangzheng(hits=3/5, gap=2, poss=0/4, prio=2)]
兼夹证：[]
加味药物：[附子]
配伍禁忌警告：[]

===== 太阳少阳合病 =====
八纲：{表里=[半表半里, 表证], 寒热=[], 虚实=[], 阴阳=[阳证], bagangTypes=[半表半里, 表证, 阳证]}
六经：太阳少阳合病
方证：小柴胡汤证
推荐方剂：小柴胡汤加附子
药物组成：[半夏, 柴胡, 大枣, 甘草, 黄芩, 人参, 生姜, 附子]
六经列表：[少阳病, 太阳病]
合病标记：太阳少阳合病
命中主证：[口苦, 往来寒热, 胸胁苦满]
命中或然证：[]
候选命中主证：[[口苦, 往来寒热, 胸胁苦满], [发热], [恶寒], [恶寒], [浮脉], [口苦], [恶寒, 发热], [恶寒, 发热], [恶寒, 发热], [发热]]
候选缺口：[[], [微呕], [胸满], [身疼烦], [水之为病], [小便赤], [身黄, 沉弦脉, 心下坚], [如疟状, 一日再发], [面有热色, 身痒], [日晡所剧, 一身尽疼]]
候选命中或然证：[[], [], [], [], [], [], [], [], [], [恶寒]]
候选方证：[小柴胡汤证, 柴胡桂枝汤证, 桂枝去芍药加附子汤证, 麻黄加术汤证, 杏子汤证, 百合地黄汤证, 麻黄连翘赤小豆汤证, 桂枝二麻黄一汤证, 桂枝麻黄各半汤证, 麻杏薏甘汤证]
候选方证打分：[Xiaochaihutangzheng(hits=3/3, gap=0, poss=0/7, prio=3), Chaihuguizhitangzheng(hits=5/6, gap=1, poss=0/0, prio=3), Guizhiqushaoyaojiafuzitangzheng(hits=3/4, gap=1, poss=0/0, prio=2), Mahuangjiazhutangzheng(hits=3/4, gap=1, poss=0/0, prio=3), Xingzitangzheng(hits=3/4, gap=1, poss=0/0, prio=3), Baihedihuangtangzheng(hits=3/4, gap=1, poss=0/0, prio=5), Mahuanglianqiaochixiaodoutangzheng(hits=5/7, gap=2, poss=0/0, prio=3), Guizhiermahuangyitangzheng(hits=4/6, gap=2, poss=0/0, prio=3), Guizhimahuanggebantangzheng(hits=4/6, gap=2, poss=0/0, prio=3), Maxingyigantangzheng(hits=3/5, gap=2, poss=1/2, prio=3)]
兼夹证：[]
加味药物：[附子]
配伍禁忌警告：[十八反：半夏 反 附子]

===== 桂枝二麻黄一汤证 =====
八纲：{表里=[表证], 寒热=[], 虚实=[], 阴阳=[阳证], bagangTypes=[表证, 阳证]}
六经：太阳病
方证：桂枝二麻黄一汤证
推荐方剂：桂枝二麻黄一汤加附子
药物组成：[大枣, 甘草, 桂枝, 麻黄, 芍药, 生姜, 杏仁, 附子]
六经列表：[太阳病]
合病标记：null
命中主证：[恶寒, 发热, 如疟状, 一日再发]
命中或然证：[]
候选命中主证：[[恶寒, 发热, 如疟状, 一日再发], [恶寒], [恶寒], [浮脉], [恶寒, 发热], [恶寒, 发热], [发热], [发热], [恶寒, 发热], [发热]]
候选缺口：[[], [胸满], [身疼烦], [水之为病], [身黄, 沉弦脉, 心下坚], [面有热色, 身痒], [微呕, 气上撞心], [日晡所剧, 一身尽疼], [微脉, 口渴, 热多寒少], [浮数脉, 腹满, 沉弦脉, 心下坚]]
候选命中或然证：[[], [], [], [], [], [], [], [恶寒], [], []]
候选方证：[桂枝二麻黄一汤证, 桂枝去芍药加附子汤证, 麻黄加术汤证, 杏子汤证, 麻黄连翘赤小豆汤证, 桂枝麻黄各半汤证, 柴胡桂枝汤证, 麻杏薏甘汤证, 桂枝二越婢一汤证, 厚朴七物汤证]
候选方证打分：[Guizhiermahuangyitangzheng(hits=6/6, gap=0, poss=0/0, prio=3), Guizhiqushaoyaojiafuzitangzheng(hits=3/4, gap=1, poss=0/0, prio=2), Mahuangjiazhutangzheng(hits=3/4, gap=1, poss=0/0, prio=3), Xingzitangzheng(hits=3/4, gap=1, poss=0/0, prio=3), Mahuanglianqiaochixiaodoutangzheng(hits=5/7, gap=2, poss=0/0, prio=3), Guizhimahuanggebantangzheng(hits=4/6, gap=2, poss=0/0, prio=3), Chaihuguizhitangzheng(hits=4/6, gap=2, poss=0/0, prio=3), Maxingyigantangzheng(hits=3/5, gap=2, poss=1/2, prio=3), Guizhieryuebiyitangzheng(hits=4/7, gap=3, poss=0/0, prio=3), Houpoqiwutangzheng(hits=4/7, gap=3, poss=0/0, prio=2)]
兼夹证：[]
加味药物：[附子]
配伍禁忌警告：[]

===== 桂枝麻黄各半汤证 =====
八纲：{表里=[表证], 寒热=[], 虚实=[], 阴阳=[阳证], bagangTypes=[表证, 阳证]}
六经：太阳病
方证：桂枝麻黄各半汤证
推荐方剂：桂枝麻黄各半汤加附子
药物组成：[大枣, 甘草, 桂枝, 麻黄, 芍药, 生姜, 杏仁, 附子]
六经列表：[太阳病]
合病标记：null
命中主证：[恶寒, 发热, 面有热色, 身痒]
命中或然证：[]
候选命中主证：[[恶寒, 发热, 面有热色, 身痒], [恶寒], [恶寒], [浮脉], [恶寒, 发热], [恶寒, 发热], [发热], [发热], [恶寒, 发热], [发热]]
候选缺口：[[], [胸满], [身疼烦], [水之为病], [身黄, 沉弦脉, 心下坚], [如疟状, 一日再发], [微呕, 气上撞心], [日晡所剧, 一身尽疼], [微脉, 口渴, 热多寒少], [浮数脉, 腹满, 沉弦脉, 心下坚]]
候选命中或然证：[[], [], [], [], [], [], [], [恶寒], [], []]
候选方证：[桂枝麻黄各半汤证, 桂枝去芍药加附子汤证, 麻黄加术汤证, 杏子汤证, 麻黄连翘赤小豆汤证, 桂枝二麻黄一汤证, 柴胡桂枝汤证, 麻杏薏甘汤证, 桂枝二越婢一汤证, 厚朴七物汤证]
候选方证打分：[Guizhimahuanggebantangzheng(hits=6/6, gap=0, poss=0/0, prio=3), Guizhiqushaoyaojiafuzitangzheng(hits=3/4, gap=1, poss=0/0, prio=2), Mahuangjiazhutangzheng(hits=3/4, gap=1, poss=0/0, prio=3), Xingzitangzheng(hits=3/4, gap=1, poss=0/0, prio=3), Mahuanglianqiaochixiaodoutangzheng(hits=5/7, gap=2, poss=0/0, prio=3), Guizhiermahuangyitangzheng(hits=4/6, gap=2, poss=0/0, prio=3), Chaihuguizhitangzheng(hits=4/6, gap=2, poss=0/0, prio=3), Maxingyigantangzheng(hits=3/5, gap=2, poss=1/2, prio=3), Guizhieryuebiyitangzheng(hits=4/7, gap=3, poss=0/0, prio=3), Houpoqiwutangzheng(hits=4/7, gap=3, poss=0/0, prio=2)]
兼夹证：[]
加味药物：[附子]
配伍禁忌警告：[]

===== 桂枝二越婢一汤证 =====
八纲：{表里=[表证], 寒热=[], 虚实=[虚证], 阴阳=[阳证], bagangTypes=[表证, 虚证, 阳证, 阴证]}
六经：太少两感
方证：桂枝二越婢一汤证
推荐方剂：桂枝二越婢一汤加附子、人参、瓜蒌根、白术
药物组成：[大枣, 甘草, 桂枝, 麻黄, 芍药, 生姜, 石膏, 附子, 人参, 瓜蒌根, 白术]
六经列表：[少阴病, 太阳病]
合病标记：太少两感
命中主证：[恶寒, 发热, 口渴, 热多寒少, 微脉]
命中或然证：[]
候选命中主证：[[恶寒, 发热, 口渴, 热多寒少, 微脉], [恶寒], [发热], [恶寒], [恶寒], [浮脉], [恶寒, 发热], [恶寒, 发热], [恶寒, 发热], [发热]]
候选缺口：[[], [胸满], [沉脉], [但欲寐], [身疼烦], [水之为病], [身黄, 大脉], [如疟状, 一日再发], [面有热色, 身痒], [微呕, 气上撞心]]
候选命中或然证：[[], [], [], [], [], [], [], [], [], []]
候选方证：[桂枝二越婢一汤证, 桂枝去芍药加附子汤证, 麻黄附子细辛汤证, 麻黄附子甘草汤证, 麻黄加术汤证, 杏子汤证, 麻黄连翘赤小豆汤证, 桂枝二麻黄一汤证, 桂枝麻黄各半汤证, 柴胡桂枝汤证]
候选方证打分：[Guizhieryuebiyitangzheng(hits=7/7, gap=0, poss=0/0, prio=3), Guizhiqushaoyaojiafuzitangzheng(hits=3/4, gap=1, poss=0/0, prio=2), Mahuangfuzixixintangzheng(hits=3/4, gap=1, poss=0/0, prio=2), Mahuangfuzigancaotangzheng(hits=3/4, gap=1, poss=0/0, prio=3), Mahuangjiazhutangzheng(hits=3/4, gap=1, poss=0/0, prio=3), Xingzitangzheng(hits=3/4, gap=1, poss=0/0, prio=3), Mahuanglianqiaochixiaodoutangzheng(hits=5/7, gap=2, poss=0/0, prio=3), Guizhiermahuangyitangzheng(hits=4/6, gap=2, poss=0/0, prio=3), Guizhimahuanggebantangzheng(hits=4/6, gap=2, poss=0/0, prio=3), Chaihuguizhitangzheng(hits=4/6, gap=2, poss=0/0, prio=3)]
兼夹证：[]
加味药物：[附子, 人参, 瓜蒌根, 白术]
配伍禁忌警告：[十八反：瓜蒌根 反 附子]

===== 厚朴七物汤证 =====
八纲：{表里=[表证, 里证], 寒热=[热证], 虚实=[], 阴阳=[阳证], bagangTypes=[表证, 里证, 热证, 阳证]}
六经：太阳阳明合病
方证：厚朴七物汤证
推荐方剂：厚朴七物汤加附子、人参、瓜蒌根、白术
药物组成：[大黄, 大枣, 甘草, 桂枝, 厚朴, 生姜, 枳实, 附子, 人参, 瓜蒌根, 白术]
六经列表：[太阳病, 阳明病]
合病标记：太阳阳明合病
命中主证：[发热, 腹满, 浮数脉]
命中或然证：[]
候选命中主证：[[发热, 腹满, 浮数脉], [恶寒, 发热], [潮热, 腹满], [发热, 口渴], [恶寒], [发热], [恶寒], [大便硬], [浮脉], [大便硬]]
候选缺口：[[], [身黄], [谵语], [小便不利], [胸满], [身黄], [身疼烦], [小便数], [水之为病], [小便自利]]
候选命中或然证：[[], [], [], [], [], [], [], [], [], []]
候选方证：[厚朴七物汤证, 麻黄连翘赤小豆汤证, 小承气汤证, 猪苓汤证, 桂枝去芍药加附子汤证, 栀子柏皮汤证, 麻黄加术汤证, 麻子仁丸证, 杏子汤证, 猪胆汁方证]
候选方证打分：[Houpoqiwutangzheng(hits=7/7, gap=0, poss=0/0, prio=2), Mahuanglianqiaochixiaodoutangzheng(hits=6/7, gap=1, poss=0/0, prio=3), Xiaochengqitangzheng(hits=4/5, gap=1, poss=0/0, prio=2), Zhulingtangzheng(hits=4/5, gap=1, poss=0/0, prio=2), Guizhiqushaoyaojiafuzitangzheng(hits=3/4, gap=1, poss=0/0, prio=2), Zhizibaipitangzheng(hits=3/4, gap=1, poss=0/0, prio=2), Mahuangjiazhutangzheng(hits=3/4, gap=1, poss=0/0, prio=3), Mazirenwanzheng(hits=3/4, gap=1, poss=0/0, prio=3), Xingzitangzheng(hits=3/4, gap=1, poss=0/0, prio=3), Zhudanzhifangzheng(hits=3/4, gap=1, poss=0/0, prio=3)]
兼夹证：[]
加味药物：[附子, 人参, 瓜蒌根, 白术]
配伍禁忌警告：[十八反：瓜蒌根 反 附子]
[INFO] Tests run: 7, Failures: 0, Errors: 0, Skipped: 0, Time elapsed: 5.154 s -- in 【合病】太阳少阳合病/太少两感/主证不全兜底
[INFO] Running 【厥阴】乌梅丸/当归四逆/吴茱萸/白头翁/麻黄升麻/黄连汤

===== 麻黄升麻汤证 =====
八纲：{表里=[半表半里], 寒热=[寒证], 虚实=[虚证], 阴阳=[阴证], bagangTypes=[半表半里, 寒证, 虚证, 阴证]}
六经：厥阴病
方证：麻黄升麻汤证
推荐方剂：麻黄升麻汤去芍药加桔梗、生姜
药物组成：[白术, 当归, 茯苓, 甘草, 干姜, 桂枝, 黄芩, 麻黄, 升麻, 石膏, 天门冬, 葳蕤, 知母, 桔梗, 生姜]
六经列表：[厥阴病]
合病标记：null
命中主证：[手足厥逆, 吐脓血, 下利不止, 咽喉不利]
命中或然证：[]
候选命中主证：[[手足厥逆, 吐脓血, 下利不止, 咽喉不利], [手足冷], [手足冷], [消渴]]
候选缺口：[[], [细脉], [内有久寒, 呕], [不欲食, 饥, 久利]]
候选命中或然证：[[], [], [], []]
候选方证：[麻黄升麻汤证, 当归四逆汤证, 当归四逆加吴茱萸生姜汤证, 乌梅丸证]
候选方证打分：[Mahuangshengmatangzheng(hits=6/6, gap=0, poss=0/0, prio=2), Dangguisinitangzheng(hits=3/4, gap=1, poss=0/0, prio=3), Dangguisinijiawuzhuyushengjiangtangzheng(hits=3/5, gap=2, poss=0/0, prio=3), Wumeiwanzheng(hits=3/6, gap=3, poss=0/0, prio=2)]
兼夹证：[]
加味药物：[桔梗, 生姜]
减味药物：[芍药]
配伍禁忌警告：[]

===== 吴茱萸汤证 =====
八纲：{表里=[里证], 寒热=[], 虚实=[虚证], 阴阳=[阴证], bagangTypes=[里证, 虚证, 阴证]}
六经：太阴病
方证：吴茱萸汤证
推荐方剂：吴茱萸汤加附子
药物组成：[大枣, 人参, 生姜, 吴茱萸, 附子]
六经列表：[太阴病]
合病标记：null
命中主证：[干呕, 头痛, 吐涎沫]
命中或然证：[烦躁欲死, 食谷欲呕, 吐利]
候选命中主证：[[干呕, 头痛, 吐涎沫], [干呕, 吐涎沫], [干呕], [腹满], [腹满], [腹满], [干呕], [腹满], [沉弦脉], [手足逆冷]]
候选缺口：[[], [], [厥逆], [时痛], [按之不痛], [口舌干燥], [哕], [不渴, 下利], [下利, 心下坚, 促脉, 胸满], [寒疝腹痛, 手足不仁, 无热恶寒]]
候选命中或然证：[[烦躁欲死, 食谷欲呕, 吐利], [], [], [], [], [], [], [], [], []]
候选方证：[吴茱萸汤证, 半夏干姜散证, 白通加猪胆汁汤证, 桂枝加芍药汤证, 厚朴生姜半夏甘草人参汤证, 己椒苈黄丸证, 橘皮汤证, 理中汤证, 甘遂半夏汤证, 乌头桂枝汤证]
候选方证打分：[Wuzhuyutangzheng(hits=5/5, gap=0, poss=3/3, prio=3), Banxiaganjiangsanzheng(hits=4/4, gap=0, poss=0/0, prio=3), Baitongjiazhudanzhitangzheng(hits=3/4, gap=1, poss=0/0, prio=1), Guizhijiashaoyaotangzheng(hits=3/4, gap=1, poss=0/0, prio=3), Houposhengjiangbanxiagancaorenshentangzheng(hits=3/4, gap=1, poss=0/0, prio=3), Jijiaolihuangwanzheng(hits=3/4, gap=1, poss=0/0, prio=3), Jupitangzheng(hits=3/4, gap=1, poss=0/0, prio=3), Lizhongtangzheng(hits=3/5, gap=2, poss=0/0, prio=3), Gansuibanxiatangzheng(hits=4/7, gap=3, poss=0/0, prio=2), Wutouguizhitangzheng(hits=4/7, gap=3, poss=0/0, prio=3)]
兼夹证：[]
加味药物：[附子]
配伍禁忌警告：[]

===== 乌梅丸证 =====
八纲：{表里=[半表半里], 寒热=[], 虚实=[虚证], 阴阳=[阴证], bagangTypes=[半表半里, 虚证, 阴证]}
六经：厥阴病
方证：乌梅丸证
推荐方剂：乌梅丸
药物组成：[当归, 附子, 干姜, 桂枝, 黄柏, 黄连, 人参, 蜀椒, 乌梅, 细辛]
六经列表：[厥阴病]
合病标记：null
命中主证：[不欲食, 饥, 食则吐蛔, 消渴, 心中疼热]
命中或然证：[]
候选命中主证：[[不欲食, 饥, 食则吐蛔, 消渴, 心中疼热], [手足冷], [手足冷]]
候选缺口：[[], [细脉], [内有久寒, 呕]]
候选命中或然证：[[], [], []]
候选方证：[乌梅丸证, 当归四逆汤证, 当归四逆加吴茱萸生姜汤证]
候选方证打分：[Wumeiwanzheng(hits=6/6, gap=0, poss=0/0, prio=2), Dangguisinitangzheng(hits=3/4, gap=1, poss=0/0, prio=3), Dangguisinijiawuzhuyushengjiangtangzheng(hits=3/5, gap=2, poss=0/0, prio=3)]
兼夹证：[]
加味药物：[]
配伍禁忌警告：[]

===== 乌头汤证 =====
八纲：{表里=[表证], 寒热=[], 虚实=[实证, 虚证], 阴阳=[阴证], bagangTypes=[表证, 实证, 虚证, 阳证, 阴证]}
六经：太少两感
方证：乌头汤证
推荐方剂：乌头汤
药物组成：[川乌, 甘草, 黄芪, 麻黄, 芍药]
六经列表：[少阴病, 太阳病]
合病标记：太少两感
命中主证：[不可屈伸, 关节疼痛]
命中或然证：[]
候选命中主证：[[不可屈伸, 关节疼痛], [但欲寐]]
候选缺口：[[], [恶寒]]
候选命中或然证：[[], []]
候选方证：[乌头汤证, 麻黄附子甘草汤证]
候选方证打分：[Wutoutangzheng(hits=4/4, gap=0, poss=0/0, prio=2), Mahuangfuzigancaotangzheng(hits=3/4, gap=1, poss=0/0, prio=3)]
兼夹证：[]
加味药物：[]
配伍禁忌警告：[]

===== 大乌头煎证 =====
八纲：{表里=[里证], 寒热=[], 虚实=[实证, 虚证], 阴阳=[阳证], bagangTypes=[里证, 实证, 虚证, 阳证, 阴证]}
六经：阳明太阴合病
方证：大乌头煎证
推荐方剂：大乌头煎加附子
药物组成：[蜜, 乌头, 附子]
六经列表：[太阴病, 阳明病]
合病标记：阳明太阴合病
命中主证：[绕脐寒疝, 绕脐痛, 若发则白汗出, 手足冷]
命中或然证：[]
候选命中主证：[[绕脐寒疝, 绕脐痛, 若发则白汗出, 手足冷], [手足冷], [腹满], [腹满], [腹满], [腹满], [腹满], [手足冷], [腹满], [腹满]]
候选缺口：[[], [沉微脉], [时痛], [按之不痛], [口舌干燥], [潮热, 谵语], [卧起不安, 心烦], [多唾口燥, 气从少腹上冲胸咽], [不渴, 下利], [浮数脉, 发热, 无热恶寒]]
候选命中或然证：[[], [], [], [], [], [], [], [], [], []]
候选方证：[大乌头煎证, 四逆汤证, 桂枝加芍药汤证, 厚朴生姜半夏甘草人参汤证, 己椒苈黄丸证, 小承气汤证, 栀子厚朴汤证, 桂苓五味甘草汤证, 理中汤证, 厚朴七物汤证]
候选方证打分：[Dawutoujianzheng(hits=6/6, gap=0, poss=0/0, prio=1), Sinitangzheng(hits=3/4, gap=1, poss=0/0, prio=1), Guizhijiashaoyaotangzheng(hits=3/4, gap=1, poss=0/0, prio=3), Houposhengjiangbanxiagancaorenshentangzheng(hits=3/4, gap=1, poss=0/0, prio=3), Jijiaolihuangwanzheng(hits=3/4, gap=1, poss=0/0, prio=3), Xiaochengqitangzheng(hits=3/5, gap=2, poss=0/0, prio=2), Zhizihoupotangzheng(hits=3/5, gap=2, poss=0/0, prio=2), Guilingwuweigancaotangzheng(hits=3/5, gap=2, poss=0/0, prio=3), Lizhongtangzheng(hits=3/5, gap=2, poss=0/0, prio=3), Houpoqiwutangzheng(hits=4/7, gap=3, poss=0/0, prio=2)]
兼夹证：[]
加味药物：[附子]
配伍禁忌警告：[]

===== 赤丸证 =====
八纲：{表里=[里证], 寒热=[], 虚实=[虚证], 阴阳=[阴证], bagangTypes=[里证, 虚证, 阴证]}
六经：太阴病
方证：赤丸证
推荐方剂：赤丸加附子
药物组成：[半夏, 茯苓, 乌头, 细辛, 朱砂, 附子]
六经列表：[太阴病]
合病标记：null
命中主证：[寒气厥逆]
命中或然证：[]
候选命中主证：[[寒气厥逆], [腹满], [腹满], [腹满], [腹满], [腹满], [腹满]]
候选缺口：[[], [时痛], [按之不痛], [口舌干燥], [不渴, 下利], [不能饮食, 肌肤甲错, 两目黯黑, 五劳虚极], [唇口干燥, 暮即发热, 少腹里急, 手掌烦热]]
候选命中或然证：[[], [], [], [], [], [], []]
候选方证：[赤丸证, 桂枝加芍药汤证, 厚朴生姜半夏甘草人参汤证, 己椒苈黄丸证, 理中汤证, 大黄蛰虫丸证, 温经汤证]
候选方证打分：[Chiwanzheng(hits=3/3, gap=0, poss=0/0, prio=1), Guizhijiashaoyaotangzheng(hits=3/4, gap=1, poss=0/0, prio=3), Houposhengjiangbanxiagancaorenshentangzheng(hits=3/4, gap=1, poss=0/0, prio=3), Jijiaolihuangwanzheng(hits=3/4, gap=1, poss=0/0, prio=3), Lizhongtangzheng(hits=3/5, gap=2, poss=0/0, prio=3), Dahuangzhechongwanzheng(hits=3/7, gap=4, poss=0/0, prio=2), Wenjingtangzheng(hits=3/7, gap=4, poss=0/0, prio=3)]
兼夹证：[]
加味药物：[附子]
配伍禁忌警告：[十八反：半夏 反 附子]

===== 当归四逆汤证 =====
八纲：{表里=[半表半里], 寒热=[], 虚实=[虚证], 阴阳=[阴证], bagangTypes=[半表半里, 虚证, 阴证]}
六经：厥阴病
方证：当归四逆汤证
推荐方剂：当归四逆汤
药物组成：[当归, 大枣, 甘草, 桂枝, 芍药, 通草, 细辛]
六经列表：[厥阴病]
合病标记：null
命中主证：[手足冷, 细脉]
命中或然证：[]
候选命中主证：[[手足冷, 细脉], [手足冷], [消渴]]
候选缺口：[[], [内有久寒, 呕], [不欲食, 饥, 久利]]
候选命中或然证：[[], [], []]
候选方证：[当归四逆汤证, 当归四逆加吴茱萸生姜汤证, 乌梅丸证]
候选方证打分：[Dangguisinitangzheng(hits=4/4, gap=0, poss=0/0, prio=3), Dangguisinijiawuzhuyushengjiangtangzheng(hits=3/5, gap=2, poss=0/0, prio=3), Wumeiwanzheng(hits=3/6, gap=3, poss=0/0, prio=2)]
兼夹证：[]
加味药物：[]
配伍禁忌警告：[]

===== 当归四逆加吴茱萸生姜汤证 =====
八纲：{表里=[半表半里], 寒热=[], 虚实=[虚证], 阴阳=[阴证], bagangTypes=[半表半里, 虚证, 阴证]}
六经：厥阴病
方证：当归四逆加吴茱萸生姜汤证
推荐方剂：当归四逆加吴茱萸生姜汤加半夏、陈皮、白术、人参、附子
药物组成：[当归, 大枣, 甘草, 桂枝, 芍药, 生姜, 通草, 吴茱萸, 细辛, 半夏, 陈皮, 白术, 人参, 附子]
六经列表：[厥阴病]
合病标记：null
命中主证：[内有久寒, 呕, 手足冷]
命中或然证：[]
候选命中主证：[[内有久寒, 呕, 手足冷], [手足冷, 细脉], [消渴]]
候选缺口：[[], [], [不欲食, 饥, 久利]]
候选命中或然证：[[], [], []]
候选方证：[当归四逆加吴茱萸生姜汤证, 当归四逆汤证, 乌梅丸证]
候选方证打分：[Dangguisinijiawuzhuyushengjiangtangzheng(hits=5/5, gap=0, poss=0/0, prio=3), Dangguisinitangzheng(hits=4/4, gap=0, poss=0/0, prio=3), Wumeiwanzheng(hits=3/6, gap=3, poss=0/0, prio=2)]
兼夹证：[]
加味药物：[半夏, 陈皮, 白术, 人参, 附子]
配伍禁忌警告：[十八反：半夏 反 附子]

===== 当归生姜羊肉汤证 =====
八纲：{表里=[里证], 寒热=[], 虚实=[实证, 虚证], 阴阳=[阳证], bagangTypes=[里证, 实证, 虚证, 阳证, 阴证]}
六经：阳明太阴合病
方证：当归生姜羊肉汤证
推荐方剂：当归生姜羊肉汤加附子
药物组成：[当归, 生姜, 羊肉, 附子]
六经列表：[太阴病, 阳明病]
合病标记：阳明太阴合病
命中主证：[寒疝腹痛, 里急, 胁痛]
命中或然证：[]
候选命中主证：[[寒疝腹痛, 里急, 胁痛], [胁痛], [腹满], [腹满], [里急], [腹满], [紧弦脉], [腹满], [腹满], [腹满]]
候选缺口：[[], [心下痞硬], [时痛], [按之不痛], [虚劳], [口舌干燥], [发热, 胁下偏痛], [潮热, 谵语], [卧起不安, 心烦], [不渴, 下利]]
候选命中或然证：[[], [], [], [], [], [], [], [], [], []]
候选方证：[当归生姜羊肉汤证, 十枣汤证, 桂枝加芍药汤证, 厚朴生姜半夏甘草人参汤证, 黄芪建中汤证, 己椒苈黄丸证, 大黄附子汤证, 小承气汤证, 栀子厚朴汤证, 理中汤证]
候选方证打分：[Dangguishengjiangyangroutangzheng(hits=5/5, gap=0, poss=0/1, prio=3), Shizaotangzheng(hits=3/4, gap=1, poss=0/0, prio=1), Guizhijiashaoyaotangzheng(hits=3/4, gap=1, poss=0/0, prio=3), Houposhengjiangbanxiagancaorenshentangzheng(hits=3/4, gap=1, poss=0/0, prio=3), Huangqijianzhongtangzheng(hits=3/4, gap=1, poss=0/0, prio=3), Jijiaolihuangwanzheng(hits=3/4, gap=1, poss=0/0, prio=3), Dahuangfuzitangzheng(hits=3/5, gap=2, poss=0/0, prio=2), Xiaochengqitangzheng(hits=3/5, gap=2, poss=0/0, prio=2), Zhizihoupotangzheng(hits=3/5, gap=2, poss=0/0, prio=2), Lizhongtangzheng(hits=3/5, gap=2, poss=0/0, prio=3)]
兼夹证：[]
加味药物：[附子]
配伍禁忌警告：[]

===== 白头翁汤证 =====
八纲：{表里=[里证], 寒热=[热证], 虚实=[], 阴阳=[阳证], bagangTypes=[里证, 热证, 阳证]}
六经：阳明病
方证：白头翁汤证
推荐方剂：白头翁汤加白术、干姜、人参、瓜蒌根
药物组成：[白头翁, 黄柏, 黄连, 秦皮, 白术, 干姜, 人参, 瓜蒌根]
六经列表：[阳明病]
合病标记：null
命中主证：[口渴, 里急后重, 下利]
命中或然证：[]
候选命中主证：[[口渴, 里急后重, 下利], [下利], [下利], [下利], [口渴], [下利], [下利], [口渴], [洪脉], [口渴]]
候选缺口：[[], [气上撞心], [虚烦], [呕, 气上撞心], [发热, 小便不利], [沉弦脉, 心下坚, 无热恶寒], [喘, 汗出, 无热恶寒], [口苦, 小便赤, 无热恶寒], [大汗, 大渴, 大热], [呕吐, 头痛, 欲饮, 无热恶寒]]
候选命中或然证：[[], [], [], [], [], [], [], [], [], []]
候选方证：[白头翁汤证, 黄芩汤证, 白头翁加甘草阿胶汤证, 黄芩加半夏生姜汤证, 猪苓汤证, 甘遂半夏汤证, 葛根黄芩黄连汤证, 百合洗方证, 白虎汤证, 文蛤汤证]
候选方证打分：[Baitouwengtangzheng(hits=5/5, gap=0, poss=0/1, prio=3), Huangqintangzheng(hits=4/5, gap=1, poss=0/0, prio=3), Baitouwengjiagancaojiaotangzheng(hits=3/4, gap=1, poss=0/0, prio=3), Huangqinjiabanxiashengjiangtangzheng(hits=4/6, gap=2, poss=0/0, prio=3), Zhulingtangzheng(hits=3/5, gap=2, poss=0/0, prio=2), Gansuibanxiatangzheng(hits=4/7, gap=3, poss=0/0, prio=2), Gegenhuangqinhuangliantangzheng(hits=4/7, gap=3, poss=0/0, prio=2), Baihexifangzheng(hits=4/7, gap=3, poss=0/0, prio=5), Baihutangzheng(hits=3/6, gap=3, poss=0/0, prio=2), Wengetangzheng(hits=4/8, gap=4, poss=0/0, prio=3)]
兼夹证：[]
加味药物：[白术, 干姜, 人参, 瓜蒌根]
配伍禁忌警告：[]
?? 跳过与病例四诊互斥的六经锚点脉象: Hongmai（Yangmingbing）

===== 白头翁加甘草阿胶汤证 =====
八纲：{表里=[里证], 寒热=[], 虚实=[虚证], 阴阳=[阴证], bagangTypes=[里证, 虚证, 阳证, 阴证]}
六经：阳明太阴合病
方证：白头翁加甘草阿胶汤证
推荐方剂：白头翁加甘草阿胶汤去甘草加葱白、白术、干姜、人参、瓜蒌根
药物组成：[白头翁, 阿胶, 黄柏, 黄连, 秦皮, 葱白, 白术, 干姜, 人参, 瓜蒌根]
六经列表：[太阴病, 阳明病]
合病标记：阳明太阴合病
命中主证：[下利, 虚烦]
命中或然证：[]
候选命中主证：[[下利, 虚烦], [虚烦], [微脉, 下利], [口渴, 下利], [下利], [虚烦], [虚烦], [口渴], [下利], [下利]]
候选缺口：[[], [不得眠], [面赤], [里急后重], [气上撞心], [少气], [呕], [呕吐], [下利气], [肺痛]]
候选命中或然证：[[], [], [], [], [], [], [], [], [], []]
候选方证：[白头翁加甘草阿胶汤证, 酸枣仁汤证, 白通汤证, 白头翁汤证, 黄芩汤证, 栀子甘草豉汤证, 栀子生姜豉汤证, 茯苓泽泻汤证, 诃梨勒散证, 紫参汤证]
候选方证打分：[Baitouwengjiagancaojiaotangzheng(hits=4/4, gap=0, poss=0/0, prio=3), Suanzaorentangzheng(hits=5/6, gap=1, poss=0/2, prio=3), Baitongtangzheng(hits=4/5, gap=1, poss=0/0, prio=1), Baitouwengtangzheng(hits=4/5, gap=1, poss=0/1, prio=3), Huangqintangzheng(hits=4/5, gap=1, poss=0/0, prio=3), Zhizigancaochitangzheng(hits=3/4, gap=1, poss=0/0, prio=2), Zhizishengjiangchitangzheng(hits=3/4, gap=1, poss=0/0, prio=2), Fulingzexietangzheng(hits=3/4, gap=1, poss=0/0, prio=3), Helilesanzheng(hits=3/4, gap=1, poss=0/0, prio=3), Zishentangzheng(hits=3/4, gap=1, poss=0/0, prio=3)]
兼夹证：[]
加味药物：[葱白, 白术, 干姜, 人参, 瓜蒌根]
减味药物：[甘草]
配伍禁忌警告：[]

===== 乌梅丸证 =====
八纲：{表里=[半表半里], 寒热=[], 虚实=[虚证], 阴阳=[阴证], bagangTypes=[半表半里, 虚证, 阴证]}
六经：厥阴病
方证：乌梅丸证
推荐方剂：乌梅丸
药物组成：[当归, 附子, 干姜, 桂枝, 黄柏, 黄连, 人参, 蜀椒, 乌梅, 细辛]
六经列表：[厥阴病]
合病标记：null
命中主证：[不欲食, 饥, 食则吐蛔, 消渴, 心中疼热]
命中或然证：[]
候选命中主证：[[不欲食, 饥, 食则吐蛔, 消渴, 心中疼热], [手足冷], [手足冷]]
候选缺口：[[], [细脉], [内有久寒, 呕]]
候选命中或然证：[[], [], []]
候选方证：[乌梅丸证, 当归四逆汤证, 当归四逆加吴茱萸生姜汤证]
候选方证打分：[Wumeiwanzheng(hits=6/6, gap=0, poss=0/0, prio=2), Dangguisinitangzheng(hits=3/4, gap=1, poss=0/0, prio=3), Dangguisinijiawuzhuyushengjiangtangzheng(hits=3/5, gap=2, poss=0/0, prio=3)]
兼夹证：[]
加味药物：[]
配伍禁忌警告：[]

===== 桂枝芍药知母汤证 =====
八纲：{表里=[里证], 寒热=[], 虚实=[虚证], 阴阳=[阴证], bagangTypes=[里证, 虚证, 阳证, 阴证]}
六经：阳明太阴合病
方证：桂枝芍药知母汤证
推荐方剂：桂枝芍药知母汤去白术加人参、瓜蒌根、白术
药物组成：[防风, 附子, 甘草, 桂枝, 麻黄, 芍药, 生姜, 知母, 人参, 瓜蒌根, 白术]
六经列表：[太阴病, 阳明病]
合病标记：阳明太阴合病
命中主证：[脚肿如脱, 身体尪羸, 诸肢节疼痛]
命中或然证：[]
候选命中主证：[[脚肿如脱, 身体尪羸, 诸肢节疼痛], [短气], [口渴], [腹满], [腹满], [腹满], [短气], [沉弦脉], [口渴], [腹满]]
候选缺口：[[], [胸中气塞], [呕吐], [时痛], [按之不痛], [口舌干燥], [胸中气塞], [下利, 心下坚], [口苦, 小便赤], [潮热, 谵语]]
候选命中或然证：[[], [], [], [], [], [], [], [], [], []]
候选方证：[桂枝芍药知母汤证, 茯苓杏仁甘草汤证, 茯苓泽泻汤证, 桂枝加芍药汤证, 厚朴生姜半夏甘草人参汤证, 己椒苈黄丸证, 橘枳姜汤证, 甘遂半夏汤证, 百合洗方证, 小承气汤证]
候选方证打分：[Guizhishaoyaozhimutangzheng(hits=7/7, gap=0, poss=0/0, prio=3), Fulingxingrengancaotangzheng(hits=3/4, gap=1, poss=0/0, prio=3), Fulingzexietangzheng(hits=3/4, gap=1, poss=0/0, prio=3), Guizhijiashaoyaotangzheng(hits=3/4, gap=1, poss=0/0, prio=3), Houposhengjiangbanxiagancaorenshentangzheng(hits=3/4, gap=1, poss=0/0, prio=3), Jijiaolihuangwanzheng(hits=3/4, gap=1, poss=0/0, prio=3), Juzhijiangtangzheng(hits=3/4, gap=1, poss=0/0, prio=3), Gansuibanxiatangzheng(hits=5/7, gap=2, poss=0/0, prio=2), Baihexifangzheng(hits=5/7, gap=2, poss=0/0, prio=5), Xiaochengqitangzheng(hits=3/5, gap=2, poss=0/0, prio=2)]
兼夹证：[]
加味药物：[人参, 瓜蒌根, 白术]
减味药物：[白术]
配伍禁忌警告：[十八反：瓜蒌根 反 附子]
[INFO] Tests run: 13, Failures: 0, Errors: 0, Skipped: 0, Time elapsed: 8.015 s -- in 【厥阴】乌梅丸/当归四逆/吴茱萸/白头翁/麻黄升麻/黄连汤
[INFO] Running 【少阳·阳明】柴胡/白虎/承气/泻心/栀子豉类方证

===== 小柴胡汤证 =====
八纲：{表里=[半表半里], 寒热=[], 虚实=[], 阴阳=[阳证], bagangTypes=[半表半里, 阳证]}
六经：少阳病
方证：小柴胡汤证
推荐方剂：小柴胡汤
药物组成：[半夏, 柴胡, 大枣, 甘草, 黄芩, 人参, 生姜]
六经列表：[少阳病]
合病标记：null
命中主证：[不欲食, 口苦, 嘿嘿, 往来寒热, 心烦, 胸胁苦满, 喜呕]
命中或然证：[]
候选命中主证：[[不欲食, 口苦, 嘿嘿, 往来寒热, 心烦, 胸胁苦满, 喜呕], [口苦, 心烦], [口苦], [心烦], [口苦], [胸胁苦满], [心烦], [往来寒热, 胸胁苦满]]
候选缺口：[[], [小便赤], [小便赤], [不得眠, 沉弦脉, 心下坚], [小便不利, 小便赤], [潮热, 呕, 沉弦脉, 心下坚], [下利, 胸满, 咽痛], [大便硬, 心下急, 郁郁微烦, 沉弦脉, 心下坚]]
候选命中或然证：[[], [], [], [], [], [], [], []]
候选方证：[小柴胡汤证, 百合知母汤证, 百合地黄汤证, 温胆汤证, 滑石代赭汤证, 柴胡加芒硝汤证, 猪肤汤证, 大柴胡汤证]
候选方证打分：[Xiaochaihutangzheng(hits=3/3, gap=0, poss=0/7, prio=3), Baihezhimutangzheng(hits=4/5, gap=1, poss=0/0, prio=5), Baihedihuangtangzheng(hits=3/4, gap=1, poss=0/0, prio=5), Wendantangzheng(hits=4/6, gap=2, poss=0/0, prio=3), Huashidaizhetangzheng(hits=3/5, gap=2, poss=0/0, prio=5), Chaihujiamangxiaotangzheng(hits=4/7, gap=3, poss=0/0, prio=3), Zhufutangzheng(hits=3/6, gap=3, poss=0/0, prio=5), Dachaihutangzheng(hits=5/9, gap=4, poss=0/0, prio=2)]
兼夹证：[]
加味药物：[]
配伍禁忌警告：[]

===== 大柴胡汤证 =====
八纲：{表里=[半表半里, 里证], 寒热=[热证], 虚实=[实证], 阴阳=[阳证], bagangTypes=[半表半里, 里证, 热证, 实证, 阳证]}
六经：少阳阳明合病
方证：大柴胡汤证
推荐方剂：大柴胡汤加减
药物组成：[半夏, 柴胡, 大黄, 大枣, 黄芩, 芍药, 生姜, 枳实]
六经列表：[少阳病, 阳明病]
合病标记：少阳阳明合病
命中主证：[大便硬, 往来寒热, 心下急, 胸胁苦满, 郁郁微烦]
命中或然证：[]
候选命中主证：[[大便硬, 往来寒热, 心下急, 胸胁苦满, 郁郁微烦], [潮热, 腹满, 谵语], [口苦, 往来寒热, 胸胁苦满], [潮热, 胸胁苦满], [腹痛, 往来寒热], [腹痛], [大便硬], [大便硬], [口苦], [潮热, 腹满, 腹痛, 谵语]]
候选缺口：[[], [], [], [呕], [气上冲胸], [不大便], [小便数], [小便自利], [小便赤], [沉实脉, 燥屎]]
候选命中或然证：[[], [], [腹痛], [], [], [], [], [], [], []]
候选方证：[大柴胡汤证, 小承气汤证, 小柴胡汤证, 柴胡加芒硝汤证, 奔豚汤证, 厚朴三物汤证, 麻子仁丸证, 猪胆汁方证, 百合地黄汤证, 大承气汤证]
候选方证打分：[Dachaihutangzheng(hits=9/9, gap=0, poss=0/0, prio=2), Xiaochengqitangzheng(hits=5/5, gap=0, poss=0/0, prio=2), Xiaochaihutangzheng(hits=3/3, gap=0, poss=1/7, prio=3), Chaihujiamangxiaotangzheng(hits=6/7, gap=1, poss=0/0, prio=3), Bentuntangzheng(hits=4/5, gap=1, poss=0/0, prio=3), Houposanwutangzheng(hits=3/4, gap=1, poss=0/0, prio=2), Mazirenwanzheng(hits=3/4, gap=1, poss=0/0, prio=3), Zhudanzhifangzheng(hits=3/4, gap=1, poss=0/0, prio=3), Baihedihuangtangzheng(hits=3/4, gap=1, poss=0/0, prio=5), Dachengqitangzheng(hits=6/8, gap=2, poss=0/0, prio=1)]
兼夹证：[]
加味药物：[]
配伍禁忌警告：[]
?? 病例自身四诊已能自证 Shaoyangbing，跳过该经锚点注入（避免凭空补鉴别点）

===== 柴胡加芒硝汤证 =====
八纲：{表里=[半表半里, 里证], 寒热=[], 虚实=[], 阴阳=[阳证], bagangTypes=[半表半里, 里证, 阳证]}
六经：少阳阳明合病
方证：柴胡加芒硝汤证
推荐方剂：柴胡加芒硝汤加减
药物组成：[半夏, 柴胡, 大枣, 甘草, 黄芩, 芒硝, 人参, 生姜]
六经列表：[少阳病, 阳明病]
合病标记：少阳阳明合病
命中主证：[潮热, 呕, 胸胁苦满]
命中或然证：[]
候选命中主证：[[潮热, 呕, 胸胁苦满], [呕, 下利], [下利], [口苦, 往来寒热, 胸胁苦满], [口渴, 下利], [呕], [下利], [口渴], [口苦], [往来寒热, 下利, 胸胁苦满]]
候选缺口：[[], [], [], [], [里急后重], [虚烦], [虚烦], [发则寒热], [小便赤], [心下急, 郁郁微烦]]
候选命中或然证：[[], [], [], [口渴], [], [], [], [], [], []]
候选方证：[柴胡加芒硝汤证, 黄芩加半夏生姜汤证, 黄芩汤证, 小柴胡汤证, 白头翁汤证, 栀子生姜豉汤证, 白头翁加甘草阿胶汤证, 柴胡去半夏加栝楼汤证, 百合地黄汤证, 大柴胡汤证]
候选方证打分：[Chaihujiamangxiaotangzheng(hits=7/7, gap=0, poss=0/0, prio=3), Huangqinjiabanxiashengjiangtangzheng(hits=6/6, gap=0, poss=0/0, prio=3), Huangqintangzheng(hits=5/5, gap=0, poss=0/0, prio=3), Xiaochaihutangzheng(hits=3/3, gap=0, poss=1/7, prio=3), Baitouwengtangzheng(hits=4/5, gap=1, poss=0/1, prio=3), Zhizishengjiangchitangzheng(hits=3/4, gap=1, poss=0/0, prio=2), Baitouwengjiagancaojiaotangzheng(hits=3/4, gap=1, poss=0/0, prio=3), Chaihuqubanxiajiagualoutangzheng(hits=3/4, gap=1, poss=0/0, prio=3), Baihedihuangtangzheng(hits=3/4, gap=1, poss=0/0, prio=5), Dachaihutangzheng(hits=7/9, gap=2, poss=0/0, prio=2)]
兼夹证：[]
加味药物：[]
配伍禁忌警告：[]
?? 病例自身四诊已能自证 Shaoyangbing，跳过该经锚点注入（避免凭空补鉴别点）

===== 柴胡加龙骨牡蛎汤证 =====
八纲：{表里=[半表半里, 里证], 寒热=[热证], 虚实=[实证], 阴阳=[阳证], bagangTypes=[半表半里, 里证, 热证, 实证, 阳证]}
六经：少阳阳明合病
方证：柴胡加龙骨牡蛎汤证
推荐方剂：柴胡加龙骨牡蛎汤加减
药物组成：[半夏, 柴胡, 大黄, 大枣, 茯苓, 桂枝, 黄芩, 龙骨, 牡蛎, 铅丹, 人参, 生姜]
六经列表：[少阳病, 阳明病]
合病标记：少阳阳明合病
命中主证：[烦躁, 小便不利, 胸满, 谵语]
命中或然证：[]
候选命中主证：[[烦躁, 小便不利, 胸满, 谵语], [口苦, 往来寒热, 胸胁苦满], [小便不利], [小便不利], [小便不利], [潮热, 胸胁苦满], [潮热, 谵语], [口渴, 小便不利], [口苦, 小便不利], [小便不利]]
候选缺口：[[], [], [], [], [], [呕], [腹满], [发热], [小便赤], [身黄]]
候选命中或然证：[[], [口渴], [], [], [], [], [], [], [], []]
候选方证：[柴胡加龙骨牡蛎汤证, 小柴胡汤证, 茯苓戎盐汤证, 滑石白鱼散证, 蒲灰散证, 柴胡加芒硝汤证, 小承气汤证, 猪苓汤证, 滑石代赭汤证, 茵陈蒿汤证]
候选方证打分：[Chaihujialonggumulitangzheng(hits=8/8, gap=0, poss=0/0, prio=2), Xiaochaihutangzheng(hits=3/3, gap=0, poss=1/7, prio=3), Fulingrongyantangzheng(hits=3/3, gap=0, poss=0/0, prio=3), Huashibaiyusanzheng(hits=3/3, gap=0, poss=0/0, prio=3), Puhuisanzheng(hits=3/3, gap=0, poss=0/0, prio=3), Chaihujiamangxiaotangzheng(hits=6/7, gap=1, poss=0/0, prio=3), Xiaochengqitangzheng(hits=4/5, gap=1, poss=0/0, prio=2), Zhulingtangzheng(hits=4/5, gap=1, poss=0/0, prio=2), Huashidaizhetangzheng(hits=4/5, gap=1, poss=0/0, prio=5), Yinchenhaotangzheng(hits=3/4, gap=1, poss=0/0, prio=2)]
兼夹证：[]
加味药物：[]
配伍禁忌警告：[]

===== 柴胡桂枝干姜汤证（少阳太阴合病） =====
八纲：{表里=[半表半里, 里证], 寒热=[], 虚实=[虚证], 阴阳=[阴证], bagangTypes=[半表半里, 里证, 虚证, 阳证, 阴证]}
六经：少阳太阴合病
方证：柴胡桂枝干姜汤证
推荐方剂：柴胡桂枝干姜汤去白术加白术、茯苓、附子、人参
药物组成：[柴胡, 甘草, 干姜, 瓜蒌根, 桂枝, 黄芩, 牡蛎, 茯苓, 附子, 人参]
六经列表：[少阳病, 太阴病]
合病标记：少阳太阴合病
命中主证：[但头汗出, 口渴, 小便不利]
命中或然证：[]
候选命中主证：[[但头汗出, 口渴, 小便不利], [口苦, 往来寒热, 心烦, 胸胁苦满], [小便不利], [小便不利], [小便不利], [口渴, 口苦], [心烦], [口渴, 小便不利], [口苦, 心烦], [口苦, 小便不利]]
候选缺口：[[], [], [], [], [], [小便赤], [不得眠], [沉脉], [小便赤], [小便赤]]
候选命中或然证：[[], [口渴], [], [], [], [], [], [], [], []]
候选方证：[柴胡桂枝干姜汤证, 小柴胡汤证, 茯苓戎盐汤证, 滑石白鱼散证, 蒲灰散证, 百合洗方证, 温胆汤证, 栝楼瞿麦丸证, 百合知母汤证, 滑石代赭汤证]
候选方证打分：[Chaihuguizhiganjiangtangzheng(hits=5/5, gap=0, poss=0/0, prio=3), Xiaochaihutangzheng(hits=3/3, gap=0, poss=1/7, prio=3), Fulingrongyantangzheng(hits=3/3, gap=0, poss=0/0, prio=3), Huashibaiyusanzheng(hits=3/3, gap=0, poss=0/0, prio=3), Puhuisanzheng(hits=3/3, gap=0, poss=0/0, prio=3), Baihexifangzheng(hits=6/7, gap=1, poss=0/0, prio=5), Wendantangzheng(hits=5/6, gap=1, poss=0/0, prio=3), Gualouqumaiwanzheng(hits=4/5, gap=1, poss=0/0, prio=3), Baihezhimutangzheng(hits=4/5, gap=1, poss=0/0, prio=5), Huashidaizhetangzheng(hits=4/5, gap=1, poss=0/0, prio=5)]
兼夹证：[]
加味药物：[白术, 茯苓, 附子, 人参]
减味药物：[白术]
配伍禁忌警告：[十八反：瓜蒌根 反 附子]

===== 柴胡去半夏加栝蒌汤证 =====
八纲：{表里=[半表半里], 寒热=[], 虚实=[], 阴阳=[阳证], bagangTypes=[半表半里, 阳证]}
六经：少阳病
方证：柴胡去半夏加栝楼汤证
推荐方剂：柴胡去半夏加栝楼汤加白术
药物组成：[柴胡, 大枣, 甘草, 瓜蒌根, 黄芩, 人参, 生姜, 白术]
六经列表：[少阳病]
合病标记：null
命中主证：[口渴, 如疟状]
命中或然证：[]
候选命中主证：[[口渴, 如疟状], [往来寒热, 胸胁苦满], [胸胁苦满], [往来寒热, 胸胁苦满]]
候选缺口：[[], [], [潮热, 呕, 大脉], [大便硬, 心下急, 郁郁微烦, 大脉]]
候选命中或然证：[[], [口渴], [], []]
候选方证：[柴胡去半夏加栝楼汤证, 小柴胡汤证, 柴胡加芒硝汤证, 大柴胡汤证]
候选方证打分：[Chaihuqubanxiajiagualoutangzheng(hits=4/4, gap=0, poss=0/0, prio=3), Xiaochaihutangzheng(hits=3/3, gap=0, poss=1/7, prio=3), Chaihujiamangxiaotangzheng(hits=4/7, gap=3, poss=0/0, prio=3), Dachaihutangzheng(hits=5/9, gap=4, poss=0/0, prio=2)]
兼夹证：[]
加味药物：[白术]
配伍禁忌警告：[]
?? 病例自身四诊已能自证 Yangmingbing，跳过该经锚点注入（避免凭空补鉴别点）

===== 柴胡白虎汤证（三阳合病） =====
八纲：{表里=[半表半里, 表证, 里证], 寒热=[热证], 虚实=[实证], 阴阳=[阳证], bagangTypes=[半表半里, 表证, 里证, 热证, 实证, 阳证]}
六经：三阳合病
方证：柴胡白虎汤证
推荐方剂：柴胡白虎汤去半夏加附子、瓜蒌根、白术
药物组成：[柴胡, 大枣, 甘草, 黄芩, 人参, 生姜, 石膏, 知母, 附子, 瓜蒌根, 白术]
六经列表：[少阳病, 太阳病, 阳明病]
合病标记：三阳合病
命中主证：[大汗, 恶寒, 发热, 口渴, 往来寒热, 胸胁苦满]
命中或然证：[]
候选命中主证：[[大汗, 恶寒, 发热, 口渴, 往来寒热, 胸胁苦满], [口苦, 往来寒热, 胸胁苦满], [发热, 腹满], [恶寒, 发热], [发热], [腹满, 谵语], [发热, 口渴], [恶寒], [发热], [口渴]]
候选缺口：[[], [], [浮数脉], [身黄], [微呕], [潮热], [小便不利], [胸满], [身黄], [发则寒热]]
候选命中或然证：[[], [口渴], [], [], [], [], [], [], [], []]
候选方证：[柴胡白虎汤证, 小柴胡汤证, 厚朴七物汤证, 麻黄连翘赤小豆汤证, 柴胡桂枝汤证, 小承气汤证, 猪苓汤证, 桂枝去芍药加附子汤证, 栀子柏皮汤证, 柴胡去半夏加栝楼汤证]
候选方证打分：[Chaihubaihutangzheng(hits=8/8, gap=0, poss=0/0, prio=2), Xiaochaihutangzheng(hits=3/3, gap=0, poss=1/7, prio=3), Houpoqiwutangzheng(hits=6/7, gap=1, poss=0/0, prio=2), Mahuanglianqiaochixiaodoutangzheng(hits=6/7, gap=1, poss=0/0, prio=3), Chaihuguizhitangzheng(hits=5/6, gap=1, poss=0/0, prio=3), Xiaochengqitangzheng(hits=4/5, gap=1, poss=0/0, prio=2), Zhulingtangzheng(hits=4/5, gap=1, poss=0/0, prio=2), Guizhiqushaoyaojiafuzitangzheng(hits=3/4, gap=1, poss=0/0, prio=2), Zhizibaipitangzheng(hits=3/4, gap=1, poss=0/0, prio=2), Chaihuqubanxiajiagualoutangzheng(hits=3/4, gap=1, poss=0/0, prio=3)]
兼夹证：[]
加味药物：[附子, 瓜蒌根, 白术]
减味药物：[半夏]
配伍禁忌警告：[十八反：瓜蒌根 反 附子]

===== 小柴胡汤证夹瘀血 =====
八纲：{表里=[半表半里], 寒热=[], 虚实=[虚证], 阴阳=[阴证], bagangTypes=[半表半里, 虚证, 阳证, 阴证]}
六经：少阳厥阴合病
方证：小柴胡汤证
推荐方剂：小柴胡汤
药物组成：[半夏, 柴胡, 大枣, 甘草, 黄芩, 人参, 生姜]
六经列表：[厥阴病, 少阳病]
合病标记：少阳厥阴合病
命中主证：[口苦, 往来寒热, 胸胁苦满]
命中或然证：[]
候选命中主证：[[口苦, 往来寒热, 胸胁苦满], [口苦], [口苦], [口苦], [胸胁苦满], [胸满], [往来寒热, 胸胁苦满], [胸满]]
候选缺口：[[], [小便赤], [小便赤, 心烦], [小便不利, 小便赤], [潮热, 呕, 沉弦脉, 心下坚], [下利, 心烦, 咽痛], [大便硬, 心下急, 郁郁微烦, 沉弦脉, 心下坚], [烦躁, 小便不利, 谵语, 沉弦脉, 心下坚]]
候选命中或然证：[[], [], [], [], [], [], [], []]
候选方证：[小柴胡汤证, 百合地黄汤证, 百合知母汤证, 滑石代赭汤证, 柴胡加芒硝汤证, 猪肤汤证, 大柴胡汤证, 柴胡加龙骨牡蛎汤证]
候选方证打分：[Xiaochaihutangzheng(hits=3/3, gap=0, poss=0/7, prio=3), Baihedihuangtangzheng(hits=3/4, gap=1, poss=0/0, prio=5), Baihezhimutangzheng(hits=3/5, gap=2, poss=0/0, prio=5), Huashidaizhetangzheng(hits=3/5, gap=2, poss=0/0, prio=5), Chaihujiamangxiaotangzheng(hits=4/7, gap=3, poss=0/0, prio=3), Zhufutangzheng(hits=3/6, gap=3, poss=0/0, prio=5), Dachaihutangzheng(hits=5/9, gap=4, poss=0/0, prio=2), Chaihujialonggumulitangzheng(hits=4/8, gap=4, poss=0/0, prio=2)]
兼夹证：[瘀血证]
加味药物：[桃仁, 丹参]
配伍禁忌警告：[]

===== 小柴胡汤证夹痰饮 =====
八纲：{表里=[半表半里], 寒热=[], 虚实=[], 阴阳=[阳证], bagangTypes=[半表半里, 阳证]}
六经：少阳病
方证：小柴胡汤证
推荐方剂：小柴胡汤
药物组成：[半夏, 柴胡, 大枣, 甘草, 黄芩, 人参, 生姜]
六经列表：[少阳病]
合病标记：null
命中主证：[口苦, 往来寒热, 胸胁苦满]
命中或然证：[]
候选命中主证：[[口苦, 往来寒热, 胸胁苦满], [口苦], [口苦], [口苦], [胸胁苦满], [往来寒热, 胸胁苦满]]
候选缺口：[[], [小便赤], [小便赤, 心烦], [小便不利, 小便赤], [潮热, 呕, 心下坚], [大便硬, 心下急, 郁郁微烦, 心下坚]]
候选命中或然证：[[], [], [], [], [], []]
候选方证：[小柴胡汤证, 百合地黄汤证, 百合知母汤证, 滑石代赭汤证, 柴胡加芒硝汤证, 大柴胡汤证]
候选方证打分：[Xiaochaihutangzheng(hits=3/3, gap=0, poss=0/7, prio=3), Baihedihuangtangzheng(hits=3/4, gap=1, poss=0/0, prio=5), Baihezhimutangzheng(hits=3/5, gap=2, poss=0/0, prio=5), Huashidaizhetangzheng(hits=3/5, gap=2, poss=0/0, prio=5), Chaihujiamangxiaotangzheng(hits=4/7, gap=3, poss=0/0, prio=3), Dachaihutangzheng(hits=5/9, gap=4, poss=0/0, prio=2)]
兼夹证：[痰饮证]
加味药物：[半夏, 茯苓]
配伍禁忌警告：[]

===== 大柴胡汤证夹痰饮 =====
八纲：{表里=[半表半里, 里证], 寒热=[], 虚实=[], 阴阳=[阳证], bagangTypes=[半表半里, 里证, 阳证]}
六经：少阳阳明合病
方证：大柴胡汤证
推荐方剂：大柴胡汤加减
药物组成：[半夏, 柴胡, 大黄, 大枣, 黄芩, 芍药, 生姜, 枳实]
六经列表：[少阳病, 阳明病]
合病标记：少阳阳明合病
命中主证：[大便硬, 往来寒热, 心下急, 胸胁苦满, 郁郁微烦]
命中或然证：[]
候选命中主证：[[大便硬, 往来寒热, 心下急, 胸胁苦满, 郁郁微烦], [往来寒热, 胸胁苦满], [大便硬], [大便硬], [胸胁苦满], [心悸], [往来寒热], [大便硬], [沉弦脉], [往来寒热, 胸胁苦满]]
候选缺口：[[], [], [小便数], [小便自利], [潮热, 呕], [结代脉, 无热恶寒], [腹痛, 气上冲胸], [小便自利, 自汗], [下利, 心下坚, 无热恶寒], [大汗, 恶寒, 发热, 口渴]]
候选命中或然证：[[], [], [], [], [], [], [], [], [], []]
候选方证：[大柴胡汤证, 小柴胡汤证, 麻子仁丸证, 猪胆汁方证, 柴胡加芒硝汤证, 炙甘草汤证, 奔豚汤证, 蜜煎导方证, 甘遂半夏汤证, 柴胡白虎汤证]
候选方证打分：[Dachaihutangzheng(hits=9/9, gap=0, poss=0/0, prio=2), Xiaochaihutangzheng(hits=3/3, gap=0, poss=0/7, prio=3), Mazirenwanzheng(hits=3/4, gap=1, poss=0/0, prio=3), Zhudanzhifangzheng(hits=3/4, gap=1, poss=0/0, prio=3), Chaihujiamangxiaotangzheng(hits=5/7, gap=2, poss=0/0, prio=3), Zhigancaotangzheng(hits=4/6, gap=2, poss=0/0, prio=2), Bentuntangzheng(hits=3/5, gap=2, poss=0/0, prio=3), Mijiandaofangzheng(hits=3/5, gap=2, poss=0/0, prio=3), Gansuibanxiatangzheng(hits=4/7, gap=3, poss=0/0, prio=2), Chaihubaihutangzheng(hits=4/8, gap=4, poss=0/0, prio=2)]
兼夹证：[痰饮证]
加味药物：[半夏, 茯苓]
配伍禁忌警告：[]

===== 小柴胡汤证夹气郁 =====
八纲：{表里=[半表半里], 寒热=[], 虚实=[], 阴阳=[阳证], bagangTypes=[半表半里, 阳证]}
六经：少阳病
方证：小柴胡汤证
推荐方剂：小柴胡汤
药物组成：[半夏, 柴胡, 大枣, 甘草, 黄芩, 人参, 生姜]
六经列表：[少阳病]
合病标记：null
命中主证：[不欲食, 口苦, 嘿嘿, 往来寒热, 心烦, 胸胁苦满, 喜呕]
命中或然证：[]
候选命中主证：[[不欲食, 口苦, 嘿嘿, 往来寒热, 心烦, 胸胁苦满, 喜呕], [口苦, 心烦], [口苦], [心烦], [口苦], [胸胁苦满], [心烦], [往来寒热, 胸胁苦满]]
候选缺口：[[], [小便赤], [小便赤], [不得眠, 沉弦脉, 心下坚], [小便不利, 小便赤], [潮热, 呕, 沉弦脉, 心下坚], [下利, 胸满, 咽痛], [大便硬, 心下急, 郁郁微烦, 沉弦脉, 心下坚]]
候选命中或然证：[[], [], [], [], [], [], [], []]
候选方证：[小柴胡汤证, 百合知母汤证, 百合地黄汤证, 温胆汤证, 滑石代赭汤证, 柴胡加芒硝汤证, 猪肤汤证, 大柴胡汤证]
候选方证打分：[Xiaochaihutangzheng(hits=3/3, gap=0, poss=0/7, prio=3), Baihezhimutangzheng(hits=4/5, gap=1, poss=0/0, prio=5), Baihedihuangtangzheng(hits=3/4, gap=1, poss=0/0, prio=5), Wendantangzheng(hits=4/6, gap=2, poss=0/0, prio=3), Huashidaizhetangzheng(hits=3/5, gap=2, poss=0/0, prio=5), Chaihujiamangxiaotangzheng(hits=4/7, gap=3, poss=0/0, prio=3), Zhufutangzheng(hits=3/6, gap=3, poss=0/0, prio=5), Dachaihutangzheng(hits=5/9, gap=4, poss=0/0, prio=2)]
兼夹证：[气郁证]
加味药物：[香附, 郁金]
配伍禁忌警告：[]

===== 白虎汤证 =====
八纲：{表里=[里证], 寒热=[], 虚实=[], 阴阳=[阳证], bagangTypes=[里证, 阳证]}
六经：阳明病
方证：白虎汤证
推荐方剂：白虎汤加人参、瓜蒌根、白术
药物组成：[甘草, 粳米, 石膏, 知母, 人参, 瓜蒌根, 白术]
六经列表：[阳明病]
合病标记：null
命中主证：[大汗, 大渴, 大热, 洪脉]
命中或然证：[]
候选命中主证：[[大汗, 大渴, 大热, 洪脉], [大汗, 大渴, 大热], [大汗, 大渴, 但热不寒, 大热], [口渴], [口渴], [大渴, 口渴], [口渴], [大汗, 口渴], [口渴], []]
候选缺口：[[], [口舌干燥], [骨节疼烦, 无热恶寒], [发热, 小便不利], [里急后重, 下利], [口苦, 小便赤, 无热恶寒], [口苦, 小便赤, 无热恶寒], [恶寒, 发热, 往来寒热, 胸胁苦满], [呕吐, 头痛, 欲饮, 无热恶寒], [喘, 汗出]]
候选命中或然证：[[], [], [], [], [], [], [], [], [], [口渴]]
候选方证：[白虎汤证, 白虎加人参汤证, 白虎加桂枝汤证, 猪苓汤证, 白头翁汤证, 栝楼牡蛎散证, 百合洗方证, 柴胡白虎汤证, 文蛤汤证, 麻杏石甘汤证]
候选方证打分：[Baihutangzheng(hits=6/6, gap=0, poss=0/0, prio=2), Baihujiarenshentangzheng(hits=5/6, gap=1, poss=0/0, prio=2), Baihujiaguizhitangzheng(hits=7/9, gap=2, poss=0/0, prio=3), Zhulingtangzheng(hits=3/5, gap=2, poss=0/0, prio=2), Baitouwengtangzheng(hits=3/5, gap=2, poss=0/1, prio=3), Gualoumulisanzheng(hits=5/8, gap=3, poss=0/0, prio=5), Baihexifangzheng(hits=4/7, gap=3, poss=0/0, prio=5), Chaihubaihutangzheng(hits=4/8, gap=4, poss=0/0, prio=2), Wengetangzheng(hits=4/8, gap=4, poss=0/0, prio=3), Maxingshigantangzheng(hits=2/4, gap=2, poss=1/2, prio=3)]
兼夹证：[]
加味药物：[人参, 瓜蒌根, 白术]
配伍禁忌警告：[]
?? 病例自身四诊已能自证 Yangmingbing，跳过该经锚点注入（避免凭空补鉴别点）

===== 白虎加人参汤证 =====
八纲：{表里=[里证], 寒热=[], 虚实=[], 阴阳=[阳证], bagangTypes=[里证, 阳证]}
六经：阳明病
方证：白虎加人参汤证
推荐方剂：白虎加人参汤
药物组成：[甘草, 粳米, 人参, 石膏, 知母]
六经列表：[阳明病]
合病标记：null
命中主证：[大汗, 大渴, 大热, 口舌干燥]
命中或然证：[]
候选命中主证：[[大汗, 大渴, 大热, 口舌干燥], [大汗, 大渴, 大热, 洪脉], [大汗, 大渴, 大热], [大渴], [大汗]]
候选缺口：[[], [], [但热不寒, 骨节疼烦, 无热恶寒], [口渴, 口苦, 小便赤, 无热恶寒], [恶寒, 发热, 口渴, 往来寒热, 胸胁苦满]]
候选命中或然证：[[], [], [], [], []]
候选方证：[白虎加人参汤证, 白虎汤证, 白虎加桂枝汤证, 栝楼牡蛎散证, 柴胡白虎汤证]
候选方证打分：[Baihujiarenshentangzheng(hits=6/6, gap=0, poss=0/0, prio=2), Baihutangzheng(hits=6/6, gap=0, poss=0/0, prio=2), Baihujiaguizhitangzheng(hits=6/9, gap=3, poss=0/0, prio=3), Gualoumulisanzheng(hits=4/8, gap=4, poss=0/0, prio=5), Chaihubaihutangzheng(hits=3/8, gap=5, poss=0/0, prio=2)]
兼夹证：[]
加味药物：[]
配伍禁忌警告：[]

===== 白虎加桂枝汤证 =====
八纲：{表里=[表证, 里证], 寒热=[热证], 虚实=[], 阴阳=[阳证], bagangTypes=[表证, 里证, 热证, 阳证]}
六经：太阳阳明合病
方证：白虎加桂枝汤证
推荐方剂：白虎加桂枝汤加附子、人参、瓜蒌根、白术
药物组成：[甘草, 桂枝, 粳米, 石膏, 知母, 附子, 人参, 瓜蒌根, 白术]
六经列表：[太阳病, 阳明病]
合病标记：太阳阳明合病
命中主证：[大汗, 大渴, 但热不寒, 大热, 骨节疼烦]
命中或然证：[]
候选命中主证：[[大汗, 大渴, 但热不寒, 大热, 骨节疼烦], [大汗, 大渴, 大热, 洪脉], [大汗, 大渴, 大热], [恶寒], [恶寒], [浮脉], [恶寒], [骨节疼烦], [浮脉], [浮脉, 口渴]]
候选缺口：[[], [], [口舌干燥], [胸满], [身疼烦], [水之为病], [发热, 身黄], [微呕, 气上撞心], [咳嗽, 无热恶寒], [水入则吐, 小便不利]]
候选命中或然证：[[], [], [], [], [], [], [], [], [], []]
候选方证：[白虎加桂枝汤证, 白虎汤证, 白虎加人参汤证, 桂枝去芍药加附子汤证, 麻黄加术汤证, 杏子汤证, 麻黄连翘赤小豆汤证, 柴胡桂枝汤证, 厚朴麻黄汤证, 五苓散证]
候选方证打分：[Baihujiaguizhitangzheng(hits=9/9, gap=0, poss=0/0, prio=3), Baihutangzheng(hits=6/6, gap=0, poss=0/0, prio=2), Baihujiarenshentangzheng(hits=5/6, gap=1, poss=0/0, prio=2), Guizhiqushaoyaojiafuzitangzheng(hits=3/4, gap=1, poss=0/0, prio=2), Mahuangjiazhutangzheng(hits=3/4, gap=1, poss=0/0, prio=3), Xingzitangzheng(hits=3/4, gap=1, poss=0/0, prio=3), Mahuanglianqiaochixiaodoutangzheng(hits=5/7, gap=2, poss=0/0, prio=3), Chaihuguizhitangzheng(hits=4/6, gap=2, poss=0/0, prio=3), Houpomahuangtangzheng(hits=4/6, gap=2, poss=0/4, prio=3), Wulingsanzheng(hits=4/6, gap=2, poss=0/0, prio=3)]
兼夹证：[]
加味药物：[附子, 人参, 瓜蒌根, 白术]
配伍禁忌警告：[十八反：瓜蒌根 反 附子]

===== 白虎汤证（三阳合病） =====
八纲：{表里=[半表半里, 表证, 里证], 寒热=[热证], 虚实=[], 阴阳=[阳证], bagangTypes=[半表半里, 表证, 里证, 热证, 阳证]}
六经：三阳合病
方证：白虎汤证
推荐方剂：白虎汤加附子、人参、瓜蒌根、白术
药物组成：[甘草, 粳米, 石膏, 知母, 附子, 人参, 瓜蒌根, 白术]
六经列表：[少阳病, 太阳病, 阳明病]
合病标记：三阳合病
命中主证：[大汗, 大渴, 大热, 洪脉]
命中或然证：[]
候选命中主证：[[大汗, 大渴, 大热, 洪脉], [往来寒热, 胸胁苦满], [大汗, 大渴, 大热], [口渴], [恶风], [浮脉], [大汗, 大渴, 大热], [大汗, 口渴, 往来寒热, 胸胁苦满], [胸胁苦满], [恶风]]
候选缺口：[[], [], [口舌干燥], [发则寒热], [头痛], [水之为病], [但热不寒, 骨节疼烦], [恶寒, 发热], [潮热, 呕], [无汗, 项强]]
候选命中或然证：[[], [口渴], [], [], [], [], [], [], [], []]
候选方证：[白虎汤证, 小柴胡汤证, 白虎加人参汤证, 柴胡去半夏加栝楼汤证, 头风摩散证, 杏子汤证, 白虎加桂枝汤证, 柴胡白虎汤证, 柴胡加芒硝汤证, 葛根汤证]
候选方证打分：[Baihutangzheng(hits=6/6, gap=0, poss=0/0, prio=2), Xiaochaihutangzheng(hits=3/3, gap=0, poss=1/7, prio=3), Baihujiarenshentangzheng(hits=5/6, gap=1, poss=0/0, prio=2), Chaihuqubanxiajiagualoutangzheng(hits=3/4, gap=1, poss=0/0, prio=3), Toufengmosanzheng(hits=3/4, gap=1, poss=0/0, prio=3), Xingzitangzheng(hits=3/4, gap=1, poss=0/0, prio=3), Baihujiaguizhitangzheng(hits=7/9, gap=2, poss=0/0, prio=3), Chaihubaihutangzheng(hits=6/8, gap=2, poss=0/0, prio=2), Chaihujiamangxiaotangzheng(hits=5/7, gap=2, poss=0/0, prio=3), Gegentangzheng(hits=5/7, gap=2, poss=0/2, prio=3)]
兼夹证：[]
加味药物：[附子, 人参, 瓜蒌根, 白术]
配伍禁忌警告：[十八反：瓜蒌根 反 附子]

===== 竹叶石膏汤证 =====
八纲：{表里=[里证], 寒热=[热证], 虚实=[虚证], 阴阳=[阳证], bagangTypes=[里证, 热证, 虚证, 阳证, 阴证]}
六经：阳明太阴合病
方证：竹叶石膏汤证
推荐方剂：竹叶石膏汤去半夏加瓜蒌根、白术
药物组成：[甘草, 粳米, 麦门冬, 人参, 石膏, 竹叶, 瓜蒌根, 白术]
六经列表：[太阴病, 阳明病]
合病标记：阳明太阴合病
命中主证：[少气, 虚羸, 欲吐]
命中或然证：[]
候选命中主证：[[少气, 虚羸, 欲吐], [少气], [口渴], [口渴], [大热, 洪脉], [口渴], [口渴], [口渴], [口渴], [大热]]
候选缺口：[[], [虚烦], [呕吐], [口苦, 小便赤], [大汗, 大渴], [发热, 小便不利], [沉脉, 小便不利], [里急后重, 下利], [大渴, 口苦, 小便赤], [大汗, 大渴, 口舌干燥]]
候选命中或然证：[[], [], [], [], [], [], [], [], [], []]
候选方证：[竹叶石膏汤证, 栀子甘草豉汤证, 茯苓泽泻汤证, 百合洗方证, 白虎汤证, 猪苓汤证, 栝楼瞿麦丸证, 白头翁汤证, 栝楼牡蛎散证, 白虎加人参汤证]
候选方证打分：[Zhuyeshigaotangzheng(hits=5/5, gap=0, poss=0/0, prio=3), Zhizigancaochitangzheng(hits=3/4, gap=1, poss=0/0, prio=2), Fulingzexietangzheng(hits=3/4, gap=1, poss=0/0, prio=3), Baihexifangzheng(hits=5/7, gap=2, poss=0/0, prio=5), Baihutangzheng(hits=4/6, gap=2, poss=0/0, prio=2), Zhulingtangzheng(hits=3/5, gap=2, poss=0/0, prio=2), Gualouqumaiwanzheng(hits=3/5, gap=2, poss=0/0, prio=3), Baitouwengtangzheng(hits=3/5, gap=2, poss=0/1, prio=3), Gualoumulisanzheng(hits=5/8, gap=3, poss=0/0, prio=5), Baihujiarenshentangzheng(hits=3/6, gap=3, poss=0/0, prio=2)]
兼夹证：[]
加味药物：[瓜蒌根, 白术]
减味药物：[半夏]
配伍禁忌警告：[]

===== 大承气汤证 =====
八纲：{表里=[里证], 寒热=[热证], 虚实=[实证], 阴阳=[阳证], bagangTypes=[里证, 热证, 实证, 阳证]}
六经：阳明病
方证：大承气汤证
推荐方剂：大承气汤去白术加芍药、人参、白术、附子、瓜蒌根
药物组成：[大黄, 厚朴, 芒硝, 枳实, 芍药, 人参, 附子, 瓜蒌根]
六经列表：[阳明病]
合病标记：null
命中主证：[潮热, 沉实脉, 腹满, 腹痛, 燥屎, 谵语]
命中或然证：[]
候选命中主证：[[潮热, 沉实脉, 腹满, 腹痛, 燥屎, 谵语], [潮热, 腹满, 谵语], [腹痛], [腹痛], [腹满], [口渴], [腹痛], [口渴], [腹满], [腹痛]]
候选缺口：[[], [], [不大便], [酒黄疸, 心中懊憹], [卧起不安, 心烦], [发热, 小便不利], [气上冲胸, 往来寒热], [里急后重, 下利], [浮数脉, 发热, 无热恶寒], [胸中有热, 欲呕, 无热恶寒]]
候选命中或然证：[[], [], [], [], [], [], [], [], [], []]
候选方证：[大承气汤证, 小承气汤证, 厚朴三物汤证, 栀子大黄汤证, 栀子厚朴汤证, 猪苓汤证, 奔豚汤证, 白头翁汤证, 厚朴七物汤证, 黄连汤证]
候选方证打分：[Dachengqitangzheng(hits=8/8, gap=0, poss=0/0, prio=1), Xiaochengqitangzheng(hits=5/5, gap=0, poss=0/0, prio=2), Houposanwutangzheng(hits=3/4, gap=1, poss=0/0, prio=2), Zhizidahuangtangzheng(hits=3/5, gap=2, poss=0/0, prio=2), Zhizihoupotangzheng(hits=3/5, gap=2, poss=0/0, prio=2), Zhulingtangzheng(hits=3/5, gap=2, poss=0/0, prio=2), Bentuntangzheng(hits=3/5, gap=2, poss=0/0, prio=3), Baitouwengtangzheng(hits=3/5, gap=2, poss=0/1, prio=3), Houpoqiwutangzheng(hits=4/7, gap=3, poss=0/0, prio=2), Huangliantangzheng(hits=4/7, gap=3, poss=0/0, prio=2)]
兼夹证：[]
加味药物：[芍药, 人参, 白术, 附子, 瓜蒌根]
减味药物：[白术]
配伍禁忌警告：[十八反：瓜蒌根 反 附子]

===== 小承气汤证 =====
八纲：{表里=[里证], 寒热=[热证], 虚实=[实证], 阴阳=[阳证], bagangTypes=[里证, 热证, 实证, 阳证]}
六经：阳明病
方证：小承气汤证
推荐方剂：小承气汤加附子、人参、瓜蒌根、白术
药物组成：[大黄, 厚朴, 枳实, 附子, 人参, 瓜蒌根, 白术]
六经列表：[阳明病]
合病标记：null
命中主证：[潮热, 腹满, 谵语]
命中或然证：[]
候选命中主证：[[潮热, 腹满, 谵语], [腹满], [口渴], [口渴], [潮热, 腹满, 谵语], [腹满], [潮热], [口渴], [洪脉], [谵语]]
候选缺口：[[], [卧起不安, 心烦], [发热, 小便不利], [里急后重, 下利], [沉实脉, 腹痛, 燥屎], [浮数脉, 发热, 无热恶寒], [呕, 胸胁苦满, 气上撞心], [口苦, 小便赤, 无热恶寒], [大汗, 大渴, 大热], [烦躁, 小便不利, 胸满, 气上撞心]]
候选命中或然证：[[], [], [], [], [], [], [], [], [], []]
候选方证：[小承气汤证, 栀子厚朴汤证, 猪苓汤证, 白头翁汤证, 大承气汤证, 厚朴七物汤证, 柴胡加芒硝汤证, 百合洗方证, 白虎汤证, 柴胡加龙骨牡蛎汤证]
候选方证打分：[Xiaochengqitangzheng(hits=5/5, gap=0, poss=0/0, prio=2), Zhizihoupotangzheng(hits=3/5, gap=2, poss=0/0, prio=2), Zhulingtangzheng(hits=3/5, gap=2, poss=0/0, prio=2), Baitouwengtangzheng(hits=3/5, gap=2, poss=0/1, prio=3), Dachengqitangzheng(hits=5/8, gap=3, poss=0/0, prio=1), Houpoqiwutangzheng(hits=4/7, gap=3, poss=0/0, prio=2), Chaihujiamangxiaotangzheng(hits=4/7, gap=3, poss=0/0, prio=3), Baihexifangzheng(hits=4/7, gap=3, poss=0/0, prio=5), Baihutangzheng(hits=3/6, gap=3, poss=0/0, prio=2), Chaihujialonggumulitangzheng(hits=4/8, gap=4, poss=0/0, prio=2)]
兼夹证：[]
加味药物：[附子, 人参, 瓜蒌根, 白术]
配伍禁忌警告：[十八反：瓜蒌根 反 附子]

===== 调胃承气汤证 =====
八纲：{表里=[里证], 寒热=[], 虚实=[实证], 阴阳=[阳证], bagangTypes=[里证, 实证, 阳证]}
六经：阳明病
方证：调胃承气汤证
推荐方剂：调胃承气汤加附子、人参、瓜蒌根、白术
药物组成：[大黄, 甘草, 芒硝, 附子, 人参, 瓜蒌根, 白术]
六经列表：[阳明病]
合病标记：null
命中主证：[心烦, 蒸蒸发热]
命中或然证：[]
候选命中主证：[[心烦, 蒸蒸发热], [腹满, 心烦], [心烦], [心烦], [腹满], [口渴], [口渴], [腹满], [口渴], [洪脉]]
候选缺口：[[], [卧起不安], [不得卧], [不得眠, 气上撞心], [潮热, 谵语], [发热, 小便不利], [里急后重, 下利], [浮数脉, 发热, 无热恶寒], [口苦, 小便赤, 无热恶寒], [大汗, 大渴, 大热]]
候选命中或然证：[[], [], [], [], [], [], [], [], [], []]
候选方证：[调胃承气汤证, 栀子厚朴汤证, 黄连阿胶汤证, 温胆汤证, 小承气汤证, 猪苓汤证, 白头翁汤证, 厚朴七物汤证, 百合洗方证, 白虎汤证]
候选方证打分：[Tiaoweichengqitangzheng(hits=4/4, gap=0, poss=0/0, prio=2), Zhizihoupotangzheng(hits=4/5, gap=1, poss=0/0, prio=2), Huanglianejiaotangzheng(hits=3/4, gap=1, poss=0/0, prio=1), Wendantangzheng(hits=4/6, gap=2, poss=0/0, prio=3), Xiaochengqitangzheng(hits=3/5, gap=2, poss=0/0, prio=2), Zhulingtangzheng(hits=3/5, gap=2, poss=0/0, prio=2), Baitouwengtangzheng(hits=3/5, gap=2, poss=0/1, prio=3), Houpoqiwutangzheng(hits=4/7, gap=3, poss=0/0, prio=2), Baihexifangzheng(hits=4/7, gap=3, poss=0/0, prio=5), Baihutangzheng(hits=3/6, gap=3, poss=0/0, prio=2)]
兼夹证：[]
加味药物：[附子, 人参, 瓜蒌根, 白术]
配伍禁忌警告：[十八反：瓜蒌根 反 附子]

===== 桃核承气汤证 =====
八纲：{表里=[里证], 寒热=[], 虚实=[虚证], 阴阳=[阴证], bagangTypes=[里证, 虚证, 阳证, 阴证]}
六经：阳明太阴合病
方证：桃核承气汤证
推荐方剂：桃核承气汤加人参、瓜蒌根、白术
药物组成：[大黄, 甘草, 桂枝, 芒硝, 桃仁, 人参, 瓜蒌根, 白术]
六经列表：[太阴病, 阳明病]
合病标记：阳明太阴合病
命中主证：[如狂, 少腹急结]
命中或然证：[]
候选命中主证：[[如狂, 少腹急结], [如狂, 小便自利], [沉脉, 口渴], [小便自利], [口渴], [沉脉], [小便自利], [口渴], [口渴], [小便自利]]
候选缺口：[[], [少腹硬满], [小便不利], [少腹满], [呕吐], [咳嗽], [大便硬], [口苦, 小便赤], [发热, 小便不利], [大便硬, 自汗]]
候选命中或然证：[[], [], [], [], [], [], [], [], [], []]
候选方证：[桃核承气汤证, 抵当汤证, 栝楼瞿麦丸证, 抵当丸证, 茯苓泽泻汤证, 泽漆汤证, 猪胆汁方证, 百合洗方证, 猪苓汤证, 蜜煎导方证]
候选方证打分：[Taohechengqitangzheng(hits=4/4, gap=0, poss=0/0, prio=2), Didangtangzheng(hits=4/5, gap=1, poss=0/0, prio=2), Gualouqumaiwanzheng(hits=4/5, gap=1, poss=0/0, prio=3), Didangwanzheng(hits=3/4, gap=1, poss=0/0, prio=2), Fulingzexietangzheng(hits=3/4, gap=1, poss=0/0, prio=3), Zeqitangzheng(hits=3/4, gap=1, poss=0/0, prio=3), Zhudanzhifangzheng(hits=3/4, gap=1, poss=0/0, prio=3), Baihexifangzheng(hits=5/7, gap=2, poss=0/0, prio=5), Zhulingtangzheng(hits=3/5, gap=2, poss=0/0, prio=2), Mijiandaofangzheng(hits=3/5, gap=2, poss=0/0, prio=3)]
兼夹证：[]
加味药物：[人参, 瓜蒌根, 白术]
配伍禁忌警告：[]

===== 麻子仁丸证 =====
八纲：{表里=[表证, 里证], 寒热=[热证], 虚实=[], 阴阳=[阳证], bagangTypes=[表证, 里证, 热证, 阳证]}
六经：太阳阳明合病
方证：麻子仁丸证
推荐方剂：麻子仁丸加人参、瓜蒌根、白术
药物组成：[大黄, 厚朴, 麻子仁, 芍药, 杏仁, 枳实, 人参, 瓜蒌根, 白术]
六经列表：[太阳病, 阳明病]
合病标记：太阳阳明合病
命中主证：[大便硬, 小便数]
命中或然证：[]
候选命中主证：[[大便硬, 小便数], [浮脉], [大便硬], [浮脉], [浮脉, 口渴], [口渴], [大便硬], [口渴], [口渴], [口渴]]
候选缺口：[[], [水之为病], [小便自利], [咳嗽, 无热恶寒], [水入则吐, 小便不利], [发热, 小便不利], [小便自利, 自汗], [里急后重, 下利], [呕吐, 头痛, 欲饮], [口苦, 小便赤, 无热恶寒]]
候选命中或然证：[[], [], [], [], [], [], [], [], [], []]
候选方证：[麻子仁丸证, 杏子汤证, 猪胆汁方证, 厚朴麻黄汤证, 五苓散证, 猪苓汤证, 蜜煎导方证, 白头翁汤证, 文蛤汤证, 百合洗方证]
候选方证打分：[Mazirenwanzheng(hits=4/4, gap=0, poss=0/0, prio=3), Xingzitangzheng(hits=3/4, gap=1, poss=0/0, prio=3), Zhudanzhifangzheng(hits=3/4, gap=1, poss=0/0, prio=3), Houpomahuangtangzheng(hits=4/6, gap=2, poss=0/4, prio=3), Wulingsanzheng(hits=4/6, gap=2, poss=0/0, prio=3), Zhulingtangzheng(hits=3/5, gap=2, poss=0/0, prio=2), Mijiandaofangzheng(hits=3/5, gap=2, poss=0/0, prio=3), Baitouwengtangzheng(hits=3/5, gap=2, poss=0/1, prio=3), Wengetangzheng(hits=5/8, gap=3, poss=0/0, prio=3), Baihexifangzheng(hits=4/7, gap=3, poss=0/0, prio=5)]
兼夹证：[]
加味药物：[人参, 瓜蒌根, 白术]
配伍禁忌警告：[]

===== 大黄甘草汤证 =====
八纲：{表里=[里证], 寒热=[], 虚实=[], 阴阳=[阳证], bagangTypes=[里证, 阳证]}
六经：阳明病
方证：大黄甘草汤证
推荐方剂：大黄甘草汤加人参、瓜蒌根、白术
药物组成：[大黄, 甘草, 人参, 瓜蒌根, 白术]
六经列表：[阳明病]
合病标记：null
命中主证：[食已即吐]
命中或然证：[]
候选命中主证：[[食已即吐], [大便硬], [大便硬], [大热, 洪脉], [口渴], [大便硬], [口渴], [口渴], [大热], [口渴]]
候选缺口：[[], [小便数], [小便自利], [大汗, 大渴], [发热, 小便不利], [小便自利, 自汗], [里急后重, 下利], [口苦, 小便赤, 无热恶寒], [大汗, 大渴, 口舌干燥], [呕吐, 头痛, 欲饮, 无热恶寒]]
候选命中或然证：[[], [], [], [], [], [], [], [], [], []]
候选方证：[大黄甘草汤证, 麻子仁丸证, 猪胆汁方证, 白虎汤证, 猪苓汤证, 蜜煎导方证, 白头翁汤证, 百合洗方证, 白虎加人参汤证, 文蛤汤证]
候选方证打分：[Dahuanggancaotangzheng(hits=3/3, gap=0, poss=0/0, prio=2), Mazirenwanzheng(hits=3/4, gap=1, poss=0/0, prio=3), Zhudanzhifangzheng(hits=3/4, gap=1, poss=0/0, prio=3), Baihutangzheng(hits=4/6, gap=2, poss=0/0, prio=2), Zhulingtangzheng(hits=3/5, gap=2, poss=0/0, prio=2), Mijiandaofangzheng(hits=3/5, gap=2, poss=0/0, prio=3), Baitouwengtangzheng(hits=3/5, gap=2, poss=0/1, prio=3), Baihexifangzheng(hits=4/7, gap=3, poss=0/0, prio=5), Baihujiarenshentangzheng(hits=3/6, gap=3, poss=0/0, prio=2), Wengetangzheng(hits=4/8, gap=4, poss=0/0, prio=3)]
兼夹证：[]
加味药物：[人参, 瓜蒌根, 白术]
配伍禁忌警告：[]

===== 大黄牡丹汤证 =====
八纲：{表里=[里证], 寒热=[], 虚实=[], 阴阳=[阳证], bagangTypes=[里证, 阳证]}
六经：阳明病
方证：大黄牡丹汤证
推荐方剂：大黄牡丹汤加附子、人参、瓜蒌根、白术
药物组成：[大黄, 冬瓜仁, 芒硝, 牡丹皮, 桃仁, 附子, 人参, 瓜蒌根, 白术]
六经列表：[阳明病]
合病标记：null
命中主证：[肠痈, 少腹肿痞]
命中或然证：[]
候选命中主证：[[肠痈, 少腹肿痞], [口渴], [自汗], [口渴], [恶寒], [恶寒], [口渴], [洪脉], [恶寒, 口渴], [口渴]]
候选缺口：[[], [发热, 小便不利], [大便硬, 小便自利], [里急后重, 下利], [汗出, 心下痞], [发热, 身黄, 无热恶寒], [口苦, 小便赤, 无热恶寒], [大汗, 大渴, 大热], [大汗, 发热, 往来寒热, 胸胁苦满], [呕吐, 头痛, 欲饮, 无热恶寒]]
候选命中或然证：[[], [], [], [], [], [], [], [], [], []]
候选方证：[大黄牡丹汤证, 猪苓汤证, 蜜煎导方证, 白头翁汤证, 附子泻心汤证, 麻黄连翘赤小豆汤证, 百合洗方证, 白虎汤证, 柴胡白虎汤证, 文蛤汤证]
候选方证打分：[Dahuangmudantangzheng(hits=4/4, gap=0, poss=0/0, prio=2), Zhulingtangzheng(hits=3/5, gap=2, poss=0/0, prio=2), Mijiandaofangzheng(hits=3/5, gap=2, poss=0/0, prio=3), Baitouwengtangzheng(hits=3/5, gap=2, poss=0/1, prio=3), Fuzixiexintangzheng(hits=3/5, gap=2, poss=0/0, prio=2), Mahuanglianqiaochixiaodoutangzheng(hits=4/7, gap=3, poss=0/0, prio=3), Baihexifangzheng(hits=4/7, gap=3, poss=0/0, prio=5), Baihutangzheng(hits=3/6, gap=3, poss=0/0, prio=2), Chaihubaihutangzheng(hits=4/8, gap=4, poss=0/0, prio=2), Wengetangzheng(hits=4/8, gap=4, poss=0/0, prio=3)]
兼夹证：[]
加味药物：[附子, 人参, 瓜蒌根, 白术]
配伍禁忌警告：[十八反：瓜蒌根 反 附子]

===== 大黄硝石汤证 =====
八纲：{表里=[里证], 寒热=[], 虚实=[实证], 阴阳=[阳证], bagangTypes=[里证, 实证, 阳证]}
六经：阳明病
方证：大黄硝石汤证
推荐方剂：大黄硝石汤去白术加白术、茯苓、茵陈蒿、附子、人参、瓜蒌根
药物组成：[大黄, 黄柏, 硝石, 栀子, 茯苓, 茵陈蒿, 附子, 人参, 瓜蒌根]
六经列表：[阳明病]
合病标记：null
命中主证：[腹满, 黄疸, 小便不利, 小便赤, 自汗]
命中或然证：[]
候选命中主证：[[腹满, 黄疸, 小便不利, 小便赤, 自汗], [黄疸, 小便不利], [小便不利], [小便不利], [小便不利], [口渴, 小便不利], [小便不利], [小便不利], [口渴, 小便赤], [腹满]]
候选缺口：[[], [], [], [], [], [发热], [身黄], [一身面目黄肿], [口苦, 无热恶寒], [潮热, 谵语]]
候选命中或然证：[[], [], [], [], [], [], [], [], [], []]
候选方证：[大黄硝石汤证, 茵陈五苓散证, 茯苓戎盐汤证, 滑石白鱼散证, 蒲灰散证, 猪苓汤证, 茵陈蒿汤证, 越婢加术汤证, 百合洗方证, 小承气汤证]
候选方证打分：[Dahuangxiaoshitangzheng(hits=7/7, gap=0, poss=0/0, prio=2), Yinchenwulingsanzheng(hits=4/4, gap=0, poss=0/0, prio=3), Fulingrongyantangzheng(hits=3/3, gap=0, poss=0/0, prio=3), Huashibaiyusanzheng(hits=3/3, gap=0, poss=0/0, prio=3), Puhuisanzheng(hits=3/3, gap=0, poss=0/0, prio=3), Zhulingtangzheng(hits=4/5, gap=1, poss=0/0, prio=2), Yinchenhaotangzheng(hits=3/4, gap=1, poss=0/0, prio=2), Yuebijiazhutangzheng(hits=3/4, gap=1, poss=0/0, prio=3), Baihexifangzheng(hits=5/7, gap=2, poss=0/0, prio=5), Xiaochengqitangzheng(hits=3/5, gap=2, poss=0/0, prio=2)]
兼夹证：[]
加味药物：[白术, 茯苓, 茵陈蒿, 附子, 人参, 瓜蒌根]
减味药物：[白术]
配伍禁忌警告：[十八反：瓜蒌根 反 附子]

===== 大黄附子汤证 =====
八纲：{表里=[里证], 寒热=[], 虚实=[实证, 虚证], 阴阳=[阳证], bagangTypes=[里证, 实证, 虚证, 阳证, 阴证]}
六经：阳明太阴合病
方证：大黄附子汤证
推荐方剂：大黄附子汤去大黄、白术加干姜、白术
药物组成：[附子, 细辛, 干姜]
六经列表：[太阴病, 阳明病]
合病标记：阳明太阴合病
命中主证：[发热, 紧弦脉, 胁下偏痛]
命中或然证：[]
候选命中主证：[[发热, 紧弦脉, 胁下偏痛], [不渴, 腹满, 下利], [下利], [发热], [下利], [腹满], [下利], [腹满], [腹满], [下利]]
候选缺口：[[], [], [气上撞心], [身黄], [虚烦], [时痛], [下利气], [按之不痛], [口舌干燥], [肺痛]]
候选命中或然证：[[], [], [], [], [], [], [], [], [], []]
候选方证：[大黄附子汤证, 理中汤证, 黄芩汤证, 栀子柏皮汤证, 白头翁加甘草阿胶汤证, 桂枝加芍药汤证, 诃梨勒散证, 厚朴生姜半夏甘草人参汤证, 己椒苈黄丸证, 紫参汤证]
候选方证打分：[Dahuangfuzitangzheng(hits=5/5, gap=0, poss=0/0, prio=2), Lizhongtangzheng(hits=5/5, gap=0, poss=0/0, prio=3), Huangqintangzheng(hits=4/5, gap=1, poss=0/0, prio=3), Zhizibaipitangzheng(hits=3/4, gap=1, poss=0/0, prio=2), Baitouwengjiagancaojiaotangzheng(hits=3/4, gap=1, poss=0/0, prio=3), Guizhijiashaoyaotangzheng(hits=3/4, gap=1, poss=0/0, prio=3), Helilesanzheng(hits=3/4, gap=1, poss=0/0, prio=3), Houposhengjiangbanxiagancaorenshentangzheng(hits=3/4, gap=1, poss=0/0, prio=3), Jijiaolihuangwanzheng(hits=3/4, gap=1, poss=0/0, prio=3), Zishentangzheng(hits=3/4, gap=1, poss=0/0, prio=3)]
兼夹证：[]
加味药物：[干姜, 白术]
减味药物：[大黄, 白术]
配伍禁忌警告：[]

===== 厚朴大黄汤证 =====
八纲：{表里=[里证], 寒热=[], 虚实=[实证], 阴阳=[阳证], bagangTypes=[里证, 实证, 阳证]}
六经：阳明病
方证：厚朴大黄汤证
推荐方剂：厚朴大黄汤加人参、瓜蒌根、白术
药物组成：[大黄, 厚朴, 枳实, 人参, 瓜蒌根, 白术]
六经列表：[阳明病]
合病标记：null
命中主证：[支饮胸满]
命中或然证：[]
候选命中主证：[[支饮胸满], [大便硬], [大便硬], [大热, 洪脉], [口渴], [大便硬], [口渴], [口渴], [大热], [口渴]]
候选缺口：[[], [小便数], [小便自利], [大汗, 大渴], [发热, 小便不利], [小便自利, 自汗], [里急后重, 下利], [口苦, 小便赤, 无热恶寒], [大汗, 大渴, 口舌干燥], [呕吐, 头痛, 欲饮, 无热恶寒]]
候选命中或然证：[[], [], [], [], [], [], [], [], [], []]
候选方证：[厚朴大黄汤证, 麻子仁丸证, 猪胆汁方证, 白虎汤证, 猪苓汤证, 蜜煎导方证, 白头翁汤证, 百合洗方证, 白虎加人参汤证, 文蛤汤证]
候选方证打分：[Houpodahuangtangzheng(hits=3/3, gap=0, poss=0/2, prio=3), Mazirenwanzheng(hits=3/4, gap=1, poss=0/0, prio=3), Zhudanzhifangzheng(hits=3/4, gap=1, poss=0/0, prio=3), Baihutangzheng(hits=4/6, gap=2, poss=0/0, prio=2), Zhulingtangzheng(hits=3/5, gap=2, poss=0/0, prio=2), Mijiandaofangzheng(hits=3/5, gap=2, poss=0/0, prio=3), Baitouwengtangzheng(hits=3/5, gap=2, poss=0/1, prio=3), Baihexifangzheng(hits=4/7, gap=3, poss=0/0, prio=5), Baihujiarenshentangzheng(hits=3/6, gap=3, poss=0/0, prio=2), Wengetangzheng(hits=4/8, gap=4, poss=0/0, prio=3)]
兼夹证：[]
加味药物：[人参, 瓜蒌根, 白术]
配伍禁忌警告：[]

===== 厚朴三物汤证 =====
八纲：{表里=[里证], 寒热=[热证], 虚实=[实证], 阴阳=[阳证], bagangTypes=[里证, 热证, 实证, 阳证]}
六经：阳明病
方证：厚朴三物汤证
推荐方剂：厚朴三物汤加芍药、人参、白术、附子、瓜蒌根
药物组成：[大黄, 厚朴, 枳实, 芍药, 人参, 白术, 附子, 瓜蒌根]
六经列表：[阳明病]
合病标记：null
命中主证：[不大便, 腹痛]
命中或然证：[]
候选命中主证：[[不大便, 腹痛], [潮热, 谵语], [潮热, 沉实脉, 腹痛, 谵语], [大热, 洪脉], [腹痛], [口渴], [腹痛], [口渴], [腹痛], [潮热]]
候选缺口：[[], [腹满], [腹满, 燥屎], [大汗, 大渴], [酒黄疸, 心中懊憹], [发热, 小便不利], [气上冲胸, 往来寒热], [里急后重, 下利], [胸中有热, 欲呕, 无热恶寒], [呕, 胸胁苦满, 气上撞心]]
候选命中或然证：[[], [], [], [], [], [], [], [], [], []]
候选方证：[厚朴三物汤证, 小承气汤证, 大承气汤证, 白虎汤证, 栀子大黄汤证, 猪苓汤证, 奔豚汤证, 白头翁汤证, 黄连汤证, 柴胡加芒硝汤证]
候选方证打分：[Houposanwutangzheng(hits=4/4, gap=0, poss=0/0, prio=2), Xiaochengqitangzheng(hits=4/5, gap=1, poss=0/0, prio=2), Dachengqitangzheng(hits=6/8, gap=2, poss=0/0, prio=1), Baihutangzheng(hits=4/6, gap=2, poss=0/0, prio=2), Zhizidahuangtangzheng(hits=3/5, gap=2, poss=0/0, prio=2), Zhulingtangzheng(hits=3/5, gap=2, poss=0/0, prio=2), Bentuntangzheng(hits=3/5, gap=2, poss=0/0, prio=3), Baitouwengtangzheng(hits=3/5, gap=2, poss=0/1, prio=3), Huangliantangzheng(hits=4/7, gap=3, poss=0/0, prio=2), Chaihujiamangxiaotangzheng(hits=4/7, gap=3, poss=0/0, prio=3)]
兼夹证：[]
加味药物：[芍药, 人参, 白术, 附子, 瓜蒌根]
配伍禁忌警告：[十八反：瓜蒌根 反 附子]

===== 枳实栀子豉汤证 =====
八纲：{表里=[表证, 里证], 寒热=[热证], 虚实=[], 阴阳=[阳证], bagangTypes=[表证, 里证, 热证, 阳证]}
六经：太阳阳明合病
方证：枳实栀子豉汤证
推荐方剂：枳实栀子豉汤加人参、瓜蒌根、白术
药物组成：[香豉, 枳实, 栀子, 人参, 瓜蒌根, 白术]
六经列表：[太阳病, 阳明病]
合病标记：太阳阳明合病
命中主证：[大病差后, 劳复]
命中或然证：[]
候选命中主证：[[大病差后, 劳复], [浮脉], [浮脉], [浮脉, 口渴], [口渴], [口渴], [口渴], [口渴], [洪脉], [浮脉]]
候选缺口：[[], [水之为病], [咳嗽, 无热恶寒], [水入则吐, 小便不利], [发热, 小便不利], [里急后重, 下利], [呕吐, 头痛, 欲饮], [口苦, 小便赤, 无热恶寒], [大汗, 大渴, 大热], [喘, 烦躁, 咳嗽]]
候选命中或然证：[[], [], [], [], [], [], [], [], [], []]
候选方证：[枳实栀子豉汤证, 杏子汤证, 厚朴麻黄汤证, 五苓散证, 猪苓汤证, 白头翁汤证, 文蛤汤证, 百合洗方证, 白虎汤证, 小青龙加石膏汤证]
候选方证打分：[Zhishizhizichitangzheng(hits=4/4, gap=0, poss=0/0, prio=2), Xingzitangzheng(hits=3/4, gap=1, poss=0/0, prio=3), Houpomahuangtangzheng(hits=4/6, gap=2, poss=0/4, prio=3), Wulingsanzheng(hits=4/6, gap=2, poss=0/0, prio=3), Zhulingtangzheng(hits=3/5, gap=2, poss=0/0, prio=2), Baitouwengtangzheng(hits=3/5, gap=2, poss=0/1, prio=3), Wengetangzheng(hits=5/8, gap=3, poss=0/0, prio=3), Baihexifangzheng(hits=4/7, gap=3, poss=0/0, prio=5), Baihutangzheng(hits=3/6, gap=3, poss=0/0, prio=2), Xiaoqinglongjiashigaotangzheng(hits=3/6, gap=3, poss=0/0, prio=3)]
兼夹证：[]
加味药物：[人参, 瓜蒌根, 白术]
配伍禁忌警告：[]

===== 半夏泻心汤证 =====
八纲：{表里=[里证], 寒热=[], 虚实=[虚证], 阴阳=[阴证], bagangTypes=[里证, 虚证, 阴证]}
六经：太阴病
方证：半夏泻心汤证
推荐方剂：半夏泻心汤去白术加白术、生姜、附子
药物组成：[半夏, 大枣, 甘草, 干姜, 黄连, 黄芩, 人参, 生姜, 附子]
六经列表：[太阴病]
合病标记：null
命中主证：[呕, 下利, 心下痞]
命中或然证：[]
候选命中主证：[[呕, 下利, 心下痞], [不渴, 腹满, 下利], [腹满], [下利], [腹满], [腹满], [下利], [下利], [呕], [心下痞]]
候选缺口：[[], [], [时痛], [下利气], [按之不痛], [口舌干燥], [肺痛], [微脉, 面赤], [咳嗽, 胸满], [膈间有水, 呕吐]]
候选命中或然证：[[], [], [], [], [], [], [], [], [], []]
候选方证：[半夏泻心汤证, 理中汤证, 桂枝加芍药汤证, 诃梨勒散证, 厚朴生姜半夏甘草人参汤证, 己椒苈黄丸证, 紫参汤证, 白通汤证, 苓甘五味姜辛夏汤证, 小半夏加茯苓汤证]
候选方证打分：[Banxiaxiexintangzheng(hits=5/5, gap=0, poss=0/0, prio=2), Lizhongtangzheng(hits=5/5, gap=0, poss=0/0, prio=3), Guizhijiashaoyaotangzheng(hits=3/4, gap=1, poss=0/0, prio=3), Helilesanzheng(hits=3/4, gap=1, poss=0/0, prio=3), Houposhengjiangbanxiagancaorenshentangzheng(hits=3/4, gap=1, poss=0/0, prio=3), Jijiaolihuangwanzheng(hits=3/4, gap=1, poss=0/0, prio=3), Zishentangzheng(hits=3/4, gap=1, poss=0/0, prio=3), Baitongtangzheng(hits=3/5, gap=2, poss=0/0, prio=1), Lingganwuweijiangxinxiatangzheng(hits=3/5, gap=2, poss=0/0, prio=3), Xiaobanxiajiafulingtangzheng(hits=3/5, gap=2, poss=0/0, prio=3)]
兼夹证：[]
加味药物：[白术, 生姜, 附子]
减味药物：[白术]
配伍禁忌警告：[十八反：半夏 反 附子]

===== 生姜泻心汤证 =====
八纲：{表里=[里证], 寒热=[], 虚实=[虚证], 阴阳=[阴证], bagangTypes=[里证, 虚证, 阴证]}
六经：太阴病
方证：生姜泻心汤证
推荐方剂：生姜泻心汤去白术加白术、附子
药物组成：[半夏, 大枣, 甘草, 干姜, 黄连, 黄芩, 人参, 生姜, 附子]
六经列表：[太阴病]
合病标记：null
命中主证：[腹中雷鸣, 干噫食臭, 心下痞硬]
命中或然证：[]
候选命中主证：[[腹中雷鸣, 干噫食臭, 心下痞硬], [不渴, 腹满, 下利], [心下痞硬], [腹满], [下利], [腹满], [腹满], [心下痞硬], [下利], [心下痞硬]]
候选缺口：[[], [], [下利不止], [时痛], [下利气], [按之不痛], [口舌干燥], [噫气], [肺痛], [下利不止, 无热恶寒]]
候选命中或然证：[[], [], [], [], [], [], [], [], [], []]
候选方证：[生姜泻心汤证, 理中汤证, 赤石脂禹余粮汤证, 桂枝加芍药汤证, 诃梨勒散证, 厚朴生姜半夏甘草人参汤证, 己椒苈黄丸证, 旋覆代赭汤证, 紫参汤证, 桂枝人参汤证]
候选方证打分：[Shengjiangxiexintangzheng(hits=5/5, gap=0, poss=0/0, prio=2), Lizhongtangzheng(hits=5/5, gap=0, poss=0/0, prio=3), Chishizhiyuyuliangtangzheng(hits=3/4, gap=1, poss=0/0, prio=2), Guizhijiashaoyaotangzheng(hits=3/4, gap=1, poss=0/0, prio=3), Helilesanzheng(hits=3/4, gap=1, poss=0/0, prio=3), Houposhengjiangbanxiagancaorenshentangzheng(hits=3/4, gap=1, poss=0/0, prio=3), Jijiaolihuangwanzheng(hits=3/4, gap=1, poss=0/0, prio=3), Xuanfudaizhetangzheng(hits=3/4, gap=1, poss=0/0, prio=3), Zishentangzheng(hits=3/4, gap=1, poss=0/0, prio=3), Guizhirenshentangzheng(hits=4/6, gap=2, poss=0/0, prio=2)]
兼夹证：[]
加味药物：[白术, 附子]
减味药物：[白术]
配伍禁忌警告：[十八反：半夏 反 附子]

===== 甘草泻心汤证（伤寒） =====
八纲：{表里=[里证], 寒热=[], 虚实=[虚证], 阴阳=[阴证], bagangTypes=[里证, 虚证, 阴证]}
六经：太阴病
方证：甘草泻心汤证
推荐方剂：甘草泻心汤加附子
药物组成：[半夏, 大枣, 甘草, 干姜, 黄连, 黄芩, 人参, 附子]
六经列表：[太阴病]
合病标记：null
命中主证：[下利不止, 心烦]
命中或然证：[]
候选命中主证：[[下利不止, 心烦], [不渴, 腹满], [下利不止], [腹满], [腹满], [腹满], [下利不止], [不渴], [不渴], [腹满]]
候选缺口：[[], [下利], [心下痞硬], [时痛], [按之不痛], [口舌干燥], [心下痞硬, 无热恶寒], [肺痿吐涎沫, 小便数, 遗尿], [妇人少腹满如敦状, 生后者, 小便难], [不能饮食, 肌肤甲错, 两目黯黑, 五劳虚极]]
候选命中或然证：[[], [], [], [], [], [], [], [], [], []]
候选方证：[甘草泻心汤证, 理中汤证, 赤石脂禹余粮汤证, 桂枝加芍药汤证, 厚朴生姜半夏甘草人参汤证, 己椒苈黄丸证, 桂枝人参汤证, 甘草干姜汤证, 大黄甘遂汤证, 大黄蛰虫丸证]
候选方证打分：[Gancaoxiexintangzheng(hits=4/4, gap=0, poss=0/0, prio=2), Lizhongtangzheng(hits=4/5, gap=1, poss=0/0, prio=3), Chishizhiyuyuliangtangzheng(hits=3/4, gap=1, poss=0/0, prio=2), Guizhijiashaoyaotangzheng(hits=3/4, gap=1, poss=0/0, prio=3), Houposhengjiangbanxiagancaorenshentangzheng(hits=3/4, gap=1, poss=0/0, prio=3), Jijiaolihuangwanzheng(hits=3/4, gap=1, poss=0/0, prio=3), Guizhirenshentangzheng(hits=4/6, gap=2, poss=0/0, prio=2), Gancaoganjiangtangzheng(hits=3/6, gap=3, poss=0/0, prio=3), Dahuanggansuitangzheng(hits=3/6, gap=3, poss=0/0, prio=2), Dahuangzhechongwanzheng(hits=3/7, gap=4, poss=0/0, prio=2)]
兼夹证：[]
加味药物：[附子]
配伍禁忌警告：[十八反：半夏 反 附子]
?? 跳过与病例四诊互斥的六经锚点症状: Kouke（Yangmingbing）

===== 甘草泻心汤证（狐惑） =====
八纲：{表里=[里证], 寒热=[], 虚实=[虚证], 阴阳=[阴证], bagangTypes=[里证, 虚证, 阳证, 阴证]}
六经：阳明太阴合病
方证：甘草泻心汤证（狐惑）
推荐方剂：甘草泻心汤加附子
药物组成：[半夏, 大枣, 甘草, 干姜, 黄连, 黄芩, 人参, 附子]
六经列表：[太阴病, 阳明病]
合病标记：阳明太阴合病
命中主证：[不欲食, 恶寒, 恶闻食臭, 发热, 面目乍赤乍黑乍白, 默默欲眠, 目不得闭, 卧起不安, 无汗]
命中或然证：[]
候选命中主证：[[不欲食, 恶寒, 恶闻食臭, 发热, 面目乍赤乍黑乍白, 默默欲眠, 目不得闭, 卧起不安, 无汗], [腹满, 卧起不安], [不渴, 腹满], [发热], [腹满], [腹满], [腹满], [发热], [发热, 腹满], [恶寒, 发热]]
候选缺口：[[], [心烦], [下利], [身黄], [时痛], [按之不痛], [口舌干燥], [口苦, 小便赤], [浮数脉, 无热恶寒], [身黄, 无热恶寒]]
候选命中或然证：[[], [], [], [], [], [], [], [], [], []]
候选方证：[甘草泻心汤证（狐惑）, 栀子厚朴汤证, 理中汤证, 栀子柏皮汤证, 桂枝加芍药汤证, 厚朴生姜半夏甘草人参汤证, 己椒苈黄丸证, 百合滑石散证, 厚朴七物汤证, 麻黄连翘赤小豆汤证]
候选方证打分：[Gancaoxiexintangzheng_huhuo(hits=13/13, gap=0, poss=0/0, prio=2), Zhizihoupotangzheng(hits=4/5, gap=1, poss=0/0, prio=2), Lizhongtangzheng(hits=4/5, gap=1, poss=0/0, prio=3), Zhizibaipitangzheng(hits=3/4, gap=1, poss=0/0, prio=2), Guizhijiashaoyaotangzheng(hits=3/4, gap=1, poss=0/0, prio=3), Houposhengjiangbanxiagancaorenshentangzheng(hits=3/4, gap=1, poss=0/0, prio=3), Jijiaolihuangwanzheng(hits=3/4, gap=1, poss=0/0, prio=3), Baihehuashisanzheng(hits=5/7, gap=2, poss=0/0, prio=5), Houpoqiwutangzheng(hits=5/7, gap=2, poss=0/0, prio=2), Mahuanglianqiaochixiaodoutangzheng(hits=5/7, gap=2, poss=0/0, prio=3)]
兼夹证：[]
加味药物：[附子]
配伍禁忌警告：[十八反：半夏 反 附子]

===== 大黄黄连泻心汤证 =====
八纲：{表里=[表证, 里证], 寒热=[热证], 虚实=[], 阴阳=[阳证], bagangTypes=[表证, 里证, 热证, 阳证]}
六经：太阳阳明合病
方证：大黄黄连泻心汤证
推荐方剂：大黄黄连泻心汤加人参、瓜蒌根、白术
药物组成：[大黄, 黄连, 人参, 瓜蒌根, 白术]
六经列表：[太阳病, 阳明病]
合病标记：太阳阳明合病
命中主证：[按之濡, 心下痞]
命中或然证：[]
候选命中主证：[[按之濡, 心下痞], [心下痞], [大便硬], [浮脉], [大便硬], [大热, 洪脉], [浮脉], [浮脉, 口渴], [潮热], [口渴]]
候选缺口：[[], [按痛], [小便数], [水之为病], [小便自利], [大汗, 大渴], [咳嗽, 无热恶寒], [水入则吐, 小便不利], [腹满, 谵语], [发热, 小便不利]]
候选命中或然证：[[], [], [], [], [], [], [], [], [], []]
候选方证：[大黄黄连泻心汤证, 小陷胸汤证, 麻子仁丸证, 杏子汤证, 猪胆汁方证, 白虎汤证, 厚朴麻黄汤证, 五苓散证, 小承气汤证, 猪苓汤证]
候选方证打分：[Dahuanghuanglianxiexintangzheng(hits=4/4, gap=0, poss=0/0, prio=2), Xiaoxianxiongtangzheng(hits=3/4, gap=1, poss=0/0, prio=2), Mazirenwanzheng(hits=3/4, gap=1, poss=0/0, prio=3), Xingzitangzheng(hits=3/4, gap=1, poss=0/0, prio=3), Zhudanzhifangzheng(hits=3/4, gap=1, poss=0/0, prio=3), Baihutangzheng(hits=4/6, gap=2, poss=0/0, prio=2), Houpomahuangtangzheng(hits=4/6, gap=2, poss=0/4, prio=3), Wulingsanzheng(hits=4/6, gap=2, poss=0/0, prio=3), Xiaochengqitangzheng(hits=3/5, gap=2, poss=0/0, prio=2), Zhulingtangzheng(hits=3/5, gap=2, poss=0/0, prio=2)]
兼夹证：[]
加味药物：[人参, 瓜蒌根, 白术]
配伍禁忌警告：[]

===== 附子泻心汤证 =====
八纲：{表里=[表证, 里证], 寒热=[热证], 虚实=[], 阴阳=[阳证], bagangTypes=[表证, 里证, 热证, 阳证]}
六经：太阳阳明合病
方证：附子泻心汤证
推荐方剂：附子泻心汤加人参、瓜蒌根、白术
药物组成：[大黄, 附子, 黄连, 黄芩, 人参, 瓜蒌根, 白术]
六经列表：[太阳病, 阳明病]
合病标记：太阳阳明合病
命中主证：[恶寒, 汗出, 心下痞]
命中或然证：[]
候选命中主证：[[恶寒, 汗出, 心下痞], [汗出], [心下痞], [恶寒], [心下痞], [恶寒], [大便硬], [浮脉], [大便硬], [汗出]]
候选缺口：[[], [喘], [按之濡], [胸满], [按痛], [身疼烦], [小便数], [水之为病], [小便自利], [喘, 下利]]
候选命中或然证：[[], [口渴], [], [], [], [], [], [], [], []]
候选方证：[附子泻心汤证, 麻杏石甘汤证, 大黄黄连泻心汤证, 桂枝去芍药加附子汤证, 小陷胸汤证, 麻黄加术汤证, 麻子仁丸证, 杏子汤证, 猪胆汁方证, 葛根黄芩黄连汤证]
候选方证打分：[Fuzixiexintangzheng(hits=5/5, gap=0, poss=0/0, prio=2), Maxingshigantangzheng(hits=3/4, gap=1, poss=1/2, prio=3), Dahuanghuanglianxiexintangzheng(hits=3/4, gap=1, poss=0/0, prio=2), Guizhiqushaoyaojiafuzitangzheng(hits=3/4, gap=1, poss=0/0, prio=2), Xiaoxianxiongtangzheng(hits=3/4, gap=1, poss=0/0, prio=2), Mahuangjiazhutangzheng(hits=3/4, gap=1, poss=0/0, prio=3), Mazirenwanzheng(hits=3/4, gap=1, poss=0/0, prio=3), Xingzitangzheng(hits=3/4, gap=1, poss=0/0, prio=3), Zhudanzhifangzheng(hits=3/4, gap=1, poss=0/0, prio=3), Gegenhuangqinhuangliantangzheng(hits=5/7, gap=2, poss=0/0, prio=2)]
兼夹证：[]
加味药物：[人参, 瓜蒌根, 白术]
配伍禁忌警告：[十八反：瓜蒌根 反 附子]

===== 黄连汤证 =====
八纲：{表里=[里证], 寒热=[], 虚实=[虚证], 阴阳=[阴证], bagangTypes=[里证, 虚证, 阳证, 阴证]}
六经：阳明太阴合病
方证：黄连汤证
推荐方剂：黄连汤去白术、半夏加芍药、白术、附子、瓜蒌根
药物组成：[大枣, 甘草, 干姜, 桂枝, 黄连, 人参, 芍药, 附子, 瓜蒌根]
六经列表：[太阴病, 阳明病]
合病标记：阳明太阴合病
命中主证：[腹痛, 胸中有热, 欲呕]
命中或然证：[]
候选命中主证：[[腹痛, 胸中有热, 欲呕], [腹痛], [腹痛], [口渴], [腹痛], [腹满], [腹满], [腹满], [腹痛], [口渴]]
候选缺口：[[], [], [不大便], [呕吐], [拒按], [时痛], [按之不痛], [口舌干燥], [刺痛], [口苦, 小便赤]]
候选命中或然证：[[], [], [], [], [], [], [], [], [], []]
候选方证：[黄连汤证, 排脓散证, 厚朴三物汤证, 茯苓泽泻汤证, 桂枝加大黄汤证, 桂枝加芍药汤证, 厚朴生姜半夏甘草人参汤证, 己椒苈黄丸证, 红蓝花酒证, 百合洗方证]
候选方证打分：[Huangliantangzheng(hits=7/7, gap=0, poss=0/0, prio=2), Painongsanzheng(hits=3/3, gap=0, poss=0/0, prio=3), Houposanwutangzheng(hits=3/4, gap=1, poss=0/0, prio=2), Fulingzexietangzheng(hits=3/4, gap=1, poss=0/0, prio=3), Guizhijiadahuangtangzheng(hits=3/4, gap=1, poss=0/0, prio=3), Guizhijiashaoyaotangzheng(hits=3/4, gap=1, poss=0/0, prio=3), Houposhengjiangbanxiagancaorenshentangzheng(hits=3/4, gap=1, poss=0/0, prio=3), Jijiaolihuangwanzheng(hits=3/4, gap=1, poss=0/0, prio=3), Honglanhuajiuzheng(hits=3/4, gap=1, poss=0/0, prio=5), Baihexifangzheng(hits=5/7, gap=2, poss=0/0, prio=5)]
兼夹证：[]
加味药物：[芍药, 白术, 附子, 瓜蒌根]
减味药物：[白术, 半夏]
配伍禁忌警告：[十八反：瓜蒌根 反 附子]
?? 跳过与病例四诊互斥的六经锚点脉象: Hongmai（Yangmingbing）

===== 干姜黄芩黄连人参汤证 =====
八纲：{表里=[里证], 寒热=[], 虚实=[虚证], 阴阳=[阴证], bagangTypes=[里证, 虚证, 阳证, 阴证]}
六经：阳明太阴合病
方证：干姜黄芩黄连人参汤证
推荐方剂：干姜黄芩黄连人参汤去白术加白术、附子、瓜蒌根
药物组成：[干姜, 黄连, 黄芩, 人参, 附子, 瓜蒌根]
六经列表：[太阴病, 阳明病]
合病标记：阳明太阴合病
命中主证：[食入口即吐]
命中或然证：[]
候选命中主证：[[食入口即吐], [腹满, 下利], [口渴, 下利], [下利], [沉微脉], [下利], [口渴], [腹满], [下利], [腹满]]
候选缺口：[[], [不渴], [里急后重], [气上撞心], [手足冷], [虚烦], [呕吐], [时痛], [下利气], [按之不痛]]
候选命中或然证：[[], [], [], [], [], [], [], [], [], []]
候选方证：[干姜黄芩黄连人参汤证, 理中汤证, 白头翁汤证, 黄芩汤证, 四逆汤证, 白头翁加甘草阿胶汤证, 茯苓泽泻汤证, 桂枝加芍药汤证, 诃梨勒散证, 厚朴生姜半夏甘草人参汤证]
候选方证打分：[Ganjianghuangqinhuanglianrenshentangzheng(hits=5/5, gap=0, poss=0/0, prio=2), Lizhongtangzheng(hits=4/5, gap=1, poss=0/0, prio=3), Baitouwengtangzheng(hits=4/5, gap=1, poss=0/1, prio=3), Huangqintangzheng(hits=4/5, gap=1, poss=0/0, prio=3), Sinitangzheng(hits=3/4, gap=1, poss=0/0, prio=1), Baitouwengjiagancaojiaotangzheng(hits=3/4, gap=1, poss=0/0, prio=3), Fulingzexietangzheng(hits=3/4, gap=1, poss=0/0, prio=3), Guizhijiashaoyaotangzheng(hits=3/4, gap=1, poss=0/0, prio=3), Helilesanzheng(hits=3/4, gap=1, poss=0/0, prio=3), Houposhengjiangbanxiagancaorenshentangzheng(hits=3/4, gap=1, poss=0/0, prio=3)]
兼夹证：[]
加味药物：[白术, 附子, 瓜蒌根]
减味药物：[白术]
配伍禁忌警告：[十八反：瓜蒌根 反 附子]

===== 生姜泻心汤证 =====
八纲：{表里=[里证], 寒热=[], 虚实=[虚证], 阴阳=[阴证], bagangTypes=[里证, 虚证, 阴证]}
六经：太阴病
方证：生姜泻心汤证
推荐方剂：生姜泻心汤去白术加白术、附子
药物组成：[半夏, 大枣, 甘草, 干姜, 黄连, 黄芩, 人参, 生姜, 附子]
六经列表：[太阴病]
合病标记：null
命中主证：[腹中雷鸣, 干噫食臭, 心下痞硬]
命中或然证：[]
候选命中主证：[[腹中雷鸣, 干噫食臭, 心下痞硬], [不渴, 腹满, 下利], [心下痞硬], [腹满], [下利], [腹满], [腹满], [心下痞硬], [下利], [心下痞硬]]
候选缺口：[[], [], [下利不止], [时痛], [下利气], [按之不痛], [口舌干燥], [噫气], [肺痛], [下利不止, 无热恶寒]]
候选命中或然证：[[], [], [], [], [], [], [], [], [], []]
候选方证：[生姜泻心汤证, 理中汤证, 赤石脂禹余粮汤证, 桂枝加芍药汤证, 诃梨勒散证, 厚朴生姜半夏甘草人参汤证, 己椒苈黄丸证, 旋覆代赭汤证, 紫参汤证, 桂枝人参汤证]
候选方证打分：[Shengjiangxiexintangzheng(hits=5/5, gap=0, poss=0/0, prio=2), Lizhongtangzheng(hits=5/5, gap=0, poss=0/0, prio=3), Chishizhiyuyuliangtangzheng(hits=3/4, gap=1, poss=0/0, prio=2), Guizhijiashaoyaotangzheng(hits=3/4, gap=1, poss=0/0, prio=3), Helilesanzheng(hits=3/4, gap=1, poss=0/0, prio=3), Houposhengjiangbanxiagancaorenshentangzheng(hits=3/4, gap=1, poss=0/0, prio=3), Jijiaolihuangwanzheng(hits=3/4, gap=1, poss=0/0, prio=3), Xuanfudaizhetangzheng(hits=3/4, gap=1, poss=0/0, prio=3), Zishentangzheng(hits=3/4, gap=1, poss=0/0, prio=3), Guizhirenshentangzheng(hits=4/6, gap=2, poss=0/0, prio=2)]
兼夹证：[]
加味药物：[白术, 附子]
减味药物：[白术]
配伍禁忌警告：[十八反：半夏 反 附子]

===== 栀子豉汤证 =====
八纲：{表里=[表证, 里证], 寒热=[热证], 虚实=[], 阴阳=[阳证], bagangTypes=[表证, 里证, 热证, 阳证]}
六经：太阳阳明合病
方证：栀子豉汤证
推荐方剂：栀子豉汤加人参、瓜蒌根、白术
药物组成：[香豉, 栀子, 人参, 瓜蒌根, 白术]
六经列表：[太阳病, 阳明病]
合病标记：太阳阳明合病
命中主证：[不得眠, 心中懊憹, 虚烦]
命中或然证：[]
候选命中主证：[[不得眠, 心中懊憹, 虚烦], [不得眠, 虚烦], [虚烦], [虚烦], [虚烦], [浮脉], [不得眠], [浮脉], [浮脉, 口渴], [心中懊憹]]
候选缺口：[[], [无热恶寒], [少气], [呕], [下利], [水之为病], [心烦, 气上撞心], [咳嗽, 无热恶寒], [水入则吐, 小便不利], [腹痛, 酒黄疸]]
候选命中或然证：[[], [], [], [], [], [], [], [], [], []]
候选方证：[栀子豉汤证, 酸枣仁汤证, 栀子甘草豉汤证, 栀子生姜豉汤证, 白头翁加甘草阿胶汤证, 杏子汤证, 温胆汤证, 厚朴麻黄汤证, 五苓散证, 栀子大黄汤证]
候选方证打分：[Zhizichitangzheng(hits=5/5, gap=0, poss=0/0, prio=2), Suanzaorentangzheng(hits=5/6, gap=1, poss=0/2, prio=3), Zhizigancaochitangzheng(hits=3/4, gap=1, poss=0/0, prio=2), Zhizishengjiangchitangzheng(hits=3/4, gap=1, poss=0/0, prio=2), Baitouwengjiagancaojiaotangzheng(hits=3/4, gap=1, poss=0/0, prio=3), Xingzitangzheng(hits=3/4, gap=1, poss=0/0, prio=3), Wendantangzheng(hits=4/6, gap=2, poss=0/0, prio=3), Houpomahuangtangzheng(hits=4/6, gap=2, poss=0/4, prio=3), Wulingsanzheng(hits=4/6, gap=2, poss=0/0, prio=3), Zhizidahuangtangzheng(hits=3/5, gap=2, poss=0/0, prio=2)]
兼夹证：[]
加味药物：[人参, 瓜蒌根, 白术]
配伍禁忌警告：[]

===== 栀子甘草豉汤证 =====
八纲：{表里=[表证, 里证], 寒热=[热证], 虚实=[], 阴阳=[阳证], bagangTypes=[表证, 里证, 热证, 阳证]}
六经：太阳阳明合病
方证：栀子甘草豉汤证
推荐方剂：栀子甘草豉汤加人参、瓜蒌根、白术
药物组成：[甘草, 香豉, 栀子, 人参, 瓜蒌根, 白术]
六经列表：[太阳病, 阳明病]
合病标记：太阳阳明合病
命中主证：[少气, 虚烦]
命中或然证：[]
候选命中主证：[[少气, 虚烦], [不得眠, 心中懊憹, 虚烦], [不得眠, 虚烦], [虚烦], [虚烦], [浮脉], [大热, 洪脉], [不得眠], [浮脉], [浮脉, 口渴]]
候选缺口：[[], [], [无热恶寒], [呕], [下利], [水之为病], [大汗, 大渴], [心烦, 气上撞心], [咳嗽, 无热恶寒], [水入则吐, 小便不利]]
候选命中或然证：[[], [], [], [], [], [], [], [], [], []]
候选方证：[栀子甘草豉汤证, 栀子豉汤证, 酸枣仁汤证, 栀子生姜豉汤证, 白头翁加甘草阿胶汤证, 杏子汤证, 白虎汤证, 温胆汤证, 厚朴麻黄汤证, 五苓散证]
候选方证打分：[Zhizigancaochitangzheng(hits=4/4, gap=0, poss=0/0, prio=2), Zhizichitangzheng(hits=5/5, gap=0, poss=0/0, prio=2), Suanzaorentangzheng(hits=5/6, gap=1, poss=0/2, prio=3), Zhizishengjiangchitangzheng(hits=3/4, gap=1, poss=0/0, prio=2), Baitouwengjiagancaojiaotangzheng(hits=3/4, gap=1, poss=0/0, prio=3), Xingzitangzheng(hits=3/4, gap=1, poss=0/0, prio=3), Baihutangzheng(hits=4/6, gap=2, poss=0/0, prio=2), Wendantangzheng(hits=4/6, gap=2, poss=0/0, prio=3), Houpomahuangtangzheng(hits=4/6, gap=2, poss=0/4, prio=3), Wulingsanzheng(hits=4/6, gap=2, poss=0/0, prio=3)]
兼夹证：[]
加味药物：[人参, 瓜蒌根, 白术]
配伍禁忌警告：[]

===== 栀子生姜豉汤证 =====
八纲：{表里=[表证, 里证], 寒热=[热证], 虚实=[], 阴阳=[阳证], bagangTypes=[表证, 里证, 热证, 阳证]}
六经：太阳阳明合病
方证：栀子生姜豉汤证
推荐方剂：栀子生姜豉汤加减
药物组成：[生姜, 香豉, 栀子]
六经列表：[太阳病, 阳明病]
合病标记：太阳阳明合病
命中主证：[呕, 虚烦]
命中或然证：[]
候选命中主证：[[呕, 虚烦], [不得眠, 心中懊憹, 虚烦], [不得眠, 虚烦], [虚烦], [虚烦], [浮脉], [大热, 洪脉], [呕], [不得眠], [浮脉]]
候选缺口：[[], [], [无热恶寒], [少气], [下利], [水之为病], [大汗, 大渴], [下利, 气上撞心], [心烦, 气上撞心], [咳嗽, 无热恶寒]]
候选命中或然证：[[], [], [], [], [], [], [], [], [], []]
候选方证：[栀子生姜豉汤证, 栀子豉汤证, 酸枣仁汤证, 栀子甘草豉汤证, 白头翁加甘草阿胶汤证, 杏子汤证, 白虎汤证, 黄芩加半夏生姜汤证, 温胆汤证, 厚朴麻黄汤证]
候选方证打分：[Zhizishengjiangchitangzheng(hits=4/4, gap=0, poss=0/0, prio=2), Zhizichitangzheng(hits=5/5, gap=0, poss=0/0, prio=2), Suanzaorentangzheng(hits=5/6, gap=1, poss=0/2, prio=3), Zhizigancaochitangzheng(hits=3/4, gap=1, poss=0/0, prio=2), Baitouwengjiagancaojiaotangzheng(hits=3/4, gap=1, poss=0/0, prio=3), Xingzitangzheng(hits=3/4, gap=1, poss=0/0, prio=3), Baihutangzheng(hits=4/6, gap=2, poss=0/0, prio=2), Huangqinjiabanxiashengjiangtangzheng(hits=4/6, gap=2, poss=0/0, prio=3), Wendantangzheng(hits=4/6, gap=2, poss=0/0, prio=3), Houpomahuangtangzheng(hits=4/6, gap=2, poss=0/4, prio=3)]
兼夹证：[]
加味药物：[]
配伍禁忌警告：[]

===== 栀子厚朴汤证 =====
八纲：{表里=[表证, 里证], 寒热=[热证], 虚实=[], 阴阳=[阳证], bagangTypes=[表证, 里证, 热证, 阳证]}
六经：太阳阳明合病
方证：栀子厚朴汤证
推荐方剂：栀子厚朴汤加减
药物组成：[厚朴, 枳实, 栀子]
六经列表：[太阳病, 阳明病]
合病标记：太阳阳明合病
命中主证：[腹满, 卧起不安, 心烦]
命中或然证：[]
候选命中主证：[[腹满, 卧起不安, 心烦], [心烦], [卧起不安], [心烦], [浮脉], [腹满], [心烦], [浮脉], [浮脉, 口渴], [腹满]]
候选缺口：[[], [不得卧], [惊狂], [蒸蒸发热], [水之为病], [浮数脉, 发热], [不得眠, 气上撞心], [咳嗽, 无热恶寒], [水入则吐, 小便不利], [潮热, 谵语]]
候选命中或然证：[[], [], [], [], [], [], [], [], [], []]
候选方证：[栀子厚朴汤证, 黄连阿胶汤证, 桂枝去芍药加蜀漆牡蛎龙骨救逆汤证, 调胃承气汤证, 杏子汤证, 厚朴七物汤证, 温胆汤证, 厚朴麻黄汤证, 五苓散证, 小承气汤证]
候选方证打分：[Zhizihoupotangzheng(hits=5/5, gap=0, poss=0/0, prio=2), Huanglianejiaotangzheng(hits=3/4, gap=1, poss=0/0, prio=1), Guizhiqushaoyaojiashuqimulilonggujiunitangzheng(hits=3/4, gap=1, poss=0/0, prio=2), Tiaoweichengqitangzheng(hits=3/4, gap=1, poss=0/0, prio=2), Xingzitangzheng(hits=3/4, gap=1, poss=0/0, prio=3), Houpoqiwutangzheng(hits=5/7, gap=2, poss=0/0, prio=2), Wendantangzheng(hits=4/6, gap=2, poss=0/0, prio=3), Houpomahuangtangzheng(hits=4/6, gap=2, poss=0/4, prio=3), Wulingsanzheng(hits=4/6, gap=2, poss=0/0, prio=3), Xiaochengqitangzheng(hits=3/5, gap=2, poss=0/0, prio=2)]
兼夹证：[]
加味药物：[]
配伍禁忌警告：[]

===== 栀子干姜汤证 =====
八纲：{表里=[表证, 里证], 寒热=[热证], 虚实=[], 阴阳=[阳证], bagangTypes=[表证, 里证, 热证, 阳证]}
六经：太阳阳明合病
方证：栀子干姜汤证
推荐方剂：栀子干姜汤加减
药物组成：[干姜, 栀子]
六经列表：[太阳病, 阳明病]
合病标记：太阳阳明合病
命中主证：[身热不去, 微烦]
命中或然证：[]
候选命中主证：[[身热不去, 微烦], [大便硬], [大便硬], [浮数脉], [大热, 洪脉], [潮热], [口渴], [大便硬], [口渴], [口渴]]
候选缺口：[[], [小便数], [小便自利], [发热, 腹满], [大汗, 大渴], [腹满, 谵语], [发热, 小便不利], [小便自利, 自汗], [里急后重, 下利], [呕吐, 头痛, 欲饮]]
候选命中或然证：[[], [], [], [], [], [], [], [], [], []]
候选方证：[栀子干姜汤证, 麻子仁丸证, 猪胆汁方证, 厚朴七物汤证, 白虎汤证, 小承气汤证, 猪苓汤证, 蜜煎导方证, 白头翁汤证, 文蛤汤证]
候选方证打分：[Zhiziganjiangtangzheng(hits=4/4, gap=0, poss=0/0, prio=2), Mazirenwanzheng(hits=3/4, gap=1, poss=0/0, prio=3), Zhudanzhifangzheng(hits=3/4, gap=1, poss=0/0, prio=3), Houpoqiwutangzheng(hits=5/7, gap=2, poss=0/0, prio=2), Baihutangzheng(hits=4/6, gap=2, poss=0/0, prio=2), Xiaochengqitangzheng(hits=3/5, gap=2, poss=0/0, prio=2), Zhulingtangzheng(hits=3/5, gap=2, poss=0/0, prio=2), Mijiandaofangzheng(hits=3/5, gap=2, poss=0/0, prio=3), Baitouwengtangzheng(hits=3/5, gap=2, poss=0/1, prio=3), Wengetangzheng(hits=5/8, gap=3, poss=0/0, prio=3)]
兼夹证：[]
加味药物：[]
配伍禁忌警告：[]

===== 栀子柏皮汤证 =====
八纲：{表里=[表证, 里证], 寒热=[热证], 虚实=[], 阴阳=[阳证], bagangTypes=[表证, 里证, 热证, 阳证]}
六经：太阳阳明合病
方证：栀子柏皮汤证
推荐方剂：栀子柏皮汤加人参、瓜蒌根、白术
药物组成：[甘草, 黄柏, 栀子, 人参, 瓜蒌根, 白术]
六经列表：[太阳病, 阳明病]
合病标记：太阳阳明合病
命中主证：[发热, 身黄]
命中或然证：[]
候选命中主证：[[发热, 身黄], [发热, 身黄], [发热, 口渴], [身黄], [浮脉], [发热], [发热], [浮脉], [浮脉, 口渴], [口渴]]
候选缺口：[[], [恶寒], [小便不利], [小便不利], [水之为病], [浮数脉, 腹满], [微呕, 气上撞心], [咳嗽, 无热恶寒], [水入则吐, 小便不利], [里急后重, 下利]]
候选命中或然证：[[], [], [], [], [], [], [], [], [], []]
候选方证：[栀子柏皮汤证, 麻黄连翘赤小豆汤证, 猪苓汤证, 茵陈蒿汤证, 杏子汤证, 厚朴七物汤证, 柴胡桂枝汤证, 厚朴麻黄汤证, 五苓散证, 白头翁汤证]
候选方证打分：[Zhizibaipitangzheng(hits=4/4, gap=0, poss=0/0, prio=2), Mahuanglianqiaochixiaodoutangzheng(hits=6/7, gap=1, poss=0/0, prio=3), Zhulingtangzheng(hits=4/5, gap=1, poss=0/0, prio=2), Yinchenhaotangzheng(hits=3/4, gap=1, poss=0/0, prio=2), Xingzitangzheng(hits=3/4, gap=1, poss=0/0, prio=3), Houpoqiwutangzheng(hits=5/7, gap=2, poss=0/0, prio=2), Chaihuguizhitangzheng(hits=4/6, gap=2, poss=0/0, prio=3), Houpomahuangtangzheng(hits=4/6, gap=2, poss=0/4, prio=3), Wulingsanzheng(hits=4/6, gap=2, poss=0/0, prio=3), Baitouwengtangzheng(hits=3/5, gap=2, poss=0/1, prio=3)]
兼夹证：[]
加味药物：[人参, 瓜蒌根, 白术]
配伍禁忌警告：[]

===== 栀子大黄汤证 =====
八纲：{表里=[里证], 寒热=[热证], 虚实=[], 阴阳=[阳证], bagangTypes=[里证, 热证, 阳证]}
六经：阳明病
方证：栀子大黄汤证
推荐方剂：栀子大黄汤加芍药、人参、白术、附子、瓜蒌根
药物组成：[大黄, 香豉, 枳实, 栀子, 芍药, 人参, 白术, 附子, 瓜蒌根]
六经列表：[阳明病]
合病标记：null
命中主证：[腹痛, 酒黄疸, 心中懊憹]
命中或然证：[]
候选命中主证：[[腹痛, 酒黄疸, 心中懊憹], [腹痛], [心中懊憹], [口渴], [腹痛], [口渴], [腹痛], [口渴], [洪脉], [口渴]]
候选缺口：[[], [不大便], [烦热, 不得眠], [发热, 小便不利], [气上冲胸, 往来寒热], [里急后重, 下利], [胸中有热, 欲呕, 无热恶寒], [口苦, 小便赤, 无热恶寒], [大汗, 大渴, 大热], [呕吐, 头痛, 欲饮, 无热恶寒]]
候选命中或然证：[[], [], [], [], [], [], [], [], [], []]
候选方证：[栀子大黄汤证, 厚朴三物汤证, 栀子豉汤证, 猪苓汤证, 奔豚汤证, 白头翁汤证, 黄连汤证, 百合洗方证, 白虎汤证, 文蛤汤证]
候选方证打分：[Zhizidahuangtangzheng(hits=5/5, gap=0, poss=0/0, prio=2), Houposanwutangzheng(hits=3/4, gap=1, poss=0/0, prio=2), Zhizichitangzheng(hits=3/5, gap=2, poss=0/0, prio=2), Zhulingtangzheng(hits=3/5, gap=2, poss=0/0, prio=2), Bentuntangzheng(hits=3/5, gap=2, poss=0/0, prio=3), Baitouwengtangzheng(hits=3/5, gap=2, poss=0/1, prio=3), Huangliantangzheng(hits=4/7, gap=3, poss=0/0, prio=2), Baihexifangzheng(hits=4/7, gap=3, poss=0/0, prio=5), Baihutangzheng(hits=3/6, gap=3, poss=0/0, prio=2), Wengetangzheng(hits=4/8, gap=4, poss=0/0, prio=3)]
兼夹证：[]
加味药物：[芍药, 人参, 白术, 附子, 瓜蒌根]
配伍禁忌警告：[十八反：瓜蒌根 反 附子]

===== 栀子豉汤证 =====
八纲：{表里=[表证, 里证], 寒热=[热证], 虚实=[], 阴阳=[阳证], bagangTypes=[表证, 里证, 热证, 阳证]}
六经：太阳阳明合病
方证：栀子豉汤证
推荐方剂：栀子豉汤加甘草、人参、瓜蒌根、白术
药物组成：[香豉, 栀子, 甘草, 人参, 瓜蒌根, 白术]
六经列表：[太阳病, 阳明病]
合病标记：太阳阳明合病
命中主证：[不得眠, 烦热, 心中懊憹]
命中或然证：[]
候选命中主证：[[不得眠, 烦热, 心中懊憹], [少气], [浮脉], [不得眠], [不得眠], [浮脉], [浮脉, 口渴], [心中懊憹], [口渴], [少气]]
候选缺口：[[], [虚烦], [水之为病], [心烦, 气上撞心], [虚烦, 无热恶寒], [咳嗽, 无热恶寒], [水入则吐, 小便不利], [腹痛, 酒黄疸], [发热, 小便不利], [虚羸, 欲吐]]
候选命中或然证：[[], [], [], [], [], [], [], [], [], []]
候选方证：[栀子豉汤证, 栀子甘草豉汤证, 杏子汤证, 温胆汤证, 酸枣仁汤证, 厚朴麻黄汤证, 五苓散证, 栀子大黄汤证, 猪苓汤证, 竹叶石膏汤证]
候选方证打分：[Zhizichitangzheng(hits=5/5, gap=0, poss=0/0, prio=2), Zhizigancaochitangzheng(hits=3/4, gap=1, poss=0/0, prio=2), Xingzitangzheng(hits=3/4, gap=1, poss=0/0, prio=3), Wendantangzheng(hits=4/6, gap=2, poss=0/0, prio=3), Suanzaorentangzheng(hits=4/6, gap=2, poss=0/2, prio=3), Houpomahuangtangzheng(hits=4/6, gap=2, poss=0/4, prio=3), Wulingsanzheng(hits=4/6, gap=2, poss=0/0, prio=3), Zhizidahuangtangzheng(hits=3/5, gap=2, poss=0/0, prio=2), Zhulingtangzheng(hits=3/5, gap=2, poss=0/0, prio=2), Zhuyeshigaotangzheng(hits=3/5, gap=2, poss=0/0, prio=3)]
兼夹证：[]
加味药物：[甘草, 人参, 瓜蒌根, 白术]
配伍禁忌警告：[]

===== 茵陈蒿汤证 =====
八纲：{表里=[里证], 寒热=[], 虚实=[实证], 阴阳=[阳证], bagangTypes=[里证, 实证, 阳证]}
六经：阳明病
方证：茵陈蒿汤证
推荐方剂：茵陈蒿汤去白术加白术、茯苓、附子、人参、瓜蒌根
药物组成：[大黄, 茵陈蒿, 栀子, 茯苓, 附子, 人参, 瓜蒌根]
六经列表：[阳明病]
合病标记：null
命中主证：[身黄, 小便不利]
命中或然证：[]
候选命中主证：[[身黄, 小便不利], [小便不利], [小便不利], [小便不利], [口渴, 小便不利], [身黄], [小便不利], [小便不利], [腹满], [腹满]]
候选缺口：[[], [], [], [], [发热], [发热], [黄疸], [一身面目黄肿], [潮热, 谵语], [卧起不安, 心烦]]
候选命中或然证：[[], [], [], [], [], [], [], [], [], []]
候选方证：[茵陈蒿汤证, 茯苓戎盐汤证, 滑石白鱼散证, 蒲灰散证, 猪苓汤证, 栀子柏皮汤证, 茵陈五苓散证, 越婢加术汤证, 小承气汤证, 栀子厚朴汤证]
候选方证打分：[Yinchenhaotangzheng(hits=4/4, gap=0, poss=0/0, prio=2), Fulingrongyantangzheng(hits=3/3, gap=0, poss=0/0, prio=3), Huashibaiyusanzheng(hits=3/3, gap=0, poss=0/0, prio=3), Puhuisanzheng(hits=3/3, gap=0, poss=0/0, prio=3), Zhulingtangzheng(hits=4/5, gap=1, poss=0/0, prio=2), Zhizibaipitangzheng(hits=3/4, gap=1, poss=0/0, prio=2), Yinchenwulingsanzheng(hits=3/4, gap=1, poss=0/0, prio=3), Yuebijiazhutangzheng(hits=3/4, gap=1, poss=0/0, prio=3), Xiaochengqitangzheng(hits=3/5, gap=2, poss=0/0, prio=2), Zhizihoupotangzheng(hits=3/5, gap=2, poss=0/0, prio=2)]
兼夹证：[]
加味药物：[白术, 茯苓, 附子, 人参, 瓜蒌根]
减味药物：[白术]
配伍禁忌警告：[十八反：瓜蒌根 反 附子]
[INFO] Tests run: 46, Failures: 0, Errors: 0, Skipped: 0, Time elapsed: 42.42 s -- in 【少阳·阳明】柴胡/白虎/承气/泻心/栀子豉类方证
[INFO] Running 【少阴·太阴】理中/四逆/真武/附子/麻黄附子/少阴杂方

===== 桂枝加芍药汤证 =====
八纲：{表里=[里证], 寒热=[], 虚实=[虚证], 阴阳=[阴证], bagangTypes=[里证, 虚证, 阴证]}
六经：太阴病
方证：桂枝加芍药汤证
推荐方剂：桂枝加芍药汤加减
药物组成：[大枣, 甘草, 桂枝, 芍药, 生姜]
六经列表：[太阴病]
合病标记：null
命中主证：[腹满, 时痛]
命中或然证：[]
候选命中主证：[[腹满, 时痛], [腹满], [腹满], [腹满], [腹满], [腹满]]
候选缺口：[[], [按之不痛], [口舌干燥], [不渴, 下利], [不能饮食, 肌肤甲错, 两目黯黑, 五劳虚极], [唇口干燥, 暮即发热, 少腹里急, 手掌烦热]]
候选命中或然证：[[], [], [], [], [], []]
候选方证：[桂枝加芍药汤证, 厚朴生姜半夏甘草人参汤证, 己椒苈黄丸证, 理中汤证, 大黄蛰虫丸证, 温经汤证]
候选方证打分：[Guizhijiashaoyaotangzheng(hits=4/4, gap=0, poss=0/0, prio=3), Houposhengjiangbanxiagancaorenshentangzheng(hits=3/4, gap=1, poss=0/0, prio=3), Jijiaolihuangwanzheng(hits=3/4, gap=1, poss=0/0, prio=3), Lizhongtangzheng(hits=3/5, gap=2, poss=0/0, prio=3), Dahuangzhechongwanzheng(hits=3/7, gap=4, poss=0/0, prio=2), Wenjingtangzheng(hits=3/7, gap=4, poss=0/0, prio=3)]
兼夹证：[]
加味药物：[]
配伍禁忌警告：[]

===== 桂枝加大黄汤证 =====
八纲：{表里=[里证], 寒热=[], 虚实=[虚证], 阴阳=[阴证], bagangTypes=[里证, 虚证, 阴证]}
六经：太阴病
方证：桂枝加大黄汤证
推荐方剂：桂枝加大黄汤加减
药物组成：[大黄, 大枣, 甘草, 桂枝, 芍药, 生姜]
六经列表：[太阴病]
合病标记：null
命中主证：[腹痛, 拒按]
命中或然证：[]
候选命中主证：[[腹痛, 拒按], [腹痛], [腹满], [腹满], [腹满], [腹痛], [腹痛], [腹满], [腹痛], [腹痛]]
候选缺口：[[], [], [时痛], [按之不痛], [口舌干燥], [刺痛], [下利脓血, 小便不利], [不渴, 下利], [刺痛, 少腹拘急], [胸中有热, 欲呕, 促脉, 胸满]]
候选命中或然证：[[], [], [], [], [], [], [], [], [], []]
候选方证：[桂枝加大黄汤证, 排脓散证, 桂枝加芍药汤证, 厚朴生姜半夏甘草人参汤证, 己椒苈黄丸证, 红蓝花酒证, 桃花汤证, 理中汤证, 内补当归建中汤证, 黄连汤证]
候选方证打分：[Guizhijiadahuangtangzheng(hits=4/4, gap=0, poss=0/0, prio=3), Painongsanzheng(hits=3/3, gap=0, poss=0/0, prio=3), Guizhijiashaoyaotangzheng(hits=3/4, gap=1, poss=0/0, prio=3), Houposhengjiangbanxiagancaorenshentangzheng(hits=3/4, gap=1, poss=0/0, prio=3), Jijiaolihuangwanzheng(hits=3/4, gap=1, poss=0/0, prio=3), Honglanhuajiuzheng(hits=3/4, gap=1, poss=0/0, prio=5), Taohuatangzheng(hits=3/5, gap=2, poss=0/0, prio=1), Lizhongtangzheng(hits=3/5, gap=2, poss=0/0, prio=3), Neibudangguijianzhongtangzheng(hits=3/5, gap=2, poss=0/3, prio=3), Huangliantangzheng(hits=4/7, gap=3, poss=0/0, prio=2)]
兼夹证：[]
加味药物：[]
配伍禁忌警告：[]

===== 麻黄附子细辛汤证 =====
八纲：{表里=[表证], 寒热=[], 虚实=[虚证], 阴阳=[阴证], bagangTypes=[表证, 虚证, 阳证, 阴证]}
六经：太少两感
方证：麻黄附子细辛汤证
推荐方剂：麻黄附子细辛汤
药物组成：[附子, 麻黄, 细辛]
六经列表：[少阴病, 太阳病]
合病标记：太少两感
命中主证：[沉脉, 发热]
命中或然证：[]
候选命中主证：[[沉脉, 发热], [但欲寐, 恶寒], [恶寒], [恶寒], [恶寒, 发热], [恶寒, 发热], [恶寒, 发热], [发热], [无汗], [无汗]]
候选缺口：[[], [], [胸满], [身疼烦], [身黄, 腹满], [如疟状, 一日再发], [面有热色, 身痒], [微呕, 气上撞心], [呕吐, 项强], [浮紧脉, 身痛]]
候选命中或然证：[[], [], [], [], [], [], [], [], [恶寒, 发热], [恶寒, 发热]]
候选方证：[麻黄附子细辛汤证, 麻黄附子甘草汤证, 桂枝去芍药加附子汤证, 麻黄加术汤证, 麻黄连翘赤小豆汤证, 桂枝二麻黄一汤证, 桂枝麻黄各半汤证, 柴胡桂枝汤证, 葛根加半夏汤证, 麻黄汤证]
候选方证打分：[Mahuangfuzixixintangzheng(hits=4/4, gap=0, poss=0/0, prio=2), Mahuangfuzigancaotangzheng(hits=4/4, gap=0, poss=0/0, prio=3), Guizhiqushaoyaojiafuzitangzheng(hits=3/4, gap=1, poss=0/0, prio=2), Mahuangjiazhutangzheng(hits=3/4, gap=1, poss=0/0, prio=3), Mahuanglianqiaochixiaodoutangzheng(hits=5/7, gap=2, poss=0/0, prio=3), Guizhiermahuangyitangzheng(hits=4/6, gap=2, poss=0/0, prio=3), Guizhimahuanggebantangzheng(hits=4/6, gap=2, poss=0/0, prio=3), Chaihuguizhitangzheng(hits=4/6, gap=2, poss=0/0, prio=3), Gegenjiabanxiatangzheng(hits=3/5, gap=2, poss=2/2, prio=2), Mahuangtangzheng(hits=3/5, gap=2, poss=2/4, prio=2)]
兼夹证：[]
加味药物：[]
配伍禁忌警告：[]

===== 麻黄附子甘草汤证 =====
八纲：{表里=[表证], 寒热=[], 虚实=[虚证], 阴阳=[阴证], bagangTypes=[表证, 虚证, 阴证]}
六经：少阴病
方证：麻黄附子甘草汤证
推荐方剂：麻黄附子甘草汤
药物组成：[附子, 甘草, 麻黄]
六经列表：[少阴病]
合病标记：null
命中主证：[但欲寐, 恶寒]
命中或然证：[]
候选命中主证：[[但欲寐, 恶寒], [沉脉]]
候选缺口：[[], [发热]]
候选命中或然证：[[], []]
候选方证：[麻黄附子甘草汤证, 麻黄附子细辛汤证]
候选方证打分：[Mahuangfuzigancaotangzheng(hits=4/4, gap=0, poss=0/0, prio=3), Mahuangfuzixixintangzheng(hits=3/4, gap=1, poss=0/0, prio=2)]
兼夹证：[]
加味药物：[]
配伍禁忌警告：[]

===== 麻黄附子汤证 =====
八纲：{表里=[表证], 寒热=[], 虚实=[虚证], 阴阳=[阴证], bagangTypes=[表证, 虚证, 阴证]}
六经：少阴病
方证：麻黄附子汤证
推荐方剂：麻黄附子汤加茯苓
药物组成：[附子, 甘草, 麻黄, 茯苓]
六经列表：[少阴病]
合病标记：null
命中主证：[沉小脉, 水肿, 无汗, 小便不利]
命中或然证：[]
候选命中主证：[[沉小脉, 水肿, 无汗, 小便不利], [但欲寐]]
候选缺口：[[], [恶寒]]
候选命中或然证：[[], []]
候选方证：[麻黄附子汤证, 麻黄附子甘草汤证]
候选方证打分：[Mahuangfuzitangzheng(hits=6/6, gap=0, poss=0/0, prio=3), Mahuangfuzigancaotangzheng(hits=3/4, gap=1, poss=0/0, prio=3)]
兼夹证：[]
加味药物：[茯苓]
配伍禁忌警告：[]

===== 射干麻黄汤证 =====
八纲：{表里=[表证, 里证], 寒热=[], 虚实=[虚证], 阴阳=[阴证], bagangTypes=[表证, 里证, 虚证, 阴证]}
六经：太阴少阴合病
方证：射干麻黄汤证
推荐方剂：射干麻黄汤加附子
药物组成：[半夏, 大枣, 款冬花, 麻黄, 射干, 生姜, 五味子, 细辛, 紫菀, 附子]
六经列表：[少阴病, 太阴病]
合病标记：太阴少阴合病
命中主证：[喉中水鸡声, 咳而上气]
命中或然证：[]
候选命中主证：[[喉中水鸡声, 咳而上气], [腹满], [腹满], [腹满], [浮脉], [腹满], [腹满], [腹满]]
候选缺口：[[], [时痛], [按之不痛], [口舌干燥], [咳嗽, 恶寒], [不渴, 下利], [不能饮食, 肌肤甲错, 两目黯黑, 五劳虚极], [唇口干燥, 暮即发热, 少腹里急, 手掌烦热]]
候选命中或然证：[[], [], [], [], [喉中水鸡声], [], [], []]
候选方证：[射干麻黄汤证, 桂枝加芍药汤证, 厚朴生姜半夏甘草人参汤证, 己椒苈黄丸证, 厚朴麻黄汤证, 理中汤证, 大黄蛰虫丸证, 温经汤证]
候选方证打分：[Sheganmahuangtangzheng(hits=4/4, gap=0, poss=0/0, prio=3), Guizhijiashaoyaotangzheng(hits=3/4, gap=1, poss=0/0, prio=3), Houposhengjiangbanxiagancaorenshentangzheng(hits=3/4, gap=1, poss=0/0, prio=3), Jijiaolihuangwanzheng(hits=3/4, gap=1, poss=0/0, prio=3), Houpomahuangtangzheng(hits=4/6, gap=2, poss=1/4, prio=3), Lizhongtangzheng(hits=3/5, gap=2, poss=0/0, prio=3), Dahuangzhechongwanzheng(hits=3/7, gap=4, poss=0/0, prio=2), Wenjingtangzheng(hits=3/7, gap=4, poss=0/0, prio=3)]
兼夹证：[]
加味药物：[附子]
配伍禁忌警告：[十八反：半夏 反 附子]

===== 越婢加半夏汤证 =====
八纲：{表里=[表证, 里证], 寒热=[热证], 虚实=[], 阴阳=[阳证], bagangTypes=[表证, 里证, 热证, 阳证]}
六经：太阳阳明合病
方证：越婢加半夏汤证
推荐方剂：越婢加半夏汤去麻黄、半夏、大枣、生姜、人参加附子、杏仁、厚朴、人参、瓜蒌根、白术、五味子、细辛、干姜
药物组成：[甘草, 石膏, 附子, 杏仁, 厚朴, 瓜蒌根, 白术, 五味子, 细辛, 干姜]
六经列表：[太阳病, 阳明病]
合病标记：太阳阳明合病
命中主证：[喘, 咳嗽, 目如脱状]
命中或然证：[浮大脉]
候选命中主证：[[喘, 咳嗽, 目如脱状], [喘, 浮脉, 咳嗽], [浮脉, 咳嗽], [喘], [恶寒], [恶寒], [浮脉], [喘], [恶寒], [浮脉, 口渴]]
候选缺口：[[], [烦躁], [无热恶寒], [汗出], [胸满], [身疼烦], [水之为病], [汗出, 下利], [发热, 身黄], [水入则吐, 小便不利]]
候选命中或然证：[[浮大脉], [], [喘], [咳嗽, 口渴], [], [], [], [], [], []]
候选方证：[越婢加半夏汤证, 小青龙加石膏汤证, 厚朴麻黄汤证, 麻杏石甘汤证, 桂枝去芍药加附子汤证, 麻黄加术汤证, 杏子汤证, 葛根黄芩黄连汤证, 麻黄连翘赤小豆汤证, 五苓散证]
候选方证打分：[Yuebijiabanxiatangzheng(hits=7/7, gap=0, poss=1/1, prio=3), Xiaoqinglongjiashigaotangzheng(hits=5/6, gap=1, poss=0/0, prio=3), Houpomahuangtangzheng(hits=5/6, gap=1, poss=1/4, prio=3), Maxingshigantangzheng(hits=3/4, gap=1, poss=2/2, prio=3), Guizhiqushaoyaojiafuzitangzheng(hits=3/4, gap=1, poss=0/0, prio=2), Mahuangjiazhutangzheng(hits=3/4, gap=1, poss=0/0, prio=3), Xingzitangzheng(hits=3/4, gap=1, poss=0/0, prio=3), Gegenhuangqinhuangliantangzheng(hits=5/7, gap=2, poss=0/0, prio=2), Mahuanglianqiaochixiaodoutangzheng(hits=5/7, gap=2, poss=0/0, prio=3), Wulingsanzheng(hits=4/6, gap=2, poss=0/0, prio=3)]
兼夹证：[]
加味药物：[附子, 杏仁, 厚朴, 人参, 瓜蒌根, 白术, 五味子, 细辛, 干姜]
减味药物：[麻黄, 半夏, 大枣, 生姜, 人参]
配伍禁忌警告：[十八反：瓜蒌根 反 附子]

===== 理中汤证 =====
八纲：{表里=[里证], 寒热=[], 虚实=[虚证], 阴阳=[阴证], bagangTypes=[里证, 虚证, 阴证]}
六经：太阴病
方证：理中汤证
推荐方剂：理中汤去白术加附子
药物组成：[甘草, 干姜, 人参, 附子, 白术]
六经列表：[太阴病]
合病标记：null
命中主证：[不渴, 腹满, 下利]
命中或然证：[]
候选命中主证：[[不渴, 腹满, 下利], [呕吐], [腹满], [下利], [腹满], [腹满], [下利], [下利], [下利], [呕吐]]
候选缺口：[[], [口渴], [时痛], [下利气], [按之不痛], [口舌干燥], [肺痛], [微脉, 面赤], [呕, 心下痞], [膈间有水, 心下痞]]
候选命中或然证：[[], [], [], [], [], [], [], [], [], []]
候选方证：[理中汤证, 茯苓泽泻汤证, 桂枝加芍药汤证, 诃梨勒散证, 厚朴生姜半夏甘草人参汤证, 己椒苈黄丸证, 紫参汤证, 白通汤证, 半夏泻心汤证, 小半夏加茯苓汤证]
候选方证打分：[Lizhongtangzheng(hits=5/5, gap=0, poss=0/0, prio=3), Fulingzexietangzheng(hits=3/4, gap=1, poss=0/0, prio=3), Guizhijiashaoyaotangzheng(hits=3/4, gap=1, poss=0/0, prio=3), Helilesanzheng(hits=3/4, gap=1, poss=0/0, prio=3), Houposhengjiangbanxiagancaorenshentangzheng(hits=3/4, gap=1, poss=0/0, prio=3), Jijiaolihuangwanzheng(hits=3/4, gap=1, poss=0/0, prio=3), Zishentangzheng(hits=3/4, gap=1, poss=0/0, prio=3), Baitongtangzheng(hits=3/5, gap=2, poss=0/0, prio=1), Banxiaxiexintangzheng(hits=3/5, gap=2, poss=0/0, prio=2), Xiaobanxiajiafulingtangzheng(hits=3/5, gap=2, poss=0/0, prio=3)]
兼夹证：[]
加味药物：[附子]
减味药物：[白术]
配伍禁忌警告：[]

===== 四逆汤证 =====
八纲：{表里=[表证, 里证], 寒热=[], 虚实=[虚证], 阴阳=[阴证], bagangTypes=[表证, 里证, 虚证, 阴证]}
六经：太阴少阴合病
方证：四逆汤证
推荐方剂：四逆汤加生姜、白术
药物组成：[附子, 甘草, 干姜, 生姜, 白术]
六经列表：[少阴病, 太阴病]
合病标记：太阴少阴合病
命中主证：[沉微脉, 手足冷, 下利清谷]
命中或然证：[]
候选命中主证：[[沉微脉, 手足冷, 下利清谷], [腹满, 下利], [呕吐], [腹满], [下利], [腹满], [腹满], [但欲寐], [下利], [下利]]
候选缺口：[[], [不渴], [口渴], [时痛], [下利气], [按之不痛], [口舌干燥], [恶寒], [肺痛], [微脉, 面赤]]
候选命中或然证：[[], [], [], [], [], [], [], [], [], []]
候选方证：[四逆汤证, 理中汤证, 茯苓泽泻汤证, 桂枝加芍药汤证, 诃梨勒散证, 厚朴生姜半夏甘草人参汤证, 己椒苈黄丸证, 麻黄附子甘草汤证, 紫参汤证, 白通汤证]
候选方证打分：[Sinitangzheng(hits=4/4, gap=0, poss=0/0, prio=1), Lizhongtangzheng(hits=4/5, gap=1, poss=0/0, prio=3), Fulingzexietangzheng(hits=3/4, gap=1, poss=0/0, prio=3), Guizhijiashaoyaotangzheng(hits=3/4, gap=1, poss=0/0, prio=3), Helilesanzheng(hits=3/4, gap=1, poss=0/0, prio=3), Houposhengjiangbanxiagancaorenshentangzheng(hits=3/4, gap=1, poss=0/0, prio=3), Jijiaolihuangwanzheng(hits=3/4, gap=1, poss=0/0, prio=3), Mahuangfuzigancaotangzheng(hits=3/4, gap=1, poss=0/0, prio=3), Zishentangzheng(hits=3/4, gap=1, poss=0/0, prio=3), Baitongtangzheng(hits=3/5, gap=2, poss=0/0, prio=1)]
兼夹证：[]
加味药物：[生姜, 白术]
配伍禁忌警告：[]

===== 通脉四逆汤证 =====
八纲：{表里=[里证], 寒热=[], 虚实=[虚证], 阴阳=[阴证], bagangTypes=[里证, 虚证, 阴证]}
六经：太阴病
方证：通脉四逆汤证
推荐方剂：通脉四逆汤加葱白
药物组成：[附子, 甘草, 干姜, 葱白]
六经列表：[太阴病]
合病标记：null
命中主证：[不恶寒, 面赤, 微细脉, 下利清谷]
命中或然证：[]
候选命中主证：[[不恶寒, 面赤, 微细脉, 下利清谷], [下利清谷], [腹满], [腹满], [腹满], [面赤], [腹满], [腹满], [腹满]]
候选缺口：[[手足冷], [手足冷], [时痛], [按之不痛], [口舌干燥], [微脉, 下利], [不渴, 下利], [不能饮食, 肌肤甲错, 两目黯黑, 五劳虚极], [唇口干燥, 暮即发热, 少腹里急, 手掌烦热]]
候选命中或然证：[[], [], [], [], [], [], [], [], []]
候选方证：[通脉四逆汤证, 四逆汤证, 桂枝加芍药汤证, 厚朴生姜半夏甘草人参汤证, 己椒苈黄丸证, 白通汤证, 理中汤证, 大黄蛰虫丸证, 温经汤证]
候选方证打分：[Tongmaisinitangzheng(hits=6/7, gap=1, poss=0/5, prio=1), Sinitangzheng(hits=3/4, gap=1, poss=0/0, prio=1), Guizhijiashaoyaotangzheng(hits=3/4, gap=1, poss=0/0, prio=3), Houposhengjiangbanxiagancaorenshentangzheng(hits=3/4, gap=1, poss=0/0, prio=3), Jijiaolihuangwanzheng(hits=3/4, gap=1, poss=0/0, prio=3), Baitongtangzheng(hits=3/5, gap=2, poss=0/0, prio=1), Lizhongtangzheng(hits=3/5, gap=2, poss=0/0, prio=3), Dahuangzhechongwanzheng(hits=3/7, gap=4, poss=0/0, prio=2), Wenjingtangzheng(hits=3/7, gap=4, poss=0/0, prio=3)]
兼夹证：[]
加味药物：[葱白]
配伍禁忌警告：[]

===== 通脉四逆加猪胆汁汤证 =====
八纲：{表里=[里证], 寒热=[], 虚实=[虚证], 阴阳=[阴证], bagangTypes=[里证, 虚证, 阴证]}
六经：太阴病
方证：通脉四逆加猪胆汁汤证
推荐方剂：Tongmaisinijiazhudanzhitang加附子
药物组成：[附子]
六经列表：[太阴病]
合病标记：null
命中主证：[汗出, 厥逆]
命中或然证：[]
候选命中主证：[[汗出, 厥逆], [厥逆], [腹满], [腹满], [腹满], [微脉], [腹满], [微脉], [汗出], [微脉]]
候选缺口：[[], [干呕], [时痛], [按之不痛], [口舌干燥], [面赤, 下利], [不渴, 下利], [恶寒, 脚挛急], [恶寒, 心下痞], [恶寒, 利止, 亡血]]
候选命中或然证：[[], [], [], [], [], [], [], [], [], []]
候选方证：[通脉四逆加猪胆汁汤证, 白通加猪胆汁汤证, 桂枝加芍药汤证, 厚朴生姜半夏甘草人参汤证, 己椒苈黄丸证, 白通汤证, 理中汤证, 芍药甘草附子汤证, 附子泻心汤证, 四逆加人参汤证]
候选方证打分：[Tongmaisinijiazhudanzhitangzheng(hits=4/4, gap=0, poss=0/0, prio=1), Baitongjiazhudanzhitangzheng(hits=3/4, gap=1, poss=0/0, prio=1), Guizhijiashaoyaotangzheng(hits=3/4, gap=1, poss=0/0, prio=3), Houposhengjiangbanxiagancaorenshentangzheng(hits=3/4, gap=1, poss=0/0, prio=3), Jijiaolihuangwanzheng(hits=3/4, gap=1, poss=0/0, prio=3), Baitongtangzheng(hits=3/5, gap=2, poss=0/0, prio=1), Lizhongtangzheng(hits=3/5, gap=2, poss=0/0, prio=3), Shaoyaogancaofuzitangzheng(hits=3/5, gap=2, poss=0/0, prio=3), Fuzixiexintangzheng(hits=3/5, gap=2, poss=0/0, prio=2), Sinijiarenshentangzheng(hits=3/6, gap=3, poss=0/0, prio=1)]
兼夹证：[]
加味药物：[附子]
配伍禁忌警告：[]

===== 四逆加人参汤证 =====
八纲：{表里=[里证], 寒热=[], 虚实=[虚证], 阴阳=[阴证], bagangTypes=[里证, 虚证, 阴证]}
六经：太阴病
方证：四逆加人参汤证
推荐方剂：四逆加人参汤加减
药物组成：[附子, 甘草, 干姜, 人参]
六经列表：[太阴病]
合病标记：null
命中主证：[恶寒, 利止, 亡血, 微脉]
命中或然证：[]
候选命中主证：[[恶寒, 利止, 亡血, 微脉], [微脉, 下利], [腹满, 下利], [恶寒, 微脉], [腹满], [下利], [腹满], [腹满], [下利], [下利]]
候选缺口：[[], [面赤], [不渴], [脚挛急], [时痛], [下利气], [按之不痛], [口舌干燥], [肺痛], [呕, 心下痞]]
候选命中或然证：[[], [], [], [], [], [], [], [], [], []]
候选方证：[四逆加人参汤证, 白通汤证, 理中汤证, 芍药甘草附子汤证, 桂枝加芍药汤证, 诃梨勒散证, 厚朴生姜半夏甘草人参汤证, 己椒苈黄丸证, 紫参汤证, 半夏泻心汤证]
候选方证打分：[Sinijiarenshentangzheng(hits=6/6, gap=0, poss=0/0, prio=1), Baitongtangzheng(hits=4/5, gap=1, poss=0/0, prio=1), Lizhongtangzheng(hits=4/5, gap=1, poss=0/0, prio=3), Shaoyaogancaofuzitangzheng(hits=4/5, gap=1, poss=0/0, prio=3), Guizhijiashaoyaotangzheng(hits=3/4, gap=1, poss=0/0, prio=3), Helilesanzheng(hits=3/4, gap=1, poss=0/0, prio=3), Houposhengjiangbanxiagancaorenshentangzheng(hits=3/4, gap=1, poss=0/0, prio=3), Jijiaolihuangwanzheng(hits=3/4, gap=1, poss=0/0, prio=3), Zishentangzheng(hits=3/4, gap=1, poss=0/0, prio=3), Banxiaxiexintangzheng(hits=3/5, gap=2, poss=0/0, prio=2)]
兼夹证：[]
加味药物：[]
配伍禁忌警告：[]

===== 茯苓四逆汤证 =====
八纲：{表里=[里证], 寒热=[], 虚实=[虚证], 阴阳=[阴证], bagangTypes=[里证, 虚证, 阴证]}
六经：太阴病
方证：茯苓四逆汤证
推荐方剂：茯苓四逆汤加减
药物组成：[茯苓, 附子, 甘草, 干姜, 人参]
六经列表：[太阴病]
合病标记：null
命中主证：[烦躁]
命中或然证：[]
候选命中主证：[[烦躁], [烦躁], [腹满], [腹满], [腹满], [微脉], [腹满], [微脉], [微脉], [腹满]]
候选缺口：[[], [不得眠], [时痛], [按之不痛], [口舌干燥], [面赤, 下利], [不渴, 下利], [恶寒, 脚挛急], [恶寒, 利止, 亡血], [不能饮食, 肌肤甲错, 两目黯黑, 五劳虚极]]
候选命中或然证：[[], [], [], [], [], [], [], [], [], []]
候选方证：[茯苓四逆汤证, 干姜附子汤证, 桂枝加芍药汤证, 厚朴生姜半夏甘草人参汤证, 己椒苈黄丸证, 白通汤证, 理中汤证, 芍药甘草附子汤证, 四逆加人参汤证, 大黄蛰虫丸证]
候选方证打分：[Fulingsinitangzheng(hits=3/3, gap=0, poss=0/0, prio=1), Ganjiangfuzitangzheng(hits=3/4, gap=1, poss=0/0, prio=1), Guizhijiashaoyaotangzheng(hits=3/4, gap=1, poss=0/0, prio=3), Houposhengjiangbanxiagancaorenshentangzheng(hits=3/4, gap=1, poss=0/0, prio=3), Jijiaolihuangwanzheng(hits=3/4, gap=1, poss=0/0, prio=3), Baitongtangzheng(hits=3/5, gap=2, poss=0/0, prio=1), Lizhongtangzheng(hits=3/5, gap=2, poss=0/0, prio=3), Shaoyaogancaofuzitangzheng(hits=3/5, gap=2, poss=0/0, prio=3), Sinijiarenshentangzheng(hits=3/6, gap=3, poss=0/0, prio=1), Dahuangzhechongwanzheng(hits=3/7, gap=4, poss=0/0, prio=2)]
兼夹证：[]
加味药物：[]
配伍禁忌警告：[]

===== 白通汤证 =====
八纲：{表里=[里证], 寒热=[], 虚实=[虚证], 阴阳=[阴证], bagangTypes=[里证, 虚证, 阴证]}
六经：太阴病
方证：白通汤证
推荐方剂：白通汤加减
药物组成：[葱白, 附子, 干姜]
六经列表：[太阴病]
合病标记：null
命中主证：[面赤, 微脉, 下利]
命中或然证：[]
候选命中主证：[[面赤, 微脉, 下利], [腹满, 下利], [恶寒, 微脉], [腹满], [下利], [腹满], [腹满], [下利], [恶寒, 微脉], [下利]]
候选缺口：[[], [不渴], [脚挛急], [时痛], [下利气], [按之不痛], [口舌干燥], [肺痛], [利止, 亡血], [呕, 心下痞]]
候选命中或然证：[[], [], [], [], [], [], [], [], [], []]
候选方证：[白通汤证, 理中汤证, 芍药甘草附子汤证, 桂枝加芍药汤证, 诃梨勒散证, 厚朴生姜半夏甘草人参汤证, 己椒苈黄丸证, 紫参汤证, 四逆加人参汤证, 半夏泻心汤证]
候选方证打分：[Baitongtangzheng(hits=5/5, gap=0, poss=0/0, prio=1), Lizhongtangzheng(hits=4/5, gap=1, poss=0/0, prio=3), Shaoyaogancaofuzitangzheng(hits=4/5, gap=1, poss=0/0, prio=3), Guizhijiashaoyaotangzheng(hits=3/4, gap=1, poss=0/0, prio=3), Helilesanzheng(hits=3/4, gap=1, poss=0/0, prio=3), Houposhengjiangbanxiagancaorenshentangzheng(hits=3/4, gap=1, poss=0/0, prio=3), Jijiaolihuangwanzheng(hits=3/4, gap=1, poss=0/0, prio=3), Zishentangzheng(hits=3/4, gap=1, poss=0/0, prio=3), Sinijiarenshentangzheng(hits=4/6, gap=2, poss=0/0, prio=1), Banxiaxiexintangzheng(hits=3/5, gap=2, poss=0/0, prio=2)]
兼夹证：[]
加味药物：[]
配伍禁忌警告：[]

===== 白通加猪胆汁汤证 =====
八纲：{表里=[里证], 寒热=[], 虚实=[虚证], 阴阳=[阴证], bagangTypes=[里证, 虚证, 阴证]}
六经：太阴病
方证：白通加猪胆汁汤证
推荐方剂：白通加猪胆汁汤加减
药物组成：[葱白, 附子, 干姜, 人尿, 猪胆汁]
六经列表：[太阴病]
合病标记：null
命中主证：[干呕, 厥逆]
命中或然证：[]
候选命中主证：[[干呕, 厥逆], [微脉, 下利], [腹满, 下利], [厥逆], [心烦], [干呕], [腹满], [下利], [腹满], [腹满]]
候选缺口：[[], [面赤], [不渴], [汗出], [下利不止], [吐涎沫], [时痛], [下利气], [按之不痛], [口舌干燥]]
候选命中或然证：[[], [], [], [], [], [], [], [], [], []]
候选方证：[白通加猪胆汁汤证, 白通汤证, 理中汤证, 通脉四逆加猪胆汁汤证, 甘草泻心汤证, 半夏干姜散证, 桂枝加芍药汤证, 诃梨勒散证, 厚朴生姜半夏甘草人参汤证, 己椒苈黄丸证]
候选方证打分：[Baitongjiazhudanzhitangzheng(hits=4/4, gap=0, poss=0/0, prio=1), Baitongtangzheng(hits=4/5, gap=1, poss=0/0, prio=1), Lizhongtangzheng(hits=4/5, gap=1, poss=0/0, prio=3), Tongmaisinijiazhudanzhitangzheng(hits=3/4, gap=1, poss=0/0, prio=1), Gancaoxiexintangzheng(hits=3/4, gap=1, poss=0/0, prio=2), Banxiaganjiangsanzheng(hits=3/4, gap=1, poss=0/0, prio=3), Guizhijiashaoyaotangzheng(hits=3/4, gap=1, poss=0/0, prio=3), Helilesanzheng(hits=3/4, gap=1, poss=0/0, prio=3), Houposhengjiangbanxiagancaorenshentangzheng(hits=3/4, gap=1, poss=0/0, prio=3), Jijiaolihuangwanzheng(hits=3/4, gap=1, poss=0/0, prio=3)]
兼夹证：[]
加味药物：[]
配伍禁忌警告：[]

===== 干姜附子汤证 =====
八纲：{表里=[里证], 寒热=[], 虚实=[虚证], 阴阳=[阴证], bagangTypes=[里证, 虚证, 阴证]}
六经：太阴病
方证：干姜附子汤证
推荐方剂：干姜附子汤加人参、石膏、生姜、茯苓、大枣
药物组成：[附子, 干姜, 人参, 石膏, 生姜, 茯苓, 大枣]
六经列表：[太阴病]
合病标记：null
命中主证：[不得眠, 烦躁]
命中或然证：[]
候选命中主证：[[不得眠, 烦躁], [烦躁], [沉微脉], [腹满], [腹满], [腹满], [不得眠], [腹满], [腹满], [腹满]]
候选缺口：[[], [], [手足冷], [时痛], [按之不痛], [口舌干燥], [虚烦, 促脉, 胸满], [不渴, 下利], [不能饮食, 肌肤甲错, 两目黯黑, 五劳虚极], [唇口干燥, 暮即发热, 少腹里急, 手掌烦热]]
候选命中或然证：[[], [], [], [], [], [], [], [], [], []]
候选方证：[干姜附子汤证, 茯苓四逆汤证, 四逆汤证, 桂枝加芍药汤证, 厚朴生姜半夏甘草人参汤证, 己椒苈黄丸证, 酸枣仁汤证, 理中汤证, 大黄蛰虫丸证, 温经汤证]
候选方证打分：[Ganjiangfuzitangzheng(hits=4/4, gap=0, poss=0/0, prio=1), Fulingsinitangzheng(hits=3/3, gap=0, poss=0/0, prio=1), Sinitangzheng(hits=3/4, gap=1, poss=0/0, prio=1), Guizhijiashaoyaotangzheng(hits=3/4, gap=1, poss=0/0, prio=3), Houposhengjiangbanxiagancaorenshentangzheng(hits=3/4, gap=1, poss=0/0, prio=3), Jijiaolihuangwanzheng(hits=3/4, gap=1, poss=0/0, prio=3), Suanzaorentangzheng(hits=4/6, gap=2, poss=0/2, prio=3), Lizhongtangzheng(hits=3/5, gap=2, poss=0/0, prio=3), Dahuangzhechongwanzheng(hits=3/7, gap=4, poss=0/0, prio=2), Wenjingtangzheng(hits=3/7, gap=4, poss=0/0, prio=3)]
兼夹证：[]
加味药物：[人参, 石膏, 生姜, 茯苓, 大枣]
配伍禁忌警告：[]

===== 真武汤证 =====
八纲：{表里=[表证], 寒热=[], 虚实=[虚证], 阴阳=[阴证], bagangTypes=[表证, 虚证, 阴证]}
六经：少阴病
方证：真武汤证
推荐方剂：真武汤去芍药加干姜
药物组成：[白术, 茯苓, 附子, 生姜, 干姜]
六经列表：[少阴病]
合病标记：null
命中主证：[腹痛, 身瞤动, 四肢沉重疼痛, 头眩, 下利, 心下悸动]
命中或然证：[]
候选命中主证：[[腹痛, 身瞤动, 四肢沉重疼痛, 头眩, 下利, 心下悸动], [但欲寐, 恶寒], [手足冷], [小便不利]]
候选缺口：[[], [], [背恶寒, 骨节痛, 身痛], [沉小脉, 水肿, 无汗]]
候选命中或然证：[[], [], [], []]
候选方证：[真武汤证, 麻黄附子甘草汤证, 附子汤证, 麻黄附子汤证]
候选方证打分：[Zhenwutangzheng(hits=5/5, gap=0, poss=0/3, prio=3), Mahuangfuzigancaotangzheng(hits=4/4, gap=0, poss=0/0, prio=3), Fuzitangzheng(hits=3/6, gap=3, poss=0/0, prio=3), Mahuangfuzitangzheng(hits=3/6, gap=3, poss=0/0, prio=3)]
兼夹证：[]
加味药物：[干姜]
减味药物：[芍药]
配伍禁忌警告：[]

===== 附子汤证 =====
八纲：{表里=[表证], 寒热=[], 虚实=[虚证], 阴阳=[阴证], bagangTypes=[表证, 虚证, 阴证]}
六经：少阴病
方证：附子汤证
推荐方剂：附子汤
药物组成：[白术, 茯苓, 附子, 人参, 芍药]
六经列表：[少阴病]
合病标记：null
命中主证：[背恶寒, 骨节痛, 身痛, 手足冷]
命中或然证：[]
候选命中主证：[[背恶寒, 骨节痛, 身痛, 手足冷], [但欲寐]]
候选缺口：[[], [恶寒]]
候选命中或然证：[[], []]
候选方证：[附子汤证, 麻黄附子甘草汤证]
候选方证打分：[Fuzitangzheng(hits=6/6, gap=0, poss=0/0, prio=3), Mahuangfuzigancaotangzheng(hits=3/4, gap=1, poss=0/0, prio=3)]
兼夹证：[]
加味药物：[]
配伍禁忌警告：[]

===== 桃花汤证 =====
八纲：{表里=[里证], 寒热=[], 虚实=[虚证], 阴阳=[阴证], bagangTypes=[里证, 虚证, 阴证]}
六经：太阴病
方证：桃花汤证
推荐方剂：桃花汤加茯苓、芍药、人参、附子
药物组成：[赤石脂, 干姜, 粳米, 茯苓, 芍药, 人参, 附子]
六经列表：[太阴病]
合病标记：null
命中主证：[腹痛, 下利脓血, 小便不利]
命中或然证：[]
候选命中主证：[[腹痛, 下利脓血, 小便不利], [腹痛], [沉微脉], [腹痛], [腹满], [腹满], [腹满], [腹痛], [小便不利], [小便不利]]
候选缺口：[[], [], [手足冷], [拒按], [时痛], [按之不痛], [口舌干燥], [刺痛], [沉脉, 口渴], [妊娠有水气, 身重]]
候选命中或然证：[[], [], [], [], [], [], [], [], [], []]
候选方证：[桃花汤证, 排脓散证, 四逆汤证, 桂枝加大黄汤证, 桂枝加芍药汤证, 厚朴生姜半夏甘草人参汤证, 己椒苈黄丸证, 红蓝花酒证, 栝楼瞿麦丸证, 葵子茯苓散证]
候选方证打分：[Taohuatangzheng(hits=5/5, gap=0, poss=0/0, prio=1), Painongsanzheng(hits=3/3, gap=0, poss=0/0, prio=3), Sinitangzheng(hits=3/4, gap=1, poss=0/0, prio=1), Guizhijiadahuangtangzheng(hits=3/4, gap=1, poss=0/0, prio=3), Guizhijiashaoyaotangzheng(hits=3/4, gap=1, poss=0/0, prio=3), Houposhengjiangbanxiagancaorenshentangzheng(hits=3/4, gap=1, poss=0/0, prio=3), Jijiaolihuangwanzheng(hits=3/4, gap=1, poss=0/0, prio=3), Honglanhuajiuzheng(hits=3/4, gap=1, poss=0/0, prio=5), Gualouqumaiwanzheng(hits=3/5, gap=2, poss=0/0, prio=3), Kuizifulingsanzheng(hits=3/5, gap=2, poss=0/0, prio=3)]
兼夹证：[]
加味药物：[茯苓, 芍药, 人参, 附子]
配伍禁忌警告：[]

===== 黄连阿胶汤证 =====
八纲：{表里=[里证], 寒热=[热证], 虚实=[], 阴阳=[阳证], bagangTypes=[里证, 热证, 阳证]}
六经：阳明病
方证：黄连阿胶汤证
推荐方剂：黄连阿胶汤加人参、瓜蒌根、白术
药物组成：[阿胶, 黄连, 黄芩, 鸡子黄, 芍药, 人参, 瓜蒌根, 白术]
六经列表：[阳明病]
合病标记：null
命中主证：[不得卧]
命中或然证：[]
候选命中主证：[[不得卧], [不得卧], [口渴], [口渴], [胸中烦], [口渴], [洪脉], [口渴], [口渴], [口渴]]
候选缺口：[[心烦], [喘, 肺痈], [发热, 小便不利], [里急后重, 下利], [口苦, 小便赤, 无热恶寒], [口苦, 小便赤, 无热恶寒], [大汗, 大渴, 大热], [呕吐, 头痛, 欲饮, 无热恶寒], [大渴, 口苦, 小便赤, 无热恶寒], [大汗, 恶寒, 发热, 往来寒热, 胸胁苦满]]
候选命中或然证：[[], [], [], [], [], [], [], [], [], []]
候选方证：[黄连阿胶汤证, 葶苈大枣泻肺汤证, 猪苓汤证, 白头翁汤证, 百合鸡子汤证, 百合洗方证, 白虎汤证, 文蛤汤证, 栝楼牡蛎散证, 柴胡白虎汤证]
候选方证打分：[Huanglianejiaotangzheng(hits=3/4, gap=1, poss=0/0, prio=1), Tinglidazaoxiefeitangzheng(hits=3/5, gap=2, poss=0/0, prio=2), Zhulingtangzheng(hits=3/5, gap=2, poss=0/0, prio=2), Baitouwengtangzheng(hits=3/5, gap=2, poss=0/1, prio=3), Baihejizitangzheng(hits=4/7, gap=3, poss=0/0, prio=5), Baihexifangzheng(hits=4/7, gap=3, poss=0/0, prio=5), Baihutangzheng(hits=3/6, gap=3, poss=0/0, prio=2), Wengetangzheng(hits=4/8, gap=4, poss=0/0, prio=3), Gualoumulisanzheng(hits=4/8, gap=4, poss=0/0, prio=5), Chaihubaihutangzheng(hits=3/8, gap=5, poss=0/0, prio=2)]
兼夹证：[]
加味药物：[人参, 瓜蒌根, 白术]
配伍禁忌警告：[]

===== 猪肤汤证 =====
八纲：{表里=[半表半里], 寒热=[热证], 虚实=[虚证], 阴阳=[阳证], bagangTypes=[半表半里, 热证, 虚证, 阳证, 阴证]}
六经：少阳厥阴合病
方证：猪肤汤证
推荐方剂：猪肤汤加白术、干姜
药物组成：[白粉, 蜜, 猪肤, 白术, 干姜]
六经列表：[厥阴病, 少阳病]
合病标记：少阳厥阴合病
命中主证：[下利, 心烦, 胸满, 咽痛]
命中或然证：[]
候选命中主证：[[下利, 心烦, 胸满, 咽痛], [咽痛], [往来寒热, 心烦, 胸胁苦满], [下利], [细脉], [下利], [心烦], [心烦], [咽痛], [往来寒热, 下利, 胸胁苦满]]
候选缺口：[[], [], [], [自汗], [手足冷], [呕, 自汗], [不得眠, 自汗], [口苦, 小便赤], [咳嗽, 吐脓], [心下急, 郁郁微烦, 自汗]]
候选命中或然证：[[], [], [], [], [], [], [], [], [], []]
候选方证：[猪肤汤证, 甘草汤证, 小柴胡汤证, 黄芩汤证, 当归四逆汤证, 黄芩加半夏生姜汤证, 温胆汤证, 百合知母汤证, 桔梗汤证, 大柴胡汤证]
候选方证打分：[Zhufutangzheng(hits=6/6, gap=0, poss=0/0, prio=5), Gancaotangzheng(hits=3/3, gap=0, poss=0/0, prio=5), Xiaochaihutangzheng(hits=3/3, gap=0, poss=0/7, prio=3), Huangqintangzheng(hits=4/5, gap=1, poss=0/0, prio=3), Dangguisinitangzheng(hits=3/4, gap=1, poss=0/0, prio=3), Huangqinjiabanxiashengjiangtangzheng(hits=4/6, gap=2, poss=0/0, prio=3), Wendantangzheng(hits=4/6, gap=2, poss=0/0, prio=3), Baihezhimutangzheng(hits=3/5, gap=2, poss=0/0, prio=5), Jiegengtangzheng(hits=3/5, gap=2, poss=0/0, prio=5), Dachaihutangzheng(hits=6/9, gap=3, poss=0/0, prio=2)]
兼夹证：[]
加味药物：[白术, 干姜]
配伍禁忌警告：[]

===== 甘草汤证 =====
八纲：{表里=[半表半里, 表证], 寒热=[], 虚实=[], 阴阳=[阳证], bagangTypes=[半表半里, 表证, 阳证]}
六经：太阳少阳合病
方证：甘草汤证
推荐方剂：甘草汤
药物组成：[甘草]
六经列表：[少阳病, 太阳病]
合病标记：太阳少阳合病
命中主证：[咽痛]
命中或然证：[]
候选命中主证：[[咽痛], [往来寒热, 胸胁苦满], [浮脉], [咽痛], [胸胁苦满], [浮脉], [咽痛], [浮脉], [浮脉], [往来寒热, 胸胁苦满]]
候选缺口：[[], [], [水之为病], [咳嗽, 吐脓], [潮热, 呕, 沉弦脉, 心下坚], [喘, 烦躁, 咳嗽], [下利, 心烦, 胸满], [咳嗽, 沉弦脉, 心下坚, 无热恶寒], [口渴, 水入则吐, 小便不利], [大便硬, 心下急, 郁郁微烦, 沉弦脉, 心下坚]]
候选命中或然证：[[], [], [], [], [], [], [], [], [], []]
候选方证：[甘草汤证, 小柴胡汤证, 杏子汤证, 桔梗汤证, 柴胡加芒硝汤证, 小青龙加石膏汤证, 猪肤汤证, 厚朴麻黄汤证, 五苓散证, 大柴胡汤证]
候选方证打分：[Gancaotangzheng(hits=3/3, gap=0, poss=0/0, prio=5), Xiaochaihutangzheng(hits=3/3, gap=0, poss=0/7, prio=3), Xingzitangzheng(hits=3/4, gap=1, poss=0/0, prio=3), Jiegengtangzheng(hits=3/5, gap=2, poss=0/0, prio=5), Chaihujiamangxiaotangzheng(hits=4/7, gap=3, poss=0/0, prio=3), Xiaoqinglongjiashigaotangzheng(hits=3/6, gap=3, poss=0/0, prio=3), Zhufutangzheng(hits=3/6, gap=3, poss=0/0, prio=5), Houpomahuangtangzheng(hits=3/6, gap=3, poss=0/4, prio=3), Wulingsanzheng(hits=3/6, gap=3, poss=0/0, prio=3), Dachaihutangzheng(hits=5/9, gap=4, poss=0/0, prio=2)]
兼夹证：[]
加味药物：[]
配伍禁忌警告：[]

===== 桔梗汤证 =====
八纲：{表里=[半表半里, 表证], 寒热=[], 虚实=[], 阴阳=[阳证], bagangTypes=[半表半里, 表证, 阳证]}
六经：太阳少阳合病
方证：桔梗汤证
推荐方剂：桔梗汤加五味子、细辛、干姜
药物组成：[甘草, 桔梗, 五味子, 细辛, 干姜]
六经列表：[少阳病, 太阳病]
合病标记：太阳少阳合病
命中主证：[咳嗽, 吐脓, 咽痛]
命中或然证：[]
候选命中主证：[[咳嗽, 吐脓, 咽痛], [往来寒热, 胸胁苦满], [咽痛], [浮脉], [浮脉, 咳嗽], [浮脉, 咳嗽], [胸胁苦满], [咳嗽], [咽痛], [浮脉]]
候选缺口：[[], [], [], [水之为病], [喘, 烦躁], [沉弦脉, 心下坚, 无热恶寒], [潮热, 呕, 沉弦脉, 心下坚], [喘, 目如脱状, 沉弦脉, 心下坚], [下利, 心烦, 胸满], [口渴, 水入则吐, 小便不利]]
候选命中或然证：[[], [咳嗽], [], [], [], [], [], [], [], []]
候选方证：[桔梗汤证, 小柴胡汤证, 甘草汤证, 杏子汤证, 小青龙加石膏汤证, 厚朴麻黄汤证, 柴胡加芒硝汤证, 越婢加半夏汤证, 猪肤汤证, 五苓散证]
候选方证打分：[Jiegengtangzheng(hits=5/5, gap=0, poss=0/0, prio=5), Xiaochaihutangzheng(hits=3/3, gap=0, poss=1/7, prio=3), Gancaotangzheng(hits=3/3, gap=0, poss=0/0, prio=5), Xingzitangzheng(hits=3/4, gap=1, poss=0/0, prio=3), Xiaoqinglongjiashigaotangzheng(hits=4/6, gap=2, poss=0/0, prio=3), Houpomahuangtangzheng(hits=4/6, gap=2, poss=0/4, prio=3), Chaihujiamangxiaotangzheng(hits=4/7, gap=3, poss=0/0, prio=3), Yuebijiabanxiatangzheng(hits=4/7, gap=3, poss=0/1, prio=3), Zhufutangzheng(hits=3/6, gap=3, poss=0/0, prio=5), Wulingsanzheng(hits=3/6, gap=3, poss=0/0, prio=3)]
兼夹证：[]
加味药物：[五味子, 细辛, 干姜]
配伍禁忌警告：[]

===== 半夏散及汤证 =====
八纲：{表里=[表证], 寒热=[], 虚实=[虚证], 阴阳=[阴证], bagangTypes=[表证, 虚证, 阴证]}
六经：少阴病
方证：半夏散及汤证
推荐方剂：半夏散及汤
药物组成：[半夏, 甘草, 桂枝]
六经列表：[少阴病]
合病标记：null
命中主证：[咽中痛]
命中或然证：[]
候选命中主证：[[咽中痛], [但欲寐]]
候选缺口：[[], [恶寒]]
候选命中或然证：[[], []]
候选方证：[半夏散及汤证, 麻黄附子甘草汤证]
候选方证打分：[Banxiasanjitangzheng(hits=3/3, gap=0, poss=0/0, prio=5), Mahuangfuzigancaotangzheng(hits=3/4, gap=1, poss=0/0, prio=3)]
兼夹证：[]
加味药物：[]
配伍禁忌警告：[]

===== 苦酒汤证 =====
八纲：{表里=[半表半里, 表证], 寒热=[], 虚实=[], 阴阳=[阳证], bagangTypes=[半表半里, 表证, 阳证]}
六经：太阳少阳合病
方证：苦酒汤证
推荐方剂：苦酒汤
药物组成：[半夏, 鸡子黄, 苦酒]
六经列表：[少阳病, 太阳病]
合病标记：太阳少阳合病
命中主证：[声不出, 咽中伤生疮]
命中或然证：[]
候选命中主证：[[声不出, 咽中伤生疮], [往来寒热, 胸胁苦满], [浮脉], [胸胁苦满], [浮脉], [浮脉], [浮脉], [往来寒热, 胸胁苦满]]
候选缺口：[[], [], [水之为病], [潮热, 呕, 沉弦脉, 心下坚], [喘, 烦躁, 咳嗽], [咳嗽, 沉弦脉, 心下坚, 无热恶寒], [口渴, 水入则吐, 小便不利], [大便硬, 心下急, 郁郁微烦, 沉弦脉, 心下坚]]
候选命中或然证：[[], [], [], [], [], [], [], []]
候选方证：[苦酒汤证, 小柴胡汤证, 杏子汤证, 柴胡加芒硝汤证, 小青龙加石膏汤证, 厚朴麻黄汤证, 五苓散证, 大柴胡汤证]
候选方证打分：[Kujiutangzheng(hits=4/4, gap=0, poss=0/0, prio=5), Xiaochaihutangzheng(hits=3/3, gap=0, poss=0/7, prio=3), Xingzitangzheng(hits=3/4, gap=1, poss=0/0, prio=3), Chaihujiamangxiaotangzheng(hits=4/7, gap=3, poss=0/0, prio=3), Xiaoqinglongjiashigaotangzheng(hits=3/6, gap=3, poss=0/0, prio=3), Houpomahuangtangzheng(hits=3/6, gap=3, poss=0/4, prio=3), Wulingsanzheng(hits=3/6, gap=3, poss=0/0, prio=3), Dachaihutangzheng(hits=5/9, gap=4, poss=0/0, prio=2)]
兼夹证：[]
加味药物：[]
配伍禁忌警告：[]

===== 附子汤证 =====
八纲：{表里=[表证], 寒热=[], 虚实=[虚证], 阴阳=[阴证], bagangTypes=[表证, 虚证, 阴证]}
六经：少阴病
方证：附子汤证
推荐方剂：附子汤
药物组成：[白术, 茯苓, 附子, 人参, 芍药]
六经列表：[少阴病]
合病标记：null
命中主证：[背恶寒, 骨节痛, 身痛, 手足冷]
命中或然证：[]
候选命中主证：[[背恶寒, 骨节痛, 身痛, 手足冷], [但欲寐]]
候选缺口：[[], [恶寒]]
候选命中或然证：[[], []]
候选方证：[附子汤证, 麻黄附子甘草汤证]
候选方证打分：[Fuzitangzheng(hits=6/6, gap=0, poss=0/0, prio=3), Mahuangfuzigancaotangzheng(hits=3/4, gap=1, poss=0/0, prio=3)]
兼夹证：[]
加味药物：[]
配伍禁忌警告：[]

===== 干姜附子汤证 =====
八纲：{表里=[里证], 寒热=[], 虚实=[虚证], 阴阳=[阴证], bagangTypes=[里证, 虚证, 阴证]}
六经：太阴病
方证：干姜附子汤证
推荐方剂：干姜附子汤加人参、石膏、生姜、茯苓、大枣
药物组成：[附子, 干姜, 人参, 石膏, 生姜, 茯苓, 大枣]
六经列表：[太阴病]
合病标记：null
命中主证：[不得眠, 烦躁]
命中或然证：[]
候选命中主证：[[不得眠, 烦躁], [烦躁], [沉微脉], [腹满], [腹满], [腹满], [不得眠], [腹满], [腹满], [腹满]]
候选缺口：[[], [], [手足冷], [时痛], [按之不痛], [口舌干燥], [虚烦, 促脉, 胸满], [不渴, 下利], [不能饮食, 肌肤甲错, 两目黯黑, 五劳虚极], [唇口干燥, 暮即发热, 少腹里急, 手掌烦热]]
候选命中或然证：[[], [], [], [], [], [], [], [], [], []]
候选方证：[干姜附子汤证, 茯苓四逆汤证, 四逆汤证, 桂枝加芍药汤证, 厚朴生姜半夏甘草人参汤证, 己椒苈黄丸证, 酸枣仁汤证, 理中汤证, 大黄蛰虫丸证, 温经汤证]
候选方证打分：[Ganjiangfuzitangzheng(hits=4/4, gap=0, poss=0/0, prio=1), Fulingsinitangzheng(hits=3/3, gap=0, poss=0/0, prio=1), Sinitangzheng(hits=3/4, gap=1, poss=0/0, prio=1), Guizhijiashaoyaotangzheng(hits=3/4, gap=1, poss=0/0, prio=3), Houposhengjiangbanxiagancaorenshentangzheng(hits=3/4, gap=1, poss=0/0, prio=3), Jijiaolihuangwanzheng(hits=3/4, gap=1, poss=0/0, prio=3), Suanzaorentangzheng(hits=4/6, gap=2, poss=0/2, prio=3), Lizhongtangzheng(hits=3/5, gap=2, poss=0/0, prio=3), Dahuangzhechongwanzheng(hits=3/7, gap=4, poss=0/0, prio=2), Wenjingtangzheng(hits=3/7, gap=4, poss=0/0, prio=3)]
兼夹证：[]
加味药物：[人参, 石膏, 生姜, 茯苓, 大枣]
配伍禁忌警告：[]

===== 乌头赤石脂丸证 =====
八纲：{表里=[里证], 寒热=[], 虚实=[实证, 虚证], 阴阳=[阳证], bagangTypes=[里证, 实证, 虚证, 阳证, 阴证]}
六经：阳明太阴合病
方证：乌头赤石脂丸证
推荐方剂：乌头赤石脂丸
药物组成：[赤石脂, 附子, 干姜, 蜀椒, 乌头]
六经列表：[太阴病, 阳明病]
合病标记：阳明太阴合病
命中主证：[背痛彻心, 心痛彻背]
命中或然证：[]
候选命中主证：[[背痛彻心, 心痛彻背], [腹满], [腹满], [腹满], [腹满], [腹满], [心痛彻背], [腹满], [腹满], [腹满]]
候选缺口：[[], [时痛], [按之不痛], [口舌干燥], [潮热, 谵语], [卧起不安, 心烦], [不得卧, 胸痹], [不渴, 下利], [浮数脉, 发热, 无热恶寒], [黄疸, 小便不利, 小便赤, 自汗]]
候选命中或然证：[[], [], [], [], [], [], [], [], [], []]
候选方证：[乌头赤石脂丸证, 桂枝加芍药汤证, 厚朴生姜半夏甘草人参汤证, 己椒苈黄丸证, 小承气汤证, 栀子厚朴汤证, 栝楼薤白半夏汤证, 理中汤证, 厚朴七物汤证, 大黄硝石汤证]
候选方证打分：[Wutouchishizhiwanzheng(hits=4/4, gap=0, poss=0/0, prio=1), Guizhijiashaoyaotangzheng(hits=3/4, gap=1, poss=0/0, prio=3), Houposhengjiangbanxiagancaorenshentangzheng(hits=3/4, gap=1, poss=0/0, prio=3), Jijiaolihuangwanzheng(hits=3/4, gap=1, poss=0/0, prio=3), Xiaochengqitangzheng(hits=3/5, gap=2, poss=0/0, prio=2), Zhizihoupotangzheng(hits=3/5, gap=2, poss=0/0, prio=2), Gualouxiebaibanxiatangzheng(hits=3/5, gap=2, poss=0/0, prio=3), Lizhongtangzheng(hits=3/5, gap=2, poss=0/0, prio=3), Houpoqiwutangzheng(hits=4/7, gap=3, poss=0/0, prio=2), Dahuangxiaoshitangzheng(hits=3/7, gap=4, poss=0/0, prio=2)]
兼夹证：[]
加味药物：[]
配伍禁忌警告：[]
?? 跳过与病例四诊互斥的六经锚点脉象: Fumai（Taiyangbing）
?? Taiyangbing 脉象锚点全部被跳过，改用无脉替代症状: [Xiangqiang, Fare]

===== 茯苓桂枝甘草大枣汤证 =====
八纲：{表里=[表证, 里证], 寒热=[], 虚实=[虚证], 阴阳=[阴证], bagangTypes=[表证, 里证, 虚证, 阳证, 阴证]}
六经：太阳太阴合病
方证：茯苓桂枝甘草大枣汤证
推荐方剂：茯苓桂枝甘草大枣汤加附子、葛根
药物组成：[大枣, 茯苓, 甘草, 桂枝, 附子, 葛根]
六经列表：[太阳病, 太阴病]
合病标记：太阳太阴合病
命中主证：[脐下悸, 欲作奔豚]
命中或然证：[]
候选命中主证：[[脐下悸, 欲作奔豚], [沉脉, 发热], [发热, 腹满], [恶寒, 发热], [恶寒], [腹满], [腹满], [腹满], [恶寒], [沉脉]]
候选缺口：[[], [], [浮数脉], [身黄], [胸满], [时痛], [按之不痛], [口舌干燥], [身疼烦], [咳嗽]]
候选命中或然证：[[], [], [], [], [], [], [], [], [], []]
候选方证：[茯苓桂枝甘草大枣汤证, 麻黄附子细辛汤证, 厚朴七物汤证, 麻黄连翘赤小豆汤证, 桂枝去芍药加附子汤证, 桂枝加芍药汤证, 厚朴生姜半夏甘草人参汤证, 己椒苈黄丸证, 麻黄加术汤证, 泽漆汤证]
候选方证打分：[Fulingguizhigancaodazaotangzheng(hits=6/6, gap=0, poss=0/0, prio=3), Mahuangfuzixixintangzheng(hits=4/4, gap=0, poss=0/0, prio=2), Houpoqiwutangzheng(hits=6/7, gap=1, poss=0/0, prio=2), Mahuanglianqiaochixiaodoutangzheng(hits=6/7, gap=1, poss=0/0, prio=3), Guizhiqushaoyaojiafuzitangzheng(hits=3/4, gap=1, poss=0/0, prio=2), Guizhijiashaoyaotangzheng(hits=3/4, gap=1, poss=0/0, prio=3), Houposhengjiangbanxiagancaorenshentangzheng(hits=3/4, gap=1, poss=0/0, prio=3), Jijiaolihuangwanzheng(hits=3/4, gap=1, poss=0/0, prio=3), Mahuangjiazhutangzheng(hits=3/4, gap=1, poss=0/0, prio=3), Zeqitangzheng(hits=3/4, gap=1, poss=0/0, prio=3)]
兼夹证：[]
加味药物：[附子, 葛根]
配伍禁忌警告：[]

===== 苓桂术甘汤证 =====
八纲：{表里=[里证], 寒热=[], 虚实=[实证, 虚证], 阴阳=[阳证], bagangTypes=[里证, 实证, 虚证, 阳证, 阴证]}
六经：阳明太阴合病
方证：苓桂术甘汤证
推荐方剂：苓桂术甘汤去白术加附子
药物组成：[茯苓, 甘草, 桂枝, 附子]
六经列表：[太阴病, 阳明病]
合病标记：阳明太阴合病
命中主证：[气上冲胸, 起则头眩, 心下逆满]
命中或然证：[]
候选命中主证：[[气上冲胸, 起则头眩, 心下逆满], [腹满], [腹满], [腹满], [腹满], [腹满], [气上冲胸], [腹满], [腹满], [腹满]]
候选缺口：[[], [时痛], [按之不痛], [口舌干燥], [潮热, 谵语], [卧起不安, 心烦], [腹痛, 往来寒热], [不渴, 下利], [浮数脉, 发热, 无热恶寒], [黄疸, 小便不利, 小便赤, 自汗]]
候选命中或然证：[[], [], [], [], [], [], [], [], [], []]
候选方证：[苓桂术甘汤证, 桂枝加芍药汤证, 厚朴生姜半夏甘草人参汤证, 己椒苈黄丸证, 小承气汤证, 栀子厚朴汤证, 奔豚汤证, 理中汤证, 厚朴七物汤证, 大黄硝石汤证]
候选方证打分：[Lingguizhugantangzheng(hits=5/5, gap=0, poss=0/0, prio=3), Guizhijiashaoyaotangzheng(hits=3/4, gap=1, poss=0/0, prio=3), Houposhengjiangbanxiagancaorenshentangzheng(hits=3/4, gap=1, poss=0/0, prio=3), Jijiaolihuangwanzheng(hits=3/4, gap=1, poss=0/0, prio=3), Xiaochengqitangzheng(hits=3/5, gap=2, poss=0/0, prio=2), Zhizihoupotangzheng(hits=3/5, gap=2, poss=0/0, prio=2), Bentuntangzheng(hits=3/5, gap=2, poss=0/0, prio=3), Lizhongtangzheng(hits=3/5, gap=2, poss=0/0, prio=3), Houpoqiwutangzheng(hits=4/7, gap=3, poss=0/0, prio=2), Dahuangxiaoshitangzheng(hits=3/7, gap=4, poss=0/0, prio=2)]
兼夹证：[]
加味药物：[附子]
减味药物：[白术]
配伍禁忌警告：[]

===== 五苓散证 =====
八纲：{表里=[表证], 寒热=[], 虚实=[], 阴阳=[阳证], bagangTypes=[表证, 阳证]}
六经：太阳病
方证：五苓散证
推荐方剂：五苓散加附子、人参、瓜蒌根
药物组成：[白术, 茯苓, 桂枝, 泽泻, 猪苓, 附子, 人参, 瓜蒌根]
六经列表：[太阳病]
合病标记：null
命中主证：[浮脉, 口渴, 水入则吐, 小便不利]
命中或然证：[]
候选命中主证：[[浮脉, 口渴, 水入则吐, 小便不利], [恶寒], [小便不利], [恶寒], [浮脉], [小便不利], [恶寒, 口渴], [恶寒], [恶寒], [恶寒]]
候选缺口：[[], [胸满], [心下满], [身疼烦], [水之为病], [不渴, 心下悸动], [微脉, 发热, 热多寒少], [发热, 身黄, 大脉], [发热, 如疟状, 一日再发], [发热, 面有热色, 身痒]]
候选命中或然证：[[], [], [], [], [], [], [], [], [], []]
候选方证：[五苓散证, 桂枝去芍药加附子汤证, 桂枝去桂加茯苓白术汤证, 麻黄加术汤证, 杏子汤证, 茯苓甘草汤证, 桂枝二越婢一汤证, 麻黄连翘赤小豆汤证, 桂枝二麻黄一汤证, 桂枝麻黄各半汤证]
候选方证打分：[Wulingsanzheng(hits=6/6, gap=0, poss=0/0, prio=3), Guizhiqushaoyaojiafuzitangzheng(hits=3/4, gap=1, poss=0/0, prio=2), Guizhiquguijiafulingbaizhutangzheng(hits=3/4, gap=1, poss=0/0, prio=3), Mahuangjiazhutangzheng(hits=3/4, gap=1, poss=0/0, prio=3), Xingzitangzheng(hits=3/4, gap=1, poss=0/0, prio=3), Fulinggancaotangzheng(hits=3/5, gap=2, poss=0/1, prio=3), Guizhieryuebiyitangzheng(hits=4/7, gap=3, poss=0/0, prio=3), Mahuanglianqiaochixiaodoutangzheng(hits=4/7, gap=3, poss=0/0, prio=3), Guizhiermahuangyitangzheng(hits=3/6, gap=3, poss=0/0, prio=3), Guizhimahuanggebantangzheng(hits=3/6, gap=3, poss=0/0, prio=3)]
兼夹证：[]
加味药物：[附子, 人参, 瓜蒌根]
配伍禁忌警告：[十八反：瓜蒌根 反 附子]

===== 茯苓甘草汤证 =====
八纲：{表里=[表证], 寒热=[], 虚实=[], 阴阳=[阳证], bagangTypes=[表证, 阳证]}
六经：太阳病
方证：茯苓甘草汤证
推荐方剂：茯苓甘草汤加附子
药物组成：[茯苓, 甘草, 桂枝, 生姜, 附子]
六经列表：[太阳病]
合病标记：null
命中主证：[不渴, 手足冷, 心下悸动]
命中或然证：[]
候选命中主证：[[不渴, 手足冷, 心下悸动], [恶寒], [心下悸动], [恶寒], [浮脉], [恶寒], [恶寒], [恶寒], [浮脉], [浮脉]]
候选缺口：[[], [胸满], [欲得按], [身疼烦], [水之为病], [发热, 身黄, 沉弦脉, 心下坚], [发热, 如疟状, 一日再发], [发热, 面有热色, 身痒], [喘, 烦躁, 咳嗽], [咳嗽, 沉弦脉, 心下坚, 无热恶寒]]
候选命中或然证：[[], [], [], [], [], [], [], [], [], []]
候选方证：[茯苓甘草汤证, 桂枝去芍药加附子汤证, 桂枝甘草汤证, 麻黄加术汤证, 杏子汤证, 麻黄连翘赤小豆汤证, 桂枝二麻黄一汤证, 桂枝麻黄各半汤证, 小青龙加石膏汤证, 厚朴麻黄汤证]
候选方证打分：[Fulinggancaotangzheng(hits=5/5, gap=0, poss=0/1, prio=3), Guizhiqushaoyaojiafuzitangzheng(hits=3/4, gap=1, poss=0/0, prio=2), Guizhigancaotangzheng(hits=3/4, gap=1, poss=0/0, prio=3), Mahuangjiazhutangzheng(hits=3/4, gap=1, poss=0/0, prio=3), Xingzitangzheng(hits=3/4, gap=1, poss=0/0, prio=3), Mahuanglianqiaochixiaodoutangzheng(hits=4/7, gap=3, poss=0/0, prio=3), Guizhiermahuangyitangzheng(hits=3/6, gap=3, poss=0/0, prio=3), Guizhimahuanggebantangzheng(hits=3/6, gap=3, poss=0/0, prio=3), Xiaoqinglongjiashigaotangzheng(hits=3/6, gap=3, poss=0/0, prio=3), Houpomahuangtangzheng(hits=3/6, gap=3, poss=0/4, prio=3)]
兼夹证：[]
加味药物：[附子]
配伍禁忌警告：[]

===== 茯苓泽泻汤证 =====
八纲：{表里=[表证, 里证], 寒热=[], 虚实=[虚证], 阴阳=[阴证], bagangTypes=[表证, 里证, 虚证, 阴证]}
六经：太阴少阴合病
方证：茯苓泽泻汤证
推荐方剂：茯苓泽泻汤去白术加附子、人参、瓜蒌根、白术
药物组成：[茯苓, 甘草, 桂枝, 生姜, 泽泻, 附子, 人参, 瓜蒌根, 白术]
六经列表：[少阴病, 太阴病]
合病标记：太阴少阴合病
命中主证：[口渴, 呕吐]
命中或然证：[]
候选命中主证：[[口渴, 呕吐], [腹满], [腹满], [腹满], [浮脉], [口渴], [腹满], [呕吐], [口渴], [呕吐]]
候选缺口：[[], [时痛], [按之不痛], [口舌干燥], [咳嗽, 大脉], [沉脉, 小便不利], [不渴, 下利], [膈间有水, 心下痞], [口苦, 小便赤, 大脉], [不能饮食, 腹中寒, 心胸大寒痛]]
候选命中或然证：[[], [], [], [], [], [], [], [], [], []]
候选方证：[茯苓泽泻汤证, 桂枝加芍药汤证, 厚朴生姜半夏甘草人参汤证, 己椒苈黄丸证, 厚朴麻黄汤证, 栝楼瞿麦丸证, 理中汤证, 小半夏加茯苓汤证, 百合洗方证, 大建中汤证]
候选方证打分：[Fulingzexietangzheng(hits=4/4, gap=0, poss=0/0, prio=3), Guizhijiashaoyaotangzheng(hits=3/4, gap=1, poss=0/0, prio=3), Houposhengjiangbanxiagancaorenshentangzheng(hits=3/4, gap=1, poss=0/0, prio=3), Jijiaolihuangwanzheng(hits=3/4, gap=1, poss=0/0, prio=3), Houpomahuangtangzheng(hits=4/6, gap=2, poss=0/4, prio=3), Gualouqumaiwanzheng(hits=3/5, gap=2, poss=0/0, prio=3), Lizhongtangzheng(hits=3/5, gap=2, poss=0/0, prio=3), Xiaobanxiajiafulingtangzheng(hits=3/5, gap=2, poss=0/0, prio=3), Baihexifangzheng(hits=4/7, gap=3, poss=0/0, prio=5), Dajianzhongtangzheng(hits=3/6, gap=3, poss=0/0, prio=1)]
兼夹证：[]
加味药物：[附子, 人参, 瓜蒌根, 白术]
减味药物：[白术]
配伍禁忌警告：[十八反：瓜蒌根 反 附子]

===== 苓甘五味姜辛汤证 =====
八纲：{表里=[里证], 寒热=[], 虚实=[虚证], 阴阳=[阴证], bagangTypes=[里证, 虚证, 阴证]}
六经：太阴病
方证：苓甘五味姜辛汤证
推荐方剂：苓甘五味姜辛汤加附子
药物组成：[茯苓, 甘草, 干姜, 五味子, 细辛, 附子]
六经列表：[太阴病]
合病标记：null
命中主证：[咳嗽, 胸满]
命中或然证：[]
候选命中主证：[[咳嗽, 胸满], [沉脉, 咳嗽], [咳嗽, 胸满], [腹满], [腹满], [腹满], [沉脉], [腹满], [胸满], [胸满]]
候选缺口：[[], [], [呕], [时痛], [按之不痛], [口舌干燥], [口渴, 小便不利], [不渴, 下利], [胁下逆抢心, 心中痞气, 胸痹], [胁下逆抢心, 心中痞, 胸痹]]
候选命中或然证：[[], [], [], [], [], [], [], [], [], []]
候选方证：[苓甘五味姜辛汤证, 泽漆汤证, 苓甘五味姜辛夏汤证, 桂枝加芍药汤证, 厚朴生姜半夏甘草人参汤证, 己椒苈黄丸证, 栝楼瞿麦丸证, 理中汤证, 人参汤证, 枳实薤白桂枝汤证]
候选方证打分：[Lingganwuweijiangxintangzheng(hits=4/4, gap=0, poss=0/0, prio=3), Zeqitangzheng(hits=4/4, gap=0, poss=0/0, prio=3), Lingganwuweijiangxinxiatangzheng(hits=4/5, gap=1, poss=0/0, prio=3), Guizhijiashaoyaotangzheng(hits=3/4, gap=1, poss=0/0, prio=3), Houposhengjiangbanxiagancaorenshentangzheng(hits=3/4, gap=1, poss=0/0, prio=3), Jijiaolihuangwanzheng(hits=3/4, gap=1, poss=0/0, prio=3), Gualouqumaiwanzheng(hits=3/5, gap=2, poss=0/0, prio=3), Lizhongtangzheng(hits=3/5, gap=2, poss=0/0, prio=3), Renshentangzheng(hits=3/6, gap=3, poss=0/0, prio=3), Zhishixiebaiguizhitangzheng(hits=3/6, gap=3, poss=0/0, prio=3)]
兼夹证：[]
加味药物：[附子]
配伍禁忌警告：[]

===== 苓甘五味姜辛夏汤证 =====
八纲：{表里=[里证], 寒热=[], 虚实=[虚证], 阴阳=[阴证], bagangTypes=[里证, 虚证, 阴证]}
六经：太阴病
方证：苓甘五味姜辛夏汤证
推荐方剂：苓甘五味姜辛夏汤去生姜加生姜、附子
药物组成：[半夏, 茯苓, 甘草, 干姜, 五味子, 细辛, 附子]
六经列表：[太阴病]
合病标记：null
命中主证：[咳嗽, 呕, 胸满]
命中或然证：[]
候选命中主证：[[咳嗽, 呕, 胸满], [咳嗽, 胸满], [沉脉, 咳嗽], [腹满], [腹满], [腹满], [苦冒眩], [呕, 胸满], [呕], [沉脉]]
候选缺口：[[], [], [], [时痛], [按之不痛], [口舌干燥], [心下有支饮], [后思水, 吐], [下利, 心下痞], [口渴, 小便不利]]
候选命中或然证：[[], [], [], [], [], [], [], [], [], []]
候选方证：[苓甘五味姜辛夏汤证, 苓甘五味姜辛汤证, 泽漆汤证, 桂枝加芍药汤证, 厚朴生姜半夏甘草人参汤证, 己椒苈黄丸证, 泽泻汤证, 猪苓散证, 半夏泻心汤证, 栝楼瞿麦丸证]
候选方证打分：[Lingganwuweijiangxinxiatangzheng(hits=5/5, gap=0, poss=0/0, prio=3), Lingganwuweijiangxintangzheng(hits=4/4, gap=0, poss=0/0, prio=3), Zeqitangzheng(hits=4/4, gap=0, poss=0/0, prio=3), Guizhijiashaoyaotangzheng(hits=3/4, gap=1, poss=0/0, prio=3), Houposhengjiangbanxiagancaorenshentangzheng(hits=3/4, gap=1, poss=0/0, prio=3), Jijiaolihuangwanzheng(hits=3/4, gap=1, poss=0/0, prio=3), Zexietangzheng(hits=3/4, gap=1, poss=0/0, prio=3), Zhulingsanzheng(hits=4/6, gap=2, poss=0/0, prio=3), Banxiaxiexintangzheng(hits=3/5, gap=2, poss=0/0, prio=2), Gualouqumaiwanzheng(hits=3/5, gap=2, poss=0/0, prio=3)]
兼夹证：[]
加味药物：[生姜, 附子]
减味药物：[生姜]
配伍禁忌警告：[十八反：半夏 反 附子]

===== 苓甘五味加姜辛半夏杏仁汤证 =====
八纲：{表里=[里证], 寒热=[], 虚实=[虚证], 阴阳=[阴证], bagangTypes=[里证, 虚证, 阴证]}
六经：太阴病
方证：苓甘五味加姜辛半夏杏仁汤证
推荐方剂：苓甘五味加姜辛半夏杏仁汤加附子
药物组成：[半夏, 茯苓, 甘草, 干姜, 五味子, 杏仁, 细辛, 附子]
六经列表：[太阴病]
合病标记：null
命中主证：[形肿]
命中或然证：[]
候选命中主证：[[形肿], [腹满], [腹满], [腹满], [沉脉], [沉脉], [腹满], [腹满], [腹满]]
候选缺口：[[], [时痛], [按之不痛], [口舌干燥], [咳嗽], [口渴, 小便不利], [不渴, 下利], [不能饮食, 肌肤甲错, 两目黯黑, 五劳虚极], [唇口干燥, 暮即发热, 少腹里急, 手掌烦热]]
候选命中或然证：[[], [], [], [], [], [], [], [], []]
候选方证：[苓甘五味加姜辛半夏杏仁汤证, 桂枝加芍药汤证, 厚朴生姜半夏甘草人参汤证, 己椒苈黄丸证, 泽漆汤证, 栝楼瞿麦丸证, 理中汤证, 大黄蛰虫丸证, 温经汤证]
候选方证打分：[Lingganwuweijiajiangxinbanxiaxingrentangzheng(hits=3/3, gap=0, poss=0/0, prio=3), Guizhijiashaoyaotangzheng(hits=3/4, gap=1, poss=0/0, prio=3), Houposhengjiangbanxiagancaorenshentangzheng(hits=3/4, gap=1, poss=0/0, prio=3), Jijiaolihuangwanzheng(hits=3/4, gap=1, poss=0/0, prio=3), Zeqitangzheng(hits=3/4, gap=1, poss=0/0, prio=3), Gualouqumaiwanzheng(hits=3/5, gap=2, poss=0/0, prio=3), Lizhongtangzheng(hits=3/5, gap=2, poss=0/0, prio=3), Dahuangzhechongwanzheng(hits=3/7, gap=4, poss=0/0, prio=2), Wenjingtangzheng(hits=3/7, gap=4, poss=0/0, prio=3)]
兼夹证：[]
加味药物：[附子]
配伍禁忌警告：[十八反：半夏 反 附子]

===== 苓甘五味加姜辛半杏大黄汤证 =====
八纲：{表里=[里证], 寒热=[], 虚实=[虚证], 阴阳=[阴证], bagangTypes=[里证, 虚证, 阳证, 阴证]}
六经：阳明太阴合病
方证：苓甘五味加姜辛半杏大黄汤证
推荐方剂：苓甘五味加姜辛半杏大黄汤去半夏加附子、人参、瓜蒌根、白术
药物组成：[大黄, 茯苓, 甘草, 干姜, 五味子, 杏仁, 细辛, 附子, 人参, 瓜蒌根, 白术]
六经列表：[太阴病, 阳明病]
合病标记：阳明太阴合病
命中主证：[面热]
命中或然证：[]
候选命中主证：[[面热], [沉脉, 口渴], [口渴], [腹满], [腹满], [腹满], [沉脉], [口渴], [腹满], [腹满]]
候选缺口：[[], [小便不利], [呕吐], [时痛], [按之不痛], [口舌干燥], [咳嗽], [口苦, 小便赤], [潮热, 谵语], [卧起不安, 心烦]]
候选命中或然证：[[], [], [], [], [], [], [], [], [], []]
候选方证：[苓甘五味加姜辛半杏大黄汤证, 栝楼瞿麦丸证, 茯苓泽泻汤证, 桂枝加芍药汤证, 厚朴生姜半夏甘草人参汤证, 己椒苈黄丸证, 泽漆汤证, 百合洗方证, 小承气汤证, 栀子厚朴汤证]
候选方证打分：[Lingganwuweijiajiangxinbanxingdahuangtangzheng(hits=5/5, gap=0, poss=0/3, prio=3), Gualouqumaiwanzheng(hits=4/5, gap=1, poss=0/0, prio=3), Fulingzexietangzheng(hits=3/4, gap=1, poss=0/0, prio=3), Guizhijiashaoyaotangzheng(hits=3/4, gap=1, poss=0/0, prio=3), Houposhengjiangbanxiagancaorenshentangzheng(hits=3/4, gap=1, poss=0/0, prio=3), Jijiaolihuangwanzheng(hits=3/4, gap=1, poss=0/0, prio=3), Zeqitangzheng(hits=3/4, gap=1, poss=0/0, prio=3), Baihexifangzheng(hits=5/7, gap=2, poss=0/0, prio=5), Xiaochengqitangzheng(hits=3/5, gap=2, poss=0/0, prio=2), Zhizihoupotangzheng(hits=3/5, gap=2, poss=0/0, prio=2)]
兼夹证：[]
加味药物：[附子, 人参, 瓜蒌根, 白术]
减味药物：[半夏]
配伍禁忌警告：[十八反：瓜蒌根 反 附子]

===== 桂苓五味甘草汤证 =====
八纲：{表里=[里证], 寒热=[], 虚实=[虚证], 阴阳=[阴证], bagangTypes=[里证, 虚证, 阴证]}
六经：太阴病
方证：桂苓五味甘草汤证
推荐方剂：桂苓五味甘草汤加附子
药物组成：[茯苓, 甘草, 桂枝, 五味子, 附子]
六经列表：[太阴病]
合病标记：null
命中主证：[多唾口燥, 气从少腹上冲胸咽]
命中或然证：[]
候选命中主证：[[多唾口燥, 气从少腹上冲胸咽], [腹满], [腹满], [腹满], [沉脉], [小便难], [沉脉], [腹满], [小便难], [腹满]]
候选缺口：[[手足冷], [时痛], [按之不痛], [口舌干燥], [咳嗽], [饮食如故, 促脉, 胸满], [口渴, 小便不利], [不渴, 下利], [不渴, 妇人少腹满如敦状, 生后者], [不能饮食, 肌肤甲错, 两目黯黑, 五劳虚极]]
候选命中或然证：[[], [], [], [], [], [], [], [], [], []]
候选方证：[桂苓五味甘草汤证, 桂枝加芍药汤证, 厚朴生姜半夏甘草人参汤证, 己椒苈黄丸证, 泽漆汤证, 当归贝母苦参丸证, 栝楼瞿麦丸证, 理中汤证, 大黄甘遂汤证, 大黄蛰虫丸证]
候选方证打分：[Guilingwuweigancaotangzheng(hits=4/5, gap=1, poss=0/0, prio=3), Guizhijiashaoyaotangzheng(hits=3/4, gap=1, poss=0/0, prio=3), Houposhengjiangbanxiagancaorenshentangzheng(hits=3/4, gap=1, poss=0/0, prio=3), Jijiaolihuangwanzheng(hits=3/4, gap=1, poss=0/0, prio=3), Zeqitangzheng(hits=3/4, gap=1, poss=0/0, prio=3), Dangguibeimukushenwanzheng(hits=4/6, gap=2, poss=0/1, prio=3), Gualouqumaiwanzheng(hits=3/5, gap=2, poss=0/0, prio=3), Lizhongtangzheng(hits=3/5, gap=2, poss=0/0, prio=3), Dahuanggansuitangzheng(hits=3/6, gap=3, poss=0/0, prio=2), Dahuangzhechongwanzheng(hits=3/7, gap=4, poss=0/0, prio=2)]
兼夹证：[]
加味药物：[附子]
配伍禁忌警告：[]

===== 桂枝加龙骨牡蛎汤证 =====
八纲：{表里=[里证], 寒热=[寒证], 虚实=[虚证], 阴阳=[阴证], bagangTypes=[寒证, 里证, 虚证, 阴证]}
六经：太阴病
方证：桂枝加龙骨牡蛎汤证
推荐方剂：桂枝加龙骨牡蛎汤加减
药物组成：[大枣, 甘草, 桂枝, 龙骨, 牡蛎, 芍药, 生姜]
六经列表：[太阴病]
合病标记：null
命中主证：[少腹弦急, 失精家]
命中或然证：[]
候选命中主证：[[少腹弦急, 失精家], [腹满], [腹满], [腹满], [腹满], [腹满], [腹满]]
候选缺口：[[], [时痛], [按之不痛], [口舌干燥], [不渴, 下利], [不能饮食, 肌肤甲错, 两目黯黑, 五劳虚极], [唇口干燥, 暮即发热, 少腹里急, 手掌烦热]]
候选命中或然证：[[], [], [], [], [], [], []]
候选方证：[桂枝加龙骨牡蛎汤证, 桂枝加芍药汤证, 厚朴生姜半夏甘草人参汤证, 己椒苈黄丸证, 理中汤证, 大黄蛰虫丸证, 温经汤证]
候选方证打分：[Guizhijialonggumulitangzheng(hits=4/4, gap=0, poss=0/0, prio=3), Guizhijiashaoyaotangzheng(hits=3/4, gap=1, poss=0/0, prio=3), Houposhengjiangbanxiagancaorenshentangzheng(hits=3/4, gap=1, poss=0/0, prio=3), Jijiaolihuangwanzheng(hits=3/4, gap=1, poss=0/0, prio=3), Lizhongtangzheng(hits=3/5, gap=2, poss=0/0, prio=3), Dahuangzhechongwanzheng(hits=3/7, gap=4, poss=0/0, prio=2), Wenjingtangzheng(hits=3/7, gap=4, poss=0/0, prio=3)]
兼夹证：[]
加味药物：[]
配伍禁忌警告：[]

===== 桂枝生姜枳实汤证 =====
八纲：{表里=[里证], 寒热=[], 虚实=[虚证], 阴阳=[阴证], bagangTypes=[里证, 虚证, 阴证]}
六经：太阴病
方证：桂枝生姜枳实汤证
推荐方剂：桂枝生姜枳实汤加附子
药物组成：[桂枝, 生姜, 枳实, 附子]
六经列表：[太阴病]
合病标记：null
命中主证：[气逆, 心中痞]
命中或然证：[]
候选命中主证：[[气逆, 心中痞], [腹满], [腹满], [腹满], [腹满], [沉弦脉], [心中痞], [腹满], [腹满]]
候选缺口：[[], [时痛], [按之不痛], [口舌干燥], [不渴, 下利], [下利, 心下坚, 促脉, 胸满], [胁下逆抢心, 胸痹, 胸满], [不能饮食, 肌肤甲错, 两目黯黑, 五劳虚极], [唇口干燥, 暮即发热, 少腹里急, 手掌烦热]]
候选命中或然证：[[], [], [], [], [], [], [], [], []]
候选方证：[桂枝生姜枳实汤证, 桂枝加芍药汤证, 厚朴生姜半夏甘草人参汤证, 己椒苈黄丸证, 理中汤证, 甘遂半夏汤证, 枳实薤白桂枝汤证, 大黄蛰虫丸证, 温经汤证]
候选方证打分：[Guizhishengjiangzhishitangzheng(hits=4/4, gap=0, poss=0/0, prio=3), Guizhijiashaoyaotangzheng(hits=3/4, gap=1, poss=0/0, prio=3), Houposhengjiangbanxiagancaorenshentangzheng(hits=3/4, gap=1, poss=0/0, prio=3), Jijiaolihuangwanzheng(hits=3/4, gap=1, poss=0/0, prio=3), Lizhongtangzheng(hits=3/5, gap=2, poss=0/0, prio=3), Gansuibanxiatangzheng(hits=4/7, gap=3, poss=0/0, prio=2), Zhishixiebaiguizhitangzheng(hits=3/6, gap=3, poss=0/0, prio=3), Dahuangzhechongwanzheng(hits=3/7, gap=4, poss=0/0, prio=2), Wenjingtangzheng(hits=3/7, gap=4, poss=0/0, prio=3)]
兼夹证：[]
加味药物：[附子]
配伍禁忌警告：[]

===== 越婢加术汤证 =====
八纲：{表里=[表证, 里证], 寒热=[热证], 虚实=[], 阴阳=[阳证], bagangTypes=[表证, 里证, 热证, 阳证]}
六经：太阳阳明合病
方证：越婢加术汤证
推荐方剂：越婢加术汤加茯苓、人参、瓜蒌根
药物组成：[白术, 大枣, 甘草, 麻黄, 生姜, 石膏, 茯苓, 人参, 瓜蒌根]
六经列表：[太阳病, 阳明病]
合病标记：太阳阳明合病
命中主证：[小便不利, 一身面目黄肿]
命中或然证：[]
候选命中主证：[[小便不利, 一身面目黄肿], [小便不利], [小便不利], [小便不利], [浮脉, 口渴, 小便不利], [口渴, 小便不利], [小便不利], [小便不利], [浮脉], [小便不利]]
候选缺口：[[], [], [], [], [水入则吐], [发热], [身黄], [心下满], [水之为病], [黄疸]]
候选命中或然证：[[], [], [], [], [], [], [], [], [], []]
候选方证：[越婢加术汤证, 茯苓戎盐汤证, 滑石白鱼散证, 蒲灰散证, 五苓散证, 猪苓汤证, 茵陈蒿汤证, 桂枝去桂加茯苓白术汤证, 杏子汤证, 茵陈五苓散证]
候选方证打分：[Yuebijiazhutangzheng(hits=4/4, gap=0, poss=0/0, prio=3), Fulingrongyantangzheng(hits=3/3, gap=0, poss=0/0, prio=3), Huashibaiyusanzheng(hits=3/3, gap=0, poss=0/0, prio=3), Puhuisanzheng(hits=3/3, gap=0, poss=0/0, prio=3), Wulingsanzheng(hits=5/6, gap=1, poss=0/0, prio=3), Zhulingtangzheng(hits=4/5, gap=1, poss=0/0, prio=2), Yinchenhaotangzheng(hits=3/4, gap=1, poss=0/0, prio=2), Guizhiquguijiafulingbaizhutangzheng(hits=3/4, gap=1, poss=0/0, prio=3), Xingzitangzheng(hits=3/4, gap=1, poss=0/0, prio=3), Yinchenwulingsanzheng(hits=3/4, gap=1, poss=0/0, prio=3)]
兼夹证：[]
加味药物：[茯苓, 人参, 瓜蒌根]
配伍禁忌警告：[]

===== 黄芪桂枝五物汤证 =====
八纲：{表里=[表证], 寒热=[], 虚实=[虚证], 阴阳=[阳证], bagangTypes=[表证, 虚证, 阳证, 阴证]}
六经：太少两感
方证：黄芪桂枝五物汤证
推荐方剂：黄芪桂枝五物汤加附子
药物组成：[大枣, 桂枝, 黄芪, 芍药, 生姜, 附子]
六经列表：[少阴病, 太阳病]
合病标记：太少两感
命中主证：[如风痹状, 身体不仁]
命中或然证：[]
候选命中主证：[[如风痹状, 身体不仁], [恶寒], [恶寒], [恶寒], [浮脉], [浮脉], [恶寒], [恶寒], [恶寒], [浮脉]]
候选缺口：[[], [胸满], [但欲寐], [身疼烦], [水之为病], [咳嗽, 沉弦脉, 心下坚], [发热, 身黄, 沉弦脉, 心下坚], [发热, 如疟状, 一日再发], [发热, 面有热色, 身痒], [喘, 烦躁, 咳嗽]]
候选命中或然证：[[], [], [], [], [], [], [], [], [], []]
候选方证：[黄芪桂枝五物汤证, 桂枝去芍药加附子汤证, 麻黄附子甘草汤证, 麻黄加术汤证, 杏子汤证, 厚朴麻黄汤证, 麻黄连翘赤小豆汤证, 桂枝二麻黄一汤证, 桂枝麻黄各半汤证, 小青龙加石膏汤证]
候选方证打分：[Huangqiguizhiwuwutangzheng(hits=4/4, gap=0, poss=0/0, prio=3), Guizhiqushaoyaojiafuzitangzheng(hits=3/4, gap=1, poss=0/0, prio=2), Mahuangfuzigancaotangzheng(hits=3/4, gap=1, poss=0/0, prio=3), Mahuangjiazhutangzheng(hits=3/4, gap=1, poss=0/0, prio=3), Xingzitangzheng(hits=3/4, gap=1, poss=0/0, prio=3), Houpomahuangtangzheng(hits=4/6, gap=2, poss=0/4, prio=3), Mahuanglianqiaochixiaodoutangzheng(hits=4/7, gap=3, poss=0/0, prio=3), Guizhiermahuangyitangzheng(hits=3/6, gap=3, poss=0/0, prio=3), Guizhimahuanggebantangzheng(hits=3/6, gap=3, poss=0/0, prio=3), Xiaoqinglongjiashigaotangzheng(hits=3/6, gap=3, poss=0/0, prio=3)]
兼夹证：[]
加味药物：[附子]
配伍禁忌警告：[]

===== 黄芪建中汤证 =====
八纲：{表里=[里证], 寒热=[], 虚实=[虚证], 阴阳=[阴证], bagangTypes=[里证, 虚证, 阴证]}
六经：太阴病
方证：黄芪建中汤证
推荐方剂：黄芪建中汤加附子
药物组成：[大枣, 甘草, 桂枝, 黄芪, 芍药, 生姜, 饴糖, 附子]
六经列表：[太阴病]
合病标记：null
命中主证：[里急, 虚劳]
命中或然证：[]
候选命中主证：[[里急, 虚劳], [腹中?痛], [腹中?痛], [腹满], [腹满], [腹满], [虚劳], [腹满], [里急], [腹满]]
候选缺口：[[], [], [妊娠], [时痛], [按之不痛], [口舌干燥], [风气百疾], [不渴, 下利], [寒疝腹痛, 胁痛], [不能饮食, 肌肤甲错, 两目黯黑, 五劳虚极]]
候选命中或然证：[[], [], [], [], [], [], [], [], [], []]
候选方证：[黄芪建中汤证, 小建中汤证, 当归芍药散证, 桂枝加芍药汤证, 厚朴生姜半夏甘草人参汤证, 己椒苈黄丸证, 薯蓣丸证, 理中汤证, 当归生姜羊肉汤证, 大黄蛰虫丸证]
候选方证打分：[Huangqijianzhongtangzheng(hits=4/4, gap=0, poss=0/0, prio=3), Xiaojianzhongtangzheng(hits=3/3, gap=0, poss=0/0, prio=3), Dangguishaoyaosanzheng(hits=3/4, gap=1, poss=0/0, prio=3), Guizhijiashaoyaotangzheng(hits=3/4, gap=1, poss=0/0, prio=3), Houposhengjiangbanxiagancaorenshentangzheng(hits=3/4, gap=1, poss=0/0, prio=3), Jijiaolihuangwanzheng(hits=3/4, gap=1, poss=0/0, prio=3), Shuyuwanzheng(hits=3/4, gap=1, poss=0/0, prio=3), Lizhongtangzheng(hits=3/5, gap=2, poss=0/0, prio=3), Dangguishengjiangyangroutangzheng(hits=3/5, gap=2, poss=0/1, prio=3), Dahuangzhechongwanzheng(hits=3/7, gap=4, poss=0/0, prio=2)]
兼夹证：[]
加味药物：[附子]
配伍禁忌警告：[]

===== 栝楼瞿麦丸（十八反：瓜蒌根反附子） =====
八纲：{表里=[里证], 寒热=[], 虚实=[虚证], 阴阳=[阴证], bagangTypes=[里证, 虚证, 阴证]}
六经：太阴病
方证：栝楼瞿麦丸证
推荐方剂：栝楼瞿麦丸去白术加白术、人参
药物组成：[茯苓, 附子, 瓜蒌根, 瞿麦, 山药, 人参]
六经列表：[太阴病]
合病标记：null
命中主证：[沉脉, 口渴, 小便不利]
命中或然证：[]
候选命中主证：[[沉脉, 口渴, 小便不利], [口渴], [腹满], [腹满], [腹满], [沉脉], [小便不利], [小便不利], [腹满], [小便不利]]
候选缺口：[[], [呕吐], [时痛], [按之不痛], [口舌干燥], [咳嗽], [腹痛, 下利脓血], [妊娠有水气, 身重], [不渴, 下利], [少腹拘急, 腰痛]]
候选命中或然证：[[], [], [], [], [], [], [], [], [], []]
候选方证：[栝楼瞿麦丸证, 茯苓泽泻汤证, 桂枝加芍药汤证, 厚朴生姜半夏甘草人参汤证, 己椒苈黄丸证, 泽漆汤证, 桃花汤证, 葵子茯苓散证, 理中汤证, 肾气丸证]
候选方证打分：[Gualouqumaiwanzheng(hits=5/5, gap=0, poss=0/0, prio=3), Fulingzexietangzheng(hits=3/4, gap=1, poss=0/0, prio=3), Guizhijiashaoyaotangzheng(hits=3/4, gap=1, poss=0/0, prio=3), Houposhengjiangbanxiagancaorenshentangzheng(hits=3/4, gap=1, poss=0/0, prio=3), Jijiaolihuangwanzheng(hits=3/4, gap=1, poss=0/0, prio=3), Zeqitangzheng(hits=3/4, gap=1, poss=0/0, prio=3), Taohuatangzheng(hits=3/5, gap=2, poss=0/0, prio=1), Kuizifulingsanzheng(hits=3/5, gap=2, poss=0/0, prio=3), Lizhongtangzheng(hits=3/5, gap=2, poss=0/0, prio=3), Shenqiwanzheng(hits=3/5, gap=2, poss=0/0, prio=3)]
兼夹证：[]
加味药物：[白术, 人参]
减味药物：[白术]
配伍禁忌警告：[十八反：瓜蒌根 反 附子]

===== 内补当归建中汤证 =====
八纲：{表里=[里证], 寒热=[], 虚实=[虚证], 阴阳=[阴证], bagangTypes=[里证, 虚证, 阴证]}
六经：太阴病
方证：内补当归建中汤证
推荐方剂：内补当归建中汤加人参、附子
药物组成：[当归, 大枣, 甘草, 桂枝, 芍药, 生姜, 饴糖, 人参, 附子]
六经列表：[太阴病]
合病标记：null
命中主证：[刺痛, 腹痛, 少腹拘急]
命中或然证：[不能饮食, 或引腰脊, 少气]
候选命中主证：[[刺痛, 腹痛, 少腹拘急], [刺痛, 腹痛], [腹痛], [腹痛], [腹满], [腹满], [腹满], [腹痛], [腹满], [少腹拘急]]
候选缺口：[[], [], [], [拒按], [时痛], [按之不痛], [口舌干燥], [下利脓血, 小便不利], [不渴, 下利], [小便不利, 腰痛]]
候选命中或然证：[[不能饮食, 或引腰脊, 少气], [], [], [], [], [], [], [], [], []]
候选方证：[内补当归建中汤证, 红蓝花酒证, 排脓散证, 桂枝加大黄汤证, 桂枝加芍药汤证, 厚朴生姜半夏甘草人参汤证, 己椒苈黄丸证, 桃花汤证, 理中汤证, 肾气丸证]
候选方证打分：[Neibudangguijianzhongtangzheng(hits=5/5, gap=0, poss=3/3, prio=3), Honglanhuajiuzheng(hits=4/4, gap=0, poss=0/0, prio=5), Painongsanzheng(hits=3/3, gap=0, poss=0/0, prio=3), Guizhijiadahuangtangzheng(hits=3/4, gap=1, poss=0/0, prio=3), Guizhijiashaoyaotangzheng(hits=3/4, gap=1, poss=0/0, prio=3), Houposhengjiangbanxiagancaorenshentangzheng(hits=3/4, gap=1, poss=0/0, prio=3), Jijiaolihuangwanzheng(hits=3/4, gap=1, poss=0/0, prio=3), Taohuatangzheng(hits=3/5, gap=2, poss=0/0, prio=1), Lizhongtangzheng(hits=3/5, gap=2, poss=0/0, prio=3), Shenqiwanzheng(hits=3/5, gap=2, poss=0/0, prio=3)]
兼夹证：[]
加味药物：[人参, 附子]
配伍禁忌警告：[]

===== 赤石脂禹余粮汤证 =====
八纲：{表里=[里证], 寒热=[], 虚实=[虚证], 阴阳=[阴证], bagangTypes=[里证, 虚证, 阴证]}
六经：太阴病
方证：赤石脂禹余粮汤证
推荐方剂：赤石脂禹余粮汤加附子
药物组成：[赤石脂, 禹余粮, 附子]
六经列表：[太阴病]
合病标记：null
命中主证：[下利不止, 心下痞硬]
命中或然证：[]
候选命中主证：[[下利不止, 心下痞硬], [下利不止, 心下痞硬], [下利不止], [腹满], [腹满], [腹满], [心下痞硬], [心下痞硬], [腹满], [腹满]]
候选缺口：[[], [无热恶寒], [心烦], [时痛], [按之不痛], [口舌干燥], [噫气], [腹中雷鸣, 干噫食臭], [不渴, 下利], [不能饮食, 肌肤甲错, 两目黯黑, 五劳虚极]]
候选命中或然证：[[], [], [], [], [], [], [], [], [], []]
候选方证：[赤石脂禹余粮汤证, 桂枝人参汤证, 甘草泻心汤证, 桂枝加芍药汤证, 厚朴生姜半夏甘草人参汤证, 己椒苈黄丸证, 旋覆代赭汤证, 生姜泻心汤证, 理中汤证, 大黄蛰虫丸证]
候选方证打分：[Chishizhiyuyuliangtangzheng(hits=4/4, gap=0, poss=0/0, prio=2), Guizhirenshentangzheng(hits=5/6, gap=1, poss=0/0, prio=2), Gancaoxiexintangzheng(hits=3/4, gap=1, poss=0/0, prio=2), Guizhijiashaoyaotangzheng(hits=3/4, gap=1, poss=0/0, prio=3), Houposhengjiangbanxiagancaorenshentangzheng(hits=3/4, gap=1, poss=0/0, prio=3), Jijiaolihuangwanzheng(hits=3/4, gap=1, poss=0/0, prio=3), Xuanfudaizhetangzheng(hits=3/4, gap=1, poss=0/0, prio=3), Shengjiangxiexintangzheng(hits=3/5, gap=2, poss=0/0, prio=2), Lizhongtangzheng(hits=3/5, gap=2, poss=0/0, prio=3), Dahuangzhechongwanzheng(hits=3/7, gap=4, poss=0/0, prio=2)]
兼夹证：[]
加味药物：[附子]
配伍禁忌警告：[]

===== 茵陈五苓散证 =====
八纲：{表里=[表证, 里证], 寒热=[热证], 虚实=[], 阴阳=[阳证], bagangTypes=[表证, 里证, 热证, 阳证]}
六经：太阳阳明合病
方证：茵陈五苓散证
推荐方剂：茵陈五苓散加减
药物组成：[白术, 茯苓, 桂枝, 茵陈蒿, 泽泻, 猪苓]
六经列表：[太阳病, 阳明病]
合病标记：太阳阳明合病
命中主证：[黄疸, 小便不利]
命中或然证：[]
候选命中主证：[[黄疸, 小便不利], [小便不利], [小便不利], [小便不利], [浮脉, 口渴, 小便不利], [口渴, 小便不利], [小便不利], [小便不利], [浮脉], [小便不利]]
候选缺口：[[], [], [], [], [水入则吐], [发热], [身黄], [心下满], [水之为病], [一身面目黄肿]]
候选命中或然证：[[], [], [], [], [], [], [], [], [], []]
候选方证：[茵陈五苓散证, 茯苓戎盐汤证, 滑石白鱼散证, 蒲灰散证, 五苓散证, 猪苓汤证, 茵陈蒿汤证, 桂枝去桂加茯苓白术汤证, 杏子汤证, 越婢加术汤证]
候选方证打分：[Yinchenwulingsanzheng(hits=4/4, gap=0, poss=0/0, prio=3), Fulingrongyantangzheng(hits=3/3, gap=0, poss=0/0, prio=3), Huashibaiyusanzheng(hits=3/3, gap=0, poss=0/0, prio=3), Puhuisanzheng(hits=3/3, gap=0, poss=0/0, prio=3), Wulingsanzheng(hits=5/6, gap=1, poss=0/0, prio=3), Zhulingtangzheng(hits=4/5, gap=1, poss=0/0, prio=2), Yinchenhaotangzheng(hits=3/4, gap=1, poss=0/0, prio=2), Guizhiquguijiafulingbaizhutangzheng(hits=3/4, gap=1, poss=0/0, prio=3), Xingzitangzheng(hits=3/4, gap=1, poss=0/0, prio=3), Yuebijiazhutangzheng(hits=3/4, gap=1, poss=0/0, prio=3)]
兼夹证：[]
加味药物：[]
配伍禁忌警告：[]

===== 小建中汤证 =====
八纲：{表里=[里证], 寒热=[], 虚实=[虚证], 阴阳=[阴证], bagangTypes=[里证, 虚证, 阴证]}
六经：太阴病
方证：小建中汤证
推荐方剂：小建中汤加附子
药物组成：[大枣, 甘草, 桂枝, 芍药, 生姜, 饴糖, 附子]
六经列表：[太阴病]
合病标记：null
命中主证：[腹中?痛, 心悸]
命中或然证：[]
候选命中主证：[[腹中?痛, 心悸], [腹中?痛], [腹满], [腹满], [腹满], [心悸], [腹满], [腹满], [腹满], []]
候选缺口：[[], [妊娠], [时痛], [按之不痛], [口舌干燥], [结代脉, 促脉, 胸满], [不渴, 下利], [不能饮食, 肌肤甲错, 两目黯黑, 五劳虚极], [唇口干燥, 暮即发热, 少腹里急, 手掌烦热], [不得眠, 虚烦, 促脉, 胸满]]
候选命中或然证：[[], [], [], [], [], [], [], [], [], [心悸]]
候选方证：[小建中汤证, 当归芍药散证, 桂枝加芍药汤证, 厚朴生姜半夏甘草人参汤证, 己椒苈黄丸证, 炙甘草汤证, 理中汤证, 大黄蛰虫丸证, 温经汤证, 酸枣仁汤证]
候选方证打分：[Xiaojianzhongtangzheng(hits=3/3, gap=0, poss=0/0, prio=3), Dangguishaoyaosanzheng(hits=3/4, gap=1, poss=0/0, prio=3), Guizhijiashaoyaotangzheng(hits=3/4, gap=1, poss=0/0, prio=3), Houposhengjiangbanxiagancaorenshentangzheng(hits=3/4, gap=1, poss=0/0, prio=3), Jijiaolihuangwanzheng(hits=3/4, gap=1, poss=0/0, prio=3), Zhigancaotangzheng(hits=4/6, gap=2, poss=0/0, prio=2), Lizhongtangzheng(hits=3/5, gap=2, poss=0/0, prio=3), Dahuangzhechongwanzheng(hits=3/7, gap=4, poss=0/0, prio=2), Wenjingtangzheng(hits=3/7, gap=4, poss=0/0, prio=3), Suanzaorentangzheng(hits=3/6, gap=3, poss=1/2, prio=3)]
兼夹证：[]
加味药物：[附子]
配伍禁忌警告：[]

===== 大建中汤证 =====
八纲：{表里=[里证], 寒热=[], 虚实=[虚证], 阴阳=[阴证], bagangTypes=[里证, 虚证, 阴证]}
六经：太阴病
方证：大建中汤证
推荐方剂：大建中汤加生姜、附子
药物组成：[干姜, 人参, 蜀椒, 饴糖, 生姜, 附子]
六经列表：[太阴病]
合病标记：null
命中主证：[不能饮食, 腹中寒, 呕吐, 心胸大寒痛]
命中或然证：[]
候选命中主证：[[不能饮食, 腹中寒, 呕吐, 心胸大寒痛], [呕吐], [腹满], [腹满], [腹满], [腹满], [呕吐], [不能饮食, 腹满], [沉弦脉], [呕吐]]
候选缺口：[[], [口渴], [时痛], [按之不痛], [口舌干燥], [不渴, 下利], [膈间有水, 心下痞], [肌肤甲错, 两目黯黑, 五劳虚极], [下利, 心下坚, 促脉, 胸满], [腹痛, 腹中雷鸣, 胸胁苦满]]
候选命中或然证：[[], [], [], [], [], [], [], [], [], []]
候选方证：[大建中汤证, 茯苓泽泻汤证, 桂枝加芍药汤证, 厚朴生姜半夏甘草人参汤证, 己椒苈黄丸证, 理中汤证, 小半夏加茯苓汤证, 大黄蛰虫丸证, 甘遂半夏汤证, 附子粳米汤证]
候选方证打分：[Dajianzhongtangzheng(hits=6/6, gap=0, poss=0/0, prio=1), Fulingzexietangzheng(hits=3/4, gap=1, poss=0/0, prio=3), Guizhijiashaoyaotangzheng(hits=3/4, gap=1, poss=0/0, prio=3), Houposhengjiangbanxiagancaorenshentangzheng(hits=3/4, gap=1, poss=0/0, prio=3), Jijiaolihuangwanzheng(hits=3/4, gap=1, poss=0/0, prio=3), Lizhongtangzheng(hits=3/5, gap=2, poss=0/0, prio=3), Xiaobanxiajiafulingtangzheng(hits=3/5, gap=2, poss=0/0, prio=3), Dahuangzhechongwanzheng(hits=4/7, gap=3, poss=0/0, prio=2), Gansuibanxiatangzheng(hits=4/7, gap=3, poss=0/0, prio=2), Fuzijingmitangzheng(hits=3/6, gap=3, poss=0/0, prio=3)]
兼夹证：[]
加味药物：[生姜, 附子]
配伍禁忌警告：[]

===== 甘草干姜汤证 =====
八纲：{表里=[里证], 寒热=[], 虚实=[虚证], 阴阳=[阴证], bagangTypes=[里证, 虚证, 阴证]}
六经：太阴病
方证：甘草干姜汤证
推荐方剂：甘草干姜汤加附子
药物组成：[甘草, 干姜, 附子]
六经列表：[太阴病]
合病标记：null
命中主证：[不渴, 肺痿吐涎沫, 小便数, 遗尿]
命中或然证：[]
候选命中主证：[[不渴, 肺痿吐涎沫, 小便数, 遗尿], [不渴, 腹满], [腹满], [腹满], [腹满], [不渴], [腹满], [腹满]]
候选缺口：[[], [下利], [时痛], [按之不痛], [口舌干燥], [妇人少腹满如敦状, 生后者, 小便难], [不能饮食, 肌肤甲错, 两目黯黑, 五劳虚极], [唇口干燥, 暮即发热, 少腹里急, 手掌烦热]]
候选命中或然证：[[], [], [], [], [], [], [], []]
候选方证：[甘草干姜汤证, 理中汤证, 桂枝加芍药汤证, 厚朴生姜半夏甘草人参汤证, 己椒苈黄丸证, 大黄甘遂汤证, 大黄蛰虫丸证, 温经汤证]
候选方证打分：[Gancaoganjiangtangzheng(hits=6/6, gap=0, poss=0/0, prio=3), Lizhongtangzheng(hits=4/5, gap=1, poss=0/0, prio=3), Guizhijiashaoyaotangzheng(hits=3/4, gap=1, poss=0/0, prio=3), Houposhengjiangbanxiagancaorenshentangzheng(hits=3/4, gap=1, poss=0/0, prio=3), Jijiaolihuangwanzheng(hits=3/4, gap=1, poss=0/0, prio=3), Dahuanggansuitangzheng(hits=3/6, gap=3, poss=0/0, prio=2), Dahuangzhechongwanzheng(hits=3/7, gap=4, poss=0/0, prio=2), Wenjingtangzheng(hits=3/7, gap=4, poss=0/0, prio=3)]
兼夹证：[]
加味药物：[附子]
配伍禁忌警告：[]

===== 甘草干姜茯苓白术汤证 =====
八纲：{表里=[里证], 寒热=[], 虚实=[虚证], 阴阳=[阴证], bagangTypes=[里证, 虚证, 阴证]}
六经：太阴病
方证：甘草干姜茯苓白术汤证
推荐方剂：甘草干姜茯苓白术汤去白术加附子
药物组成：[茯苓, 甘草, 干姜, 附子]
六经列表：[太阴病]
合病标记：null
命中主证：[身重, 腰中冷]
命中或然证：[腹重如带五千钱]
候选命中主证：[[身重, 腰中冷], [腹满], [腹满], [腹满], [沉脉], [沉脉], [身重], [腹满], [腰中冷], [腹满]]
候选缺口：[[], [时痛], [按之不痛], [口舌干燥], [咳嗽], [口渴, 小便不利], [妊娠有水气, 小便不利], [不渴, 下利], [腰痛, 遗精], [不能饮食, 肌肤甲错, 两目黯黑, 五劳虚极]]
候选命中或然证：[[腹重如带五千钱], [], [], [], [], [], [], [], [], []]
候选方证：[甘草干姜茯苓白术汤证, 桂枝加芍药汤证, 厚朴生姜半夏甘草人参汤证, 己椒苈黄丸证, 泽漆汤证, 栝楼瞿麦丸证, 葵子茯苓散证, 理中汤证, 天雄散证, 大黄蛰虫丸证]
候选方证打分：[Gancaoganjiangfulingbaizhutangzheng(hits=4/4, gap=0, poss=1/1, prio=3), Guizhijiashaoyaotangzheng(hits=3/4, gap=1, poss=0/0, prio=3), Houposhengjiangbanxiagancaorenshentangzheng(hits=3/4, gap=1, poss=0/0, prio=3), Jijiaolihuangwanzheng(hits=3/4, gap=1, poss=0/0, prio=3), Zeqitangzheng(hits=3/4, gap=1, poss=0/0, prio=3), Gualouqumaiwanzheng(hits=3/5, gap=2, poss=0/0, prio=3), Kuizifulingsanzheng(hits=3/5, gap=2, poss=0/0, prio=3), Lizhongtangzheng(hits=3/5, gap=2, poss=0/0, prio=3), Tianxiongsanzheng(hits=3/5, gap=2, poss=0/0, prio=3), Dahuangzhechongwanzheng(hits=3/7, gap=4, poss=0/0, prio=2)]
兼夹证：[]
加味药物：[附子]
减味药物：[白术]
配伍禁忌警告：[]

===== 大建中汤证 =====
八纲：{表里=[里证], 寒热=[], 虚实=[虚证], 阴阳=[阴证], bagangTypes=[里证, 虚证, 阴证]}
六经：太阴病
方证：大建中汤证
推荐方剂：大建中汤加生姜、附子
药物组成：[干姜, 人参, 蜀椒, 饴糖, 生姜, 附子]
六经列表：[太阴病]
合病标记：null
命中主证：[不能饮食, 腹中寒, 呕吐, 心胸大寒痛]
命中或然证：[]
候选命中主证：[[不能饮食, 腹中寒, 呕吐, 心胸大寒痛], [呕吐], [腹满], [腹满], [腹满], [腹满], [呕吐], [不能饮食, 腹满], [沉弦脉], [呕吐]]
候选缺口：[[], [口渴], [时痛], [按之不痛], [口舌干燥], [不渴, 下利], [膈间有水, 心下痞], [肌肤甲错, 两目黯黑, 五劳虚极], [下利, 心下坚, 促脉, 胸满], [腹痛, 腹中雷鸣, 胸胁苦满]]
候选命中或然证：[[], [], [], [], [], [], [], [], [], []]
候选方证：[大建中汤证, 茯苓泽泻汤证, 桂枝加芍药汤证, 厚朴生姜半夏甘草人参汤证, 己椒苈黄丸证, 理中汤证, 小半夏加茯苓汤证, 大黄蛰虫丸证, 甘遂半夏汤证, 附子粳米汤证]
候选方证打分：[Dajianzhongtangzheng(hits=6/6, gap=0, poss=0/0, prio=1), Fulingzexietangzheng(hits=3/4, gap=1, poss=0/0, prio=3), Guizhijiashaoyaotangzheng(hits=3/4, gap=1, poss=0/0, prio=3), Houposhengjiangbanxiagancaorenshentangzheng(hits=3/4, gap=1, poss=0/0, prio=3), Jijiaolihuangwanzheng(hits=3/4, gap=1, poss=0/0, prio=3), Lizhongtangzheng(hits=3/5, gap=2, poss=0/0, prio=3), Xiaobanxiajiafulingtangzheng(hits=3/5, gap=2, poss=0/0, prio=3), Dahuangzhechongwanzheng(hits=4/7, gap=3, poss=0/0, prio=2), Gansuibanxiatangzheng(hits=4/7, gap=3, poss=0/0, prio=2), Fuzijingmitangzheng(hits=3/6, gap=3, poss=0/0, prio=3)]
兼夹证：[]
加味药物：[生姜, 附子]
配伍禁忌警告：[]

===== 术附汤证 =====
八纲：{表里=[里证], 寒热=[], 虚实=[虚证], 阴阳=[阴证], bagangTypes=[里证, 虚证, 阴证]}
六经：太阴病
方证：术附汤证
推荐方剂：Shufutang加附子
药物组成：[附子]
六经列表：[太阴病]
合病标记：null
命中主证：[苦极, 头眩, 头重]
命中或然证：[]
候选命中主证：[[苦极, 头眩, 头重], [腹满], [腹满], [腹满], [腹满], [腹满], [腹满], [], []]
候选缺口：[[], [时痛], [按之不痛], [口舌干燥], [不渴, 下利], [不能饮食, 肌肤甲错, 两目黯黑, 五劳虚极], [唇口干燥, 暮即发热, 少腹里急, 手掌烦热], [心下悸动], [不得眠, 虚烦, 促脉, 胸满]]
候选命中或然证：[[], [], [], [], [], [], [], [头眩], [头眩]]
候选方证：[术附汤证, 桂枝加芍药汤证, 厚朴生姜半夏甘草人参汤证, 己椒苈黄丸证, 理中汤证, 大黄蛰虫丸证, 温经汤证, 半夏麻黄丸证, 酸枣仁汤证]
候选方证打分：[Shufutangzheng(hits=5/5, gap=0, poss=0/0, prio=3), Guizhijiashaoyaotangzheng(hits=3/4, gap=1, poss=0/0, prio=3), Houposhengjiangbanxiagancaorenshentangzheng(hits=3/4, gap=1, poss=0/0, prio=3), Jijiaolihuangwanzheng(hits=3/4, gap=1, poss=0/0, prio=3), Lizhongtangzheng(hits=3/5, gap=2, poss=0/0, prio=3), Dahuangzhechongwanzheng(hits=3/7, gap=4, poss=0/0, prio=2), Wenjingtangzheng(hits=3/7, gap=4, poss=0/0, prio=3), Banxiamahuangwanzheng(hits=2/3, gap=1, poss=1/2, prio=5), Suanzaorentangzheng(hits=3/6, gap=3, poss=1/2, prio=3)]
兼夹证：[]
加味药物：[附子]
配伍禁忌警告：[]

===== 太少两感（麻黄附子细辛汤证） =====
八纲：{表里=[表证], 寒热=[], 虚实=[虚证], 阴阳=[阴证], bagangTypes=[表证, 虚证, 阳证, 阴证]}
六经：太少两感
方证：麻黄附子细辛汤证
推荐方剂：麻黄附子细辛汤
药物组成：[附子, 麻黄, 细辛]
六经列表：[少阴病, 太阳病]
合病标记：太少两感
命中主证：[沉脉, 发热]
命中或然证：[]
候选命中主证：[[沉脉, 发热], [但欲寐, 恶寒], [恶寒], [恶寒], [恶寒, 发热], [恶寒, 发热], [恶寒, 发热], [发热], [无汗], [无汗]]
候选缺口：[[], [], [胸满], [身疼烦], [身黄, 腹满], [如疟状, 一日再发], [面有热色, 身痒], [微呕, 气上撞心], [呕吐, 项强], [浮紧脉, 身痛]]
候选命中或然证：[[], [], [], [], [], [], [], [], [恶寒, 发热], [恶寒, 发热]]
候选方证：[麻黄附子细辛汤证, 麻黄附子甘草汤证, 桂枝去芍药加附子汤证, 麻黄加术汤证, 麻黄连翘赤小豆汤证, 桂枝二麻黄一汤证, 桂枝麻黄各半汤证, 柴胡桂枝汤证, 葛根加半夏汤证, 麻黄汤证]
候选方证打分：[Mahuangfuzixixintangzheng(hits=4/4, gap=0, poss=0/0, prio=2), Mahuangfuzigancaotangzheng(hits=4/4, gap=0, poss=0/0, prio=3), Guizhiqushaoyaojiafuzitangzheng(hits=3/4, gap=1, poss=0/0, prio=2), Mahuangjiazhutangzheng(hits=3/4, gap=1, poss=0/0, prio=3), Mahuanglianqiaochixiaodoutangzheng(hits=5/7, gap=2, poss=0/0, prio=3), Guizhiermahuangyitangzheng(hits=4/6, gap=2, poss=0/0, prio=3), Guizhimahuanggebantangzheng(hits=4/6, gap=2, poss=0/0, prio=3), Chaihuguizhitangzheng(hits=4/6, gap=2, poss=0/0, prio=3), Gegenjiabanxiatangzheng(hits=3/5, gap=2, poss=2/2, prio=2), Mahuangtangzheng(hits=3/5, gap=2, poss=2/4, prio=2)]
兼夹证：[]
加味药物：[]
配伍禁忌警告：[]

===== 路A去重（理中汤证） =====
八纲：{表里=[], 寒热=[], 虚实=[], 阴阳=[阴证], bagangTypes=[阴证]}
六经：六经难定
方证：方证未定
推荐方剂：null
药物组成：[]
六经列表：[]
合病标记：null
命中主证：[]
命中或然证：[]
候选命中主证：[[腹满, 下利], [腹满], [下利], [腹满], [腹满], [下利], [下利], [下利], [下利], [下利]]
候选缺口：[[不渴, 沉迟脉], [时痛, 沉迟脉], [下利气, 沉迟脉], [按之不痛, 沉迟脉], [口舌干燥, 沉迟脉], [肺痛, 沉迟脉], [微脉, 面赤, 沉迟脉], [呕, 心下痞, 沉迟脉], [腹痛, 四肢沉重疼痛, 无热恶寒], [虚烦, 沉迟脉, 促脉, 胸满]]
候选命中或然证：[[], [], [], [], [], [], [], [], [], []]
候选方证：[理中汤证, 桂枝加芍药汤证, 诃梨勒散证, 厚朴生姜半夏甘草人参汤证, 己椒苈黄丸证, 紫参汤证, 白通汤证, 半夏泻心汤证, 真武汤证, 白头翁加甘草阿胶汤证]
候选方证打分：[Lizhongtangzheng(hits=3/5, gap=2, poss=0/0, prio=3), Guizhijiashaoyaotangzheng(hits=2/4, gap=2, poss=0/0, prio=3), Helilesanzheng(hits=2/4, gap=2, poss=0/0, prio=3), Houposhengjiangbanxiagancaorenshentangzheng(hits=2/4, gap=2, poss=0/0, prio=3), Jijiaolihuangwanzheng(hits=2/4, gap=2, poss=0/0, prio=3), Zishentangzheng(hits=2/4, gap=2, poss=0/0, prio=3), Baitongtangzheng(hits=2/5, gap=3, poss=0/0, prio=1), Banxiaxiexintangzheng(hits=2/5, gap=3, poss=0/0, prio=2), Zhenwutangzheng(hits=2/5, gap=3, poss=0/3, prio=3), Baitouwengjiagancaojiaotangzheng(hits=1/4, gap=3, poss=0/0, prio=3)]
兼夹证：[]
加味药物：[]
配伍禁忌警告：[]
[INFO] Tests run: 55, Failures: 0, Errors: 0, Skipped: 0, Time elapsed: 40.87 s -- in 【少阴·太阴】理中/四逆/真武/附子/麻黄附子/少阴杂方
[INFO] Running 【太阳】桂枝/麻黄/葛根/苓桂类方证

===== 桂枝汤证 =====
八纲：{表里=[表证], 寒热=[], 虚实=[虚证], 阴阳=[阳证], bagangTypes=[表证, 虚证, 阳证, 阴证]}
六经：太少两感
方证：桂枝汤证
推荐方剂：桂枝汤加附子
药物组成：[大枣, 甘草, 桂枝, 芍药, 生姜, 附子]
六经列表：[少阴病, 太阳病]
合病标记：太少两感
命中主证：[恶风, 发热, 汗出, 缓脉]
命中或然证：[]
候选命中主证：[[恶风, 发热, 汗出, 缓脉], [恶风, 汗出], [恶风, 汗出], [恶风, 汗出], [恶风, 汗出], [发热], [恶风], [浮脉], [发热], [浮脉]]
候选缺口：[[], [身重], [身体强几几], [项背强几几], [喘], [沉脉], [头痛], [水之为病], [微呕, 气上撞心], [咳嗽, 沉弦脉, 心下坚]]
候选命中或然证：[[], [], [], [], [], [], [], [], [], []]
候选方证：[桂枝汤证, 防己黄芪汤证, 栝楼桂枝汤证, 桂枝加葛根汤证, 桂枝加厚朴杏子汤证, 麻黄附子细辛汤证, 头风摩散证, 杏子汤证, 柴胡桂枝汤证, 厚朴麻黄汤证]
候选方证打分：[Guizhitangzheng(hits=6/6, gap=0, poss=0/0, prio=3), Fangjihuangqitangzheng(hits=4/5, gap=1, poss=0/0, prio=3), Gualouguizhitangzheng(hits=4/5, gap=1, poss=0/0, prio=3), Guizhijiagegentangzheng(hits=4/5, gap=1, poss=0/0, prio=3), Guizhijiahoupoxingzitangzheng(hits=4/5, gap=1, poss=0/0, prio=3), Mahuangfuzixixintangzheng(hits=3/4, gap=1, poss=0/0, prio=2), Toufengmosanzheng(hits=3/4, gap=1, poss=0/0, prio=3), Xingzitangzheng(hits=3/4, gap=1, poss=0/0, prio=3), Chaihuguizhitangzheng(hits=4/6, gap=2, poss=0/0, prio=3), Houpomahuangtangzheng(hits=4/6, gap=2, poss=0/4, prio=3)]
兼夹证：[]
加味药物：[附子]
配伍禁忌警告：[]

===== 桂枝加葛根汤证 =====
八纲：{表里=[表证], 寒热=[], 虚实=[虚证], 阴阳=[阳证], bagangTypes=[表证, 虚证, 阳证, 阴证]}
六经：太少两感
方证：桂枝加葛根汤证
推荐方剂：桂枝加葛根汤加减
药物组成：[大枣, 甘草, 葛根, 桂枝, 芍药, 生姜]
六经列表：[少阴病, 太阳病]
合病标记：太少两感
命中主证：[恶风, 汗出, 项背强几几]
命中或然证：[]
候选命中主证：[[恶风, 汗出, 项背强几几], [恶风, 汗出, 缓脉], [恶风, 汗出], [恶风, 汗出], [恶风, 汗出], [恶寒], [恶寒], [恶寒], [恶风], [浮脉]]
候选缺口：[[], [发热], [身重], [身体强几几], [喘], [胸满], [但欲寐], [身疼烦], [头痛], [水之为病]]
候选命中或然证：[[], [], [], [], [], [], [], [], [], []]
候选方证：[桂枝加葛根汤证, 桂枝汤证, 防己黄芪汤证, 栝楼桂枝汤证, 桂枝加厚朴杏子汤证, 桂枝去芍药加附子汤证, 麻黄附子甘草汤证, 麻黄加术汤证, 头风摩散证, 杏子汤证]
候选方证打分：[Guizhijiagegentangzheng(hits=5/5, gap=0, poss=0/0, prio=3), Guizhitangzheng(hits=5/6, gap=1, poss=0/0, prio=3), Fangjihuangqitangzheng(hits=4/5, gap=1, poss=0/0, prio=3), Gualouguizhitangzheng(hits=4/5, gap=1, poss=0/0, prio=3), Guizhijiahoupoxingzitangzheng(hits=4/5, gap=1, poss=0/0, prio=3), Guizhiqushaoyaojiafuzitangzheng(hits=3/4, gap=1, poss=0/0, prio=2), Mahuangfuzigancaotangzheng(hits=3/4, gap=1, poss=0/0, prio=3), Mahuangjiazhutangzheng(hits=3/4, gap=1, poss=0/0, prio=3), Toufengmosanzheng(hits=3/4, gap=1, poss=0/0, prio=3), Xingzitangzheng(hits=3/4, gap=1, poss=0/0, prio=3)]
兼夹证：[]
加味药物：[]
配伍禁忌警告：[]

===== 桂枝加厚朴杏子汤证 =====
八纲：{表里=[表证], 寒热=[], 虚实=[虚证], 阴阳=[阳证], bagangTypes=[表证, 虚证, 阳证, 阴证]}
六经：太少两感
方证：桂枝加厚朴杏子汤证
推荐方剂：Guizhijiahoupoxingzitang加杏仁、厚朴
药物组成：[杏仁, 厚朴]
六经列表：[少阴病, 太阳病]
合病标记：太少两感
命中主证：[喘, 恶风, 汗出]
命中或然证：[]
候选命中主证：[[喘, 恶风, 汗出], [恶风, 汗出, 缓脉], [恶风, 汗出], [恶风, 汗出], [恶风, 汗出], [恶寒], [恶寒], [恶寒], [恶风], [浮脉]]
候选缺口：[[], [发热], [身重], [身体强几几], [项背强几几], [胸满], [但欲寐], [身疼烦], [头痛], [水之为病]]
候选命中或然证：[[], [], [], [], [], [], [], [], [], []]
候选方证：[桂枝加厚朴杏子汤证, 桂枝汤证, 防己黄芪汤证, 栝楼桂枝汤证, 桂枝加葛根汤证, 桂枝去芍药加附子汤证, 麻黄附子甘草汤证, 麻黄加术汤证, 头风摩散证, 杏子汤证]
候选方证打分：[Guizhijiahoupoxingzitangzheng(hits=5/5, gap=0, poss=0/0, prio=3), Guizhitangzheng(hits=5/6, gap=1, poss=0/0, prio=3), Fangjihuangqitangzheng(hits=4/5, gap=1, poss=0/0, prio=3), Gualouguizhitangzheng(hits=4/5, gap=1, poss=0/0, prio=3), Guizhijiagegentangzheng(hits=4/5, gap=1, poss=0/0, prio=3), Guizhiqushaoyaojiafuzitangzheng(hits=3/4, gap=1, poss=0/0, prio=2), Mahuangfuzigancaotangzheng(hits=3/4, gap=1, poss=0/0, prio=3), Mahuangjiazhutangzheng(hits=3/4, gap=1, poss=0/0, prio=3), Toufengmosanzheng(hits=3/4, gap=1, poss=0/0, prio=3), Xingzitangzheng(hits=3/4, gap=1, poss=0/0, prio=3)]
兼夹证：[]
加味药物：[杏仁, 厚朴]
配伍禁忌警告：[]

===== 桂枝加附子汤证 =====
八纲：{表里=[表证], 寒热=[], 虚实=[虚证], 阴阳=[阴证], bagangTypes=[表证, 虚证, 阳证, 阴证]}
六经：太少两感
方证：桂枝加附子汤证
推荐方剂：桂枝加附子汤加减
药物组成：[大枣, 附子, 甘草, 桂枝, 芍药, 生姜]
六经列表：[少阴病, 太阳病]
合病标记：太少两感
命中主证：[汗漏不止, 四肢微急, 小便难]
命中或然证：[]
候选命中主证：[[汗漏不止, 四肢微急, 小便难], [但欲寐], [恶风], [浮脉], [浮脉], [恶风], [恶风], [恶风], [恶风], [恶风]]
候选缺口：[[], [恶寒], [头痛], [水之为病], [咳嗽, 腹满], [汗出, 身重], [汗出, 身体强几几], [汗出, 项背强几几], [喘, 汗出], [无汗, 项强, 腹满]]
候选命中或然证：[[], [], [], [], [], [], [], [], [], []]
候选方证：[桂枝加附子汤证, 麻黄附子甘草汤证, 头风摩散证, 杏子汤证, 厚朴麻黄汤证, 防己黄芪汤证, 栝楼桂枝汤证, 桂枝加葛根汤证, 桂枝加厚朴杏子汤证, 葛根汤证]
候选方证打分：[Guizhijiafuzitangzheng(hits=5/5, gap=0, poss=0/0, prio=2), Mahuangfuzigancaotangzheng(hits=3/4, gap=1, poss=0/0, prio=3), Toufengmosanzheng(hits=3/4, gap=1, poss=0/0, prio=3), Xingzitangzheng(hits=3/4, gap=1, poss=0/0, prio=3), Houpomahuangtangzheng(hits=4/6, gap=2, poss=0/4, prio=3), Fangjihuangqitangzheng(hits=3/5, gap=2, poss=0/0, prio=3), Gualouguizhitangzheng(hits=3/5, gap=2, poss=0/0, prio=3), Guizhijiagegentangzheng(hits=3/5, gap=2, poss=0/0, prio=3), Guizhijiahoupoxingzitangzheng(hits=3/5, gap=2, poss=0/0, prio=3), Gegentangzheng(hits=4/7, gap=3, poss=0/2, prio=3)]
兼夹证：[]
加味药物：[]
配伍禁忌警告：[]

===== 桂枝去芍药汤证 =====
八纲：{表里=[表证], 寒热=[], 虚实=[], 阴阳=[阳证], bagangTypes=[表证, 阳证]}
六经：太阳病
方证：桂枝去芍药汤证
推荐方剂：桂枝去芍药汤加附子
药物组成：[大枣, 甘草, 桂枝, 生姜, 附子]
六经列表：[太阳病]
合病标记：null
命中主证：[促脉, 胸满]
命中或然证：[]
候选命中主证：[[促脉, 胸满], [恶风, 发热, 汗出], [恶风, 汗出], [恶风, 汗出], [恶风, 汗出], [恶风, 汗出], [胸满], [恶风], [发热], [发热]]
候选缺口：[[], [缓脉], [身重], [身体强几几], [项背强几几], [喘], [恶寒], [头痛], [微呕, 气上撞心], [日晡所剧, 一身尽疼]]
候选命中或然证：[[], [], [], [], [], [], [], [], [], [恶风]]
候选方证：[桂枝去芍药汤证, 桂枝汤证, 防己黄芪汤证, 栝楼桂枝汤证, 桂枝加葛根汤证, 桂枝加厚朴杏子汤证, 桂枝去芍药加附子汤证, 头风摩散证, 柴胡桂枝汤证, 麻杏薏甘汤证]
候选方证打分：[Guizhiqushaoyaotangzheng(hits=4/4, gap=0, poss=0/0, prio=3), Guizhitangzheng(hits=5/6, gap=1, poss=0/0, prio=3), Fangjihuangqitangzheng(hits=4/5, gap=1, poss=0/0, prio=3), Gualouguizhitangzheng(hits=4/5, gap=1, poss=0/0, prio=3), Guizhijiagegentangzheng(hits=4/5, gap=1, poss=0/0, prio=3), Guizhijiahoupoxingzitangzheng(hits=4/5, gap=1, poss=0/0, prio=3), Guizhiqushaoyaojiafuzitangzheng(hits=3/4, gap=1, poss=0/0, prio=2), Toufengmosanzheng(hits=3/4, gap=1, poss=0/0, prio=3), Chaihuguizhitangzheng(hits=4/6, gap=2, poss=0/0, prio=3), Maxingyigantangzheng(hits=3/5, gap=2, poss=1/2, prio=3)]
兼夹证：[]
加味药物：[附子]
配伍禁忌警告：[]

===== 桂枝去芍药加附子汤证 =====
八纲：{表里=[表证], 寒热=[], 虚实=[], 阴阳=[阳证], bagangTypes=[表证, 阳证]}
六经：太阳病
方证：桂枝去芍药加附子汤证
推荐方剂：桂枝去芍药加附子汤
药物组成：[大枣, 附子, 甘草, 桂枝, 生姜]
六经列表：[太阳病]
合病标记：null
命中主证：[恶寒, 胸满]
命中或然证：[]
候选命中主证：[[恶寒, 胸满], [胸满], [恶寒], [浮脉], [恶寒], [恶寒], [恶寒], [浮脉], [浮脉], [浮脉]]
候选缺口：[[], [促脉], [身疼烦], [水之为病], [发热, 身黄, 沉弦脉, 心下坚], [发热, 如疟状, 一日再发], [发热, 面有热色, 身痒], [喘, 烦躁, 咳嗽], [咳嗽, 沉弦脉, 心下坚, 无热恶寒], [口渴, 水入则吐, 小便不利]]
候选命中或然证：[[], [], [], [], [], [], [], [], [], []]
候选方证：[桂枝去芍药加附子汤证, 桂枝去芍药汤证, 麻黄加术汤证, 杏子汤证, 麻黄连翘赤小豆汤证, 桂枝二麻黄一汤证, 桂枝麻黄各半汤证, 小青龙加石膏汤证, 厚朴麻黄汤证, 五苓散证]
候选方证打分：[Guizhiqushaoyaojiafuzitangzheng(hits=4/4, gap=0, poss=0/0, prio=2), Guizhiqushaoyaotangzheng(hits=3/4, gap=1, poss=0/0, prio=3), Mahuangjiazhutangzheng(hits=3/4, gap=1, poss=0/0, prio=3), Xingzitangzheng(hits=3/4, gap=1, poss=0/0, prio=3), Mahuanglianqiaochixiaodoutangzheng(hits=4/7, gap=3, poss=0/0, prio=3), Guizhiermahuangyitangzheng(hits=3/6, gap=3, poss=0/0, prio=3), Guizhimahuanggebantangzheng(hits=3/6, gap=3, poss=0/0, prio=3), Xiaoqinglongjiashigaotangzheng(hits=3/6, gap=3, poss=0/0, prio=3), Houpomahuangtangzheng(hits=3/6, gap=3, poss=0/4, prio=3), Wulingsanzheng(hits=3/6, gap=3, poss=0/0, prio=3)]
兼夹证：[]
加味药物：[]
配伍禁忌警告：[]
?? 跳过与病例四诊互斥的六经锚点脉象: Fumai（Taiyangbing）
?? Taiyangbing 脉象锚点全部被跳过，改用无脉替代症状: [Xiangqiang, Fare]

===== 桂枝新加汤证 =====
八纲：{表里=[表证], 寒热=[寒证], 虚实=[], 阴阳=[阳证], bagangTypes=[表证, 寒证, 阳证, 阴证]}
六经：太少两感
方证：桂枝新加汤证
推荐方剂：桂枝新加汤加附子、葛根、干姜
药物组成：[大枣, 甘草, 桂枝, 人参, 芍药, 生姜, 附子, 葛根, 干姜]
六经列表：[少阴病, 太阳病]
合病标记：太少两感
命中主证：[沉迟脉, 身疼烦]
命中或然证：[]
候选命中主证：[[沉迟脉, 身疼烦], [恶寒, 身疼烦], [恶寒], [发热], [身疼烦], [恶寒], [恶寒, 发热], [恶寒, 发热], [恶寒, 发热], [发热]]
候选缺口：[[], [], [胸满], [沉脉], [难以转侧], [但欲寐], [身黄, 腹满], [如疟状, 一日再发], [面有热色, 身痒], [微呕, 气上撞心]]
候选命中或然证：[[], [], [], [], [], [], [], [], [], []]
候选方证：[桂枝新加汤证, 麻黄加术汤证, 桂枝去芍药加附子汤证, 麻黄附子细辛汤证, 桂枝附子汤证, 麻黄附子甘草汤证, 麻黄连翘赤小豆汤证, 桂枝二麻黄一汤证, 桂枝麻黄各半汤证, 柴胡桂枝汤证]
候选方证打分：[Guizhixinjiatangzheng(hits=4/4, gap=0, poss=0/0, prio=3), Mahuangjiazhutangzheng(hits=4/4, gap=0, poss=0/0, prio=3), Guizhiqushaoyaojiafuzitangzheng(hits=3/4, gap=1, poss=0/0, prio=2), Mahuangfuzixixintangzheng(hits=3/4, gap=1, poss=0/0, prio=2), Guizhifuzitangzheng(hits=3/4, gap=1, poss=0/0, prio=3), Mahuangfuzigancaotangzheng(hits=3/4, gap=1, poss=0/0, prio=3), Mahuanglianqiaochixiaodoutangzheng(hits=5/7, gap=2, poss=0/0, prio=3), Guizhiermahuangyitangzheng(hits=4/6, gap=2, poss=0/0, prio=3), Guizhimahuanggebantangzheng(hits=4/6, gap=2, poss=0/0, prio=3), Chaihuguizhitangzheng(hits=4/6, gap=2, poss=0/0, prio=3)]
兼夹证：[]
加味药物：[附子, 葛根, 干姜]
配伍禁忌警告：[]
?? 跳过与病例四诊互斥的六经锚点脉象: Fumai（Taiyangbing）
?? Taiyangbing 脉象锚点全部被跳过，改用无脉替代症状: [Xiangqiang, Fare]

===== 桂枝加桂汤证 =====
八纲：{表里=[表证], 寒热=[寒证], 虚实=[], 阴阳=[阳证], bagangTypes=[表证, 寒证, 阳证, 阴证]}
六经：太少两感
方证：桂枝加桂汤证
推荐方剂：桂枝加桂汤加减
药物组成：[大枣, 甘草, 桂枝, 芍药, 生姜]
六经列表：[少阴病, 太阳病]
合病标记：太少两感
命中主证：[气从少腹上冲心]
命中或然证：[]
候选命中主证：[[气从少腹上冲心], [恶寒], [发热], [沉迟脉], [恶寒], [恶寒], [恶寒, 发热], [恶寒, 发热], [恶寒, 发热], [发热]]
候选缺口：[[], [胸满], [沉脉], [身疼烦], [但欲寐], [身疼烦], [身黄, 腹满], [如疟状, 一日再发], [面有热色, 身痒], [微呕, 气上撞心]]
候选命中或然证：[[], [], [], [], [], [], [], [], [], []]
候选方证：[桂枝加桂汤证, 桂枝去芍药加附子汤证, 麻黄附子细辛汤证, 桂枝新加汤证, 麻黄附子甘草汤证, 麻黄加术汤证, 麻黄连翘赤小豆汤证, 桂枝二麻黄一汤证, 桂枝麻黄各半汤证, 柴胡桂枝汤证]
候选方证打分：[Guizhijiaguitangzheng(hits=3/3, gap=0, poss=0/0, prio=2), Guizhiqushaoyaojiafuzitangzheng(hits=3/4, gap=1, poss=0/0, prio=2), Mahuangfuzixixintangzheng(hits=3/4, gap=1, poss=0/0, prio=2), Guizhixinjiatangzheng(hits=3/4, gap=1, poss=0/0, prio=3), Mahuangfuzigancaotangzheng(hits=3/4, gap=1, poss=0/0, prio=3), Mahuangjiazhutangzheng(hits=3/4, gap=1, poss=0/0, prio=3), Mahuanglianqiaochixiaodoutangzheng(hits=5/7, gap=2, poss=0/0, prio=3), Guizhiermahuangyitangzheng(hits=4/6, gap=2, poss=0/0, prio=3), Guizhimahuanggebantangzheng(hits=4/6, gap=2, poss=0/0, prio=3), Chaihuguizhitangzheng(hits=4/6, gap=2, poss=0/0, prio=3)]
兼夹证：[]
加味药物：[]
配伍禁忌警告：[]
?? 跳过与病例四诊互斥的六经锚点脉象: Fumai（Taiyangbing）
?? Taiyangbing 脉象锚点全部被跳过，改用无脉替代症状: [Xiangqiang, Fare]

===== 桂枝加黄芪汤证 =====
八纲：{表里=[表证], 寒热=[], 虚实=[], 阴阳=[阳证], bagangTypes=[表证, 阳证]}
六经：太阳病
方证：桂枝加黄芪汤证
推荐方剂：桂枝加黄芪汤加减
药物组成：[大枣, 甘草, 桂枝, 黄芪, 芍药, 生姜]
六经列表：[太阳病]
合病标记：null
命中主证：[黄汗, 两胫自冷]
命中或然证：[]
候选命中主证：[[黄汗, 两胫自冷], [恶寒], [恶寒], [恶寒, 发热], [恶寒, 发热], [恶寒, 发热], [发热], [项强], [发热], [发热, 黄汗]]
候选缺口：[[], [胸满], [身疼烦], [身黄, 腹满], [如疟状, 一日再发], [面有热色, 身痒], [微呕, 气上撞心], [呕吐, 无汗], [日晡所剧, 一身尽疼], [汗出, 身体肿, 腹满]]
候选命中或然证：[[], [], [], [], [], [], [], [恶寒, 发热], [恶寒], []]
候选方证：[桂枝加黄芪汤证, 桂枝去芍药加附子汤证, 麻黄加术汤证, 麻黄连翘赤小豆汤证, 桂枝二麻黄一汤证, 桂枝麻黄各半汤证, 柴胡桂枝汤证, 葛根加半夏汤证, 麻杏薏甘汤证, 黄芪芍药桂枝苦酒汤证]
候选方证打分：[Guizhijiahuangqitangzheng(hits=4/4, gap=0, poss=0/0, prio=3), Guizhiqushaoyaojiafuzitangzheng(hits=3/4, gap=1, poss=0/0, prio=2), Mahuangjiazhutangzheng(hits=3/4, gap=1, poss=0/0, prio=3), Mahuanglianqiaochixiaodoutangzheng(hits=5/7, gap=2, poss=0/0, prio=3), Guizhiermahuangyitangzheng(hits=4/6, gap=2, poss=0/0, prio=3), Guizhimahuanggebantangzheng(hits=4/6, gap=2, poss=0/0, prio=3), Chaihuguizhitangzheng(hits=4/6, gap=2, poss=0/0, prio=3), Gegenjiabanxiatangzheng(hits=3/5, gap=2, poss=2/2, prio=2), Maxingyigantangzheng(hits=3/5, gap=2, poss=1/2, prio=3), Huangqishaoyaoguizhikujiutangzheng(hits=5/8, gap=3, poss=0/0, prio=3)]
兼夹证：[]
加味药物：[]
配伍禁忌警告：[]

===== 桂枝甘草汤证 =====
八纲：{表里=[表证], 寒热=[], 虚实=[], 阴阳=[阳证], bagangTypes=[表证, 阳证]}
六经：太阳病
方证：桂枝甘草汤证
推荐方剂：桂枝甘草汤加附子
药物组成：[甘草, 桂枝, 附子]
六经列表：[太阳病]
合病标记：null
命中主证：[心下悸动, 欲得按]
命中或然证：[]
候选命中主证：[[心下悸动, 欲得按], [恶寒], [恶寒], [浮脉], [心下悸动], [恶寒], [恶寒], [恶寒], [浮脉], [浮脉]]
候选缺口：[[], [胸满], [身疼烦], [水之为病], [手足冷, 不渴], [发热, 身黄, 沉弦脉, 心下坚], [发热, 如疟状, 一日再发], [发热, 面有热色, 身痒], [喘, 烦躁, 咳嗽], [咳嗽, 沉弦脉, 心下坚, 无热恶寒]]
候选命中或然证：[[], [], [], [], [], [], [], [], [], []]
候选方证：[桂枝甘草汤证, 桂枝去芍药加附子汤证, 麻黄加术汤证, 杏子汤证, 茯苓甘草汤证, 麻黄连翘赤小豆汤证, 桂枝二麻黄一汤证, 桂枝麻黄各半汤证, 小青龙加石膏汤证, 厚朴麻黄汤证]
候选方证打分：[Guizhigancaotangzheng(hits=4/4, gap=0, poss=0/0, prio=3), Guizhiqushaoyaojiafuzitangzheng(hits=3/4, gap=1, poss=0/0, prio=2), Mahuangjiazhutangzheng(hits=3/4, gap=1, poss=0/0, prio=3), Xingzitangzheng(hits=3/4, gap=1, poss=0/0, prio=3), Fulinggancaotangzheng(hits=3/5, gap=2, poss=0/1, prio=3), Mahuanglianqiaochixiaodoutangzheng(hits=4/7, gap=3, poss=0/0, prio=3), Guizhiermahuangyitangzheng(hits=3/6, gap=3, poss=0/0, prio=3), Guizhimahuanggebantangzheng(hits=3/6, gap=3, poss=0/0, prio=3), Xiaoqinglongjiashigaotangzheng(hits=3/6, gap=3, poss=0/0, prio=3), Houpomahuangtangzheng(hits=3/6, gap=3, poss=0/4, prio=3)]
兼夹证：[]
加味药物：[附子]
配伍禁忌警告：[]

===== 桂枝甘草龙骨牡蛎汤证 =====
八纲：{表里=[表证], 寒热=[], 虚实=[], 阴阳=[阳证], bagangTypes=[表证, 阳证]}
六经：太阳病
方证：桂枝甘草龙骨牡蛎汤证
推荐方剂：桂枝甘草龙骨牡蛎汤加减
药物组成：[甘草, 桂枝, 龙骨, 牡蛎]
六经列表：[太阳病]
合病标记：null
命中主证：[烦躁]
命中或然证：[]
候选命中主证：[[烦躁], [恶寒], [恶寒], [浮脉], [烦躁, 浮脉], [恶寒], [恶寒], [恶寒], [浮脉], [浮脉]]
候选缺口：[[], [胸满], [身疼烦], [水之为病], [喘, 咳嗽], [发热, 身黄, 沉弦脉, 心下坚], [发热, 如疟状, 一日再发], [发热, 面有热色, 身痒], [咳嗽, 沉弦脉, 心下坚, 无热恶寒], [口渴, 水入则吐, 小便不利]]
候选命中或然证：[[], [], [], [], [], [], [], [], [], []]
候选方证：[桂枝甘草龙骨牡蛎汤证, 桂枝去芍药加附子汤证, 麻黄加术汤证, 杏子汤证, 小青龙加石膏汤证, 麻黄连翘赤小豆汤证, 桂枝二麻黄一汤证, 桂枝麻黄各半汤证, 厚朴麻黄汤证, 五苓散证]
候选方证打分：[Guizhigancaolonggumulitangzheng(hits=3/3, gap=0, poss=0/0, prio=3), Guizhiqushaoyaojiafuzitangzheng(hits=3/4, gap=1, poss=0/0, prio=2), Mahuangjiazhutangzheng(hits=3/4, gap=1, poss=0/0, prio=3), Xingzitangzheng(hits=3/4, gap=1, poss=0/0, prio=3), Xiaoqinglongjiashigaotangzheng(hits=4/6, gap=2, poss=0/0, prio=3), Mahuanglianqiaochixiaodoutangzheng(hits=4/7, gap=3, poss=0/0, prio=3), Guizhiermahuangyitangzheng(hits=3/6, gap=3, poss=0/0, prio=3), Guizhimahuanggebantangzheng(hits=3/6, gap=3, poss=0/0, prio=3), Houpomahuangtangzheng(hits=3/6, gap=3, poss=0/4, prio=3), Wulingsanzheng(hits=3/6, gap=3, poss=0/0, prio=3)]
兼夹证：[]
加味药物：[]
配伍禁忌警告：[]

===== 桂枝去芍药加蜀漆牡蛎龙骨救逆汤证 =====
八纲：{表里=[表证], 寒热=[], 虚实=[], 阴阳=[阳证], bagangTypes=[表证, 阳证]}
六经：太阳病
方证：桂枝去芍药加蜀漆牡蛎龙骨救逆汤证
推荐方剂：桂枝去芍药加蜀漆牡蛎龙骨救逆汤加减
药物组成：[大枣, 甘草, 桂枝, 龙骨, 牡蛎, 生姜, 蜀漆]
六经列表：[太阳病]
合病标记：null
命中主证：[惊狂, 卧起不安]
命中或然证：[]
候选命中主证：[[惊狂, 卧起不安], [恶寒], [恶寒], [浮脉], [恶寒], [恶寒], [恶寒], [浮脉], [浮脉], [浮脉]]
候选缺口：[[], [胸满], [身疼烦], [水之为病], [发热, 身黄, 沉弦脉, 心下坚], [发热, 如疟状, 一日再发], [发热, 面有热色, 身痒], [喘, 烦躁, 咳嗽], [咳嗽, 沉弦脉, 心下坚, 无热恶寒], [口渴, 水入则吐, 小便不利]]
候选命中或然证：[[], [], [], [], [], [], [], [], [], []]
候选方证：[桂枝去芍药加蜀漆牡蛎龙骨救逆汤证, 桂枝去芍药加附子汤证, 麻黄加术汤证, 杏子汤证, 麻黄连翘赤小豆汤证, 桂枝二麻黄一汤证, 桂枝麻黄各半汤证, 小青龙加石膏汤证, 厚朴麻黄汤证, 五苓散证]
候选方证打分：[Guizhiqushaoyaojiashuqimulilonggujiunitangzheng(hits=4/4, gap=0, poss=0/0, prio=2), Guizhiqushaoyaojiafuzitangzheng(hits=3/4, gap=1, poss=0/0, prio=2), Mahuangjiazhutangzheng(hits=3/4, gap=1, poss=0/0, prio=3), Xingzitangzheng(hits=3/4, gap=1, poss=0/0, prio=3), Mahuanglianqiaochixiaodoutangzheng(hits=4/7, gap=3, poss=0/0, prio=3), Guizhiermahuangyitangzheng(hits=3/6, gap=3, poss=0/0, prio=3), Guizhimahuanggebantangzheng(hits=3/6, gap=3, poss=0/0, prio=3), Xiaoqinglongjiashigaotangzheng(hits=3/6, gap=3, poss=0/0, prio=3), Houpomahuangtangzheng(hits=3/6, gap=3, poss=0/4, prio=3), Wulingsanzheng(hits=3/6, gap=3, poss=0/0, prio=3)]
兼夹证：[]
加味药物：[]
配伍禁忌警告：[]

===== 桂枝人参汤证 =====
八纲：{表里=[表证, 里证], 寒热=[], 虚实=[虚证], 阴阳=[阴证], bagangTypes=[表证, 里证, 虚证, 阳证, 阴证]}
六经：太阳太阴合病
方证：桂枝人参汤证
推荐方剂：桂枝人参汤加减
药物组成：[白术, 甘草, 干姜, 桂枝, 人参]
六经列表：[太阳病, 太阴病]
合病标记：太阳太阴合病
命中主证：[下利不止, 心下痞硬]
命中或然证：[]
候选命中主证：[[下利不止, 心下痞硬], [下利不止, 心下痞硬], [但欲寐, 恶寒], [发热, 腹满], [恶寒, 发热], [浮脉], [下利不止], [恶寒], [腹满], [腹满]]
候选缺口：[[], [], [], [浮数脉], [身黄], [咳嗽], [心烦], [胸满], [时痛], [按之不痛]]
候选命中或然证：[[], [], [], [], [], [], [], [], [], []]
候选方证：[桂枝人参汤证, 赤石脂禹余粮汤证, 麻黄附子甘草汤证, 厚朴七物汤证, 麻黄连翘赤小豆汤证, 厚朴麻黄汤证, 甘草泻心汤证, 桂枝去芍药加附子汤证, 桂枝加芍药汤证, 厚朴生姜半夏甘草人参汤证]
候选方证打分：[Guizhirenshentangzheng(hits=6/6, gap=0, poss=0/0, prio=2), Chishizhiyuyuliangtangzheng(hits=4/4, gap=0, poss=0/0, prio=2), Mahuangfuzigancaotangzheng(hits=4/4, gap=0, poss=0/0, prio=3), Houpoqiwutangzheng(hits=6/7, gap=1, poss=0/0, prio=2), Mahuanglianqiaochixiaodoutangzheng(hits=6/7, gap=1, poss=0/0, prio=3), Houpomahuangtangzheng(hits=5/6, gap=1, poss=0/4, prio=3), Gancaoxiexintangzheng(hits=3/4, gap=1, poss=0/0, prio=2), Guizhiqushaoyaojiafuzitangzheng(hits=3/4, gap=1, poss=0/0, prio=2), Guizhijiashaoyaotangzheng(hits=3/4, gap=1, poss=0/0, prio=3), Houposhengjiangbanxiagancaorenshentangzheng(hits=3/4, gap=1, poss=0/0, prio=3)]
兼夹证：[]
加味药物：[]
配伍禁忌警告：[]

===== 桂枝去桂加茯苓白术汤证 =====
八纲：{表里=[表证], 寒热=[], 虚实=[], 阴阳=[阳证], bagangTypes=[表证, 阳证]}
六经：太阳病
方证：桂枝去桂加茯苓白术汤证
推荐方剂：桂枝去桂加茯苓白术汤加减
药物组成：[白术, 大枣, 茯苓, 甘草, 芍药, 生姜]
六经列表：[太阳病]
合病标记：null
命中主证：[小便不利, 心下满]
命中或然证：[]
候选命中主证：[[小便不利, 心下满], [恶寒], [恶寒], [头痛], [浮脉], [恶寒, 发热], [恶寒, 发热], [恶寒, 发热], [发热], [浮脉, 小便不利]]
候选缺口：[[], [胸满], [身疼烦], [恶风], [水之为病], [身黄, 沉弦脉, 心下坚], [如疟状, 一日再发], [面有热色, 身痒], [微呕, 气上撞心], [口渴, 水入则吐]]
候选命中或然证：[[], [], [], [], [], [], [], [], [], []]
候选方证：[桂枝去桂加茯苓白术汤证, 桂枝去芍药加附子汤证, 麻黄加术汤证, 头风摩散证, 杏子汤证, 麻黄连翘赤小豆汤证, 桂枝二麻黄一汤证, 桂枝麻黄各半汤证, 柴胡桂枝汤证, 五苓散证]
候选方证打分：[Guizhiquguijiafulingbaizhutangzheng(hits=4/4, gap=0, poss=0/0, prio=3), Guizhiqushaoyaojiafuzitangzheng(hits=3/4, gap=1, poss=0/0, prio=2), Mahuangjiazhutangzheng(hits=3/4, gap=1, poss=0/0, prio=3), Toufengmosanzheng(hits=3/4, gap=1, poss=0/0, prio=3), Xingzitangzheng(hits=3/4, gap=1, poss=0/0, prio=3), Mahuanglianqiaochixiaodoutangzheng(hits=5/7, gap=2, poss=0/0, prio=3), Guizhiermahuangyitangzheng(hits=4/6, gap=2, poss=0/0, prio=3), Guizhimahuanggebantangzheng(hits=4/6, gap=2, poss=0/0, prio=3), Chaihuguizhitangzheng(hits=4/6, gap=2, poss=0/0, prio=3), Wulingsanzheng(hits=4/6, gap=2, poss=0/0, prio=3)]
兼夹证：[]
加味药物：[]
配伍禁忌警告：[]

===== 麻黄汤证 =====
八纲：{表里=[表证], 寒热=[], 虚实=[实证], 阴阳=[阳证], bagangTypes=[表证, 实证, 阳证]}
六经：太阳病
方证：麻黄汤证
推荐方剂：麻黄汤加附子
药物组成：[甘草, 桂枝, 麻黄, 杏仁, 附子]
六经列表：[太阳病]
合病标记：null
命中主证：[浮紧脉, 身痛, 无汗]
命中或然证：[恶寒, 发热]
候选命中主证：[[浮紧脉, 身痛, 无汗], [恶寒], [恶寒], [浮脉], [恶寒, 发热, 浮紧脉, 身痛, 无汗], [恶寒, 发热], [恶寒, 发热], [恶寒, 发热], [发热], [无汗]]
候选缺口：[[], [胸满], [身疼烦], [水之为病], [烦躁, 沉弦脉, 心下坚], [身黄, 沉弦脉, 心下坚], [如疟状, 一日再发], [面有热色, 身痒], [微呕, 气上撞心], [呕吐, 项强]]
候选命中或然证：[[恶寒, 发热], [], [], [], [], [], [], [], [], [恶寒, 发热]]
候选方证：[麻黄汤证, 桂枝去芍药加附子汤证, 麻黄加术汤证, 杏子汤证, 大青龙汤证, 麻黄连翘赤小豆汤证, 桂枝二麻黄一汤证, 桂枝麻黄各半汤证, 柴胡桂枝汤证, 葛根加半夏汤证]
候选方证打分：[Mahuangtangzheng(hits=5/5, gap=0, poss=2/4, prio=2), Guizhiqushaoyaojiafuzitangzheng(hits=3/4, gap=1, poss=0/0, prio=2), Mahuangjiazhutangzheng(hits=3/4, gap=1, poss=0/0, prio=3), Xingzitangzheng(hits=3/4, gap=1, poss=0/0, prio=3), Daqinglongtangzheng(hits=8/10, gap=2, poss=0/0, prio=2), Mahuanglianqiaochixiaodoutangzheng(hits=5/7, gap=2, poss=0/0, prio=3), Guizhiermahuangyitangzheng(hits=4/6, gap=2, poss=0/0, prio=3), Guizhimahuanggebantangzheng(hits=4/6, gap=2, poss=0/0, prio=3), Chaihuguizhitangzheng(hits=4/6, gap=2, poss=0/0, prio=3), Gegenjiabanxiatangzheng(hits=3/5, gap=2, poss=2/2, prio=2)]
兼夹证：[]
加味药物：[附子]
配伍禁忌警告：[]

===== 麻黄加术汤证 =====
八纲：{表里=[表证], 寒热=[], 虚实=[实证], 阴阳=[阳证], bagangTypes=[表证, 实证, 阳证]}
六经：太阳病
方证：麻黄加术汤证
推荐方剂：Mahuangjiazhutang加附子
药物组成：[附子]
六经列表：[太阳病]
合病标记：null
命中主证：[恶寒, 身疼烦]
命中或然证：[]
候选命中主证：[[恶寒, 身疼烦], [浮紧脉, 无汗], [恶寒], [身疼烦], [浮脉], [恶寒, 发热], [恶寒, 发热], [恶寒, 发热], [发热], [无汗]]
候选缺口：[[], [身痛], [胸满], [沉迟脉], [水之为病], [身黄, 沉弦脉, 心下坚], [如疟状, 一日再发], [面有热色, 身痒], [微呕, 气上撞心], [呕吐, 项强]]
候选命中或然证：[[], [恶寒, 发热], [], [], [], [], [], [], [], [恶寒, 发热]]
候选方证：[麻黄加术汤证, 麻黄汤证, 桂枝去芍药加附子汤证, 桂枝新加汤证, 杏子汤证, 麻黄连翘赤小豆汤证, 桂枝二麻黄一汤证, 桂枝麻黄各半汤证, 柴胡桂枝汤证, 葛根加半夏汤证]
候选方证打分：[Mahuangjiazhutangzheng(hits=4/4, gap=0, poss=0/0, prio=3), Mahuangtangzheng(hits=4/5, gap=1, poss=2/4, prio=2), Guizhiqushaoyaojiafuzitangzheng(hits=3/4, gap=1, poss=0/0, prio=2), Guizhixinjiatangzheng(hits=3/4, gap=1, poss=0/0, prio=3), Xingzitangzheng(hits=3/4, gap=1, poss=0/0, prio=3), Mahuanglianqiaochixiaodoutangzheng(hits=5/7, gap=2, poss=0/0, prio=3), Guizhiermahuangyitangzheng(hits=4/6, gap=2, poss=0/0, prio=3), Guizhimahuanggebantangzheng(hits=4/6, gap=2, poss=0/0, prio=3), Chaihuguizhitangzheng(hits=4/6, gap=2, poss=0/0, prio=3), Gegenjiabanxiatangzheng(hits=3/5, gap=2, poss=2/2, prio=2)]
兼夹证：[]
加味药物：[附子]
配伍禁忌警告：[]

===== 麻杏石甘汤证 =====
八纲：{表里=[表证, 里证], 寒热=[热证], 虚实=[], 阴阳=[阳证], bagangTypes=[表证, 里证, 热证, 阳证]}
六经：太阳阳明合病
方证：麻杏石甘汤证
推荐方剂：麻杏石甘汤去麻黄加厚朴、人参、瓜蒌根、白术
药物组成：[甘草, 石膏, 杏仁, 厚朴, 人参, 瓜蒌根, 白术]
六经列表：[太阳病, 阳明病]
合病标记：太阳阳明合病
命中主证：[喘, 汗出]
命中或然证：[口渴]
候选命中主证：[[喘, 汗出], [喘, 汗出], [发热, 浮数脉], [发热, 口渴], [喘, 汗出], [发热], [浮脉], [发热, 汗出], [喘, 发热], [喘]]
候选缺口：[[], [下利], [腹满], [小便不利], [恶风], [身黄], [水之为病], [黄汗, 身体肿], [面赤, 头痛], [咳嗽, 目如脱状]]
候选命中或然证：[[口渴], [], [], [], [], [], [], [], [], [浮大脉]]
候选方证：[麻杏石甘汤证, 葛根黄芩黄连汤证, 厚朴七物汤证, 猪苓汤证, 桂枝加厚朴杏子汤证, 栀子柏皮汤证, 杏子汤证, 黄芪芍药桂枝苦酒汤证, 竹叶汤证, 越婢加半夏汤证]
候选方证打分：[Maxingshigantangzheng(hits=4/4, gap=0, poss=1/2, prio=3), Gegenhuangqinhuangliantangzheng(hits=6/7, gap=1, poss=0/0, prio=2), Houpoqiwutangzheng(hits=6/7, gap=1, poss=0/0, prio=2), Zhulingtangzheng(hits=4/5, gap=1, poss=0/0, prio=2), Guizhijiahoupoxingzitangzheng(hits=4/5, gap=1, poss=0/0, prio=3), Zhizibaipitangzheng(hits=3/4, gap=1, poss=0/0, prio=2), Xingzitangzheng(hits=3/4, gap=1, poss=0/0, prio=3), Huangqishaoyaoguizhikujiutangzheng(hits=6/8, gap=2, poss=0/0, prio=3), Zhuyetangzheng(hits=6/8, gap=2, poss=0/1, prio=3), Yuebijiabanxiatangzheng(hits=5/7, gap=2, poss=1/1, prio=3)]
兼夹证：[]
加味药物：[厚朴, 人参, 瓜蒌根, 白术]
减味药物：[麻黄]
配伍禁忌警告：[]

===== 麻杏薏甘汤证 =====
八纲：{表里=[表证], 寒热=[], 虚实=[], 阴阳=[阳证], bagangTypes=[表证, 阳证]}
六经：太阳病
方证：麻杏薏甘汤证
推荐方剂：麻杏薏甘汤加附子
药物组成：[甘草, 麻黄, 杏仁, 薏苡仁, 附子]
六经列表：[太阳病]
合病标记：null
命中主证：[发热, 日晡所剧, 一身尽疼]
命中或然证：[恶寒]
候选命中主证：[[发热, 日晡所剧, 一身尽疼], [恶寒], [恶寒], [浮脉], [恶寒, 发热], [恶寒, 发热], [恶寒, 发热], [发热], [无汗], [无汗]]
候选缺口：[[], [胸满], [身疼烦], [水之为病], [身黄, 沉弦脉, 心下坚], [如疟状, 一日再发], [面有热色, 身痒], [微呕, 气上撞心], [呕吐, 项强], [浮紧脉, 身痛]]
候选命中或然证：[[恶寒], [], [], [], [], [], [], [], [恶寒, 发热], [恶寒, 发热]]
候选方证：[麻杏薏甘汤证, 桂枝去芍药加附子汤证, 麻黄加术汤证, 杏子汤证, 麻黄连翘赤小豆汤证, 桂枝二麻黄一汤证, 桂枝麻黄各半汤证, 柴胡桂枝汤证, 葛根加半夏汤证, 麻黄汤证]
候选方证打分：[Maxingyigantangzheng(hits=5/5, gap=0, poss=1/2, prio=3), Guizhiqushaoyaojiafuzitangzheng(hits=3/4, gap=1, poss=0/0, prio=2), Mahuangjiazhutangzheng(hits=3/4, gap=1, poss=0/0, prio=3), Xingzitangzheng(hits=3/4, gap=1, poss=0/0, prio=3), Mahuanglianqiaochixiaodoutangzheng(hits=5/7, gap=2, poss=0/0, prio=3), Guizhiermahuangyitangzheng(hits=4/6, gap=2, poss=0/0, prio=3), Guizhimahuanggebantangzheng(hits=4/6, gap=2, poss=0/0, prio=3), Chaihuguizhitangzheng(hits=4/6, gap=2, poss=0/0, prio=3), Gegenjiabanxiatangzheng(hits=3/5, gap=2, poss=2/2, prio=2), Mahuangtangzheng(hits=3/5, gap=2, poss=2/4, prio=2)]
兼夹证：[]
加味药物：[附子]
配伍禁忌警告：[]

===== 麻黄连翘赤小豆汤证 =====
八纲：{表里=[表证, 里证], 寒热=[热证], 虚实=[], 阴阳=[阳证], bagangTypes=[表证, 里证, 热证, 阳证]}
六经：太阳阳明合病
方证：麻黄连翘赤小豆汤证
推荐方剂：麻黄连翘赤小豆汤加附子、人参、瓜蒌根、白术
药物组成：[赤小豆, 大枣, 甘草, 连翘, 麻黄, 生姜, 杏仁, 附子, 人参, 瓜蒌根, 白术]
六经列表：[太阳病, 阳明病]
合病标记：太阳阳明合病
命中主证：[恶寒, 发热, 身黄]
命中或然证：[]
候选命中主证：[[恶寒, 发热, 身黄], [发热, 身黄], [发热, 口渴], [恶寒], [身黄], [恶寒], [浮脉], [发热], [恶寒, 发热, 口渴], [恶寒, 发热]]
候选缺口：[[], [], [小便不利], [胸满], [小便不利], [身疼烦], [水之为病], [浮数脉, 腹满], [微脉, 热多寒少], [如疟状, 一日再发]]
候选命中或然证：[[], [], [], [], [], [], [], [], [], []]
候选方证：[麻黄连翘赤小豆汤证, 栀子柏皮汤证, 猪苓汤证, 桂枝去芍药加附子汤证, 茵陈蒿汤证, 麻黄加术汤证, 杏子汤证, 厚朴七物汤证, 桂枝二越婢一汤证, 桂枝二麻黄一汤证]
候选方证打分：[Mahuanglianqiaochixiaodoutangzheng(hits=7/7, gap=0, poss=0/0, prio=3), Zhizibaipitangzheng(hits=4/4, gap=0, poss=0/0, prio=2), Zhulingtangzheng(hits=4/5, gap=1, poss=0/0, prio=2), Guizhiqushaoyaojiafuzitangzheng(hits=3/4, gap=1, poss=0/0, prio=2), Yinchenhaotangzheng(hits=3/4, gap=1, poss=0/0, prio=2), Mahuangjiazhutangzheng(hits=3/4, gap=1, poss=0/0, prio=3), Xingzitangzheng(hits=3/4, gap=1, poss=0/0, prio=3), Houpoqiwutangzheng(hits=5/7, gap=2, poss=0/0, prio=2), Guizhieryuebiyitangzheng(hits=5/7, gap=2, poss=0/0, prio=3), Guizhiermahuangyitangzheng(hits=4/6, gap=2, poss=0/0, prio=3)]
兼夹证：[]
加味药物：[附子, 人参, 瓜蒌根, 白术]
配伍禁忌警告：[十八反：瓜蒌根 反 附子]

===== 大青龙汤证 =====
八纲：{表里=[表证, 里证], 寒热=[热证], 虚实=[实证], 阴阳=[阳证], bagangTypes=[表证, 里证, 热证, 实证, 阳证]}
六经：太阳阳明合病
方证：大青龙汤证
推荐方剂：大青龙汤加减
药物组成：[大枣, 甘草, 桂枝, 麻黄, 生姜, 石膏, 杏仁]
六经列表：[太阳病, 阳明病]
合病标记：太阳阳明合病
命中主证：[恶寒, 烦躁, 发热, 浮紧脉, 身痛, 无汗]
命中或然证：[]
候选命中主证：[[恶寒, 烦躁, 发热, 浮紧脉, 身痛, 无汗], [浮紧脉, 身痛, 无汗], [烦躁], [恶寒, 发热], [发热, 口渴], [恶寒], [发热], [恶寒], [浮脉], [无汗]]
候选缺口：[[], [], [], [身黄], [小便不利], [胸满], [身黄], [身疼烦], [水之为病], [恶风, 项强]]
候选命中或然证：[[], [恶寒, 发热], [], [], [], [], [], [], [], [恶寒, 发热]]
候选方证：[大青龙汤证, 麻黄汤证, 桂枝甘草龙骨牡蛎汤证, 麻黄连翘赤小豆汤证, 猪苓汤证, 桂枝去芍药加附子汤证, 栀子柏皮汤证, 麻黄加术汤证, 杏子汤证, 葛根汤证]
候选方证打分：[Daqinglongtangzheng(hits=10/10, gap=0, poss=0/0, prio=2), Mahuangtangzheng(hits=5/5, gap=0, poss=2/4, prio=2), Guizhigancaolonggumulitangzheng(hits=3/3, gap=0, poss=0/0, prio=3), Mahuanglianqiaochixiaodoutangzheng(hits=6/7, gap=1, poss=0/0, prio=3), Zhulingtangzheng(hits=4/5, gap=1, poss=0/0, prio=2), Guizhiqushaoyaojiafuzitangzheng(hits=3/4, gap=1, poss=0/0, prio=2), Zhizibaipitangzheng(hits=3/4, gap=1, poss=0/0, prio=2), Mahuangjiazhutangzheng(hits=3/4, gap=1, poss=0/0, prio=3), Xingzitangzheng(hits=3/4, gap=1, poss=0/0, prio=3), Gegentangzheng(hits=5/7, gap=2, poss=2/2, prio=3)]
兼夹证：[]
加味药物：[]
配伍禁忌警告：[]

===== 小青龙汤证 =====
八纲：{表里=[表证, 里证], 寒热=[], 虚实=[实证, 虚证], 阴阳=[阳证], bagangTypes=[表证, 里证, 实证, 虚证, 阳证, 阴证]}
六经：太阳太阴合病
方证：小青龙汤证
推荐方剂：小青龙汤去麻黄加杏仁
药物组成：[半夏, 甘草, 干姜, 桂枝, 芍药, 五味子, 细辛, 杏仁]
六经列表：[太阳病, 太阴病]
合病标记：太阳太阴合病
命中主证：[发热, 干呕, 咳嗽, 痰多清稀, 无汗]
命中或然证：[喘]
候选命中主证：[[发热, 干呕, 咳嗽, 痰多清稀, 无汗], [浮脉, 咳嗽], [发热, 腹满], [恶寒, 发热], [喘, 咳嗽], [喘, 浮脉, 咳嗽], [浮紧脉, 无汗], [干呕], [恶寒], [干呕]]
候选缺口：[[], [], [浮数脉], [身黄], [目如脱状], [烦躁], [身痛], [厥逆], [胸满], [吐涎沫]]
候选命中或然证：[[喘], [喘], [], [], [], [], [喘, 恶寒, 发热], [], [], []]
候选方证：[小青龙汤证, 厚朴麻黄汤证, 厚朴七物汤证, 麻黄连翘赤小豆汤证, 越婢加半夏汤证, 小青龙加石膏汤证, 麻黄汤证, 白通加猪胆汁汤证, 桂枝去芍药加附子汤证, 半夏干姜散证]
候选方证打分：[Xiaoqinglongtangzheng(hits=9/9, gap=0, poss=1/6, prio=3), Houpomahuangtangzheng(hits=6/6, gap=0, poss=1/4, prio=3), Houpoqiwutangzheng(hits=6/7, gap=1, poss=0/0, prio=2), Mahuanglianqiaochixiaodoutangzheng(hits=6/7, gap=1, poss=0/0, prio=3), Yuebijiabanxiatangzheng(hits=6/7, gap=1, poss=0/1, prio=3), Xiaoqinglongjiashigaotangzheng(hits=5/6, gap=1, poss=0/0, prio=3), Mahuangtangzheng(hits=4/5, gap=1, poss=3/4, prio=2), Baitongjiazhudanzhitangzheng(hits=3/4, gap=1, poss=0/0, prio=1), Guizhiqushaoyaojiafuzitangzheng(hits=3/4, gap=1, poss=0/0, prio=2), Banxiaganjiangsanzheng(hits=3/4, gap=1, poss=0/0, prio=3)]
兼夹证：[]
加味药物：[杏仁]
减味药物：[麻黄]
配伍禁忌警告：[]

===== 小青龙加石膏汤证 =====
八纲：{表里=[表证], 寒热=[], 虚实=[], 阴阳=[阳证], bagangTypes=[表证, 阳证]}
六经：太阳病
方证：小青龙加石膏汤证
推荐方剂：小青龙加石膏汤加减
药物组成：[半夏, 甘草, 干姜, 桂枝, 麻黄, 芍药, 石膏, 五味子, 细辛]
六经列表：[太阳病]
合病标记：null
命中主证：[喘, 烦躁, 浮脉, 咳嗽]
命中或然证：[]
候选命中主证：[[喘, 烦躁, 浮脉, 咳嗽], [烦躁], [恶寒], [恶寒], [浮脉], [喘, 咳嗽], [浮脉, 咳嗽], [喘], [喘], [恶寒]]
候选缺口：[[], [], [胸满], [身疼烦], [水之为病], [目如脱状, 沉弦脉, 心下坚], [沉弦脉, 心下坚, 无热恶寒], [恶风, 汗出], [汗出, 下利, 沉弦脉, 心下坚], [发热, 身黄, 沉弦脉, 心下坚]]
候选命中或然证：[[], [], [], [], [], [], [喘], [], [], []]
候选方证：[小青龙加石膏汤证, 桂枝甘草龙骨牡蛎汤证, 桂枝去芍药加附子汤证, 麻黄加术汤证, 杏子汤证, 越婢加半夏汤证, 厚朴麻黄汤证, 桂枝加厚朴杏子汤证, 葛根黄芩黄连汤证, 麻黄连翘赤小豆汤证]
候选方证打分：[Xiaoqinglongjiashigaotangzheng(hits=6/6, gap=0, poss=0/0, prio=3), Guizhigancaolonggumulitangzheng(hits=3/3, gap=0, poss=0/0, prio=3), Guizhiqushaoyaojiafuzitangzheng(hits=3/4, gap=1, poss=0/0, prio=2), Mahuangjiazhutangzheng(hits=3/4, gap=1, poss=0/0, prio=3), Xingzitangzheng(hits=3/4, gap=1, poss=0/0, prio=3), Yuebijiabanxiatangzheng(hits=5/7, gap=2, poss=0/1, prio=3), Houpomahuangtangzheng(hits=4/6, gap=2, poss=1/4, prio=3), Guizhijiahoupoxingzitangzheng(hits=3/5, gap=2, poss=0/0, prio=3), Gegenhuangqinhuangliantangzheng(hits=4/7, gap=3, poss=0/0, prio=2), Mahuanglianqiaochixiaodoutangzheng(hits=4/7, gap=3, poss=0/0, prio=3)]
兼夹证：[]
加味药物：[]
配伍禁忌警告：[]
?? 跳过与病例四诊互斥的六经锚点症状: Kouke（Yangmingbing）

===== 越婢汤证 =====
八纲：{表里=[表证, 里证], 寒热=[热证], 虚实=[], 阴阳=[阳证], bagangTypes=[表证, 里证, 热证, 阳证]}
六经：太阳阳明合病
方证：越婢汤证
推荐方剂：越婢汤加附子
药物组成：[大枣, 甘草, 麻黄, 生姜, 石膏, 附子]
六经列表：[太阳病, 阳明病]
合病标记：太阳阳明合病
命中主证：[不渴, 风水恶风, 一身悉肿, 自汗]
命中或然证：[]
候选命中主证：[[不渴, 风水恶风, 一身悉肿, 自汗], [恶寒], [恶寒], [浮脉], [恶寒], [浮脉], [自汗], [不渴], [恶寒], [洪脉]]
候选缺口：[[], [胸满], [身疼烦], [水之为病], [发热, 身黄], [咳嗽, 无热恶寒], [大便硬, 小便自利], [手足冷, 心下悸动], [汗出, 心下痞], [大汗, 大渴, 大热]]
候选命中或然证：[[], [], [], [], [], [], [], [], [], []]
候选方证：[越婢汤证, 桂枝去芍药加附子汤证, 麻黄加术汤证, 杏子汤证, 麻黄连翘赤小豆汤证, 厚朴麻黄汤证, 蜜煎导方证, 茯苓甘草汤证, 附子泻心汤证, 白虎汤证]
候选方证打分：[Yuebitangzheng(hits=8/8, gap=0, poss=0/1, prio=3), Guizhiqushaoyaojiafuzitangzheng(hits=3/4, gap=1, poss=0/0, prio=2), Mahuangjiazhutangzheng(hits=3/4, gap=1, poss=0/0, prio=3), Xingzitangzheng(hits=3/4, gap=1, poss=0/0, prio=3), Mahuanglianqiaochixiaodoutangzheng(hits=5/7, gap=2, poss=0/0, prio=3), Houpomahuangtangzheng(hits=4/6, gap=2, poss=0/4, prio=3), Mijiandaofangzheng(hits=3/5, gap=2, poss=0/0, prio=3), Fulinggancaotangzheng(hits=3/5, gap=2, poss=0/1, prio=3), Fuzixiexintangzheng(hits=3/5, gap=2, poss=0/0, prio=2), Baihutangzheng(hits=3/6, gap=3, poss=0/0, prio=2)]
兼夹证：[]
加味药物：[附子]
配伍禁忌警告：[]
?? 跳过与病例四诊互斥的六经锚点脉象: Fumai（Taiyangbing）
?? Taiyangbing 脉象锚点全部被跳过，改用无脉替代症状: [Xiangqiang, Fare]

===== 甘草麻黄汤证 =====
八纲：{表里=[表证, 里证], 寒热=[], 虚实=[], 阴阳=[阳证], bagangTypes=[表证, 里证, 阳证]}
六经：太阳阳明合病
方证：甘草麻黄汤证
推荐方剂：甘草麻黄汤加附子、葛根、人参、瓜蒌根、白术
药物组成：[甘草, 麻黄, 附子, 葛根, 人参, 瓜蒌根, 白术]
六经列表：[太阳病, 阳明病]
合病标记：太阳阳明合病
命中主证：[里水]
命中或然证：[]
候选命中主证：[[里水], [恶寒, 发热], [发热, 口渴], [项强], [恶寒], [发热], [恶寒], [项强], [发热], [恶寒, 发热, 口渴]]
候选缺口：[[], [身黄], [小便不利], [结胸], [胸满], [身黄], [身疼烦], [恶风, 无汗], [浮数脉, 腹满], [微脉, 热多寒少]]
候选命中或然证：[[], [], [], [], [], [], [], [恶寒, 发热], [], []]
候选方证：[甘草麻黄汤证, 麻黄连翘赤小豆汤证, 猪苓汤证, 大陷胸丸证, 桂枝去芍药加附子汤证, 栀子柏皮汤证, 麻黄加术汤证, 葛根汤证, 厚朴七物汤证, 桂枝二越婢一汤证]
候选方证打分：[Gancaomahuangtangzheng(hits=5/5, gap=0, poss=0/0, prio=3), Mahuanglianqiaochixiaodoutangzheng(hits=6/7, gap=1, poss=0/0, prio=3), Zhulingtangzheng(hits=4/5, gap=1, poss=0/0, prio=2), Daxianxiongwanzheng(hits=3/4, gap=1, poss=0/0, prio=1), Guizhiqushaoyaojiafuzitangzheng(hits=3/4, gap=1, poss=0/0, prio=2), Zhizibaipitangzheng(hits=3/4, gap=1, poss=0/0, prio=2), Mahuangjiazhutangzheng(hits=3/4, gap=1, poss=0/0, prio=3), Gegentangzheng(hits=5/7, gap=2, poss=2/2, prio=3), Houpoqiwutangzheng(hits=5/7, gap=2, poss=0/0, prio=2), Guizhieryuebiyitangzheng(hits=5/7, gap=2, poss=0/0, prio=3)]
兼夹证：[]
加味药物：[附子, 葛根, 人参, 瓜蒌根, 白术]
配伍禁忌警告：[十八反：瓜蒌根 反 附子]

===== 杏子汤证 =====
八纲：{表里=[表证], 寒热=[], 虚实=[], 阴阳=[阳证], bagangTypes=[表证, 阳证]}
六经：太阳病
方证：杏子汤证
推荐方剂：杏子汤加附子
药物组成：[甘草, 麻黄, 杏仁, 附子]
六经列表：[太阳病]
合病标记：null
命中主证：[浮脉, 水之为病]
命中或然证：[]
候选命中主证：[[浮脉, 水之为病], [恶寒], [恶寒], [恶寒], [恶寒], [恶寒], [浮脉], [浮脉], [浮脉], [恶寒]]
候选缺口：[[], [胸满], [身疼烦], [发热, 身黄, 沉弦脉, 心下坚], [发热, 如疟状, 一日再发], [发热, 面有热色, 身痒], [喘, 烦躁, 咳嗽], [咳嗽, 沉弦脉, 心下坚, 无热恶寒], [口渴, 水入则吐, 小便不利], [微脉, 发热, 口渴, 热多寒少]]
候选命中或然证：[[], [], [], [], [], [], [], [], [], []]
候选方证：[杏子汤证, 桂枝去芍药加附子汤证, 麻黄加术汤证, 麻黄连翘赤小豆汤证, 桂枝二麻黄一汤证, 桂枝麻黄各半汤证, 小青龙加石膏汤证, 厚朴麻黄汤证, 五苓散证, 桂枝二越婢一汤证]
候选方证打分：[Xingzitangzheng(hits=4/4, gap=0, poss=0/0, prio=3), Guizhiqushaoyaojiafuzitangzheng(hits=3/4, gap=1, poss=0/0, prio=2), Mahuangjiazhutangzheng(hits=3/4, gap=1, poss=0/0, prio=3), Mahuanglianqiaochixiaodoutangzheng(hits=4/7, gap=3, poss=0/0, prio=3), Guizhiermahuangyitangzheng(hits=3/6, gap=3, poss=0/0, prio=3), Guizhimahuanggebantangzheng(hits=3/6, gap=3, poss=0/0, prio=3), Xiaoqinglongjiashigaotangzheng(hits=3/6, gap=3, poss=0/0, prio=3), Houpomahuangtangzheng(hits=3/6, gap=3, poss=0/4, prio=3), Wulingsanzheng(hits=3/6, gap=3, poss=0/0, prio=3), Guizhieryuebiyitangzheng(hits=3/7, gap=4, poss=0/0, prio=3)]
兼夹证：[]
加味药物：[附子]
配伍禁忌警告：[]

===== 葛根汤证 =====
八纲：{表里=[表证, 里证], 寒热=[热证], 虚实=[实证], 阴阳=[阳证], bagangTypes=[表证, 里证, 热证, 实证, 阳证]}
六经：太阳阳明合病
方证：葛根汤证
推荐方剂：葛根汤加附子、人参、瓜蒌根、白术
药物组成：[大枣, 甘草, 葛根, 桂枝, 麻黄, 芍药, 生姜, 附子, 人参, 瓜蒌根, 白术]
六经列表：[太阳病, 阳明病]
合病标记：太阳阳明合病
命中主证：[恶风, 无汗, 项强]
命中或然证：[恶寒]
候选命中主证：[[恶风, 无汗, 项强], [无汗, 项强], [浮紧脉, 无汗], [项强], [恶寒], [恶寒], [恶风], [浮脉], [恶寒], [浮脉]]
候选缺口：[[], [呕吐], [身痛], [结胸], [胸满], [身疼烦], [头痛], [水之为病], [发热, 身黄], [咳嗽, 无热恶寒]]
候选命中或然证：[[恶寒], [恶寒], [恶寒], [], [], [], [], [], [], []]
候选方证：[葛根汤证, 葛根加半夏汤证, 麻黄汤证, 大陷胸丸证, 桂枝去芍药加附子汤证, 麻黄加术汤证, 头风摩散证, 杏子汤证, 麻黄连翘赤小豆汤证, 厚朴麻黄汤证]
候选方证打分：[Gegentangzheng(hits=7/7, gap=0, poss=1/2, prio=3), Gegenjiabanxiatangzheng(hits=4/5, gap=1, poss=1/2, prio=2), Mahuangtangzheng(hits=4/5, gap=1, poss=1/4, prio=2), Daxianxiongwanzheng(hits=3/4, gap=1, poss=0/0, prio=1), Guizhiqushaoyaojiafuzitangzheng(hits=3/4, gap=1, poss=0/0, prio=2), Mahuangjiazhutangzheng(hits=3/4, gap=1, poss=0/0, prio=3), Toufengmosanzheng(hits=3/4, gap=1, poss=0/0, prio=3), Xingzitangzheng(hits=3/4, gap=1, poss=0/0, prio=3), Mahuanglianqiaochixiaodoutangzheng(hits=5/7, gap=2, poss=0/0, prio=3), Houpomahuangtangzheng(hits=4/6, gap=2, poss=0/4, prio=3)]
兼夹证：[]
加味药物：[附子, 人参, 瓜蒌根, 白术]
配伍禁忌警告：[十八反：瓜蒌根 反 附子]

===== 葛根加半夏汤证 =====
八纲：{表里=[表证], 寒热=[], 虚实=[实证], 阴阳=[阳证], bagangTypes=[表证, 实证, 阳证]}
六经：太阳病
方证：葛根加半夏汤证
推荐方剂：Gegenjiabanxiatang加附子、生姜、葛根
药物组成：[附子, 生姜, 葛根]
六经列表：[太阳病]
合病标记：null
命中主证：[呕吐, 无汗, 项强]
命中或然证：[恶寒]
候选命中主证：[[呕吐, 无汗, 项强], [浮紧脉, 无汗], [恶寒], [恶寒], [浮脉], [无汗, 项强], [恶寒], [恶寒], [恶寒], [浮脉]]
候选缺口：[[], [身痛], [胸满], [身疼烦], [水之为病], [恶风, 沉弦脉, 心下坚], [发热, 身黄, 沉弦脉, 心下坚], [发热, 如疟状, 一日再发], [发热, 面有热色, 身痒], [喘, 烦躁, 咳嗽]]
候选命中或然证：[[恶寒], [恶寒], [], [], [], [恶寒], [], [], [], []]
候选方证：[葛根加半夏汤证, 麻黄汤证, 桂枝去芍药加附子汤证, 麻黄加术汤证, 杏子汤证, 葛根汤证, 麻黄连翘赤小豆汤证, 桂枝二麻黄一汤证, 桂枝麻黄各半汤证, 小青龙加石膏汤证]
候选方证打分：[Gegenjiabanxiatangzheng(hits=5/5, gap=0, poss=1/2, prio=2), Mahuangtangzheng(hits=4/5, gap=1, poss=1/4, prio=2), Guizhiqushaoyaojiafuzitangzheng(hits=3/4, gap=1, poss=0/0, prio=2), Mahuangjiazhutangzheng(hits=3/4, gap=1, poss=0/0, prio=3), Xingzitangzheng(hits=3/4, gap=1, poss=0/0, prio=3), Gegentangzheng(hits=5/7, gap=2, poss=1/2, prio=3), Mahuanglianqiaochixiaodoutangzheng(hits=4/7, gap=3, poss=0/0, prio=3), Guizhiermahuangyitangzheng(hits=3/6, gap=3, poss=0/0, prio=3), Guizhimahuanggebantangzheng(hits=3/6, gap=3, poss=0/0, prio=3), Xiaoqinglongjiashigaotangzheng(hits=3/6, gap=3, poss=0/0, prio=3)]
兼夹证：[]
加味药物：[附子, 生姜, 葛根]
配伍禁忌警告：[]

===== 葛根芩连汤证 =====
八纲：{表里=[表证, 里证], 寒热=[热证], 虚实=[], 阴阳=[阳证], bagangTypes=[表证, 里证, 热证, 阳证]}
六经：太阳阳明合病
方证：葛根黄芩黄连汤证
推荐方剂：葛根黄芩黄连汤去麻黄加附子、白术、干姜、杏仁、麻黄、厚朴、人参、瓜蒌根
药物组成：[甘草, 葛根, 黄连, 黄芩, 附子, 白术, 干姜, 杏仁, 厚朴, 人参, 瓜蒌根]
六经列表：[太阳病, 阳明病]
合病标记：太阳阳明合病
命中主证：[喘, 汗出, 下利]
命中或然证：[]
候选命中主证：[[喘, 汗出, 下利], [喘, 汗出], [喘, 汗出], [口渴, 下利], [恶寒, 汗出], [下利], [恶寒], [下利], [促脉], [恶寒]]
候选缺口：[[], [], [恶风], [里急后重], [心下痞], [气上撞心], [胸满], [虚烦], [胸满], [身疼烦]]
候选命中或然证：[[], [口渴], [], [], [], [], [], [], [], []]
候选方证：[葛根黄芩黄连汤证, 麻杏石甘汤证, 桂枝加厚朴杏子汤证, 白头翁汤证, 附子泻心汤证, 黄芩汤证, 桂枝去芍药加附子汤证, 白头翁加甘草阿胶汤证, 桂枝去芍药汤证, 麻黄加术汤证]
候选方证打分：[Gegenhuangqinhuangliantangzheng(hits=7/7, gap=0, poss=0/0, prio=2), Maxingshigantangzheng(hits=4/4, gap=0, poss=1/2, prio=3), Guizhijiahoupoxingzitangzheng(hits=4/5, gap=1, poss=0/0, prio=3), Baitouwengtangzheng(hits=4/5, gap=1, poss=0/1, prio=3), Fuzixiexintangzheng(hits=4/5, gap=1, poss=0/0, prio=2), Huangqintangzheng(hits=4/5, gap=1, poss=0/0, prio=3), Guizhiqushaoyaojiafuzitangzheng(hits=3/4, gap=1, poss=0/0, prio=2), Baitouwengjiagancaojiaotangzheng(hits=3/4, gap=1, poss=0/0, prio=3), Guizhiqushaoyaotangzheng(hits=3/4, gap=1, poss=0/0, prio=3), Mahuangjiazhutangzheng(hits=3/4, gap=1, poss=0/0, prio=3)]
兼夹证：[]
加味药物：[附子, 白术, 干姜, 杏仁, 麻黄, 厚朴, 人参, 瓜蒌根]
减味药物：[麻黄]
配伍禁忌警告：[十八反：瓜蒌根 反 附子]

===== 白术附子汤证 =====
八纲：{表里=[表证, 里证], 寒热=[], 虚实=[虚证], 阴阳=[阴证], bagangTypes=[表证, 里证, 虚证, 阴证]}
六经：太阴少阴合病
方证：白术附子汤证
推荐方剂：白术附子汤
药物组成：[白术, 大枣, 附子, 甘草, 生姜]
六经列表：[少阴病, 太阴病]
合病标记：太阴少阴合病
命中主证：[大便硬, 身疼烦, 小便自利]
命中或然证：[]
候选命中主证：[[大便硬, 身疼烦, 小便自利], [身疼烦], [但欲寐], [微细脉], []]
候选缺口：[[], [难以转侧], [恶寒], [不恶寒, 面赤, 手足冷, 下利清谷], [面热, 促脉, 胸满]]
候选命中或然证：[[], [], [], [], [大便硬]]
候选方证：[白术附子汤证, 桂枝附子汤证, 麻黄附子甘草汤证, 通脉四逆汤证, 苓甘五味加姜辛半杏大黄汤证]
候选方证打分：[Baizhufuzitangzheng(hits=5/5, gap=0, poss=0/0, prio=3), Guizhifuzitangzheng(hits=3/4, gap=1, poss=0/0, prio=3), Mahuangfuzigancaotangzheng(hits=3/4, gap=1, poss=0/0, prio=3), Tongmaisinitangzheng(hits=3/7, gap=4, poss=0/5, prio=1), Lingganwuweijiajiangxinbanxingdahuangtangzheng(hits=3/5, gap=2, poss=1/3, prio=3)]
兼夹证：[]
加味药物：[]
配伍禁忌警告：[]

===== 甘草附子汤证 =====
八纲：{表里=[表证], 寒热=[], 虚实=[虚证], 阴阳=[阴证], bagangTypes=[表证, 虚证, 阳证, 阴证]}
六经：太少两感
方证：甘草附子汤证
推荐方剂：甘草附子汤加茯苓
药物组成：[白术, 附子, 甘草, 桂枝, 茯苓]
六经列表：[少阴病, 太阳病]
合病标记：太少两感
命中主证：[掣痛不得屈伸, 短气, 骨节疼烦, 汗出]
命中或然证：[]
候选命中主证：[[掣痛不得屈伸, 短气, 骨节疼烦, 汗出], [恶风, 汗出], [恶风, 汗出], [恶风, 汗出], [恶风, 汗出], [小便不利], [但欲寐], [恶风], [浮脉], [恶风, 汗出]]
候选缺口：[[], [身重], [身体强几几], [项背强几几], [喘], [心下满], [恶寒], [头痛], [水之为病], [缓脉, 发热]]
候选命中或然证：[[], [], [], [], [], [], [], [], [], []]
候选方证：[甘草附子汤证, 防己黄芪汤证, 栝楼桂枝汤证, 桂枝加葛根汤证, 桂枝加厚朴杏子汤证, 桂枝去桂加茯苓白术汤证, 麻黄附子甘草汤证, 头风摩散证, 杏子汤证, 桂枝汤证]
候选方证打分：[Gancaofuzitangzheng(hits=6/6, gap=0, poss=0/0, prio=3), Fangjihuangqitangzheng(hits=4/5, gap=1, poss=0/0, prio=3), Gualouguizhitangzheng(hits=4/5, gap=1, poss=0/0, prio=3), Guizhijiagegentangzheng(hits=4/5, gap=1, poss=0/0, prio=3), Guizhijiahoupoxingzitangzheng(hits=4/5, gap=1, poss=0/0, prio=3), Guizhiquguijiafulingbaizhutangzheng(hits=3/4, gap=1, poss=0/0, prio=3), Mahuangfuzigancaotangzheng(hits=3/4, gap=1, poss=0/0, prio=3), Toufengmosanzheng(hits=3/4, gap=1, poss=0/0, prio=3), Xingzitangzheng(hits=3/4, gap=1, poss=0/0, prio=3), Guizhitangzheng(hits=4/6, gap=2, poss=0/0, prio=3)]
兼夹证：[]
加味药物：[茯苓]
配伍禁忌警告：[]

===== 桂枝附子汤证 =====
八纲：{表里=[表证], 寒热=[], 虚实=[虚证], 阴阳=[阴证], bagangTypes=[表证, 虚证, 阴证]}
六经：少阴病
方证：桂枝附子汤证
推荐方剂：桂枝附子汤
药物组成：[大枣, 附子, 甘草, 桂枝, 生姜]
六经列表：[少阴病]
合病标记：null
命中主证：[难以转侧, 身疼烦]
命中或然证：[]
候选命中主证：[[难以转侧, 身疼烦], [但欲寐], [身疼烦]]
候选缺口：[[], [恶寒], [大便硬, 小便自利]]
候选命中或然证：[[], [], []]
候选方证：[桂枝附子汤证, 麻黄附子甘草汤证, 白术附子汤证]
候选方证打分：[Guizhifuzitangzheng(hits=4/4, gap=0, poss=0/0, prio=3), Mahuangfuzigancaotangzheng(hits=3/4, gap=1, poss=0/0, prio=3), Baizhufuzitangzheng(hits=3/5, gap=2, poss=0/0, prio=3)]
兼夹证：[]
加味药物：[]
配伍禁忌警告：[]

===== 大陷胸汤证 =====
八纲：{表里=[里证], 寒热=[], 虚实=[实证], 阴阳=[阳证], bagangTypes=[里证, 实证, 阳证]}
六经：阳明病
方证：大陷胸汤证
推荐方剂：大陷胸汤加人参、瓜蒌根、白术
药物组成：[大黄, 甘遂, 芒硝, 人参, 瓜蒌根, 白术]
六经列表：[阳明病]
合病标记：null
命中主证：[按之石硬, 心下痛]
命中或然证：[]
候选命中主证：[[按之石硬, 心下痛], [口渴], [口渴], [口渴], [洪脉], [口渴], [口渴], [口渴], []]
候选缺口：[[], [发热, 小便不利], [里急后重, 下利], [口苦, 小便赤, 无热恶寒], [大汗, 大渴, 大热], [呕吐, 头痛, 欲饮, 无热恶寒], [大渴, 口苦, 小便赤, 无热恶寒], [大汗, 恶寒, 发热, 往来寒热, 胸胁苦满], [喘, 汗出]]
候选命中或然证：[[], [], [], [], [], [], [], [], [口渴]]
候选方证：[大陷胸汤证, 猪苓汤证, 白头翁汤证, 百合洗方证, 白虎汤证, 文蛤汤证, 栝楼牡蛎散证, 柴胡白虎汤证, 麻杏石甘汤证]
候选方证打分：[Daxianxiongtangzheng(hits=4/4, gap=0, poss=0/0, prio=1), Zhulingtangzheng(hits=3/5, gap=2, poss=0/0, prio=2), Baitouwengtangzheng(hits=3/5, gap=2, poss=0/1, prio=3), Baihexifangzheng(hits=4/7, gap=3, poss=0/0, prio=5), Baihutangzheng(hits=3/6, gap=3, poss=0/0, prio=2), Wengetangzheng(hits=4/8, gap=4, poss=0/0, prio=3), Gualoumulisanzheng(hits=4/8, gap=4, poss=0/0, prio=5), Chaihubaihutangzheng(hits=3/8, gap=5, poss=0/0, prio=2), Maxingshigantangzheng(hits=2/4, gap=2, poss=1/2, prio=3)]
兼夹证：[]
加味药物：[人参, 瓜蒌根, 白术]
配伍禁忌警告：[]

===== 大陷胸丸证 =====
八纲：{表里=[表证, 里证], 寒热=[], 虚实=[实证], 阴阳=[阳证], bagangTypes=[表证, 里证, 实证, 阳证]}
六经：太阳阳明合病
方证：大陷胸丸证
推荐方剂：大陷胸丸加葛根、人参、瓜蒌根、白术
药物组成：[大黄, 甘遂, 芒硝, 蜜, 葶苈子, 杏仁, 葛根, 人参, 瓜蒌根, 白术]
六经列表：[太阳病, 阳明病]
合病标记：太阳阳明合病
命中主证：[结胸, 项强]
命中或然证：[]
候选命中主证：[[结胸, 项强], [项强], [口渴], [口渴], [项强], [口渴], [口渴], [洪脉], [口渴], [口渴]]
候选缺口：[[], [恶风, 无汗], [发热, 小便不利], [里急后重, 下利], [呕吐, 无汗], [呕吐, 头痛, 欲饮], [口苦, 小便赤, 无热恶寒], [大汗, 大渴, 大热], [浮脉, 水入则吐, 小便不利], [大渴, 口苦, 小便赤, 无热恶寒]]
候选命中或然证：[[], [], [], [], [], [], [], [], [], []]
候选方证：[大陷胸丸证, 葛根汤证, 猪苓汤证, 白头翁汤证, 葛根加半夏汤证, 文蛤汤证, 百合洗方证, 白虎汤证, 五苓散证, 栝楼牡蛎散证]
候选方证打分：[Daxianxiongwanzheng(hits=4/4, gap=0, poss=0/0, prio=1), Gegentangzheng(hits=5/7, gap=2, poss=0/2, prio=3), Zhulingtangzheng(hits=3/5, gap=2, poss=0/0, prio=2), Baitouwengtangzheng(hits=3/5, gap=2, poss=0/1, prio=3), Gegenjiabanxiatangzheng(hits=3/5, gap=2, poss=0/2, prio=2), Wengetangzheng(hits=5/8, gap=3, poss=0/0, prio=3), Baihexifangzheng(hits=4/7, gap=3, poss=0/0, prio=5), Baihutangzheng(hits=3/6, gap=3, poss=0/0, prio=2), Wulingsanzheng(hits=3/6, gap=3, poss=0/0, prio=3), Gualoumulisanzheng(hits=4/8, gap=4, poss=0/0, prio=5)]
兼夹证：[]
加味药物：[葛根, 人参, 瓜蒌根, 白术]
配伍禁忌警告：[]

===== 小陷胸汤证 =====
八纲：{表里=[表证, 里证], 寒热=[热证], 虚实=[], 阴阳=[阳证], bagangTypes=[表证, 里证, 热证, 阳证]}
六经：太阳阳明合病
方证：小陷胸汤证
推荐方剂：小陷胸汤去半夏加人参、瓜蒌根、白术
药物组成：[瓜蒌实, 黄连, 人参, 瓜蒌根, 白术]
六经列表：[太阳病, 阳明病]
合病标记：太阳阳明合病
命中主证：[按痛, 心下痞]
命中或然证：[]
候选命中主证：[[按痛, 心下痞], [心下痞], [口渴], [口渴], [心下痞], [口渴], [口渴], [洪脉], [口渴], [口渴]]
候选缺口：[[], [按之濡], [发热, 小便不利], [里急后重, 下利], [恶寒, 汗出], [呕吐, 头痛, 欲饮], [口苦, 小便赤, 无热恶寒], [大汗, 大渴, 大热], [浮脉, 水入则吐, 小便不利], [大渴, 口苦, 小便赤, 无热恶寒]]
候选命中或然证：[[], [], [], [], [], [], [], [], [], []]
候选方证：[小陷胸汤证, 大黄黄连泻心汤证, 猪苓汤证, 白头翁汤证, 附子泻心汤证, 文蛤汤证, 百合洗方证, 白虎汤证, 五苓散证, 栝楼牡蛎散证]
候选方证打分：[Xiaoxianxiongtangzheng(hits=4/4, gap=0, poss=0/0, prio=2), Dahuanghuanglianxiexintangzheng(hits=3/4, gap=1, poss=0/0, prio=2), Zhulingtangzheng(hits=3/5, gap=2, poss=0/0, prio=2), Baitouwengtangzheng(hits=3/5, gap=2, poss=0/1, prio=3), Fuzixiexintangzheng(hits=3/5, gap=2, poss=0/0, prio=2), Wengetangzheng(hits=5/8, gap=3, poss=0/0, prio=3), Baihexifangzheng(hits=4/7, gap=3, poss=0/0, prio=5), Baihutangzheng(hits=3/6, gap=3, poss=0/0, prio=2), Wulingsanzheng(hits=3/6, gap=3, poss=0/0, prio=3), Gualoumulisanzheng(hits=4/8, gap=4, poss=0/0, prio=5)]
兼夹证：[]
加味药物：[人参, 瓜蒌根, 白术]
减味药物：[半夏]
配伍禁忌警告：[]
?? 跳过与病例四诊互斥的六经锚点脉象: Fumai（Taiyangbing）
?? Taiyangbing 脉象锚点全部被跳过，改用无脉替代症状: [Xiangqiang, Fare]

===== 黄芪芍药桂枝苦酒汤证 =====
八纲：{表里=[表证, 里证], 寒热=[], 虚实=[], 阴阳=[阳证], bagangTypes=[表证, 里证, 阳证]}
六经：太阳阳明合病
方证：黄芪芍药桂枝苦酒汤证
推荐方剂：黄芪芍药桂枝苦酒汤加附子、葛根、人参、瓜蒌根、白术
药物组成：[桂枝, 黄芪, 苦酒, 芍药, 附子, 葛根, 人参, 瓜蒌根, 白术]
六经列表：[太阳病, 阳明病]
合病标记：太阳阳明合病
命中主证：[发热, 汗出, 黄汗, 身体肿]
命中或然证：[]
候选命中主证：[[发热, 汗出, 黄汗, 身体肿], [恶寒, 发热], [发热, 口渴], [恶寒, 汗出], [汗出], [项强], [恶寒], [发热], [黄汗], [恶寒]]
候选缺口：[[], [身黄], [小便不利], [心下痞], [喘], [结胸], [胸满], [身黄], [两胫自冷], [身疼烦]]
候选命中或然证：[[], [], [], [], [口渴], [], [], [], [], []]
候选方证：[黄芪芍药桂枝苦酒汤证, 麻黄连翘赤小豆汤证, 猪苓汤证, 附子泻心汤证, 麻杏石甘汤证, 大陷胸丸证, 桂枝去芍药加附子汤证, 栀子柏皮汤证, 桂枝加黄芪汤证, 麻黄加术汤证]
候选方证打分：[Huangqishaoyaoguizhikujiutangzheng(hits=8/8, gap=0, poss=0/0, prio=3), Mahuanglianqiaochixiaodoutangzheng(hits=6/7, gap=1, poss=0/0, prio=3), Zhulingtangzheng(hits=4/5, gap=1, poss=0/0, prio=2), Fuzixiexintangzheng(hits=4/5, gap=1, poss=0/0, prio=2), Maxingshigantangzheng(hits=3/4, gap=1, poss=1/2, prio=3), Daxianxiongwanzheng(hits=3/4, gap=1, poss=0/0, prio=1), Guizhiqushaoyaojiafuzitangzheng(hits=3/4, gap=1, poss=0/0, prio=2), Zhizibaipitangzheng(hits=3/4, gap=1, poss=0/0, prio=2), Guizhijiahuangqitangzheng(hits=3/4, gap=1, poss=0/0, prio=3), Mahuangjiazhutangzheng(hits=3/4, gap=1, poss=0/0, prio=3)]
兼夹证：[]
加味药物：[附子, 葛根, 人参, 瓜蒌根, 白术]
配伍禁忌警告：[十八反：瓜蒌根 反 附子]
?? 跳过与病例四诊互斥的六经锚点脉象: Fumai（Taiyangbing）
?? Taiyangbing 脉象锚点全部被跳过，改用无脉替代症状: [Xiangqiang, Fare]

===== 栝蒌桂枝汤证 =====
八纲：{表里=[表证], 寒热=[寒证], 虚实=[], 阴阳=[阳证], bagangTypes=[表证, 寒证, 阳证, 阴证]}
六经：太少两感
方证：栝楼桂枝汤证
推荐方剂：栝楼桂枝汤加附子、葛根、干姜
药物组成：[大枣, 甘草, 瓜蒌根, 桂枝, 芍药, 生姜, 附子, 葛根, 干姜]
六经列表：[少阴病, 太阳病]
合病标记：太少两感
命中主证：[恶风, 汗出, 身体强几几]
命中或然证：[]
候选命中主证：[[恶风, 汗出, 身体强几几], [恶风, 发热, 汗出], [恶风, 汗出], [恶风, 汗出], [恶风, 汗出], [恶寒], [发热], [沉迟脉], [恶寒], [恶寒]]
候选缺口：[[], [缓脉], [身重], [项背强几几], [喘], [胸满], [沉脉], [身疼烦], [但欲寐], [身疼烦]]
候选命中或然证：[[], [], [], [], [], [], [], [], [], []]
候选方证：[栝楼桂枝汤证, 桂枝汤证, 防己黄芪汤证, 桂枝加葛根汤证, 桂枝加厚朴杏子汤证, 桂枝去芍药加附子汤证, 麻黄附子细辛汤证, 桂枝新加汤证, 麻黄附子甘草汤证, 麻黄加术汤证]
候选方证打分：[Gualouguizhitangzheng(hits=5/5, gap=0, poss=0/0, prio=3), Guizhitangzheng(hits=5/6, gap=1, poss=0/0, prio=3), Fangjihuangqitangzheng(hits=4/5, gap=1, poss=0/0, prio=3), Guizhijiagegentangzheng(hits=4/5, gap=1, poss=0/0, prio=3), Guizhijiahoupoxingzitangzheng(hits=4/5, gap=1, poss=0/0, prio=3), Guizhiqushaoyaojiafuzitangzheng(hits=3/4, gap=1, poss=0/0, prio=2), Mahuangfuzixixintangzheng(hits=3/4, gap=1, poss=0/0, prio=2), Guizhixinjiatangzheng(hits=3/4, gap=1, poss=0/0, prio=3), Mahuangfuzigancaotangzheng(hits=3/4, gap=1, poss=0/0, prio=3), Mahuangjiazhutangzheng(hits=3/4, gap=1, poss=0/0, prio=3)]
兼夹证：[]
加味药物：[附子, 葛根, 干姜]
配伍禁忌警告：[十八反：瓜蒌根 反 附子]

===== 三物白散证 =====
八纲：{表里=[里证], 寒热=[], 虚实=[实证, 虚证], 阴阳=[阳证], bagangTypes=[里证, 实证, 虚证, 阳证, 阴证]}
六经：阳明太阴合病
方证：三物白散证
推荐方剂：三物白散加附子
药物组成：[巴豆, 贝母, 桔梗, 附子]
六经列表：[太阴病, 阳明病]
合病标记：阳明太阴合病
命中主证：[寒实结胸, 无热证]
命中或然证：[]
候选命中主证：[[寒实结胸, 无热证], [腹满], [腹满], [腹满], [腹满], [腹满], [腹满], [腹满], [腹满], [腹满]]
候选缺口：[[], [时痛], [按之不痛], [口舌干燥], [潮热, 谵语], [卧起不安, 心烦], [不渴, 下利], [浮数脉, 发热, 无热恶寒], [黄疸, 小便不利, 小便赤, 自汗], [不能饮食, 肌肤甲错, 两目黯黑, 五劳虚极]]
候选命中或然证：[[], [], [], [], [], [], [], [], [], []]
候选方证：[三物白散证, 桂枝加芍药汤证, 厚朴生姜半夏甘草人参汤证, 己椒苈黄丸证, 小承气汤证, 栀子厚朴汤证, 理中汤证, 厚朴七物汤证, 大黄硝石汤证, 大黄蛰虫丸证]
候选方证打分：[Sanwubaisanzheng(hits=4/4, gap=0, poss=0/0, prio=2), Guizhijiashaoyaotangzheng(hits=3/4, gap=1, poss=0/0, prio=3), Houposhengjiangbanxiagancaorenshentangzheng(hits=3/4, gap=1, poss=0/0, prio=3), Jijiaolihuangwanzheng(hits=3/4, gap=1, poss=0/0, prio=3), Xiaochengqitangzheng(hits=3/5, gap=2, poss=0/0, prio=2), Zhizihoupotangzheng(hits=3/5, gap=2, poss=0/0, prio=2), Lizhongtangzheng(hits=3/5, gap=2, poss=0/0, prio=3), Houpoqiwutangzheng(hits=4/7, gap=3, poss=0/0, prio=2), Dahuangxiaoshitangzheng(hits=3/7, gap=4, poss=0/0, prio=2), Dahuangzhechongwanzheng(hits=3/7, gap=4, poss=0/0, prio=2)]
兼夹证：[]
加味药物：[附子]
配伍禁忌警告：[十八反：贝母 反 附子]

===== 竹叶汤证 =====
八纲：{表里=[表证, 里证], 寒热=[热证], 虚实=[], 阴阳=[阳证], bagangTypes=[表证, 里证, 热证, 阳证]}
六经：太阳阳明合病
方证：竹叶汤证
推荐方剂：竹叶汤去麻黄加葱白、杏仁、麻黄、厚朴、瓜蒌根、白术
药物组成：[大枣, 防风, 附子, 甘草, 葛根, 桂枝, 桔梗, 人参, 生姜, 竹叶, 葱白, 杏仁, 厚朴, 瓜蒌根, 白术]
六经列表：[太阳病, 阳明病]
合病标记：太阳阳明合病
命中主证：[喘, 发热, 面赤, 头痛]
命中或然证：[恶寒]
候选命中主证：[[喘, 发热, 面赤, 头痛], [恶寒, 发热], [发热, 口渴], [喘], [恶寒], [发热], [恶寒], [头痛], [头痛], [浮脉]]
候选缺口：[[], [身黄], [小便不利], [汗出], [胸满], [身黄], [身疼烦], [四肢苦烦热], [恶风], [水之为病]]
候选命中或然证：[[恶寒], [], [], [口渴], [], [], [], [], [], []]
候选方证：[竹叶汤证, 麻黄连翘赤小豆汤证, 猪苓汤证, 麻杏石甘汤证, 桂枝去芍药加附子汤证, 栀子柏皮汤证, 麻黄加术汤证, 三物黄芩汤证, 头风摩散证, 杏子汤证]
候选方证打分：[Zhuyetangzheng(hits=8/8, gap=0, poss=1/1, prio=3), Mahuanglianqiaochixiaodoutangzheng(hits=6/7, gap=1, poss=0/0, prio=3), Zhulingtangzheng(hits=4/5, gap=1, poss=0/0, prio=2), Maxingshigantangzheng(hits=3/4, gap=1, poss=1/2, prio=3), Guizhiqushaoyaojiafuzitangzheng(hits=3/4, gap=1, poss=0/0, prio=2), Zhizibaipitangzheng(hits=3/4, gap=1, poss=0/0, prio=2), Mahuangjiazhutangzheng(hits=3/4, gap=1, poss=0/0, prio=3), Sanwuhuangqintangzheng(hits=3/4, gap=1, poss=0/0, prio=3), Toufengmosanzheng(hits=3/4, gap=1, poss=0/0, prio=3), Xingzitangzheng(hits=3/4, gap=1, poss=0/0, prio=3)]
兼夹证：[]
加味药物：[葱白, 杏仁, 麻黄, 厚朴, 瓜蒌根, 白术]
减味药物：[麻黄]
配伍禁忌警告：[十八反：瓜蒌根 反 附子]

===== 麻黄汤证 =====
八纲：{表里=[表证], 寒热=[], 虚实=[实证], 阴阳=[阳证], bagangTypes=[表证, 实证, 阳证]}
六经：太阳病
方证：方证未定
推荐方剂：null
药物组成：[]
六经列表：[太阳病]
合病标记：null
命中主证：[]
命中或然证：[]
候选命中主证：[[浮紧脉, 无汗], [恶寒], [恶寒], [浮脉], [恶寒, 发热], [恶寒, 发热], [恶寒, 发热], [发热], [无汗], [发热]]
候选缺口：[[身痛], [胸满], [身疼烦], [水之为病], [身黄, 沉弦脉, 心下坚], [如疟状, 一日再发], [面有热色, 身痒], [微呕, 气上撞心], [呕吐, 项强], [日晡所剧, 一身尽疼]]
候选命中或然证：[[恶寒, 发热], [], [], [], [], [], [], [], [恶寒, 发热], [恶寒]]
候选方证：[麻黄汤证, 桂枝去芍药加附子汤证, 麻黄加术汤证, 杏子汤证, 麻黄连翘赤小豆汤证, 桂枝二麻黄一汤证, 桂枝麻黄各半汤证, 柴胡桂枝汤证, 葛根加半夏汤证, 麻杏薏甘汤证]
候选方证打分：[Mahuangtangzheng(hits=4/5, gap=1, poss=2/4, prio=2), Guizhiqushaoyaojiafuzitangzheng(hits=3/4, gap=1, poss=0/0, prio=2), Mahuangjiazhutangzheng(hits=3/4, gap=1, poss=0/0, prio=3), Xingzitangzheng(hits=3/4, gap=1, poss=0/0, prio=3), Mahuanglianqiaochixiaodoutangzheng(hits=5/7, gap=2, poss=0/0, prio=3), Guizhiermahuangyitangzheng(hits=4/6, gap=2, poss=0/0, prio=3), Guizhimahuanggebantangzheng(hits=4/6, gap=2, poss=0/0, prio=3), Chaihuguizhitangzheng(hits=4/6, gap=2, poss=0/0, prio=3), Gegenjiabanxiatangzheng(hits=3/5, gap=2, poss=2/2, prio=2), Maxingyigantangzheng(hits=3/5, gap=2, poss=1/2, prio=3)]
兼夹证：[]
加味药物：[]
配伍禁忌警告：[]
[INFO] Tests run: 39, Failures: 0, Errors: 0, Skipped: 0, Time elapsed: 33.19 s -- in 【太阳】桂枝/麻黄/葛根/苓桂类方证
[INFO] Running 【杂病】苓桂/半夏/黄芪/栝楼薤白/百合/当归/金匮杂病

===== 厚朴麻黄汤证 =====
八纲：{表里=[表证, 里证], 寒热=[], 虚实=[虚证], 阴阳=[阴证], bagangTypes=[表证, 里证, 虚证, 阳证, 阴证]}
六经：太阳太阴合病
方证：厚朴麻黄汤证
推荐方剂：厚朴麻黄汤去麻黄加附子
药物组成：[半夏, 干姜, 厚朴, 石膏, 五味子, 小麦, 杏仁, 细辛, 附子]
六经列表：[太阳病, 太阴病]
合病标记：太阳太阴合病
命中主证：[浮脉, 咳嗽]
命中或然证：[不得卧, 喘]
候选命中主证：[[浮脉, 咳嗽], [喘, 咳嗽], [喘, 浮脉, 咳嗽], [不得卧, 喘], [恶寒], [腹满], [腹满], [腹满], [咳嗽], [恶寒]]
候选缺口：[[], [目如脱状], [烦躁], [肺痈], [胸满], [时痛], [按之不痛], [口舌干燥], [胸满], [身疼烦]]
候选命中或然证：[[不得卧, 喘], [], [], [], [], [], [], [], [], []]
候选方证：[厚朴麻黄汤证, 越婢加半夏汤证, 小青龙加石膏汤证, 葶苈大枣泻肺汤证, 桂枝去芍药加附子汤证, 桂枝加芍药汤证, 厚朴生姜半夏甘草人参汤证, 己椒苈黄丸证, 苓甘五味姜辛汤证, 麻黄加术汤证]
候选方证打分：[Houpomahuangtangzheng(hits=6/6, gap=0, poss=2/4, prio=3), Yuebijiabanxiatangzheng(hits=6/7, gap=1, poss=0/1, prio=3), Xiaoqinglongjiashigaotangzheng(hits=5/6, gap=1, poss=0/0, prio=3), Tinglidazaoxiefeitangzheng(hits=4/5, gap=1, poss=0/0, prio=2), Guizhiqushaoyaojiafuzitangzheng(hits=3/4, gap=1, poss=0/0, prio=2), Guizhijiashaoyaotangzheng(hits=3/4, gap=1, poss=0/0, prio=3), Houposhengjiangbanxiagancaorenshentangzheng(hits=3/4, gap=1, poss=0/0, prio=3), Jijiaolihuangwanzheng(hits=3/4, gap=1, poss=0/0, prio=3), Lingganwuweijiangxintangzheng(hits=3/4, gap=1, poss=0/0, prio=3), Mahuangjiazhutangzheng(hits=3/4, gap=1, poss=0/0, prio=3)]
兼夹证：[]
加味药物：[附子]
减味药物：[麻黄]
配伍禁忌警告：[十八反：半夏 反 附子]

===== 半夏麻黄丸证 =====
八纲：{表里=[里证], 寒热=[], 虚实=[虚证], 阴阳=[阴证], bagangTypes=[里证, 虚证, 阴证]}
六经：太阴病
方证：半夏麻黄丸证
推荐方剂：半夏麻黄丸加桂枝、附子
药物组成：[半夏, 麻黄, 桂枝, 附子]
六经列表：[太阴病]
合病标记：null
命中主证：[心下悸动]
命中或然证：[]
候选命中主证：[[心下悸动], [腹满], [腹满], [腹满], [腹满], [腹满], [腹满]]
候选缺口：[[], [时痛], [按之不痛], [口舌干燥], [不渴, 下利], [不能饮食, 肌肤甲错, 两目黯黑, 五劳虚极], [唇口干燥, 暮即发热, 少腹里急, 手掌烦热]]
候选命中或然证：[[], [], [], [], [], [], []]
候选方证：[半夏麻黄丸证, 桂枝加芍药汤证, 厚朴生姜半夏甘草人参汤证, 己椒苈黄丸证, 理中汤证, 大黄蛰虫丸证, 温经汤证]
候选方证打分：[Banxiamahuangwanzheng(hits=3/3, gap=0, poss=0/2, prio=5), Guizhijiashaoyaotangzheng(hits=3/4, gap=1, poss=0/0, prio=3), Houposhengjiangbanxiagancaorenshentangzheng(hits=3/4, gap=1, poss=0/0, prio=3), Jijiaolihuangwanzheng(hits=3/4, gap=1, poss=0/0, prio=3), Lizhongtangzheng(hits=3/5, gap=2, poss=0/0, prio=3), Dahuangzhechongwanzheng(hits=3/7, gap=4, poss=0/0, prio=2), Wenjingtangzheng(hits=3/7, gap=4, poss=0/0, prio=3)]
兼夹证：[]
加味药物：[桂枝, 附子]
配伍禁忌警告：[十八反：半夏 反 附子]

===== 大黄蛰虫丸证 =====
八纲：{表里=[里证], 寒热=[], 虚实=[虚证], 阴阳=[阴证], bagangTypes=[里证, 虚证, 阴证]}
六经：太阴病
方证：大黄蛰虫丸证
推荐方剂：大黄蛰虫丸加附子
药物组成：[大黄, 干地黄, 甘草, 干漆, 黄芩, 蛴螬, 虻虫, 芍药, 水蛭, 桃仁, 杏仁, ?虫, 附子]
六经列表：[太阴病]
合病标记：null
命中主证：[不能饮食, 腹满, 肌肤甲错, 两目黯黑, 五劳虚极]
命中或然证：[]
候选命中主证：[[不能饮食, 腹满, 肌肤甲错, 两目黯黑, 五劳虚极], [腹满], [腹满], [腹满], [肌肤甲错], [腹满], [不能饮食], [腹满], []]
候选缺口：[[], [时痛], [按之不痛], [口舌干燥], [肠痈, 腹皮急], [不渴, 下利], [呕, 腹中寒, 心胸大寒痛], [唇口干燥, 暮即发热, 少腹里急, 手掌烦热], [刺痛, 腹痛, 少腹拘急]]
候选命中或然证：[[], [], [], [], [], [], [], [], [不能饮食]]
候选方证：[大黄蛰虫丸证, 桂枝加芍药汤证, 厚朴生姜半夏甘草人参汤证, 己椒苈黄丸证, 薏苡附子败酱散证, 理中汤证, 大建中汤证, 温经汤证, 内补当归建中汤证]
候选方证打分：[Dahuangzhechongwanzheng(hits=7/7, gap=0, poss=0/0, prio=2), Guizhijiashaoyaotangzheng(hits=3/4, gap=1, poss=0/0, prio=3), Houposhengjiangbanxiagancaorenshentangzheng(hits=3/4, gap=1, poss=0/0, prio=3), Jijiaolihuangwanzheng(hits=3/4, gap=1, poss=0/0, prio=3), Yiyifuzibaijiangsanzheng(hits=3/5, gap=2, poss=0/0, prio=2), Lizhongtangzheng(hits=3/5, gap=2, poss=0/0, prio=3), Dajianzhongtangzheng(hits=3/6, gap=3, poss=0/0, prio=1), Wenjingtangzheng(hits=3/7, gap=4, poss=0/0, prio=3), Neibudangguijianzhongtangzheng(hits=2/5, gap=3, poss=1/3, prio=3)]
兼夹证：[]
加味药物：[附子]
配伍禁忌警告：[]

===== 下瘀血汤证 =====
八纲：{表里=[里证], 寒热=[], 虚实=[], 阴阳=[阳证], bagangTypes=[里证, 阳证]}
六经：阳明病
方证：下瘀血汤证
推荐方剂：下瘀血汤加人参、瓜蒌根、白术
药物组成：[大黄, 桃仁, ?虫, 人参, 瓜蒌根, 白术]
六经列表：[阳明病]
合病标记：null
命中主证：[产后腹痛, 刺痛, 少腹急结]
命中或然证：[]
候选命中主证：[[产后腹痛, 刺痛, 少腹急结], [少腹急结], [口渴], [口渴], [沉弦脉], [口渴], [洪脉], [口渴], [口渴], [口渴]]
候选缺口：[[], [如狂], [发热, 小便不利], [里急后重, 下利], [下利, 心下坚, 无热恶寒], [口苦, 小便赤, 无热恶寒], [大汗, 大渴, 大热], [呕吐, 头痛, 欲饮, 无热恶寒], [大渴, 口苦, 小便赤, 无热恶寒], [大汗, 恶寒, 发热, 往来寒热, 胸胁苦满]]
候选命中或然证：[[], [], [], [], [], [], [], [], [], []]
候选方证：[下瘀血汤证, 桃核承气汤证, 猪苓汤证, 白头翁汤证, 甘遂半夏汤证, 百合洗方证, 白虎汤证, 文蛤汤证, 栝楼牡蛎散证, 柴胡白虎汤证]
候选方证打分：[Xiayuxuetangzheng(hits=5/5, gap=0, poss=0/0, prio=3), Taohechengqitangzheng(hits=3/4, gap=1, poss=0/0, prio=2), Zhulingtangzheng(hits=3/5, gap=2, poss=0/0, prio=2), Baitouwengtangzheng(hits=3/5, gap=2, poss=0/1, prio=3), Gansuibanxiatangzheng(hits=4/7, gap=3, poss=0/0, prio=2), Baihexifangzheng(hits=4/7, gap=3, poss=0/0, prio=5), Baihutangzheng(hits=3/6, gap=3, poss=0/0, prio=2), Wengetangzheng(hits=4/8, gap=4, poss=0/0, prio=3), Gualoumulisanzheng(hits=4/8, gap=4, poss=0/0, prio=5), Chaihubaihutangzheng(hits=3/8, gap=5, poss=0/0, prio=2)]
兼夹证：[]
加味药物：[人参, 瓜蒌根, 白术]
配伍禁忌警告：[]

===== 枳实芍药散证 =====
八纲：{表里=[里证], 寒热=[], 虚实=[虚证], 阴阳=[阴证], bagangTypes=[里证, 虚证, 阴证]}
六经：太阴病
方证：枳实芍药散证
推荐方剂：枳实芍药散去芍药、白术加干姜、白术、附子
药物组成：[枳实, 干姜, 附子]
六经列表：[太阴病]
合病标记：null
命中主证：[不得卧, 产后腹痛, 烦满]
命中或然证：[]
候选命中主证：[[不得卧, 产后腹痛, 烦满], [不渴, 腹满, 下利], [腹满], [下利], [腹满], [腹满], [下利], [下利], [下利], [不得卧]]
候选缺口：[[], [], [时痛], [下利气], [按之不痛], [口舌干燥], [肺痛], [微脉, 面赤], [呕, 心下痞], [心痛彻背, 胸痹]]
候选命中或然证：[[], [], [], [], [], [], [], [], [], []]
候选方证：[枳实芍药散证, 理中汤证, 桂枝加芍药汤证, 诃梨勒散证, 厚朴生姜半夏甘草人参汤证, 己椒苈黄丸证, 紫参汤证, 白通汤证, 半夏泻心汤证, 栝楼薤白半夏汤证]
候选方证打分：[Zhishishaoyaosanzheng(hits=5/5, gap=0, poss=0/0, prio=3), Lizhongtangzheng(hits=5/5, gap=0, poss=0/0, prio=3), Guizhijiashaoyaotangzheng(hits=3/4, gap=1, poss=0/0, prio=3), Helilesanzheng(hits=3/4, gap=1, poss=0/0, prio=3), Houposhengjiangbanxiagancaorenshentangzheng(hits=3/4, gap=1, poss=0/0, prio=3), Jijiaolihuangwanzheng(hits=3/4, gap=1, poss=0/0, prio=3), Zishentangzheng(hits=3/4, gap=1, poss=0/0, prio=3), Baitongtangzheng(hits=3/5, gap=2, poss=0/0, prio=1), Banxiaxiexintangzheng(hits=3/5, gap=2, poss=0/0, prio=2), Gualouxiebaibanxiatangzheng(hits=3/5, gap=2, poss=0/0, prio=3)]
兼夹证：[]
加味药物：[干姜, 白术, 附子]
减味药物：[芍药, 白术]
配伍禁忌警告：[]

===== 泻心汤证 =====
八纲：{表里=[里证], 寒热=[], 虚实=[], 阴阳=[阳证], bagangTypes=[里证, 阳证]}
六经：阳明病
方证：泻心汤证
推荐方剂：泻心汤加人参、瓜蒌根、白术
药物组成：[大黄, 黄连, 黄芩, 人参, 瓜蒌根, 白术]
六经列表：[阳明病]
合病标记：null
命中主证：[衄血, 吐血, 心气不足]
命中或然证：[]
候选命中主证：[[衄血, 吐血, 心气不足], [口渴], [口渴], [口渴], [洪脉], [口渴], [口渴], [口渴], []]
候选缺口：[[], [发热, 小便不利], [里急后重, 下利], [口苦, 小便赤, 无热恶寒], [大汗, 大渴, 大热], [呕吐, 头痛, 欲饮, 无热恶寒], [大渴, 口苦, 小便赤, 无热恶寒], [大汗, 恶寒, 发热, 往来寒热, 胸胁苦满], [喘, 汗出]]
候选命中或然证：[[], [], [], [], [], [], [], [], [口渴]]
候选方证：[泻心汤证, 猪苓汤证, 白头翁汤证, 百合洗方证, 白虎汤证, 文蛤汤证, 栝楼牡蛎散证, 柴胡白虎汤证, 麻杏石甘汤证]
候选方证打分：[Xiexintangzheng(hits=5/5, gap=0, poss=0/0, prio=1), Zhulingtangzheng(hits=3/5, gap=2, poss=0/0, prio=2), Baitouwengtangzheng(hits=3/5, gap=2, poss=0/1, prio=3), Baihexifangzheng(hits=4/7, gap=3, poss=0/0, prio=5), Baihutangzheng(hits=3/6, gap=3, poss=0/0, prio=2), Wengetangzheng(hits=4/8, gap=4, poss=0/0, prio=3), Gualoumulisanzheng(hits=4/8, gap=4, poss=0/0, prio=5), Chaihubaihutangzheng(hits=3/8, gap=5, poss=0/0, prio=2), Maxingshigantangzheng(hits=2/4, gap=2, poss=1/2, prio=3)]
兼夹证：[]
加味药物：[人参, 瓜蒌根, 白术]
配伍禁忌警告：[]

===== 薏苡附子败酱散证 =====
八纲：{表里=[里证], 寒热=[], 虚实=[虚证], 阴阳=[阴证], bagangTypes=[里证, 虚证, 阴证]}
六经：太阴病
方证：薏苡附子败酱散证
推荐方剂：薏苡附子败酱散
药物组成：[败酱草, 附子, 薏苡仁]
六经列表：[太阴病]
合病标记：null
命中主证：[肠痈, 腹皮急, 肌肤甲错]
命中或然证：[]
候选命中主证：[[肠痈, 腹皮急, 肌肤甲错], [腹满], [腹满], [腹满], [腹满], [腹满, 肌肤甲错], [腹满]]
候选缺口：[[], [时痛], [按之不痛], [口舌干燥], [不渴, 下利], [不能饮食, 两目黯黑, 五劳虚极], [唇口干燥, 暮即发热, 少腹里急, 手掌烦热]]
候选命中或然证：[[], [], [], [], [], [], []]
候选方证：[薏苡附子败酱散证, 桂枝加芍药汤证, 厚朴生姜半夏甘草人参汤证, 己椒苈黄丸证, 理中汤证, 大黄蛰虫丸证, 温经汤证]
候选方证打分：[Yiyifuzibaijiangsanzheng(hits=5/5, gap=0, poss=0/0, prio=2), Guizhijiashaoyaotangzheng(hits=3/4, gap=1, poss=0/0, prio=3), Houposhengjiangbanxiagancaorenshentangzheng(hits=3/4, gap=1, poss=0/0, prio=3), Jijiaolihuangwanzheng(hits=3/4, gap=1, poss=0/0, prio=3), Lizhongtangzheng(hits=3/5, gap=2, poss=0/0, prio=3), Dahuangzhechongwanzheng(hits=4/7, gap=3, poss=0/0, prio=2), Wenjingtangzheng(hits=3/7, gap=4, poss=0/0, prio=3)]
兼夹证：[]
加味药物：[]
配伍禁忌警告：[]

===== 葵子茯苓散证 =====
八纲：{表里=[表证, 里证], 寒热=[], 虚实=[虚证], 阴阳=[阴证], bagangTypes=[表证, 里证, 虚证, 阳证, 阴证]}
六经：太阳太阴合病
方证：葵子茯苓散证
推荐方剂：葵子茯苓散加附子
药物组成：[茯苓, 葵子, 附子]
六经列表：[太阳病, 太阴病]
合病标记：太阳太阴合病
命中主证：[妊娠有水气, 身重, 小便不利]
命中或然证：[]
候选命中主证：[[妊娠有水气, 身重, 小便不利], [小便不利], [小便不利], [小便不利], [浮脉], [腹满], [小便不利], [腹满], [腹满], [浮脉]]
候选缺口：[[], [], [], [], [咳嗽], [时痛], [心下满], [按之不痛], [口舌干燥], [水之为病]]
候选命中或然证：[[], [], [], [], [], [], [], [], [], []]
候选方证：[葵子茯苓散证, 茯苓戎盐汤证, 滑石白鱼散证, 蒲灰散证, 厚朴麻黄汤证, 桂枝加芍药汤证, 桂枝去桂加茯苓白术汤证, 厚朴生姜半夏甘草人参汤证, 己椒苈黄丸证, 杏子汤证]
候选方证打分：[Kuizifulingsanzheng(hits=5/5, gap=0, poss=0/0, prio=3), Fulingrongyantangzheng(hits=3/3, gap=0, poss=0/0, prio=3), Huashibaiyusanzheng(hits=3/3, gap=0, poss=0/0, prio=3), Puhuisanzheng(hits=3/3, gap=0, poss=0/0, prio=3), Houpomahuangtangzheng(hits=5/6, gap=1, poss=0/4, prio=3), Guizhijiashaoyaotangzheng(hits=3/4, gap=1, poss=0/0, prio=3), Guizhiquguijiafulingbaizhutangzheng(hits=3/4, gap=1, poss=0/0, prio=3), Houposhengjiangbanxiagancaorenshentangzheng(hits=3/4, gap=1, poss=0/0, prio=3), Jijiaolihuangwanzheng(hits=3/4, gap=1, poss=0/0, prio=3), Xingzitangzheng(hits=3/4, gap=1, poss=0/0, prio=3)]
兼夹证：[]
加味药物：[附子]
配伍禁忌警告：[]

===== 小半夏汤证 =====
八纲：{表里=[里证], 寒热=[], 虚实=[虚证], 阴阳=[阴证], bagangTypes=[里证, 虚证, 阴证]}
六经：太阴病
方证：小半夏汤证
推荐方剂：Xiaobanxiatang加附子
药物组成：[附子]
六经列表：[太阴病]
合病标记：null
命中主证：[反不渴, 呕家本渴]
命中或然证：[]
候选命中主证：[[反不渴, 呕家本渴], [腹满], [腹满], [腹满], [心下有支饮], [腹满], [腹满], [腹满]]
候选缺口：[[], [时痛], [按之不痛], [口舌干燥], [苦冒眩], [不渴, 下利], [不能饮食, 肌肤甲错, 两目黯黑, 五劳虚极], [唇口干燥, 暮即发热, 少腹里急, 手掌烦热]]
候选命中或然证：[[], [], [], [], [], [], [], []]
候选方证：[小半夏汤证, 桂枝加芍药汤证, 厚朴生姜半夏甘草人参汤证, 己椒苈黄丸证, 泽泻汤证, 理中汤证, 大黄蛰虫丸证, 温经汤证]
候选方证打分：[Xiaobanxiatangzheng(hits=4/4, gap=0, poss=0/0, prio=3), Guizhijiashaoyaotangzheng(hits=3/4, gap=1, poss=0/0, prio=3), Houposhengjiangbanxiagancaorenshentangzheng(hits=3/4, gap=1, poss=0/0, prio=3), Jijiaolihuangwanzheng(hits=3/4, gap=1, poss=0/0, prio=3), Zexietangzheng(hits=3/4, gap=1, poss=0/0, prio=3), Lizhongtangzheng(hits=3/5, gap=2, poss=0/0, prio=3), Dahuangzhechongwanzheng(hits=3/7, gap=4, poss=0/0, prio=2), Wenjingtangzheng(hits=3/7, gap=4, poss=0/0, prio=3)]
兼夹证：[]
加味药物：[附子]
配伍禁忌警告：[]

===== 小半夏加茯苓汤证 =====
八纲：{表里=[里证], 寒热=[], 虚实=[虚证], 阴阳=[阴证], bagangTypes=[里证, 虚证, 阴证]}
六经：太阴病
方证：小半夏加茯苓汤证
推荐方剂：小半夏加茯苓汤加附子
药物组成：[半夏, 茯苓, 生姜, 附子]
六经列表：[太阴病]
合病标记：null
命中主证：[膈间有水, 呕吐, 心下痞]
命中或然证：[]
候选命中主证：[[膈间有水, 呕吐, 心下痞], [呕吐], [腹满], [腹满], [腹满], [心下痞], [腹满], [心下痞], [呕吐], [呕吐]]
候选缺口：[[], [口渴], [时痛], [按之不痛], [口舌干燥], [呕, 下利], [不渴, 下利], [恶寒, 汗出], [不能饮食, 腹中寒, 心胸大寒痛], [腹痛, 腹中雷鸣, 胸胁苦满]]
候选命中或然证：[[], [], [], [], [], [], [], [], [], []]
候选方证：[小半夏加茯苓汤证, 茯苓泽泻汤证, 桂枝加芍药汤证, 厚朴生姜半夏甘草人参汤证, 己椒苈黄丸证, 半夏泻心汤证, 理中汤证, 附子泻心汤证, 大建中汤证, 附子粳米汤证]
候选方证打分：[Xiaobanxiajiafulingtangzheng(hits=5/5, gap=0, poss=0/0, prio=3), Fulingzexietangzheng(hits=3/4, gap=1, poss=0/0, prio=3), Guizhijiashaoyaotangzheng(hits=3/4, gap=1, poss=0/0, prio=3), Houposhengjiangbanxiagancaorenshentangzheng(hits=3/4, gap=1, poss=0/0, prio=3), Jijiaolihuangwanzheng(hits=3/4, gap=1, poss=0/0, prio=3), Banxiaxiexintangzheng(hits=3/5, gap=2, poss=0/0, prio=2), Lizhongtangzheng(hits=3/5, gap=2, poss=0/0, prio=3), Fuzixiexintangzheng(hits=3/5, gap=2, poss=0/0, prio=2), Dajianzhongtangzheng(hits=3/6, gap=3, poss=0/0, prio=1), Fuzijingmitangzheng(hits=3/6, gap=3, poss=0/0, prio=3)]
兼夹证：[]
加味药物：[附子]
配伍禁忌警告：[十八反：半夏 反 附子]

===== 大半夏汤证 =====
八纲：{表里=[里证], 寒热=[], 虚实=[虚证], 阴阳=[阴证], bagangTypes=[里证, 虚证, 阴证]}
六经：太阴病
方证：大半夏汤证
推荐方剂：大半夏汤加附子
药物组成：[半夏, 蜜, 人参, 附子]
六经列表：[太阴病]
合病标记：null
命中主证：[朝食暮吐]
命中或然证：[]
候选命中主证：[[朝食暮吐], [腹满], [腹满], [腹满], [腹满], [腹满], [腹满]]
候选缺口：[[], [时痛], [按之不痛], [口舌干燥], [不渴, 下利], [不能饮食, 肌肤甲错, 两目黯黑, 五劳虚极], [唇口干燥, 暮即发热, 少腹里急, 手掌烦热]]
候选命中或然证：[[], [], [], [], [], [], []]
候选方证：[大半夏汤证, 桂枝加芍药汤证, 厚朴生姜半夏甘草人参汤证, 己椒苈黄丸证, 理中汤证, 大黄蛰虫丸证, 温经汤证]
候选方证打分：[Dabanxiatangzheng(hits=3/3, gap=0, poss=0/0, prio=3), Guizhijiashaoyaotangzheng(hits=3/4, gap=1, poss=0/0, prio=3), Houposhengjiangbanxiagancaorenshentangzheng(hits=3/4, gap=1, poss=0/0, prio=3), Jijiaolihuangwanzheng(hits=3/4, gap=1, poss=0/0, prio=3), Lizhongtangzheng(hits=3/5, gap=2, poss=0/0, prio=3), Dahuangzhechongwanzheng(hits=3/7, gap=4, poss=0/0, prio=2), Wenjingtangzheng(hits=3/7, gap=4, poss=0/0, prio=3)]
兼夹证：[]
加味药物：[附子]
配伍禁忌警告：[十八反：半夏 反 附子]

===== 半夏厚朴汤证 =====
八纲：{表里=[里证], 寒热=[], 虚实=[虚证], 阴阳=[阴证], bagangTypes=[里证, 虚证, 阴证]}
六经：太阴病
方证：半夏厚朴汤证
推荐方剂：半夏厚朴汤加附子
药物组成：[半夏, 茯苓, 厚朴, 生姜, 紫苏叶, 附子]
六经列表：[太阴病]
合病标记：null
命中主证：[咽中如有炙脔]
命中或然证：[]
候选命中主证：[[咽中如有炙脔], [腹满], [腹满], [腹满], [腹满], [腹满], [腹满]]
候选缺口：[[], [时痛], [按之不痛], [口舌干燥], [不渴, 下利], [不能饮食, 肌肤甲错, 两目黯黑, 五劳虚极], [唇口干燥, 暮即发热, 少腹里急, 手掌烦热]]
候选命中或然证：[[], [], [], [], [], [], []]
候选方证：[半夏厚朴汤证, 桂枝加芍药汤证, 厚朴生姜半夏甘草人参汤证, 己椒苈黄丸证, 理中汤证, 大黄蛰虫丸证, 温经汤证]
候选方证打分：[Banxiahoupotangzheng(hits=3/3, gap=0, poss=0/0, prio=3), Guizhijiashaoyaotangzheng(hits=3/4, gap=1, poss=0/0, prio=3), Houposhengjiangbanxiagancaorenshentangzheng(hits=3/4, gap=1, poss=0/0, prio=3), Jijiaolihuangwanzheng(hits=3/4, gap=1, poss=0/0, prio=3), Lizhongtangzheng(hits=3/5, gap=2, poss=0/0, prio=3), Dahuangzhechongwanzheng(hits=3/7, gap=4, poss=0/0, prio=2), Wenjingtangzheng(hits=3/7, gap=4, poss=0/0, prio=3)]
兼夹证：[]
加味药物：[附子]
配伍禁忌警告：[十八反：半夏 反 附子]

===== 半夏干姜散证 =====
八纲：{表里=[里证], 寒热=[], 虚实=[虚证], 阴阳=[阴证], bagangTypes=[里证, 虚证, 阴证]}
六经：太阴病
方证：半夏干姜散证
推荐方剂：半夏干姜散加附子
药物组成：[半夏, 干姜, 附子]
六经列表：[太阴病]
合病标记：null
命中主证：[干呕, 吐涎沫]
命中或然证：[]
候选命中主证：[[干呕, 吐涎沫], [干呕, 吐涎沫], [干呕], [腹满], [腹满], [腹满], [干呕], [腹满], [腹满], [腹满]]
候选缺口：[[], [头痛], [厥逆], [时痛], [按之不痛], [口舌干燥], [哕], [不渴, 下利], [不能饮食, 肌肤甲错, 两目黯黑, 五劳虚极], [唇口干燥, 暮即发热, 少腹里急, 手掌烦热]]
候选命中或然证：[[], [], [], [], [], [], [], [], [], []]
候选方证：[半夏干姜散证, 吴茱萸汤证, 白通加猪胆汁汤证, 桂枝加芍药汤证, 厚朴生姜半夏甘草人参汤证, 己椒苈黄丸证, 橘皮汤证, 理中汤证, 大黄蛰虫丸证, 温经汤证]
候选方证打分：[Banxiaganjiangsanzheng(hits=4/4, gap=0, poss=0/0, prio=3), Wuzhuyutangzheng(hits=4/5, gap=1, poss=0/3, prio=3), Baitongjiazhudanzhitangzheng(hits=3/4, gap=1, poss=0/0, prio=1), Guizhijiashaoyaotangzheng(hits=3/4, gap=1, poss=0/0, prio=3), Houposhengjiangbanxiagancaorenshentangzheng(hits=3/4, gap=1, poss=0/0, prio=3), Jijiaolihuangwanzheng(hits=3/4, gap=1, poss=0/0, prio=3), Jupitangzheng(hits=3/4, gap=1, poss=0/0, prio=3), Lizhongtangzheng(hits=3/5, gap=2, poss=0/0, prio=3), Dahuangzhechongwanzheng(hits=3/7, gap=4, poss=0/0, prio=2), Wenjingtangzheng(hits=3/7, gap=4, poss=0/0, prio=3)]
兼夹证：[]
加味药物：[附子]
配伍禁忌警告：[十八反：半夏 反 附子]

===== 干姜人参半夏丸证 =====
八纲：{表里=[里证], 寒热=[], 虚实=[虚证], 阴阳=[阴证], bagangTypes=[里证, 虚证, 阴证]}
六经：太阴病
方证：干姜人参半夏丸证
推荐方剂：干姜人参半夏丸加附子
药物组成：[半夏, 干姜, 人参, 附子]
六经列表：[太阴病]
合病标记：null
命中主证：[妊娠呕吐不止]
命中或然证：[]
候选命中主证：[[妊娠呕吐不止], [腹满], [腹满], [腹满], [腹满], [腹满], [腹满]]
候选缺口：[[], [时痛], [按之不痛], [口舌干燥], [不渴, 下利], [不能饮食, 肌肤甲错, 两目黯黑, 五劳虚极], [唇口干燥, 暮即发热, 少腹里急, 手掌烦热]]
候选命中或然证：[[], [], [], [], [], [], []]
候选方证：[干姜人参半夏丸证, 桂枝加芍药汤证, 厚朴生姜半夏甘草人参汤证, 己椒苈黄丸证, 理中汤证, 大黄蛰虫丸证, 温经汤证]
候选方证打分：[Ganjiangrenshenbanxiawanzheng(hits=3/3, gap=0, poss=0/1, prio=5), Guizhijiashaoyaotangzheng(hits=3/4, gap=1, poss=0/0, prio=3), Houposhengjiangbanxiagancaorenshentangzheng(hits=3/4, gap=1, poss=0/0, prio=3), Jijiaolihuangwanzheng(hits=3/4, gap=1, poss=0/0, prio=3), Lizhongtangzheng(hits=3/5, gap=2, poss=0/0, prio=3), Dahuangzhechongwanzheng(hits=3/7, gap=4, poss=0/0, prio=2), Wenjingtangzheng(hits=3/7, gap=4, poss=0/0, prio=3)]
兼夹证：[]
加味药物：[附子]
配伍禁忌警告：[十八反：半夏 反 附子]

===== 生姜半夏汤证 =====
八纲：{表里=[里证], 寒热=[], 虚实=[虚证], 阴阳=[阴证], bagangTypes=[里证, 虚证, 阴证]}
六经：太阴病
方证：生姜半夏汤证
推荐方剂：生姜半夏汤加附子
药物组成：[半夏, 生姜, 附子]
六经列表：[太阴病]
合病标记：null
命中主证：[胸中愦]
命中或然证：[]
候选命中主证：[[胸中愦], [腹满], [腹满], [腹满], [腹满], [腹满], [腹满]]
候选缺口：[[], [时痛], [按之不痛], [口舌干燥], [不渴, 下利], [不能饮食, 肌肤甲错, 两目黯黑, 五劳虚极], [唇口干燥, 暮即发热, 少腹里急, 手掌烦热]]
候选命中或然证：[[], [], [], [], [], [], []]
候选方证：[生姜半夏汤证, 桂枝加芍药汤证, 厚朴生姜半夏甘草人参汤证, 己椒苈黄丸证, 理中汤证, 大黄蛰虫丸证, 温经汤证]
候选方证打分：[Shengjiangbanxiatangzheng(hits=3/3, gap=0, poss=0/0, prio=3), Guizhijiashaoyaotangzheng(hits=3/4, gap=1, poss=0/0, prio=3), Houposhengjiangbanxiagancaorenshentangzheng(hits=3/4, gap=1, poss=0/0, prio=3), Jijiaolihuangwanzheng(hits=3/4, gap=1, poss=0/0, prio=3), Lizhongtangzheng(hits=3/5, gap=2, poss=0/0, prio=3), Dahuangzhechongwanzheng(hits=3/7, gap=4, poss=0/0, prio=2), Wenjingtangzheng(hits=3/7, gap=4, poss=0/0, prio=3)]
兼夹证：[]
加味药物：[附子]
配伍禁忌警告：[十八反：半夏 反 附子]

===== 栝蒌薤白白酒汤证 =====
八纲：{表里=[里证], 寒热=[寒证], 虚实=[虚证], 阴阳=[阴证], bagangTypes=[寒证, 里证, 虚证, 阴证]}
六经：太阴病
方证：栝楼薤白白酒汤证
推荐方剂：瓜蒌薤白白酒汤去麻黄加附子、厚朴、生姜、干姜、杏仁、麻黄
药物组成：[白酒, 瓜蒌实, 薤白, 附子, 厚朴, 生姜, 干姜, 杏仁]
六经列表：[太阴病]
合病标记：null
命中主证：[喘, 短气, 胸痹]
命中或然证：[沉迟脉]
候选命中主证：[[喘, 短气, 胸痹], [短气], [腹满], [腹满], [腹满], [短气], [胸痹], [腹满], [胸痹], [胸痹]]
候选缺口：[[], [胸中气塞], [时痛], [按之不痛], [口舌干燥], [胸中气塞], [不得卧, 心痛彻背], [不渴, 下利], [胁下逆抢心, 心中痞气, 胸满], [胁下逆抢心, 心中痞, 胸满]]
候选命中或然证：[[沉迟脉], [], [], [], [], [], [], [], [], []]
候选方证：[栝楼薤白白酒汤证, 茯苓杏仁甘草汤证, 桂枝加芍药汤证, 厚朴生姜半夏甘草人参汤证, 己椒苈黄丸证, 橘枳姜汤证, 栝楼薤白半夏汤证, 理中汤证, 人参汤证, 枳实薤白桂枝汤证]
候选方证打分：[Gualouxiebaibaijiutangzheng(hits=5/5, gap=0, poss=1/1, prio=3), Fulingxingrengancaotangzheng(hits=3/4, gap=1, poss=0/0, prio=3), Guizhijiashaoyaotangzheng(hits=3/4, gap=1, poss=0/0, prio=3), Houposhengjiangbanxiagancaorenshentangzheng(hits=3/4, gap=1, poss=0/0, prio=3), Jijiaolihuangwanzheng(hits=3/4, gap=1, poss=0/0, prio=3), Juzhijiangtangzheng(hits=3/4, gap=1, poss=0/0, prio=3), Gualouxiebaibanxiatangzheng(hits=3/5, gap=2, poss=0/0, prio=3), Lizhongtangzheng(hits=3/5, gap=2, poss=0/0, prio=3), Renshentangzheng(hits=3/6, gap=3, poss=0/0, prio=3), Zhishixiebaiguizhitangzheng(hits=3/6, gap=3, poss=0/0, prio=3)]
兼夹证：[]
加味药物：[附子, 厚朴, 生姜, 干姜, 杏仁, 麻黄]
减味药物：[麻黄]
配伍禁忌警告：[十八反：瓜蒌实 反 附子]

===== 栝蒌薤白半夏汤证 =====
八纲：{表里=[里证], 寒热=[], 虚实=[实证, 虚证], 阴阳=[阳证], bagangTypes=[里证, 实证, 虚证, 阳证, 阴证]}
六经：阳明太阴合病
方证：栝楼薤白半夏汤证
推荐方剂：瓜蒌薤白半夏汤加附子
药物组成：[白酒, 半夏, 瓜蒌实, 薤白, 附子]
六经列表：[太阴病, 阳明病]
合病标记：阳明太阴合病
命中主证：[不得卧, 心痛彻背, 胸痹]
命中或然证：[]
候选命中主证：[[不得卧, 心痛彻背, 胸痹], [不得卧], [心痛彻背], [腹满], [腹满], [腹满], [不得卧], [腹满], [腹满], [不得卧]]
候选缺口：[[], [心烦], [背痛彻心], [时痛], [按之不痛], [口舌干燥], [喘, 肺痈], [潮热, 谵语], [卧起不安, 心烦], [产后腹痛, 烦满]]
候选命中或然证：[[], [], [], [], [], [], [], [], [], []]
候选方证：[栝楼薤白半夏汤证, 黄连阿胶汤证, 乌头赤石脂丸证, 桂枝加芍药汤证, 厚朴生姜半夏甘草人参汤证, 己椒苈黄丸证, 葶苈大枣泻肺汤证, 小承气汤证, 栀子厚朴汤证, 枳实芍药散证]
候选方证打分：[Gualouxiebaibanxiatangzheng(hits=5/5, gap=0, poss=0/0, prio=3), Huanglianejiaotangzheng(hits=3/4, gap=1, poss=0/0, prio=1), Wutouchishizhiwanzheng(hits=3/4, gap=1, poss=0/0, prio=1), Guizhijiashaoyaotangzheng(hits=3/4, gap=1, poss=0/0, prio=3), Houposhengjiangbanxiagancaorenshentangzheng(hits=3/4, gap=1, poss=0/0, prio=3), Jijiaolihuangwanzheng(hits=3/4, gap=1, poss=0/0, prio=3), Tinglidazaoxiefeitangzheng(hits=3/5, gap=2, poss=0/0, prio=2), Xiaochengqitangzheng(hits=3/5, gap=2, poss=0/0, prio=2), Zhizihoupotangzheng(hits=3/5, gap=2, poss=0/0, prio=2), Zhishishaoyaosanzheng(hits=3/5, gap=2, poss=0/0, prio=3)]
兼夹证：[]
加味药物：[附子]
配伍禁忌警告：[十八反：瓜蒌实 反 附子, 十八反：半夏 反 附子]

===== 枳实薤白桂枝汤证 =====
八纲：{表里=[里证], 寒热=[], 虚实=[实证, 虚证], 阴阳=[阳证], bagangTypes=[里证, 实证, 虚证, 阳证, 阴证]}
六经：阳明太阴合病
方证：枳实薤白桂枝汤证
推荐方剂：枳实薤白桂枝汤加附子
药物组成：[瓜蒌实, 桂枝, 厚朴, 薤白, 枳实, 附子]
六经列表：[太阴病, 阳明病]
合病标记：阳明太阴合病
命中主证：[胁下逆抢心, 心中痞, 胸痹, 胸满]
命中或然证：[]
候选命中主证：[[胁下逆抢心, 心中痞, 胸痹, 胸满], [胁下逆抢心, 胸痹, 胸满], [腹满], [心中痞], [腹满], [腹满], [胸满], [腹满], [腹满], [胸痹]]
候选缺口：[[], [心中痞气], [时痛], [气逆], [按之不痛], [口舌干燥], [咳嗽], [潮热, 谵语], [卧起不安, 心烦], [不得卧, 心痛彻背]]
候选命中或然证：[[], [], [], [], [], [], [], [], [], []]
候选方证：[枳实薤白桂枝汤证, 人参汤证, 桂枝加芍药汤证, 桂枝生姜枳实汤证, 厚朴生姜半夏甘草人参汤证, 己椒苈黄丸证, 苓甘五味姜辛汤证, 小承气汤证, 栀子厚朴汤证, 栝楼薤白半夏汤证]
候选方证打分：[Zhishixiebaiguizhitangzheng(hits=6/6, gap=0, poss=0/0, prio=3), Renshentangzheng(hits=5/6, gap=1, poss=0/0, prio=3), Guizhijiashaoyaotangzheng(hits=3/4, gap=1, poss=0/0, prio=3), Guizhishengjiangzhishitangzheng(hits=3/4, gap=1, poss=0/0, prio=3), Houposhengjiangbanxiagancaorenshentangzheng(hits=3/4, gap=1, poss=0/0, prio=3), Jijiaolihuangwanzheng(hits=3/4, gap=1, poss=0/0, prio=3), Lingganwuweijiangxintangzheng(hits=3/4, gap=1, poss=0/0, prio=3), Xiaochengqitangzheng(hits=3/5, gap=2, poss=0/0, prio=2), Zhizihoupotangzheng(hits=3/5, gap=2, poss=0/0, prio=2), Gualouxiebaibanxiatangzheng(hits=3/5, gap=2, poss=0/0, prio=3)]
兼夹证：[]
加味药物：[附子]
配伍禁忌警告：[十八反：瓜蒌实 反 附子]

===== 枳术汤证 =====
八纲：{表里=[里证], 寒热=[], 虚实=[虚证], 阴阳=[阴证], bagangTypes=[里证, 虚证, 阴证]}
六经：太阴病
方证：枳术汤证
推荐方剂：枳术汤去白术加附子
药物组成：[枳实, 附子]
六经列表：[太阴病]
合病标记：null
命中主证：[边如旋盘, 大如盘, 心下坚]
命中或然证：[]
候选命中主证：[[边如旋盘, 大如盘, 心下坚], [腹满], [腹满], [腹满], [腹满], [心下坚], [腹满], [腹满]]
候选缺口：[[], [时痛], [按之不痛], [口舌干燥], [不渴, 下利], [沉弦脉, 下利, 促脉, 胸满], [不能饮食, 肌肤甲错, 两目黯黑, 五劳虚极], [唇口干燥, 暮即发热, 少腹里急, 手掌烦热]]
候选命中或然证：[[], [], [], [], [], [], [], []]
候选方证：[枳术汤证, 桂枝加芍药汤证, 厚朴生姜半夏甘草人参汤证, 己椒苈黄丸证, 理中汤证, 甘遂半夏汤证, 大黄蛰虫丸证, 温经汤证]
候选方证打分：[Zhishutangzheng(hits=5/5, gap=0, poss=0/0, prio=3), Guizhijiashaoyaotangzheng(hits=3/4, gap=1, poss=0/0, prio=3), Houposhengjiangbanxiagancaorenshentangzheng(hits=3/4, gap=1, poss=0/0, prio=3), Jijiaolihuangwanzheng(hits=3/4, gap=1, poss=0/0, prio=3), Lizhongtangzheng(hits=3/5, gap=2, poss=0/0, prio=3), Gansuibanxiatangzheng(hits=4/7, gap=3, poss=0/0, prio=2), Dahuangzhechongwanzheng(hits=3/7, gap=4, poss=0/0, prio=2), Wenjingtangzheng(hits=3/7, gap=4, poss=0/0, prio=3)]
兼夹证：[]
加味药物：[附子]
减味药物：[白术]
配伍禁忌警告：[]

===== 百合地黄汤证 =====
八纲：{表里=[半表半里], 寒热=[热证], 虚实=[虚证], 阴阳=[阳证], bagangTypes=[半表半里, 热证, 虚证, 阳证, 阴证]}
六经：少阳厥阴合病
方证：百合地黄汤证
推荐方剂：百合地黄汤
药物组成：[百合, 生地黄汁]
六经列表：[厥阴病, 少阳病]
合病标记：少阳厥阴合病
命中主证：[口苦, 小便赤]
命中或然证：[]
候选命中主证：[[口苦, 小便赤], [口苦, 往来寒热, 胸胁苦满], [口苦, 小便赤], [口苦, 小便赤], [胸胁苦满], [往来寒热, 胸胁苦满]]
候选缺口：[[], [], [心烦], [小便不利], [潮热, 呕, 沉弦脉, 心下坚], [大便硬, 心下急, 郁郁微烦, 沉弦脉, 心下坚]]
候选命中或然证：[[], [], [], [], [], []]
候选方证：[百合地黄汤证, 小柴胡汤证, 百合知母汤证, 滑石代赭汤证, 柴胡加芒硝汤证, 大柴胡汤证]
候选方证打分：[Baihedihuangtangzheng(hits=4/4, gap=0, poss=0/0, prio=5), Xiaochaihutangzheng(hits=3/3, gap=0, poss=0/7, prio=3), Baihezhimutangzheng(hits=4/5, gap=1, poss=0/0, prio=5), Huashidaizhetangzheng(hits=4/5, gap=1, poss=0/0, prio=5), Chaihujiamangxiaotangzheng(hits=4/7, gap=3, poss=0/0, prio=3), Dachaihutangzheng(hits=5/9, gap=4, poss=0/0, prio=2)]
兼夹证：[]
加味药物：[]
配伍禁忌警告：[]

===== 百合知母汤证 =====
八纲：{表里=[半表半里], 寒热=[热证], 虚实=[虚证], 阴阳=[阳证], bagangTypes=[半表半里, 热证, 虚证, 阳证, 阴证]}
六经：少阳厥阴合病
方证：百合知母汤证
推荐方剂：百合知母汤
药物组成：[百合, 知母]
六经列表：[厥阴病, 少阳病]
合病标记：少阳厥阴合病
命中主证：[口苦, 小便赤, 心烦]
命中或然证：[]
候选命中主证：[[口苦, 小便赤, 心烦], [口苦, 小便赤], [口苦, 往来寒热, 心烦, 胸胁苦满], [口苦, 小便赤], [心烦], [胸胁苦满], [心烦], [往来寒热, 胸胁苦满]]
候选缺口：[[], [], [], [小便不利], [不得眠, 沉弦脉, 心下坚], [潮热, 呕, 沉弦脉, 心下坚], [下利, 胸满, 咽痛], [大便硬, 心下急, 郁郁微烦, 沉弦脉, 心下坚]]
候选命中或然证：[[], [], [], [], [], [], [], []]
候选方证：[百合知母汤证, 百合地黄汤证, 小柴胡汤证, 滑石代赭汤证, 温胆汤证, 柴胡加芒硝汤证, 猪肤汤证, 大柴胡汤证]
候选方证打分：[Baihezhimutangzheng(hits=5/5, gap=0, poss=0/0, prio=5), Baihedihuangtangzheng(hits=4/4, gap=0, poss=0/0, prio=5), Xiaochaihutangzheng(hits=3/3, gap=0, poss=0/7, prio=3), Huashidaizhetangzheng(hits=4/5, gap=1, poss=0/0, prio=5), Wendantangzheng(hits=4/6, gap=2, poss=0/0, prio=3), Chaihujiamangxiaotangzheng(hits=4/7, gap=3, poss=0/0, prio=3), Zhufutangzheng(hits=3/6, gap=3, poss=0/0, prio=5), Dachaihutangzheng(hits=5/9, gap=4, poss=0/0, prio=2)]
兼夹证：[]
加味药物：[]
配伍禁忌警告：[]

===== 滑石代赭汤证 =====
八纲：{表里=[半表半里], 寒热=[热证], 虚实=[虚证], 阴阳=[阳证], bagangTypes=[半表半里, 热证, 虚证, 阳证, 阴证]}
六经：少阳厥阴合病
方证：滑石代赭汤证
推荐方剂：滑石代赭汤加茯苓
药物组成：[百合, 代赭石, 滑石, 茯苓]
六经列表：[厥阴病, 少阳病]
合病标记：少阳厥阴合病
命中主证：[口苦, 小便不利, 小便赤]
命中或然证：[]
候选命中主证：[[口苦, 小便不利, 小便赤], [口苦, 小便赤], [口苦, 往来寒热, 胸胁苦满], [口苦, 小便赤], [小便不利], [胸胁苦满], [往来寒热, 胸胁苦满], [小便不利], []]
候选缺口：[[], [], [], [心烦], [但头汗出, 口渴], [潮热, 呕, 沉弦脉, 心下坚], [大便硬, 心下急, 郁郁微烦, 沉弦脉, 心下坚], [烦躁, 胸满, 谵语, 沉弦脉, 心下坚], [手足冷]]
候选命中或然证：[[], [], [], [], [], [], [], [], [小便不利]]
候选方证：[滑石代赭汤证, 百合地黄汤证, 小柴胡汤证, 百合知母汤证, 柴胡桂枝干姜汤证, 柴胡加芒硝汤证, 大柴胡汤证, 柴胡加龙骨牡蛎汤证, 四逆散证]
候选方证打分：[Huashidaizhetangzheng(hits=5/5, gap=0, poss=0/0, prio=5), Baihedihuangtangzheng(hits=4/4, gap=0, poss=0/0, prio=5), Xiaochaihutangzheng(hits=3/3, gap=0, poss=0/7, prio=3), Baihezhimutangzheng(hits=4/5, gap=1, poss=0/0, prio=5), Chaihuguizhiganjiangtangzheng(hits=3/5, gap=2, poss=0/0, prio=3), Chaihujiamangxiaotangzheng(hits=4/7, gap=3, poss=0/0, prio=3), Dachaihutangzheng(hits=5/9, gap=4, poss=0/0, prio=2), Chaihujialonggumulitangzheng(hits=4/8, gap=4, poss=0/0, prio=2), Sinisanzheng(hits=2/3, gap=1, poss=1/6, prio=3)]
兼夹证：[]
加味药物：[茯苓]
配伍禁忌警告：[]
?? 跳过与病例四诊互斥的六经锚点脉象: Hongmai（Yangmingbing）

===== 百合鸡子汤证 =====
八纲：{表里=[里证], 寒热=[热证], 虚实=[虚证], 阴阳=[阳证], bagangTypes=[里证, 热证, 虚证, 阳证, 阴证]}
六经：阳明太阴合病
方证：百合鸡子汤证
推荐方剂：百合鸡子汤加附子、人参、瓜蒌根、白术
药物组成：[百合, 鸡子黄, 附子, 人参, 瓜蒌根, 白术]
六经列表：[太阴病, 阳明病]
合病标记：阳明太阴合病
命中主证：[口苦, 小便赤, 胸中烦]
命中或然证：[]
候选命中主证：[[口苦, 小便赤, 胸中烦], [口渴, 口苦, 小便赤], [口渴, 口苦, 小便赤], [口苦, 小便赤], [口渴], [腹满], [腹满], [腹满], [腹满], [腹满]]
候选缺口：[[], [], [大渴], [发热], [呕吐], [时痛], [按之不痛], [口舌干燥], [潮热, 谵语], [卧起不安, 心烦]]
候选命中或然证：[[], [], [], [], [], [], [], [], [], []]
候选方证：[百合鸡子汤证, 百合洗方证, 栝楼牡蛎散证, 百合滑石散证, 茯苓泽泻汤证, 桂枝加芍药汤证, 厚朴生姜半夏甘草人参汤证, 己椒苈黄丸证, 小承气汤证, 栀子厚朴汤证]
候选方证打分：[Baihejizitangzheng(hits=7/7, gap=0, poss=0/0, prio=5), Baihexifangzheng(hits=7/7, gap=0, poss=0/0, prio=5), Gualoumulisanzheng(hits=7/8, gap=1, poss=0/0, prio=5), Baihehuashisanzheng(hits=6/7, gap=1, poss=0/0, prio=5), Fulingzexietangzheng(hits=3/4, gap=1, poss=0/0, prio=3), Guizhijiashaoyaotangzheng(hits=3/4, gap=1, poss=0/0, prio=3), Houposhengjiangbanxiagancaorenshentangzheng(hits=3/4, gap=1, poss=0/0, prio=3), Jijiaolihuangwanzheng(hits=3/4, gap=1, poss=0/0, prio=3), Xiaochengqitangzheng(hits=3/5, gap=2, poss=0/0, prio=2), Zhizihoupotangzheng(hits=3/5, gap=2, poss=0/0, prio=2)]
兼夹证：[]
加味药物：[附子, 人参, 瓜蒌根, 白术]
配伍禁忌警告：[十八反：瓜蒌根 反 附子]
?? 跳过与病例四诊互斥的六经锚点脉象: Hongmai（Yangmingbing）

===== 百合洗方证 =====
八纲：{表里=[里证], 寒热=[热证], 虚实=[虚证], 阴阳=[阳证], bagangTypes=[里证, 热证, 虚证, 阳证, 阴证]}
六经：阳明太阴合病
方证：百合洗方证
推荐方剂：百合洗方加附子、人参、瓜蒌根、白术
药物组成：[百合, 附子, 人参, 瓜蒌根, 白术]
六经列表：[太阴病, 阳明病]
合病标记：阳明太阴合病
命中主证：[口渴, 口苦, 小便赤]
命中或然证：[]
候选命中主证：[[口渴, 口苦, 小便赤], [口渴, 口苦, 小便赤], [口苦, 小便赤], [口苦, 小便赤], [口渴], [腹满], [腹满], [腹满], [腹满], [腹满]]
候选缺口：[[], [大渴], [发热], [胸中烦], [呕吐], [时痛], [按之不痛], [口舌干燥], [潮热, 谵语], [卧起不安, 心烦]]
候选命中或然证：[[], [], [], [], [], [], [], [], [], []]
候选方证：[百合洗方证, 栝楼牡蛎散证, 百合滑石散证, 百合鸡子汤证, 茯苓泽泻汤证, 桂枝加芍药汤证, 厚朴生姜半夏甘草人参汤证, 己椒苈黄丸证, 小承气汤证, 栀子厚朴汤证]
候选方证打分：[Baihexifangzheng(hits=7/7, gap=0, poss=0/0, prio=5), Gualoumulisanzheng(hits=7/8, gap=1, poss=0/0, prio=5), Baihehuashisanzheng(hits=6/7, gap=1, poss=0/0, prio=5), Baihejizitangzheng(hits=6/7, gap=1, poss=0/0, prio=5), Fulingzexietangzheng(hits=3/4, gap=1, poss=0/0, prio=3), Guizhijiashaoyaotangzheng(hits=3/4, gap=1, poss=0/0, prio=3), Houposhengjiangbanxiagancaorenshentangzheng(hits=3/4, gap=1, poss=0/0, prio=3), Jijiaolihuangwanzheng(hits=3/4, gap=1, poss=0/0, prio=3), Xiaochengqitangzheng(hits=3/5, gap=2, poss=0/0, prio=2), Zhizihoupotangzheng(hits=3/5, gap=2, poss=0/0, prio=2)]
兼夹证：[]
加味药物：[附子, 人参, 瓜蒌根, 白术]
配伍禁忌警告：[十八反：瓜蒌根 反 附子]
?? 跳过与病例四诊互斥的六经锚点脉象: Hongmai（Yangmingbing）

===== 百合滑石散证 =====
八纲：{表里=[里证], 寒热=[热证], 虚实=[虚证], 阴阳=[阳证], bagangTypes=[里证, 热证, 虚证, 阳证, 阴证]}
六经：阳明太阴合病
方证：百合滑石散证
推荐方剂：百合滑石散加附子、人参、瓜蒌根、白术
药物组成：[百合, 滑石, 附子, 人参, 瓜蒌根, 白术]
六经列表：[太阴病, 阳明病]
合病标记：阳明太阴合病
命中主证：[发热, 口苦, 小便赤]
命中或然证：[]
候选命中主证：[[发热, 口苦, 小便赤], [口渴, 口苦, 小便赤], [口渴, 口苦, 小便赤], [口苦, 小便赤], [发热, 口渴], [发热], [口渴], [腹满], [腹满], [腹满]]
候选缺口：[[], [], [大渴], [胸中烦], [小便不利], [身黄], [呕吐], [时痛], [按之不痛], [口舌干燥]]
候选命中或然证：[[], [], [], [], [], [], [], [], [], []]
候选方证：[百合滑石散证, 百合洗方证, 栝楼牡蛎散证, 百合鸡子汤证, 猪苓汤证, 栀子柏皮汤证, 茯苓泽泻汤证, 桂枝加芍药汤证, 厚朴生姜半夏甘草人参汤证, 己椒苈黄丸证]
候选方证打分：[Baihehuashisanzheng(hits=7/7, gap=0, poss=0/0, prio=5), Baihexifangzheng(hits=7/7, gap=0, poss=0/0, prio=5), Gualoumulisanzheng(hits=7/8, gap=1, poss=0/0, prio=5), Baihejizitangzheng(hits=6/7, gap=1, poss=0/0, prio=5), Zhulingtangzheng(hits=4/5, gap=1, poss=0/0, prio=2), Zhizibaipitangzheng(hits=3/4, gap=1, poss=0/0, prio=2), Fulingzexietangzheng(hits=3/4, gap=1, poss=0/0, prio=3), Guizhijiashaoyaotangzheng(hits=3/4, gap=1, poss=0/0, prio=3), Houposhengjiangbanxiagancaorenshentangzheng(hits=3/4, gap=1, poss=0/0, prio=3), Jijiaolihuangwanzheng(hits=3/4, gap=1, poss=0/0, prio=3)]
兼夹证：[]
加味药物：[附子, 人参, 瓜蒌根, 白术]
配伍禁忌警告：[十八反：瓜蒌根 反 附子]

===== 当归芍药散证 =====
八纲：{表里=[里证], 寒热=[], 虚实=[虚证], 阴阳=[阴证], bagangTypes=[里证, 虚证, 阴证]}
六经：太阴病
方证：当归芍药散证
推荐方剂：当归芍药散去白术加附子
药物组成：[川芎, 当归, 茯苓, 芍药, 泽泻, 附子]
六经列表：[太阴病]
合病标记：null
命中主证：[腹中?痛, 妊娠]
命中或然证：[]
候选命中主证：[[腹中?痛, 妊娠], [腹中?痛], [妊娠], [妊娠], [腹满], [腹满], [腹满], [腹满], [腹满], [腹满]]
候选缺口：[[], [], [大便溏], [小便黄], [时痛], [按之不痛], [口舌干燥], [不渴, 下利], [不能饮食, 肌肤甲错, 两目黯黑, 五劳虚极], [唇口干燥, 暮即发热, 少腹里急, 手掌烦热]]
候选命中或然证：[[], [], [], [], [], [], [], [], [], []]
候选方证：[当归芍药散证, 小建中汤证, 白术散证, 当归散证, 桂枝加芍药汤证, 厚朴生姜半夏甘草人参汤证, 己椒苈黄丸证, 理中汤证, 大黄蛰虫丸证, 温经汤证]
候选方证打分：[Dangguishaoyaosanzheng(hits=4/4, gap=0, poss=0/0, prio=3), Xiaojianzhongtangzheng(hits=3/3, gap=0, poss=0/0, prio=3), Baizhusanzheng(hits=3/4, gap=1, poss=0/0, prio=3), Dangguisanzheng(hits=3/4, gap=1, poss=0/0, prio=3), Guizhijiashaoyaotangzheng(hits=3/4, gap=1, poss=0/0, prio=3), Houposhengjiangbanxiagancaorenshentangzheng(hits=3/4, gap=1, poss=0/0, prio=3), Jijiaolihuangwanzheng(hits=3/4, gap=1, poss=0/0, prio=3), Lizhongtangzheng(hits=3/5, gap=2, poss=0/0, prio=3), Dahuangzhechongwanzheng(hits=3/7, gap=4, poss=0/0, prio=2), Wenjingtangzheng(hits=3/7, gap=4, poss=0/0, prio=3)]
兼夹证：[]
加味药物：[附子]
减味药物：[白术]
配伍禁忌警告：[]

===== 当归散证 =====
八纲：{表里=[里证], 寒热=[], 虚实=[虚证], 阴阳=[阴证], bagangTypes=[里证, 虚证, 阴证]}
六经：太阴病
方证：当归散证
推荐方剂：当归散去白术加附子
药物组成：[川芎, 当归, 黄芩, 芍药, 附子]
六经列表：[太阴病]
合病标记：null
命中主证：[妊娠, 小便黄]
命中或然证：[]
候选命中主证：[[妊娠, 小便黄], [妊娠], [妊娠], [腹满], [腹满], [腹满], [腹满], [腹满], [腹满]]
候选缺口：[[], [大便溏], [腹中?痛], [时痛], [按之不痛], [口舌干燥], [不渴, 下利], [不能饮食, 肌肤甲错, 两目黯黑, 五劳虚极], [唇口干燥, 暮即发热, 少腹里急, 手掌烦热]]
候选命中或然证：[[], [], [], [], [], [], [], [], []]
候选方证：[当归散证, 白术散证, 当归芍药散证, 桂枝加芍药汤证, 厚朴生姜半夏甘草人参汤证, 己椒苈黄丸证, 理中汤证, 大黄蛰虫丸证, 温经汤证]
候选方证打分：[Dangguisanzheng(hits=4/4, gap=0, poss=0/0, prio=3), Baizhusanzheng(hits=3/4, gap=1, poss=0/0, prio=3), Dangguishaoyaosanzheng(hits=3/4, gap=1, poss=0/0, prio=3), Guizhijiashaoyaotangzheng(hits=3/4, gap=1, poss=0/0, prio=3), Houposhengjiangbanxiagancaorenshentangzheng(hits=3/4, gap=1, poss=0/0, prio=3), Jijiaolihuangwanzheng(hits=3/4, gap=1, poss=0/0, prio=3), Lizhongtangzheng(hits=3/5, gap=2, poss=0/0, prio=3), Dahuangzhechongwanzheng(hits=3/7, gap=4, poss=0/0, prio=2), Wenjingtangzheng(hits=3/7, gap=4, poss=0/0, prio=3)]
兼夹证：[]
加味药物：[附子]
减味药物：[白术]
配伍禁忌警告：[]

===== 当归贝母苦参丸证 =====
八纲：{表里=[里证], 寒热=[], 虚实=[虚证], 阴阳=[阴证], bagangTypes=[里证, 虚证, 阳证, 阴证]}
六经：阳明太阴合病
方证：当归贝母苦参丸证
推荐方剂：当归贝母苦参丸加附子、人参、瓜蒌根、白术
药物组成：[贝母, 当归, 苦参, 附子, 人参, 瓜蒌根, 白术]
六经列表：[太阴病, 阳明病]
合病标记：阳明太阴合病
命中主证：[小便难, 饮食如故]
命中或然证：[]
候选命中主证：[[小便难, 饮食如故], [口渴], [腹满], [腹满], [腹满], [口渴], [腹满], [腹满], [口渴], [口渴]]
候选缺口：[[], [呕吐], [时痛], [按之不痛], [口舌干燥], [口苦, 小便赤], [潮热, 谵语], [卧起不安, 心烦], [发热, 小便不利], [沉脉, 小便不利]]
候选命中或然证：[[], [], [], [], [], [], [], [], [], []]
候选方证：[当归贝母苦参丸证, 茯苓泽泻汤证, 桂枝加芍药汤证, 厚朴生姜半夏甘草人参汤证, 己椒苈黄丸证, 百合洗方证, 小承气汤证, 栀子厚朴汤证, 猪苓汤证, 栝楼瞿麦丸证]
候选方证打分：[Dangguibeimukushenwanzheng(hits=6/6, gap=0, poss=0/1, prio=3), Fulingzexietangzheng(hits=3/4, gap=1, poss=0/0, prio=3), Guizhijiashaoyaotangzheng(hits=3/4, gap=1, poss=0/0, prio=3), Houposhengjiangbanxiagancaorenshentangzheng(hits=3/4, gap=1, poss=0/0, prio=3), Jijiaolihuangwanzheng(hits=3/4, gap=1, poss=0/0, prio=3), Baihexifangzheng(hits=5/7, gap=2, poss=0/0, prio=5), Xiaochengqitangzheng(hits=3/5, gap=2, poss=0/0, prio=2), Zhizihoupotangzheng(hits=3/5, gap=2, poss=0/0, prio=2), Zhulingtangzheng(hits=3/5, gap=2, poss=0/0, prio=2), Gualouqumaiwanzheng(hits=3/5, gap=2, poss=0/0, prio=3)]
兼夹证：[]
加味药物：[附子, 人参, 瓜蒌根, 白术]
配伍禁忌警告：[十八反：瓜蒌根 反 附子, 十八反：贝母 反 附子]

===== 旋覆代赭汤证 =====
八纲：{表里=[里证], 寒热=[], 虚实=[虚证], 阴阳=[阴证], bagangTypes=[里证, 虚证, 阴证]}
六经：太阴病
方证：旋覆代赭汤证
推荐方剂：旋覆代赭汤加附子
药物组成：[半夏, 代赭石, 大枣, 甘草, 人参, 生姜, 旋覆花, 附子]
六经列表：[太阴病]
合病标记：null
命中主证：[心下痞硬, 噫气]
命中或然证：[]
候选命中主证：[[心下痞硬, 噫气], [心下痞硬], [腹满], [腹满], [腹满], [心下痞硬], [心下痞硬], [腹满], [腹满], [腹满]]
候选缺口：[[], [下利不止], [时痛], [按之不痛], [口舌干燥], [下利不止, 无热恶寒], [腹中雷鸣, 干噫食臭], [不渴, 下利], [不能饮食, 肌肤甲错, 两目黯黑, 五劳虚极], [唇口干燥, 暮即发热, 少腹里急, 手掌烦热]]
候选命中或然证：[[], [], [], [], [], [], [], [], [], []]
候选方证：[旋覆代赭汤证, 赤石脂禹余粮汤证, 桂枝加芍药汤证, 厚朴生姜半夏甘草人参汤证, 己椒苈黄丸证, 桂枝人参汤证, 生姜泻心汤证, 理中汤证, 大黄蛰虫丸证, 温经汤证]
候选方证打分：[Xuanfudaizhetangzheng(hits=4/4, gap=0, poss=0/0, prio=3), Chishizhiyuyuliangtangzheng(hits=3/4, gap=1, poss=0/0, prio=2), Guizhijiashaoyaotangzheng(hits=3/4, gap=1, poss=0/0, prio=3), Houposhengjiangbanxiagancaorenshentangzheng(hits=3/4, gap=1, poss=0/0, prio=3), Jijiaolihuangwanzheng(hits=3/4, gap=1, poss=0/0, prio=3), Guizhirenshentangzheng(hits=4/6, gap=2, poss=0/0, prio=2), Shengjiangxiexintangzheng(hits=3/5, gap=2, poss=0/0, prio=2), Lizhongtangzheng(hits=3/5, gap=2, poss=0/0, prio=3), Dahuangzhechongwanzheng(hits=3/7, gap=4, poss=0/0, prio=2), Wenjingtangzheng(hits=3/7, gap=4, poss=0/0, prio=3)]
兼夹证：[]
加味药物：[附子]
配伍禁忌警告：[十八反：半夏 反 附子]

===== 芍药甘草汤证 =====
八纲：{表里=[里证], 寒热=[], 虚实=[虚证], 阴阳=[阴证], bagangTypes=[里证, 虚证, 阴证]}
六经：太阴病
方证：芍药甘草汤证
推荐方剂：芍药甘草汤加附子
药物组成：[甘草, 芍药, 附子]
六经列表：[太阴病]
合病标记：null
命中主证：[脚挛急]
命中或然证：[]
候选命中主证：[[脚挛急], [腹满], [腹满], [腹满], [腹满], [脚挛急], [腹满], [腹满]]
候选缺口：[[], [时痛], [按之不痛], [口舌干燥], [不渴, 下利], [微脉, 恶寒], [不能饮食, 肌肤甲错, 两目黯黑, 五劳虚极], [唇口干燥, 暮即发热, 少腹里急, 手掌烦热]]
候选命中或然证：[[], [], [], [], [], [], [], []]
候选方证：[芍药甘草汤证, 桂枝加芍药汤证, 厚朴生姜半夏甘草人参汤证, 己椒苈黄丸证, 理中汤证, 芍药甘草附子汤证, 大黄蛰虫丸证, 温经汤证]
候选方证打分：[Shaoyaogancaotangzheng(hits=3/3, gap=0, poss=0/0, prio=3), Guizhijiashaoyaotangzheng(hits=3/4, gap=1, poss=0/0, prio=3), Houposhengjiangbanxiagancaorenshentangzheng(hits=3/4, gap=1, poss=0/0, prio=3), Jijiaolihuangwanzheng(hits=3/4, gap=1, poss=0/0, prio=3), Lizhongtangzheng(hits=3/5, gap=2, poss=0/0, prio=3), Shaoyaogancaofuzitangzheng(hits=3/5, gap=2, poss=0/0, prio=3), Dahuangzhechongwanzheng(hits=3/7, gap=4, poss=0/0, prio=2), Wenjingtangzheng(hits=3/7, gap=4, poss=0/0, prio=3)]
兼夹证：[]
加味药物：[附子]
配伍禁忌警告：[]

===== 芍药甘草附子汤证 =====
八纲：{表里=[里证], 寒热=[], 虚实=[虚证], 阴阳=[阴证], bagangTypes=[里证, 虚证, 阴证]}
六经：太阴病
方证：芍药甘草附子汤证
推荐方剂：芍药甘草附子汤加减
药物组成：[附子, 甘草, 芍药]
六经列表：[太阴病]
合病标记：null
命中主证：[恶寒, 脚挛急, 微脉]
命中或然证：[]
候选命中主证：[[恶寒, 脚挛急, 微脉], [脚挛急], [恶寒, 汗出], [汗出], [腹满], [腹满], [腹满], [恶寒, 微脉], [微脉], [腹满]]
候选缺口：[[], [], [心下痞], [厥逆], [时痛], [按之不痛], [口舌干燥], [利止, 亡血], [面赤, 下利], [不渴, 下利]]
候选命中或然证：[[], [], [], [], [], [], [], [], [], []]
候选方证：[芍药甘草附子汤证, 芍药甘草汤证, 附子泻心汤证, 通脉四逆加猪胆汁汤证, 桂枝加芍药汤证, 厚朴生姜半夏甘草人参汤证, 己椒苈黄丸证, 四逆加人参汤证, 白通汤证, 理中汤证]
候选方证打分：[Shaoyaogancaofuzitangzheng(hits=5/5, gap=0, poss=0/0, prio=3), Shaoyaogancaotangzheng(hits=3/3, gap=0, poss=0/0, prio=3), Fuzixiexintangzheng(hits=4/5, gap=1, poss=0/0, prio=2), Tongmaisinijiazhudanzhitangzheng(hits=3/4, gap=1, poss=0/0, prio=1), Guizhijiashaoyaotangzheng(hits=3/4, gap=1, poss=0/0, prio=3), Houposhengjiangbanxiagancaorenshentangzheng(hits=3/4, gap=1, poss=0/0, prio=3), Jijiaolihuangwanzheng(hits=3/4, gap=1, poss=0/0, prio=3), Sinijiarenshentangzheng(hits=4/6, gap=2, poss=0/0, prio=1), Baitongtangzheng(hits=3/5, gap=2, poss=0/0, prio=1), Lizhongtangzheng(hits=3/5, gap=2, poss=0/0, prio=3)]
兼夹证：[]
加味药物：[]
配伍禁忌警告：[]

===== 柏叶汤证 =====
八纲：{表里=[里证], 寒热=[], 虚实=[虚证], 阴阳=[阴证], bagangTypes=[里证, 虚证, 阴证]}
六经：太阴病
方证：柏叶汤证
推荐方剂：柏叶汤加附子
药物组成：[艾叶, 柏叶, 干姜, 马通汁, 附子]
六经列表：[太阴病]
合病标记：null
命中主证：[吐血不止]
命中或然证：[]
候选命中主证：[[吐血不止], [腹满], [腹满], [腹满], [腹满], [腹满], [腹满]]
候选缺口：[[], [时痛], [按之不痛], [口舌干燥], [不渴, 下利], [不能饮食, 肌肤甲错, 两目黯黑, 五劳虚极], [唇口干燥, 暮即发热, 少腹里急, 手掌烦热]]
候选命中或然证：[[], [], [], [], [], [], []]
候选方证：[柏叶汤证, 桂枝加芍药汤证, 厚朴生姜半夏甘草人参汤证, 己椒苈黄丸证, 理中汤证, 大黄蛰虫丸证, 温经汤证]
候选方证打分：[Baiyetangzheng(hits=3/3, gap=0, poss=0/1, prio=3), Guizhijiashaoyaotangzheng(hits=3/4, gap=1, poss=0/0, prio=3), Houposhengjiangbanxiagancaorenshentangzheng(hits=3/4, gap=1, poss=0/0, prio=3), Jijiaolihuangwanzheng(hits=3/4, gap=1, poss=0/0, prio=3), Lizhongtangzheng(hits=3/5, gap=2, poss=0/0, prio=3), Dahuangzhechongwanzheng(hits=3/7, gap=4, poss=0/0, prio=2), Wenjingtangzheng(hits=3/7, gap=4, poss=0/0, prio=3)]
兼夹证：[]
加味药物：[附子]
配伍禁忌警告：[]

===== 黄土汤证 =====
八纲：{表里=[里证], 寒热=[], 虚实=[虚证], 阴阳=[阴证], bagangTypes=[里证, 虚证, 阴证]}
六经：太阴病
方证：黄土汤证
推荐方剂：黄土汤去白术
药物组成：[干地黄, 阿胶, 附子, 甘草, 黄芩, 灶心黄土]
六经列表：[太阴病]
合病标记：null
命中主证：[便血, 先便后血]
命中或然证：[]
候选命中主证：[[便血, 先便后血], [腹满], [腹满], [腹满], [腹满], [腹满], [腹满], []]
候选缺口：[[], [时痛], [按之不痛], [口舌干燥], [不渴, 下利], [不能饮食, 肌肤甲错, 两目黯黑, 五劳虚极], [唇口干燥, 暮即发热, 少腹里急, 手掌烦热], [吐血]]
候选命中或然证：[[], [], [], [], [], [], [], [面色萎黄]]
候选方证：[黄土汤证, 桂枝加芍药汤证, 厚朴生姜半夏甘草人参汤证, 己椒苈黄丸证, 理中汤证, 大黄蛰虫丸证, 温经汤证, 柏叶汤证]
候选方证打分：[Huangtutangzheng(hits=4/4, gap=0, poss=0/1, prio=3), Guizhijiashaoyaotangzheng(hits=3/4, gap=1, poss=0/0, prio=3), Houposhengjiangbanxiagancaorenshentangzheng(hits=3/4, gap=1, poss=0/0, prio=3), Jijiaolihuangwanzheng(hits=3/4, gap=1, poss=0/0, prio=3), Lizhongtangzheng(hits=3/5, gap=2, poss=0/0, prio=3), Dahuangzhechongwanzheng(hits=3/7, gap=4, poss=0/0, prio=2), Wenjingtangzheng(hits=3/7, gap=4, poss=0/0, prio=3), Baiyetangzheng(hits=2/3, gap=1, poss=1/1, prio=3)]
兼夹证：[]
加味药物：[]
减味药物：[白术]
配伍禁忌警告：[]

===== 赤小豆当归散证 =====
八纲：{表里=[里证], 寒热=[], 虚实=[], 阴阳=[阳证], bagangTypes=[里证, 阳证]}
六经：阳明病
方证：赤小豆当归散证
推荐方剂：赤小豆当归散加人参、瓜蒌根、白术
药物组成：[赤小豆, 当归, 人参, 瓜蒌根, 白术]
六经列表：[阳明病]
合病标记：null
命中主证：[便血, 先血后便]
命中或然证：[]
候选命中主证：[[便血, 先血后便], [口渴], [口渴], [口渴], [洪脉], [口渴], [口渴], [口渴], []]
候选缺口：[[], [发热, 小便不利], [里急后重, 下利], [口苦, 小便赤, 无热恶寒], [大汗, 大渴, 大热], [呕吐, 头痛, 欲饮, 无热恶寒], [大渴, 口苦, 小便赤, 无热恶寒], [大汗, 恶寒, 发热, 往来寒热, 胸胁苦满], [喘, 汗出]]
候选命中或然证：[[], [], [], [], [], [], [], [], [口渴]]
候选方证：[赤小豆当归散证, 猪苓汤证, 白头翁汤证, 百合洗方证, 白虎汤证, 文蛤汤证, 栝楼牡蛎散证, 柴胡白虎汤证, 麻杏石甘汤证]
候选方证打分：[Chixiaodoudangguisanzheng(hits=4/4, gap=0, poss=0/0, prio=3), Zhulingtangzheng(hits=3/5, gap=2, poss=0/0, prio=2), Baitouwengtangzheng(hits=3/5, gap=2, poss=0/1, prio=3), Baihexifangzheng(hits=4/7, gap=3, poss=0/0, prio=5), Baihutangzheng(hits=3/6, gap=3, poss=0/0, prio=2), Wengetangzheng(hits=4/8, gap=4, poss=0/0, prio=3), Gualoumulisanzheng(hits=4/8, gap=4, poss=0/0, prio=5), Chaihubaihutangzheng(hits=3/8, gap=5, poss=0/0, prio=2), Maxingshigantangzheng(hits=2/4, gap=2, poss=1/2, prio=3)]
兼夹证：[]
加味药物：[人参, 瓜蒌根, 白术]
配伍禁忌警告：[]

===== 酸枣仁汤证 =====
八纲：{表里=[里证], 寒热=[], 虚实=[虚证], 阴阳=[阴证], bagangTypes=[里证, 虚证, 阳证, 阴证]}
六经：阳明太阴合病
方证：酸枣仁汤证
推荐方剂：酸枣仁汤加附子、人参、瓜蒌根、白术
药物组成：[川芎, 茯苓, 甘草, 酸枣仁, 知母, 附子, 人参, 瓜蒌根, 白术]
六经列表：[太阴病, 阳明病]
合病标记：阳明太阴合病
命中主证：[不得眠, 虚烦]
命中或然证：[]
候选命中主证：[[不得眠, 虚烦], [不得眠], [虚烦], [虚烦], [不得眠, 虚烦], [虚烦], [口渴], [腹满], [腹满], [腹满]]
候选缺口：[[], [烦躁], [少气], [呕], [心中懊憹], [下利], [呕吐], [时痛], [按之不痛], [口舌干燥]]
候选命中或然证：[[], [], [], [], [], [], [], [], [], []]
候选方证：[酸枣仁汤证, 干姜附子汤证, 栀子甘草豉汤证, 栀子生姜豉汤证, 栀子豉汤证, 白头翁加甘草阿胶汤证, 茯苓泽泻汤证, 桂枝加芍药汤证, 厚朴生姜半夏甘草人参汤证, 己椒苈黄丸证]
候选方证打分：[Suanzaorentangzheng(hits=6/6, gap=0, poss=0/2, prio=3), Ganjiangfuzitangzheng(hits=3/4, gap=1, poss=0/0, prio=1), Zhizigancaochitangzheng(hits=3/4, gap=1, poss=0/0, prio=2), Zhizishengjiangchitangzheng(hits=3/4, gap=1, poss=0/0, prio=2), Zhizichitangzheng(hits=4/5, gap=1, poss=0/0, prio=2), Baitouwengjiagancaojiaotangzheng(hits=3/4, gap=1, poss=0/0, prio=3), Fulingzexietangzheng(hits=3/4, gap=1, poss=0/0, prio=3), Guizhijiashaoyaotangzheng(hits=3/4, gap=1, poss=0/0, prio=3), Houposhengjiangbanxiagancaorenshentangzheng(hits=3/4, gap=1, poss=0/0, prio=3), Jijiaolihuangwanzheng(hits=3/4, gap=1, poss=0/0, prio=3)]
兼夹证：[]
加味药物：[附子, 人参, 瓜蒌根, 白术]
配伍禁忌警告：[十八反：瓜蒌根 反 附子]

===== 肾气丸证 =====
八纲：{表里=[里证], 寒热=[], 虚实=[虚证], 阴阳=[阴证], bagangTypes=[里证, 虚证, 阴证]}
六经：太阴病
方证：肾气丸证
推荐方剂：肾气丸
药物组成：[干地黄, 茯苓, 附子, 桂枝, 牡丹皮, 山药, 山茱萸, 泽泻]
六经列表：[太阴病]
合病标记：null
命中主证：[少腹拘急, 小便不利, 腰痛]
命中或然证：[]
候选命中主证：[[少腹拘急, 小便不利, 腰痛], [腹满], [腹满], [腹满], [小便不利], [小便不利], [小便不利], [腹满], [腰痛], [少腹拘急]]
候选缺口：[[], [时痛], [按之不痛], [口舌干燥], [腹痛, 下利脓血], [沉脉, 口渴], [妊娠有水气, 身重], [不渴, 下利], [腰中冷, 遗精], [刺痛, 腹痛]]
候选命中或然证：[[], [], [], [], [], [], [], [], [], []]
候选方证：[肾气丸证, 桂枝加芍药汤证, 厚朴生姜半夏甘草人参汤证, 己椒苈黄丸证, 桃花汤证, 栝楼瞿麦丸证, 葵子茯苓散证, 理中汤证, 天雄散证, 内补当归建中汤证]
候选方证打分：[Shenqiwanzheng(hits=5/5, gap=0, poss=0/0, prio=3), Guizhijiashaoyaotangzheng(hits=3/4, gap=1, poss=0/0, prio=3), Houposhengjiangbanxiagancaorenshentangzheng(hits=3/4, gap=1, poss=0/0, prio=3), Jijiaolihuangwanzheng(hits=3/4, gap=1, poss=0/0, prio=3), Taohuatangzheng(hits=3/5, gap=2, poss=0/0, prio=1), Gualouqumaiwanzheng(hits=3/5, gap=2, poss=0/0, prio=3), Kuizifulingsanzheng(hits=3/5, gap=2, poss=0/0, prio=3), Lizhongtangzheng(hits=3/5, gap=2, poss=0/0, prio=3), Tianxiongsanzheng(hits=3/5, gap=2, poss=0/0, prio=3), Neibudangguijianzhongtangzheng(hits=3/5, gap=2, poss=0/3, prio=3)]
兼夹证：[]
加味药物：[]
配伍禁忌警告：[]

===== 炙甘草汤证 =====
八纲：{表里=[里证], 寒热=[], 虚实=[虚证], 阴阳=[阴证], bagangTypes=[里证, 虚证, 阳证, 阴证]}
六经：阳明太阴合病
方证：炙甘草汤证
推荐方剂：炙甘草汤加附子、瓜蒌根、白术
药物组成：[大枣, 干地黄, 阿胶, 甘草, 桂枝, 麦门冬, 麻子仁, 人参, 生姜, 附子, 瓜蒌根, 白术]
六经列表：[太阴病, 阳明病]
合病标记：阳明太阴合病
命中主证：[结代脉, 心悸]
命中或然证：[]
候选命中主证：[[结代脉, 心悸], [心悸], [口渴], [腹满], [腹满], [腹满], [口渴], [腹满], [腹满], [口渴]]
候选缺口：[[], [], [呕吐], [时痛], [按之不痛], [口舌干燥], [口苦, 小便赤], [潮热, 谵语], [卧起不安, 心烦], [发热, 小便不利]]
候选命中或然证：[[], [], [], [], [], [], [], [], [], []]
候选方证：[炙甘草汤证, 小建中汤证, 茯苓泽泻汤证, 桂枝加芍药汤证, 厚朴生姜半夏甘草人参汤证, 己椒苈黄丸证, 百合洗方证, 小承气汤证, 栀子厚朴汤证, 猪苓汤证]
候选方证打分：[Zhigancaotangzheng(hits=6/6, gap=0, poss=0/0, prio=2), Xiaojianzhongtangzheng(hits=3/3, gap=0, poss=0/0, prio=3), Fulingzexietangzheng(hits=3/4, gap=1, poss=0/0, prio=3), Guizhijiashaoyaotangzheng(hits=3/4, gap=1, poss=0/0, prio=3), Houposhengjiangbanxiagancaorenshentangzheng(hits=3/4, gap=1, poss=0/0, prio=3), Jijiaolihuangwanzheng(hits=3/4, gap=1, poss=0/0, prio=3), Baihexifangzheng(hits=5/7, gap=2, poss=0/0, prio=5), Xiaochengqitangzheng(hits=3/5, gap=2, poss=0/0, prio=2), Zhizihoupotangzheng(hits=3/5, gap=2, poss=0/0, prio=2), Zhulingtangzheng(hits=3/5, gap=2, poss=0/0, prio=2)]
兼夹证：[]
加味药物：[附子, 瓜蒌根, 白术]
配伍禁忌警告：[十八反：瓜蒌根 反 附子]

===== 甘麦大枣汤证 =====
八纲：{表里=[里证], 寒热=[], 虚实=[虚证], 阴阳=[阴证], bagangTypes=[里证, 虚证, 阳证, 阴证]}
六经：阳明太阴合病
方证：甘麦大枣汤证
推荐方剂：甘麦大枣汤加附子、人参、瓜蒌根、白术
药物组成：[大枣, 甘草, 小麦, 附子, 人参, 瓜蒌根, 白术]
六经列表：[太阴病, 阳明病]
合病标记：阳明太阴合病
命中主证：[妇人脏躁, 数欠伸, 象如神灵所作, 喜悲伤欲哭]
命中或然证：[]
候选命中主证：[[妇人脏躁, 数欠伸, 象如神灵所作, 喜悲伤欲哭], [口渴], [腹满], [腹满], [腹满], [口渴], [腹满], [腹满], [口渴], [口渴]]
候选缺口：[[], [呕吐], [时痛], [按之不痛], [口舌干燥], [口苦, 小便赤], [潮热, 谵语], [卧起不安, 心烦], [发热, 小便不利], [沉脉, 小便不利]]
候选命中或然证：[[], [], [], [], [], [], [], [], [], []]
候选方证：[甘麦大枣汤证, 茯苓泽泻汤证, 桂枝加芍药汤证, 厚朴生姜半夏甘草人参汤证, 己椒苈黄丸证, 百合洗方证, 小承气汤证, 栀子厚朴汤证, 猪苓汤证, 栝楼瞿麦丸证]
候选方证打分：[Ganmaidazaotangzheng(hits=8/8, gap=0, poss=0/0, prio=3), Fulingzexietangzheng(hits=3/4, gap=1, poss=0/0, prio=3), Guizhijiashaoyaotangzheng(hits=3/4, gap=1, poss=0/0, prio=3), Houposhengjiangbanxiagancaorenshentangzheng(hits=3/4, gap=1, poss=0/0, prio=3), Jijiaolihuangwanzheng(hits=3/4, gap=1, poss=0/0, prio=3), Baihexifangzheng(hits=5/7, gap=2, poss=0/0, prio=5), Xiaochengqitangzheng(hits=3/5, gap=2, poss=0/0, prio=2), Zhizihoupotangzheng(hits=3/5, gap=2, poss=0/0, prio=2), Zhulingtangzheng(hits=3/5, gap=2, poss=0/0, prio=2), Gualouqumaiwanzheng(hits=3/5, gap=2, poss=0/0, prio=3)]
兼夹证：[]
加味药物：[附子, 人参, 瓜蒌根, 白术]
配伍禁忌警告：[十八反：瓜蒌根 反 附子]

===== 温经汤证 =====
八纲：{表里=[里证], 寒热=[], 虚实=[虚证], 阴阳=[阴证], bagangTypes=[里证, 虚证, 阴证]}
六经：太阴病
方证：温经汤证
推荐方剂：温经汤加附子
药物组成：[半夏, 川芎, 当归, 阿胶, 甘草, 桂枝, 麦门冬, 牡丹皮, 人参, 芍药, 生姜, 吴茱萸, 附子]
六经列表：[太阴病]
合病标记：null
命中主证：[唇口干燥, 腹满, 暮即发热, 少腹里急, 手掌烦热]
命中或然证：[]
候选命中主证：[[唇口干燥, 腹满, 暮即发热, 少腹里急, 手掌烦热], [腹满], [腹满], [腹满], [腹满], [腹满]]
候选缺口：[[], [时痛], [按之不痛], [口舌干燥], [不渴, 下利], [不能饮食, 肌肤甲错, 两目黯黑, 五劳虚极]]
候选命中或然证：[[], [], [], [], [], []]
候选方证：[温经汤证, 桂枝加芍药汤证, 厚朴生姜半夏甘草人参汤证, 己椒苈黄丸证, 理中汤证, 大黄蛰虫丸证]
候选方证打分：[Wenjingtangzheng(hits=7/7, gap=0, poss=0/0, prio=3), Guizhijiashaoyaotangzheng(hits=3/4, gap=1, poss=0/0, prio=3), Houposhengjiangbanxiagancaorenshentangzheng(hits=3/4, gap=1, poss=0/0, prio=3), Jijiaolihuangwanzheng(hits=3/4, gap=1, poss=0/0, prio=3), Lizhongtangzheng(hits=3/5, gap=2, poss=0/0, prio=3), Dahuangzhechongwanzheng(hits=3/7, gap=4, poss=0/0, prio=2)]
兼夹证：[]
加味药物：[附子]
配伍禁忌警告：[十八反：半夏 反 附子]

===== 土瓜根散证 =====
八纲：{表里=[里证], 寒热=[], 虚实=[虚证], 阴阳=[阴证], bagangTypes=[里证, 虚证, 阴证]}
六经：太阴病
方证：土瓜根散证
推荐方剂：土瓜根散加附子
药物组成：[桂枝, 芍药, 土瓜根, ?虫, 附子]
六经列表：[太阴病]
合病标记：null
命中主证：[带下, 经水不利, 少腹满痛]
命中或然证：[]
候选命中主证：[[带下, 经水不利, 少腹满痛], [经水不利], [腹满], [腹满], [腹满], [腹满], [沉弦脉], [腹满], [腹满]]
候选缺口：[[], [下白物], [时痛], [按之不痛], [口舌干燥], [不渴, 下利], [下利, 心下坚, 促脉, 胸满], [不能饮食, 肌肤甲错, 两目黯黑, 五劳虚极], [唇口干燥, 暮即发热, 少腹里急, 手掌烦热]]
候选命中或然证：[[], [带下], [], [], [], [], [], [], []]
候选方证：[土瓜根散证, 矾石丸证, 桂枝加芍药汤证, 厚朴生姜半夏甘草人参汤证, 己椒苈黄丸证, 理中汤证, 甘遂半夏汤证, 大黄蛰虫丸证, 温经汤证]
候选方证打分：[Tuguagensanzheng(hits=5/5, gap=0, poss=0/0, prio=5), Fanshiwanzheng(hits=3/4, gap=1, poss=1/1, prio=5), Guizhijiashaoyaotangzheng(hits=3/4, gap=1, poss=0/0, prio=3), Houposhengjiangbanxiagancaorenshentangzheng(hits=3/4, gap=1, poss=0/0, prio=3), Jijiaolihuangwanzheng(hits=3/4, gap=1, poss=0/0, prio=3), Lizhongtangzheng(hits=3/5, gap=2, poss=0/0, prio=3), Gansuibanxiatangzheng(hits=4/7, gap=3, poss=0/0, prio=2), Dahuangzhechongwanzheng(hits=3/7, gap=4, poss=0/0, prio=2), Wenjingtangzheng(hits=3/7, gap=4, poss=0/0, prio=3)]
兼夹证：[]
加味药物：[附子]
配伍禁忌警告：[]

===== 矾石丸证 =====
八纲：{表里=[里证], 寒热=[], 虚实=[虚证], 阴阳=[阴证], bagangTypes=[里证, 虚证, 阴证]}
六经：太阴病
方证：矾石丸证
推荐方剂：矾石丸加附子
药物组成：[矾石, 杏仁, 附子]
六经列表：[太阴病]
合病标记：null
命中主证：[经水不利, 下白物]
命中或然证：[]
候选命中主证：[[经水不利, 下白物], [腹满], [腹满], [腹满], [腹满], [经水不利], [腹满], [腹满]]
候选缺口：[[], [时痛], [按之不痛], [口舌干燥], [不渴, 下利], [带下, 少腹满痛], [不能饮食, 肌肤甲错, 两目黯黑, 五劳虚极], [唇口干燥, 暮即发热, 少腹里急, 手掌烦热]]
候选命中或然证：[[], [], [], [], [], [], [], []]
候选方证：[矾石丸证, 桂枝加芍药汤证, 厚朴生姜半夏甘草人参汤证, 己椒苈黄丸证, 理中汤证, 土瓜根散证, 大黄蛰虫丸证, 温经汤证]
候选方证打分：[Fanshiwanzheng(hits=4/4, gap=0, poss=0/1, prio=5), Guizhijiashaoyaotangzheng(hits=3/4, gap=1, poss=0/0, prio=3), Houposhengjiangbanxiagancaorenshentangzheng(hits=3/4, gap=1, poss=0/0, prio=3), Jijiaolihuangwanzheng(hits=3/4, gap=1, poss=0/0, prio=3), Lizhongtangzheng(hits=3/5, gap=2, poss=0/0, prio=3), Tuguagensanzheng(hits=3/5, gap=2, poss=0/0, prio=5), Dahuangzhechongwanzheng(hits=3/7, gap=4, poss=0/0, prio=2), Wenjingtangzheng(hits=3/7, gap=4, poss=0/0, prio=3)]
兼夹证：[]
加味药物：[附子]
配伍禁忌警告：[]

===== 红蓝花酒证 =====
八纲：{表里=[里证], 寒热=[], 虚实=[虚证], 阴阳=[阴证], bagangTypes=[里证, 虚证, 阴证]}
六经：太阴病
方证：红蓝花酒证
推荐方剂：红蓝花酒加芍药、人参、附子
药物组成：[红蓝花, 清酒, 芍药, 人参, 附子]
六经列表：[太阴病]
合病标记：null
命中主证：[刺痛, 腹痛]
命中或然证：[]
候选命中主证：[[刺痛, 腹痛], [腹痛], [刺痛, 腹痛], [腹痛], [腹满], [腹满], [腹满], [腹痛], [腹满], [腹痛]]
候选缺口：[[], [], [少腹拘急], [拒按], [时痛], [按之不痛], [口舌干燥], [下利脓血, 小便不利], [不渴, 下利], [胸中有热, 欲呕, 促脉, 胸满]]
候选命中或然证：[[], [], [], [], [], [], [], [], [], []]
候选方证：[红蓝花酒证, 排脓散证, 内补当归建中汤证, 桂枝加大黄汤证, 桂枝加芍药汤证, 厚朴生姜半夏甘草人参汤证, 己椒苈黄丸证, 桃花汤证, 理中汤证, 黄连汤证]
候选方证打分：[Honglanhuajiuzheng(hits=4/4, gap=0, poss=0/0, prio=5), Painongsanzheng(hits=3/3, gap=0, poss=0/0, prio=3), Neibudangguijianzhongtangzheng(hits=4/5, gap=1, poss=0/3, prio=3), Guizhijiadahuangtangzheng(hits=3/4, gap=1, poss=0/0, prio=3), Guizhijiashaoyaotangzheng(hits=3/4, gap=1, poss=0/0, prio=3), Houposhengjiangbanxiagancaorenshentangzheng(hits=3/4, gap=1, poss=0/0, prio=3), Jijiaolihuangwanzheng(hits=3/4, gap=1, poss=0/0, prio=3), Taohuatangzheng(hits=3/5, gap=2, poss=0/0, prio=1), Lizhongtangzheng(hits=3/5, gap=2, poss=0/0, prio=3), Huangliantangzheng(hits=4/7, gap=3, poss=0/0, prio=2)]
兼夹证：[]
加味药物：[芍药, 人参, 附子]
配伍禁忌警告：[]

===== 胶艾汤证 =====
八纲：{表里=[里证], 寒热=[], 虚实=[虚证], 阴阳=[阴证], bagangTypes=[里证, 虚证, 阴证]}
六经：太阴病
方证：胶艾汤证
推荐方剂：胶艾汤加附子
药物组成：[艾叶, 川芎, 当归, 干地黄, 阿胶, 甘草, 芍药, 附子]
六经列表：[太阴病]
合病标记：null
命中主证：[半产后下血不断, 漏下]
命中或然证：[]
候选命中主证：[[半产后下血不断, 漏下], [漏下], [腹满], [腹满], [腹满], [腹满], [腹满], [腹满]]
候选缺口：[[], [妇人宿有癥病], [时痛], [按之不痛], [口舌干燥], [不渴, 下利], [不能饮食, 肌肤甲错, 两目黯黑, 五劳虚极], [唇口干燥, 暮即发热, 少腹里急, 手掌烦热]]
候选命中或然证：[[], [], [], [], [], [], [], []]
候选方证：[胶艾汤证, 桂枝茯苓丸证, 桂枝加芍药汤证, 厚朴生姜半夏甘草人参汤证, 己椒苈黄丸证, 理中汤证, 大黄蛰虫丸证, 温经汤证]
候选方证打分：[Jiaoaitangzheng(hits=4/4, gap=0, poss=0/0, prio=3), Guizhifulingwanzheng(hits=3/4, gap=1, poss=0/0, prio=3), Guizhijiashaoyaotangzheng(hits=3/4, gap=1, poss=0/0, prio=3), Houposhengjiangbanxiagancaorenshentangzheng(hits=3/4, gap=1, poss=0/0, prio=3), Jijiaolihuangwanzheng(hits=3/4, gap=1, poss=0/0, prio=3), Lizhongtangzheng(hits=3/5, gap=2, poss=0/0, prio=3), Dahuangzhechongwanzheng(hits=3/7, gap=4, poss=0/0, prio=2), Wenjingtangzheng(hits=3/7, gap=4, poss=0/0, prio=3)]
兼夹证：[]
加味药物：[附子]
配伍禁忌警告：[]

===== 当归芍药散证 =====
八纲：{表里=[里证], 寒热=[], 虚实=[虚证], 阴阳=[阴证], bagangTypes=[里证, 虚证, 阴证]}
六经：太阴病
方证：当归芍药散证
推荐方剂：当归芍药散去白术加附子
药物组成：[川芎, 当归, 茯苓, 芍药, 泽泻, 附子]
六经列表：[太阴病]
合病标记：null
命中主证：[腹中?痛, 妊娠]
命中或然证：[]
候选命中主证：[[腹中?痛, 妊娠], [腹中?痛], [妊娠], [妊娠], [腹满], [腹满], [腹满], [腹满], [腹满], [腹满]]
候选缺口：[[], [], [大便溏], [小便黄], [时痛], [按之不痛], [口舌干燥], [不渴, 下利], [不能饮食, 肌肤甲错, 两目黯黑, 五劳虚极], [唇口干燥, 暮即发热, 少腹里急, 手掌烦热]]
候选命中或然证：[[], [], [], [], [], [], [], [], [], []]
候选方证：[当归芍药散证, 小建中汤证, 白术散证, 当归散证, 桂枝加芍药汤证, 厚朴生姜半夏甘草人参汤证, 己椒苈黄丸证, 理中汤证, 大黄蛰虫丸证, 温经汤证]
候选方证打分：[Dangguishaoyaosanzheng(hits=4/4, gap=0, poss=0/0, prio=3), Xiaojianzhongtangzheng(hits=3/3, gap=0, poss=0/0, prio=3), Baizhusanzheng(hits=3/4, gap=1, poss=0/0, prio=3), Dangguisanzheng(hits=3/4, gap=1, poss=0/0, prio=3), Guizhijiashaoyaotangzheng(hits=3/4, gap=1, poss=0/0, prio=3), Houposhengjiangbanxiagancaorenshentangzheng(hits=3/4, gap=1, poss=0/0, prio=3), Jijiaolihuangwanzheng(hits=3/4, gap=1, poss=0/0, prio=3), Lizhongtangzheng(hits=3/5, gap=2, poss=0/0, prio=3), Dahuangzhechongwanzheng(hits=3/7, gap=4, poss=0/0, prio=2), Wenjingtangzheng(hits=3/7, gap=4, poss=0/0, prio=3)]
兼夹证：[]
加味药物：[附子]
减味药物：[白术]
配伍禁忌警告：[]

===== 白术散证 =====
八纲：{表里=[里证], 寒热=[], 虚实=[虚证], 阴阳=[阴证], bagangTypes=[里证, 虚证, 阴证]}
六经：太阴病
方证：白术散证
推荐方剂：白术散去白术加附子
药物组成：[川芎, 牡蛎, 蜀椒, 附子]
六经列表：[太阴病]
合病标记：null
命中主证：[大便溏, 妊娠]
命中或然证：[]
候选命中主证：[[大便溏, 妊娠], [妊娠], [妊娠], [腹满], [腹满], [腹满], [腹满], [腹满], [腹满]]
候选缺口：[[], [小便黄], [腹中?痛], [时痛], [按之不痛], [口舌干燥], [不渴, 下利], [不能饮食, 肌肤甲错, 两目黯黑, 五劳虚极], [唇口干燥, 暮即发热, 少腹里急, 手掌烦热]]
候选命中或然证：[[], [], [], [], [], [], [], [], []]
候选方证：[白术散证, 当归散证, 当归芍药散证, 桂枝加芍药汤证, 厚朴生姜半夏甘草人参汤证, 己椒苈黄丸证, 理中汤证, 大黄蛰虫丸证, 温经汤证]
候选方证打分：[Baizhusanzheng(hits=4/4, gap=0, poss=0/0, prio=3), Dangguisanzheng(hits=3/4, gap=1, poss=0/0, prio=3), Dangguishaoyaosanzheng(hits=3/4, gap=1, poss=0/0, prio=3), Guizhijiashaoyaotangzheng(hits=3/4, gap=1, poss=0/0, prio=3), Houposhengjiangbanxiagancaorenshentangzheng(hits=3/4, gap=1, poss=0/0, prio=3), Jijiaolihuangwanzheng(hits=3/4, gap=1, poss=0/0, prio=3), Lizhongtangzheng(hits=3/5, gap=2, poss=0/0, prio=3), Dahuangzhechongwanzheng(hits=3/7, gap=4, poss=0/0, prio=2), Wenjingtangzheng(hits=3/7, gap=4, poss=0/0, prio=3)]
兼夹证：[]
加味药物：[附子]
减味药物：[白术]
配伍禁忌警告：[]

===== 竹皮大丸证 =====
八纲：{表里=[里证], 寒热=[], 虚实=[虚证], 阴阳=[阴证], bagangTypes=[里证, 虚证, 阳证, 阴证]}
六经：阳明太阴合病
方证：竹皮大丸证
推荐方剂：竹皮大丸加附子、人参、瓜蒌根、白术
药物组成：[白薇, 甘草, 桂枝, 石膏, 竹茹, 附子, 人参, 瓜蒌根, 白术]
六经列表：[太阴病, 阳明病]
合病标记：阳明太阴合病
命中主证：[烦乱, 呕逆]
命中或然证：[]
候选命中主证：[[烦乱, 呕逆], [口渴], [腹满], [腹满], [腹满], [口渴], [腹满], [腹满], [口渴], [口渴]]
候选缺口：[[], [呕吐], [时痛], [按之不痛], [口舌干燥], [口苦, 小便赤], [潮热, 谵语], [卧起不安, 心烦], [发热, 小便不利], [沉脉, 小便不利]]
候选命中或然证：[[], [], [], [], [], [], [], [], [], []]
候选方证：[竹皮大丸证, 茯苓泽泻汤证, 桂枝加芍药汤证, 厚朴生姜半夏甘草人参汤证, 己椒苈黄丸证, 百合洗方证, 小承气汤证, 栀子厚朴汤证, 猪苓汤证, 栝楼瞿麦丸证]
候选方证打分：[Zhupidawanzheng(hits=6/6, gap=0, poss=0/0, prio=3), Fulingzexietangzheng(hits=3/4, gap=1, poss=0/0, prio=3), Guizhijiashaoyaotangzheng(hits=3/4, gap=1, poss=0/0, prio=3), Houposhengjiangbanxiagancaorenshentangzheng(hits=3/4, gap=1, poss=0/0, prio=3), Jijiaolihuangwanzheng(hits=3/4, gap=1, poss=0/0, prio=3), Baihexifangzheng(hits=5/7, gap=2, poss=0/0, prio=5), Xiaochengqitangzheng(hits=3/5, gap=2, poss=0/0, prio=2), Zhizihoupotangzheng(hits=3/5, gap=2, poss=0/0, prio=2), Zhulingtangzheng(hits=3/5, gap=2, poss=0/0, prio=2), Gualouqumaiwanzheng(hits=3/5, gap=2, poss=0/0, prio=3)]
兼夹证：[]
加味药物：[附子, 人参, 瓜蒌根, 白术]
配伍禁忌警告：[十八反：瓜蒌根 反 附子]

===== 三物黄芩汤证 =====
八纲：{表里=[里证], 寒热=[], 虚实=[], 阴阳=[阳证], bagangTypes=[里证, 阳证]}
六经：阳明病
方证：三物黄芩汤证
推荐方剂：三物黄芩汤加人参、瓜蒌根、白术
药物组成：[干地黄, 黄芩, 苦参, 人参, 瓜蒌根, 白术]
六经列表：[阳明病]
合病标记：null
命中主证：[四肢苦烦热, 头痛]
命中或然证：[]
候选命中主证：[[四肢苦烦热, 头痛], [口渴], [口渴], [口渴, 头痛], [口渴], [洪脉], [口渴], [头痛], [口渴], []]
候选缺口：[[], [发热, 小便不利], [里急后重, 下利], [呕吐, 欲饮, 无热恶寒], [口苦, 小便赤, 无热恶寒], [大汗, 大渴, 大热], [大渴, 口苦, 小便赤, 无热恶寒], [喘, 发热, 面赤, 无热恶寒], [大汗, 恶寒, 发热, 往来寒热, 胸胁苦满], [喘, 汗出]]
候选命中或然证：[[], [], [], [], [], [], [], [], [], [口渴]]
候选方证：[三物黄芩汤证, 猪苓汤证, 白头翁汤证, 文蛤汤证, 百合洗方证, 白虎汤证, 栝楼牡蛎散证, 竹叶汤证, 柴胡白虎汤证, 麻杏石甘汤证]
候选方证打分：[Sanwuhuangqintangzheng(hits=4/4, gap=0, poss=0/0, prio=3), Zhulingtangzheng(hits=3/5, gap=2, poss=0/0, prio=2), Baitouwengtangzheng(hits=3/5, gap=2, poss=0/1, prio=3), Wengetangzheng(hits=5/8, gap=3, poss=0/0, prio=3), Baihexifangzheng(hits=4/7, gap=3, poss=0/0, prio=5), Baihutangzheng(hits=3/6, gap=3, poss=0/0, prio=2), Gualoumulisanzheng(hits=4/8, gap=4, poss=0/0, prio=5), Zhuyetangzheng(hits=4/8, gap=4, poss=0/1, prio=3), Chaihubaihutangzheng(hits=3/8, gap=5, poss=0/0, prio=2), Maxingshigantangzheng(hits=2/4, gap=2, poss=1/2, prio=3)]
兼夹证：[]
加味药物：[人参, 瓜蒌根, 白术]
配伍禁忌警告：[]

===== 王不留行散证 =====
八纲：{表里=[表证, 里证], 寒热=[], 虚实=[虚证], 阴阳=[阴证], bagangTypes=[表证, 里证, 虚证, 阴证]}
六经：太阴少阴合病
方证：王不留行散证
推荐方剂：王不留行散加附子
药物组成：[甘草, 干姜, 厚朴, 黄芩, 桑东南根白皮, 芍药, 蜀椒, 蒴藋细叶, 王不留行, 附子]
六经列表：[少阴病, 太阴病]
合病标记：太阴少阴合病
命中主证：[金疮]
命中或然证：[]
候选命中主证：[[金疮], [腹满], [腹满], [腹满], [浮脉], [腹满], [腹满], [腹满]]
候选缺口：[[], [时痛], [按之不痛], [口舌干燥], [咳嗽, 恶寒], [不渴, 下利], [不能饮食, 肌肤甲错, 两目黯黑, 五劳虚极], [唇口干燥, 暮即发热, 少腹里急, 手掌烦热]]
候选命中或然证：[[], [], [], [], [], [], [], []]
候选方证：[王不留行散证, 桂枝加芍药汤证, 厚朴生姜半夏甘草人参汤证, 己椒苈黄丸证, 厚朴麻黄汤证, 理中汤证, 大黄蛰虫丸证, 温经汤证]
候选方证打分：[Wangbuliuxingsanzheng(hits=3/3, gap=0, poss=0/0, prio=3), Guizhijiashaoyaotangzheng(hits=3/4, gap=1, poss=0/0, prio=3), Houposhengjiangbanxiagancaorenshentangzheng(hits=3/4, gap=1, poss=0/0, prio=3), Jijiaolihuangwanzheng(hits=3/4, gap=1, poss=0/0, prio=3), Houpomahuangtangzheng(hits=4/6, gap=2, poss=0/4, prio=3), Lizhongtangzheng(hits=3/5, gap=2, poss=0/0, prio=3), Dahuangzhechongwanzheng(hits=3/7, gap=4, poss=0/0, prio=2), Wenjingtangzheng(hits=3/7, gap=4, poss=0/0, prio=3)]
兼夹证：[]
加味药物：[附子]
配伍禁忌警告：[]

===== 排脓散证 =====
八纲：{表里=[表证, 里证], 寒热=[], 虚实=[虚证], 阴阳=[阴证], bagangTypes=[表证, 里证, 虚证, 阴证]}
六经：太阴少阴合病
方证：排脓散证
推荐方剂：排脓散加人参、附子
药物组成：[桔梗, 芍药, 枳实, 人参, 附子]
六经列表：[少阴病, 太阴病]
合病标记：太阴少阴合病
命中主证：[腹痛]
命中或然证：[]
候选命中主证：[[腹痛], [金疮], [腹痛], [腹满], [腹满], [腹满], [腹痛], [浮脉], [腹痛], [腹满]]
候选缺口：[[], [], [拒按], [时痛], [按之不痛], [口舌干燥], [刺痛], [咳嗽, 恶寒], [下利脓血, 小便不利], [不渴, 下利]]
候选命中或然证：[[], [], [], [], [], [], [], [], [], []]
候选方证：[排脓散证, 王不留行散证, 桂枝加大黄汤证, 桂枝加芍药汤证, 厚朴生姜半夏甘草人参汤证, 己椒苈黄丸证, 红蓝花酒证, 厚朴麻黄汤证, 桃花汤证, 理中汤证]
候选方证打分：[Painongsanzheng(hits=3/3, gap=0, poss=0/0, prio=3), Wangbuliuxingsanzheng(hits=3/3, gap=0, poss=0/0, prio=3), Guizhijiadahuangtangzheng(hits=3/4, gap=1, poss=0/0, prio=3), Guizhijiashaoyaotangzheng(hits=3/4, gap=1, poss=0/0, prio=3), Houposhengjiangbanxiagancaorenshentangzheng(hits=3/4, gap=1, poss=0/0, prio=3), Jijiaolihuangwanzheng(hits=3/4, gap=1, poss=0/0, prio=3), Honglanhuajiuzheng(hits=3/4, gap=1, poss=0/0, prio=5), Houpomahuangtangzheng(hits=4/6, gap=2, poss=0/4, prio=3), Taohuatangzheng(hits=3/5, gap=2, poss=0/0, prio=1), Lizhongtangzheng(hits=3/5, gap=2, poss=0/0, prio=3)]
兼夹证：[]
加味药物：[人参, 附子]
配伍禁忌警告：[]

===== 排脓汤证 =====
八纲：{表里=[表证, 里证], 寒热=[], 虚实=[虚证], 阴阳=[阴证], bagangTypes=[表证, 里证, 虚证, 阴证]}
六经：太阴少阴合病
方证：排脓汤证
推荐方剂：排脓汤加附子
药物组成：[大枣, 甘草, 桔梗, 生姜, 附子]
六经列表：[少阴病, 太阴病]
合病标记：太阴少阴合病
命中主证：[咽痛]
命中或然证：[]
候选命中主证：[[咽痛], [金疮], [腹满], [腹满], [腹满], [浮脉], [腹满], [腹满], [腹满], []]
候选缺口：[[], [], [时痛], [按之不痛], [口舌干燥], [咳嗽, 恶寒], [不渴, 下利], [不能饮食, 肌肤甲错, 两目黯黑, 五劳虚极], [唇口干燥, 暮即发热, 少腹里急, 手掌烦热], [微细脉, 不恶寒, 面赤, 手足冷, 下利清谷]]
候选命中或然证：[[], [], [], [], [], [], [], [], [], [咽痛]]
候选方证：[排脓汤证, 王不留行散证, 桂枝加芍药汤证, 厚朴生姜半夏甘草人参汤证, 己椒苈黄丸证, 厚朴麻黄汤证, 理中汤证, 大黄蛰虫丸证, 温经汤证, 通脉四逆汤证]
候选方证打分：[Painongtangzheng(hits=3/3, gap=0, poss=0/0, prio=3), Wangbuliuxingsanzheng(hits=3/3, gap=0, poss=0/0, prio=3), Guizhijiashaoyaotangzheng(hits=3/4, gap=1, poss=0/0, prio=3), Houposhengjiangbanxiagancaorenshentangzheng(hits=3/4, gap=1, poss=0/0, prio=3), Jijiaolihuangwanzheng(hits=3/4, gap=1, poss=0/0, prio=3), Houpomahuangtangzheng(hits=4/6, gap=2, poss=0/4, prio=3), Lizhongtangzheng(hits=3/5, gap=2, poss=0/0, prio=3), Dahuangzhechongwanzheng(hits=3/7, gap=4, poss=0/0, prio=2), Wenjingtangzheng(hits=3/7, gap=4, poss=0/0, prio=3), Tongmaisinitangzheng(hits=2/7, gap=5, poss=1/5, prio=1)]
兼夹证：[]
加味药物：[附子]
配伍禁忌警告：[]

===== 黄连粉证 =====
八纲：{表里=[里证], 寒热=[], 虚实=[], 阴阳=[阳证], bagangTypes=[里证, 阳证]}
六经：阳明病
方证：黄连粉证
推荐方剂：黄连粉加人参、瓜蒌根、白术
药物组成：[黄连, 人参, 瓜蒌根, 白术]
六经列表：[阳明病]
合病标记：null
命中主证：[浸淫疮]
命中或然证：[]
候选命中主证：[[浸淫疮], [口渴], [口渴], [口渴], [洪脉], [口渴], [口渴], [口渴], []]
候选缺口：[[], [发热, 小便不利], [里急后重, 下利], [口苦, 小便赤, 无热恶寒], [大汗, 大渴, 大热], [呕吐, 头痛, 欲饮, 无热恶寒], [大渴, 口苦, 小便赤, 无热恶寒], [大汗, 恶寒, 发热, 往来寒热, 胸胁苦满], [喘, 汗出]]
候选命中或然证：[[], [], [], [], [], [], [], [], [口渴]]
候选方证：[黄连粉证, 猪苓汤证, 白头翁汤证, 百合洗方证, 白虎汤证, 文蛤汤证, 栝楼牡蛎散证, 柴胡白虎汤证, 麻杏石甘汤证]
候选方证打分：[Huanglianfenzheng(hits=3/3, gap=0, poss=0/0, prio=3), Zhulingtangzheng(hits=3/5, gap=2, poss=0/0, prio=2), Baitouwengtangzheng(hits=3/5, gap=2, poss=0/1, prio=3), Baihexifangzheng(hits=4/7, gap=3, poss=0/0, prio=5), Baihutangzheng(hits=3/6, gap=3, poss=0/0, prio=2), Wengetangzheng(hits=4/8, gap=4, poss=0/0, prio=3), Gualoumulisanzheng(hits=4/8, gap=4, poss=0/0, prio=5), Chaihubaihutangzheng(hits=3/8, gap=5, poss=0/0, prio=2), Maxingshigantangzheng(hits=2/4, gap=2, poss=1/2, prio=3)]
兼夹证：[]
加味药物：[人参, 瓜蒌根, 白术]
配伍禁忌警告：[]
?? 跳过与病例四诊互斥的六经锚点脉象: Hongmai（Yangmingbing）

===== 鸡屎白散证 =====
八纲：{表里=[里证], 寒热=[], 虚实=[虚证], 阴阳=[阴证], bagangTypes=[里证, 虚证, 阳证, 阴证]}
六经：阳明太阴合病
方证：鸡屎白散证
推荐方剂：鸡屎白散加人参、瓜蒌根、白术
药物组成：[鸡屎白, 人参, 瓜蒌根, 白术]
六经列表：[太阴病, 阳明病]
合病标记：阳明太阴合病
命中主证：[臂脚直, 微弦脉, 转筋]
命中或然证：[]
候选命中主证：[[臂脚直, 微弦脉, 转筋], [口渴], [口渴], [口渴], [口渴], [口渴], [口渴], [口渴], [口渴], []]
候选缺口：[[], [呕吐], [口苦, 小便赤], [发热, 小便不利], [沉脉, 小便不利], [里急后重, 下利], [大渴, 口苦, 小便赤], [呕吐, 头痛, 欲饮, 无热恶寒], [大汗, 恶寒, 发热, 往来寒热, 胸胁苦满], [喘, 汗出]]
候选命中或然证：[[], [], [], [], [], [], [], [], [], [口渴]]
候选方证：[鸡屎白散证, 茯苓泽泻汤证, 百合洗方证, 猪苓汤证, 栝楼瞿麦丸证, 白头翁汤证, 栝楼牡蛎散证, 文蛤汤证, 柴胡白虎汤证, 麻杏石甘汤证]
候选方证打分：[Jishibaisanzheng(hits=5/5, gap=0, poss=0/0, prio=3), Fulingzexietangzheng(hits=3/4, gap=1, poss=0/0, prio=3), Baihexifangzheng(hits=5/7, gap=2, poss=0/0, prio=5), Zhulingtangzheng(hits=3/5, gap=2, poss=0/0, prio=2), Gualouqumaiwanzheng(hits=3/5, gap=2, poss=0/0, prio=3), Baitouwengtangzheng(hits=3/5, gap=2, poss=0/1, prio=3), Gualoumulisanzheng(hits=5/8, gap=3, poss=0/0, prio=5), Wengetangzheng(hits=4/8, gap=4, poss=0/0, prio=3), Chaihubaihutangzheng(hits=3/8, gap=5, poss=0/0, prio=2), Maxingshigantangzheng(hits=2/4, gap=2, poss=1/2, prio=3)]
兼夹证：[]
加味药物：[人参, 瓜蒌根, 白术]
配伍禁忌警告：[]

===== 甘草粉蜜汤证 =====
八纲：{表里=[里证], 寒热=[], 虚实=[虚证], 阴阳=[阴证], bagangTypes=[里证, 虚证, 阴证]}
六经：太阴病
方证：甘草粉蜜汤证
推荐方剂：甘草粉蜜汤加附子
药物组成：[甘草, 蜜, 铅粉, 附子]
六经列表：[太阴病]
合病标记：null
命中主证：[蛔虫, 吐涎, 心痛发作有时]
命中或然证：[]
候选命中主证：[[蛔虫, 吐涎, 心痛发作有时], [腹满], [腹满], [腹满], [腹满], [腹满], [腹满]]
候选缺口：[[], [时痛], [按之不痛], [口舌干燥], [不渴, 下利], [不能饮食, 肌肤甲错, 两目黯黑, 五劳虚极], [唇口干燥, 暮即发热, 少腹里急, 手掌烦热]]
候选命中或然证：[[], [], [], [], [], [], []]
候选方证：[甘草粉蜜汤证, 桂枝加芍药汤证, 厚朴生姜半夏甘草人参汤证, 己椒苈黄丸证, 理中汤证, 大黄蛰虫丸证, 温经汤证]
候选方证打分：[Gancaofenmitangzheng(hits=5/5, gap=0, poss=0/0, prio=3), Guizhijiashaoyaotangzheng(hits=3/4, gap=1, poss=0/0, prio=3), Houposhengjiangbanxiagancaorenshentangzheng(hits=3/4, gap=1, poss=0/0, prio=3), Jijiaolihuangwanzheng(hits=3/4, gap=1, poss=0/0, prio=3), Lizhongtangzheng(hits=3/5, gap=2, poss=0/0, prio=3), Dahuangzhechongwanzheng(hits=3/7, gap=4, poss=0/0, prio=2), Wenjingtangzheng(hits=3/7, gap=4, poss=0/0, prio=3)]
兼夹证：[]
加味药物：[附子]
配伍禁忌警告：[]

===== 人参汤证（胸痹） =====
八纲：{表里=[里证], 寒热=[], 虚实=[虚证], 阴阳=[阴证], bagangTypes=[里证, 虚证, 阴证]}
六经：太阴病
方证：人参汤证
推荐方剂：理中汤去白术加附子
药物组成：[甘草, 干姜, 人参, 附子]
六经列表：[太阴病]
合病标记：null
命中主证：[胁下逆抢心, 心中痞气, 胸痹, 胸满]
命中或然证：[]
候选命中主证：[[胁下逆抢心, 心中痞气, 胸痹, 胸满], [胁下逆抢心, 胸痹, 胸满], [腹满], [腹满], [腹满], [胸满], [胸痹], [胸满], [腹满], [胸痹]]
候选缺口：[[], [心中痞], [时痛], [按之不痛], [口舌干燥], [咳嗽], [不得卧, 心痛彻背], [咳嗽, 呕], [不渴, 下利], [喘, 短气]]
候选命中或然证：[[], [], [], [], [], [], [], [], [], []]
候选方证：[人参汤证, 枳实薤白桂枝汤证, 桂枝加芍药汤证, 厚朴生姜半夏甘草人参汤证, 己椒苈黄丸证, 苓甘五味姜辛汤证, 栝楼薤白半夏汤证, 苓甘五味姜辛夏汤证, 理中汤证, 栝楼薤白白酒汤证]
候选方证打分：[Renshentangzheng(hits=6/6, gap=0, poss=0/0, prio=3), Zhishixiebaiguizhitangzheng(hits=5/6, gap=1, poss=0/0, prio=3), Guizhijiashaoyaotangzheng(hits=3/4, gap=1, poss=0/0, prio=3), Houposhengjiangbanxiagancaorenshentangzheng(hits=3/4, gap=1, poss=0/0, prio=3), Jijiaolihuangwanzheng(hits=3/4, gap=1, poss=0/0, prio=3), Lingganwuweijiangxintangzheng(hits=3/4, gap=1, poss=0/0, prio=3), Gualouxiebaibanxiatangzheng(hits=3/5, gap=2, poss=0/0, prio=3), Lingganwuweijiangxinxiatangzheng(hits=3/5, gap=2, poss=0/0, prio=3), Lizhongtangzheng(hits=3/5, gap=2, poss=0/0, prio=3), Gualouxiebaibaijiutangzheng(hits=3/5, gap=2, poss=0/1, prio=3)]
兼夹证：[]
加味药物：[附子]
减味药物：[白术]
配伍禁忌警告：[]

===== 侯氏黑散证 =====
八纲：{表里=[表证, 里证], 寒热=[], 虚实=[虚证], 阴阳=[阴证], bagangTypes=[表证, 里证, 虚证, 阴证]}
六经：太阴少阴合病
方证：侯氏黑散证
推荐方剂：侯氏黑散去白术加附子
药物组成：[川芎, 当归, 防风, 矾石, 茯苓, 干姜, 桂枝, 黄芩, 桔梗, 菊花, 牡蛎, 人参, 细辛, 附子]
六经列表：[少阴病, 太阴病]
合病标记：太阴少阴合病
命中主证：[大风, 四肢烦重, 心中恶寒不足]
命中或然证：[]
候选命中主证：[[大风, 四肢烦重, 心中恶寒不足], [腹满], [腹满], [腹满], [浮脉], [腹满], [腹满], [腹满]]
候选缺口：[[], [时痛], [按之不痛], [口舌干燥], [咳嗽, 恶寒], [不渴, 下利], [不能饮食, 肌肤甲错, 两目黯黑, 五劳虚极], [唇口干燥, 暮即发热, 少腹里急, 手掌烦热]]
候选命中或然证：[[], [], [], [], [], [], [], []]
候选方证：[侯氏黑散证, 桂枝加芍药汤证, 厚朴生姜半夏甘草人参汤证, 己椒苈黄丸证, 厚朴麻黄汤证, 理中汤证, 大黄蛰虫丸证, 温经汤证]
候选方证打分：[Houshiheisanzheng(hits=5/5, gap=0, poss=0/0, prio=3), Guizhijiashaoyaotangzheng(hits=3/4, gap=1, poss=0/0, prio=3), Houposhengjiangbanxiagancaorenshentangzheng(hits=3/4, gap=1, poss=0/0, prio=3), Jijiaolihuangwanzheng(hits=3/4, gap=1, poss=0/0, prio=3), Houpomahuangtangzheng(hits=4/6, gap=2, poss=0/4, prio=3), Lizhongtangzheng(hits=3/5, gap=2, poss=0/0, prio=3), Dahuangzhechongwanzheng(hits=3/7, gap=4, poss=0/0, prio=2), Wenjingtangzheng(hits=3/7, gap=4, poss=0/0, prio=3)]
兼夹证：[]
加味药物：[附子]
减味药物：[白术]
配伍禁忌警告：[]

===== 风引汤证 =====
八纲：{表里=[里证], 寒热=[热证], 虚实=[], 阴阳=[阳证], bagangTypes=[里证, 热证, 阳证]}
六经：阳明病
方证：风引汤证
推荐方剂：风引汤加人参、瓜蒌根、白术
药物组成：[白石脂, 赤石脂, 大黄, 甘草, 干姜, 桂枝, 寒水石, 滑石, 龙骨, 牡蛎, 石膏, 紫石英, 人参, 瓜蒌根, 白术]
六经列表：[阳明病]
合病标记：null
命中主证：[除热瘫痫]
命中或然证：[]
候选命中主证：[[除热瘫痫], [口渴], [口渴], [口渴], [洪脉], [口渴], [口渴], [口渴], []]
候选缺口：[[], [发热, 小便不利], [里急后重, 下利], [口苦, 小便赤, 无热恶寒], [大汗, 大渴, 大热], [呕吐, 头痛, 欲饮, 无热恶寒], [大渴, 口苦, 小便赤, 无热恶寒], [大汗, 恶寒, 发热, 往来寒热, 胸胁苦满], [喘, 汗出]]
候选命中或然证：[[], [], [], [], [], [], [], [], [口渴]]
候选方证：[风引汤证, 猪苓汤证, 白头翁汤证, 百合洗方证, 白虎汤证, 文蛤汤证, 栝楼牡蛎散证, 柴胡白虎汤证, 麻杏石甘汤证]
候选方证打分：[Fengyintangzheng(hits=3/3, gap=0, poss=0/0, prio=3), Zhulingtangzheng(hits=3/5, gap=2, poss=0/0, prio=2), Baitouwengtangzheng(hits=3/5, gap=2, poss=0/1, prio=3), Baihexifangzheng(hits=4/7, gap=3, poss=0/0, prio=5), Baihutangzheng(hits=3/6, gap=3, poss=0/0, prio=2), Wengetangzheng(hits=4/8, gap=4, poss=0/0, prio=3), Gualoumulisanzheng(hits=4/8, gap=4, poss=0/0, prio=5), Chaihubaihutangzheng(hits=3/8, gap=5, poss=0/0, prio=2), Maxingshigantangzheng(hits=2/4, gap=2, poss=1/2, prio=3)]
兼夹证：[]
加味药物：[人参, 瓜蒌根, 白术]
配伍禁忌警告：[]

===== 防己地黄汤证 =====
八纲：{表里=[表证, 里证], 寒热=[热证], 虚实=[虚证], 阴阳=[阳证], bagangTypes=[表证, 里证, 热证, 虚证, 阳证, 阴证]}
六经：阳明少阴合病
方证：防己地黄汤证
推荐方剂：防己地黄汤加附子、人参、瓜蒌根、白术
药物组成：[防风, 甘草, 桂枝, 木防己, 生地黄汁, 附子, 人参, 瓜蒌根, 白术]
六经列表：[少阴病, 阳明病]
合病标记：阳明少阴合病
命中主证：[独语不休, 如狂状, 妄行, 无寒热]
命中或然证：[]
候选命中主证：[[独语不休, 如狂状, 妄行, 无寒热], [浮脉], [口渴], [腹满], [腹满], [腹满], [浮脉], [腹满], [口渴], [浮脉, 口渴]]
候选缺口：[[], [咳嗽], [呕吐], [时痛], [按之不痛], [口舌干燥], [水之为病], [浮数脉, 发热], [口苦, 小便赤], [水入则吐, 小便不利]]
候选命中或然证：[[], [], [], [], [], [], [], [], [], []]
候选方证：[防己地黄汤证, 厚朴麻黄汤证, 茯苓泽泻汤证, 桂枝加芍药汤证, 厚朴生姜半夏甘草人参汤证, 己椒苈黄丸证, 杏子汤证, 厚朴七物汤证, 百合洗方证, 五苓散证]
候选方证打分：[Fangjidihuangtangzheng(hits=8/8, gap=0, poss=0/0, prio=3), Houpomahuangtangzheng(hits=5/6, gap=1, poss=0/4, prio=3), Fulingzexietangzheng(hits=3/4, gap=1, poss=0/0, prio=3), Guizhijiashaoyaotangzheng(hits=3/4, gap=1, poss=0/0, prio=3), Houposhengjiangbanxiagancaorenshentangzheng(hits=3/4, gap=1, poss=0/0, prio=3), Jijiaolihuangwanzheng(hits=3/4, gap=1, poss=0/0, prio=3), Xingzitangzheng(hits=3/4, gap=1, poss=0/0, prio=3), Houpoqiwutangzheng(hits=5/7, gap=2, poss=0/0, prio=2), Baihexifangzheng(hits=5/7, gap=2, poss=0/0, prio=5), Wulingsanzheng(hits=4/6, gap=2, poss=0/0, prio=3)]
兼夹证：[]
加味药物：[附子, 人参, 瓜蒌根, 白术]
配伍禁忌警告：[十八反：瓜蒌根 反 附子]

===== 头风摩散证 =====
八纲：{表里=[表证], 寒热=[], 虚实=[], 阴阳=[阳证], bagangTypes=[表证, 阳证]}
六经：太阳病
方证：头风摩散证
推荐方剂：头风摩散
药物组成：[附子, 盐]
六经列表：[太阳病]
合病标记：null
命中主证：[恶风, 头痛]
命中或然证：[]
候选命中主证：[[恶风, 头痛], [恶寒], [恶寒], [浮脉], [恶风], [恶风], [恶风], [恶风], [恶风], [恶寒]]
候选缺口：[[], [胸满], [身疼烦], [水之为病], [汗出, 身重], [汗出, 身体强几几], [汗出, 项背强几几], [喘, 汗出], [无汗, 项强, 沉弦脉, 心下坚], [发热, 身黄, 沉弦脉, 心下坚]]
候选命中或然证：[[], [], [], [], [], [], [], [], [恶寒], []]
候选方证：[头风摩散证, 桂枝去芍药加附子汤证, 麻黄加术汤证, 杏子汤证, 防己黄芪汤证, 栝楼桂枝汤证, 桂枝加葛根汤证, 桂枝加厚朴杏子汤证, 葛根汤证, 麻黄连翘赤小豆汤证]
候选方证打分：[Toufengmosanzheng(hits=4/4, gap=0, poss=0/0, prio=3), Guizhiqushaoyaojiafuzitangzheng(hits=3/4, gap=1, poss=0/0, prio=2), Mahuangjiazhutangzheng(hits=3/4, gap=1, poss=0/0, prio=3), Xingzitangzheng(hits=3/4, gap=1, poss=0/0, prio=3), Fangjihuangqitangzheng(hits=3/5, gap=2, poss=0/0, prio=3), Gualouguizhitangzheng(hits=3/5, gap=2, poss=0/0, prio=3), Guizhijiagegentangzheng(hits=3/5, gap=2, poss=0/0, prio=3), Guizhijiahoupoxingzitangzheng(hits=3/5, gap=2, poss=0/0, prio=3), Gegentangzheng(hits=4/7, gap=3, poss=1/2, prio=3), Mahuanglianqiaochixiaodoutangzheng(hits=4/7, gap=3, poss=0/0, prio=3)]
兼夹证：[]
加味药物：[]
配伍禁忌警告：[]

===== 矾石汤证 =====
八纲：{表里=[里证], 寒热=[], 虚实=[], 阴阳=[阳证], bagangTypes=[里证, 阳证]}
六经：阳明病
方证：矾石汤证
推荐方剂：矾石汤加人参、瓜蒌根、白术
药物组成：[矾石, 人参, 瓜蒌根, 白术]
六经列表：[阳明病]
合病标记：null
命中主证：[脚气冲心]
命中或然证：[]
候选命中主证：[[脚气冲心], [口渴], [口渴], [口渴], [洪脉], [口渴], [口渴], [口渴], []]
候选缺口：[[], [发热, 小便不利], [里急后重, 下利], [口苦, 小便赤, 无热恶寒], [大汗, 大渴, 大热], [呕吐, 头痛, 欲饮, 无热恶寒], [大渴, 口苦, 小便赤, 无热恶寒], [大汗, 恶寒, 发热, 往来寒热, 胸胁苦满], [喘, 汗出]]
候选命中或然证：[[], [], [], [], [], [], [], [], [口渴]]
候选方证：[矾石汤证, 猪苓汤证, 白头翁汤证, 百合洗方证, 白虎汤证, 文蛤汤证, 栝楼牡蛎散证, 柴胡白虎汤证, 麻杏石甘汤证]
候选方证打分：[Fanshitangzheng(hits=3/3, gap=0, poss=0/0, prio=3), Zhulingtangzheng(hits=3/5, gap=2, poss=0/0, prio=2), Baitouwengtangzheng(hits=3/5, gap=2, poss=0/1, prio=3), Baihexifangzheng(hits=4/7, gap=3, poss=0/0, prio=5), Baihutangzheng(hits=3/6, gap=3, poss=0/0, prio=2), Wengetangzheng(hits=4/8, gap=4, poss=0/0, prio=3), Gualoumulisanzheng(hits=4/8, gap=4, poss=0/0, prio=5), Chaihubaihutangzheng(hits=3/8, gap=5, poss=0/0, prio=2), Maxingshigantangzheng(hits=2/4, gap=2, poss=1/2, prio=3)]
兼夹证：[]
加味药物：[人参, 瓜蒌根, 白术]
配伍禁忌警告：[]

===== 三黄汤证 =====
八纲：{表里=[里证], 寒热=[], 虚实=[], 阴阳=[阳证], bagangTypes=[里证, 阳证]}
六经：阳明病
方证：三黄汤证
推荐方剂：三黄汤加人参、瓜蒌根、白术
药物组成：[独活, 黄芪, 黄芩, 麻黄, 细辛, 人参, 瓜蒌根, 白术]
六经列表：[阳明病]
合病标记：null
命中主证：[百节疼痛, 手足拘急]
命中或然证：[]
候选命中主证：[[百节疼痛, 手足拘急], [口渴], [口渴], [口渴], [洪脉], [口渴], [口渴], [口渴], []]
候选缺口：[[], [发热, 小便不利], [里急后重, 下利], [口苦, 小便赤, 无热恶寒], [大汗, 大渴, 大热], [呕吐, 头痛, 欲饮, 无热恶寒], [大渴, 口苦, 小便赤, 无热恶寒], [大汗, 恶寒, 发热, 往来寒热, 胸胁苦满], [喘, 汗出]]
候选命中或然证：[[], [], [], [], [], [], [], [], [口渴]]
候选方证：[三黄汤证, 猪苓汤证, 白头翁汤证, 百合洗方证, 白虎汤证, 文蛤汤证, 栝楼牡蛎散证, 柴胡白虎汤证, 麻杏石甘汤证]
候选方证打分：[Sanhuangtangzheng(hits=4/4, gap=0, poss=0/0, prio=3), Zhulingtangzheng(hits=3/5, gap=2, poss=0/0, prio=2), Baitouwengtangzheng(hits=3/5, gap=2, poss=0/1, prio=3), Baihexifangzheng(hits=4/7, gap=3, poss=0/0, prio=5), Baihutangzheng(hits=3/6, gap=3, poss=0/0, prio=2), Wengetangzheng(hits=4/8, gap=4, poss=0/0, prio=3), Gualoumulisanzheng(hits=4/8, gap=4, poss=0/0, prio=5), Chaihubaihutangzheng(hits=3/8, gap=5, poss=0/0, prio=2), Maxingshigantangzheng(hits=2/4, gap=2, poss=1/2, prio=3)]
兼夹证：[]
加味药物：[人参, 瓜蒌根, 白术]
配伍禁忌警告：[]

===== 桂枝茯苓丸证 =====
八纲：{表里=[里证], 寒热=[], 虚实=[虚证], 阴阳=[阴证], bagangTypes=[里证, 虚证, 阴证]}
六经：太阴病
方证：桂枝茯苓丸证
推荐方剂：桂枝茯苓丸加附子
药物组成：[茯苓, 桂枝, 牡丹皮, 芍药, 桃仁, 附子]
六经列表：[太阴病]
合病标记：null
命中主证：[妇人宿有癥病, 漏下]
命中或然证：[]
候选命中主证：[[妇人宿有癥病, 漏下], [腹满], [腹满], [漏下], [腹满], [腹满], [沉弦脉], [腹满], [腹满]]
候选缺口：[[], [时痛], [按之不痛], [半产后下血不断], [口舌干燥], [不渴, 下利], [下利, 心下坚, 促脉, 胸满], [不能饮食, 肌肤甲错, 两目黯黑, 五劳虚极], [唇口干燥, 暮即发热, 少腹里急, 手掌烦热]]
候选命中或然证：[[], [], [], [], [], [], [], [], []]
候选方证：[桂枝茯苓丸证, 桂枝加芍药汤证, 厚朴生姜半夏甘草人参汤证, 胶艾汤证, 己椒苈黄丸证, 理中汤证, 甘遂半夏汤证, 大黄蛰虫丸证, 温经汤证]
候选方证打分：[Guizhifulingwanzheng(hits=4/4, gap=0, poss=0/0, prio=3), Guizhijiashaoyaotangzheng(hits=3/4, gap=1, poss=0/0, prio=3), Houposhengjiangbanxiagancaorenshentangzheng(hits=3/4, gap=1, poss=0/0, prio=3), Jiaoaitangzheng(hits=3/4, gap=1, poss=0/0, prio=3), Jijiaolihuangwanzheng(hits=3/4, gap=1, poss=0/0, prio=3), Lizhongtangzheng(hits=3/5, gap=2, poss=0/0, prio=3), Gansuibanxiatangzheng(hits=4/7, gap=3, poss=0/0, prio=2), Dahuangzhechongwanzheng(hits=3/7, gap=4, poss=0/0, prio=2), Wenjingtangzheng(hits=3/7, gap=4, poss=0/0, prio=3)]
兼夹证：[]
加味药物：[附子]
配伍禁忌警告：[]

===== 厚朴生姜半夏甘草人参汤证 =====
八纲：{表里=[表证, 里证], 寒热=[], 虚实=[虚证], 阴阳=[阴证], bagangTypes=[表证, 里证, 虚证, 阴证]}
六经：太阴少阴合病
方证：厚朴生姜半夏甘草人参汤证
推荐方剂：厚朴生姜半夏甘草人参汤加附子
药物组成：[半夏, 甘草, 厚朴, 人参, 生姜, 附子]
六经列表：[少阴病, 太阴病]
合病标记：太阴少阴合病
命中主证：[按之不痛, 腹满]
命中或然证：[]
候选命中主证：[[按之不痛, 腹满], [腹满], [腹满], [浮脉], [腹满], [腹满], [腹满]]
候选缺口：[[], [时痛], [口舌干燥], [咳嗽, 恶寒], [不渴, 下利], [不能饮食, 肌肤甲错, 两目黯黑, 五劳虚极], [唇口干燥, 暮即发热, 少腹里急, 手掌烦热]]
候选命中或然证：[[], [], [], [], [], [], []]
候选方证：[厚朴生姜半夏甘草人参汤证, 桂枝加芍药汤证, 己椒苈黄丸证, 厚朴麻黄汤证, 理中汤证, 大黄蛰虫丸证, 温经汤证]
候选方证打分：[Houposhengjiangbanxiagancaorenshentangzheng(hits=4/4, gap=0, poss=0/0, prio=3), Guizhijiashaoyaotangzheng(hits=3/4, gap=1, poss=0/0, prio=3), Jijiaolihuangwanzheng(hits=3/4, gap=1, poss=0/0, prio=3), Houpomahuangtangzheng(hits=4/6, gap=2, poss=0/4, prio=3), Lizhongtangzheng(hits=3/5, gap=2, poss=0/0, prio=3), Dahuangzhechongwanzheng(hits=3/7, gap=4, poss=0/0, prio=2), Wenjingtangzheng(hits=3/7, gap=4, poss=0/0, prio=3)]
兼夹证：[]
加味药物：[附子]
配伍禁忌警告：[十八反：半夏 反 附子]
[INFO] Tests run: 62, Failures: 0, Errors: 0, Skipped: 0, Time elapsed: 47.91 s -- in 【杂病】苓桂/半夏/黄芪/栝楼薤白/百合/当归/金匮杂病
[INFO] Running com.ocean.ontologyframework.tcm.SizhenToHerbModificationFlowTest
[SizhenFlow] 本体=27 方证类=264 SWRL规则=259 覆盖方证=46 用例=98
[SizhenFlow] SKIP(药证兜底，非 rules.owl 范围) Xiaoqinglongtangzheng [Fare+Ganou+Kesou+Tanduoqingxi+Wuhan|] 加=[Fuzi] 去=[]
[SizhenFlow] OK Xiaoqinglongtangzheng [Fare+Ganou+Kesou+Tanduoqingxi+Wuhan+Tanduo+Buke|] 加=[] 去=[]
[SizhenFlow] OK Xiaoqinglongtangzheng [Fare+Ganou+Kesou+Tanduoqingxi+Wuhan+Chuan|] 加=[Xingren] 去=[Mahuang]
[SizhenFlow] OK Xiaoqinglongtangzheng [Fare+Ganou+Kesou+Tanduoqingxi+Wuhan+Xiaobianbuli+Shaofuman|] 加=[Fuling] 去=[Mahuang]
[SizhenFlow] OK Xiaoqinglongtangzheng [Fare+Ganou+Kesou+Tanduoqingxi+Wuhan+Weili|] 加=[Raohua] 去=[Mahuang]
[SizhenFlow] OK Xiaoqinglongtangzheng [Fare+Ganou+Kesou+Tanduoqingxi+Wuhan+Ye|] 加=[Fuzi] 去=[Mahuang]
[SizhenFlow] OK Xiaoqinglongtangzheng [Fare+Ganou+Kesou+Tanduoqingxi+Wuhan+Kouke|] 加=[Gualougen] 去=[Banxia]
[SizhenFlow] SKIP(药证兜底，非 rules.owl 范围) Fangjihuangqitangzheng [Efeng+Hanchu+Shenzhong|] 加=[Guizhi, Fuzi] 去=[]
[SizhenFlow] OK Fangjihuangqitangzheng [Efeng+Hanchu+Shenzhong+Xiayouchenhan|] 加=[Xixin] 去=[]
[SizhenFlow] OK Fangjihuangqitangzheng [Efeng+Hanchu+Shenzhong+Weizhongbuhe|] 加=[Shaoyao] 去=[]
[SizhenFlow] OK Fangjihuangqitangzheng [Efeng+Hanchu+Shenzhong+Qishangchong|] 加=[Guizhi] 去=[]
[SizhenFlow] OK Fangjihuangqitangzheng [Efeng+Hanchu+Shenzhong+Chuan|] 加=[Mahuang] 去=[]
[SizhenFlow] OK Sinijiarenshentangzheng [Ehan+Lizhi+Wangxue|Weimai] 加=[] 去=[]
?? 病例自身四诊已能自证 Shaoyangbing，跳过该经锚点注入（避免凭空补鉴别点）
[SizhenFlow] OK Dachaihutangzheng [Dabianying+Wanglaihanre+Xinxiaji+Xiongxiekuman+Yuyuweifan+Xiali|] 加=[] 去=[]
?? 跳过与病例四诊互斥的六经锚点脉象: Fumai（Taiyangbing）
?? Taiyangbing 脉象锚点全部被跳过，改用无脉替代症状: [Xiangqiang, Fare]
[SizhenFlow] SKIP(药证兜底，非 rules.owl 范围) Guizhixinjiatangzheng [Shentengfan|Chenchimai] 加=[Fuzi, Gegen, Ganjiang] 去=[]
?? 跳过与病例四诊互斥的六经锚点脉象: Fumai（Taiyangbing）
?? Taiyangbing 脉象锚点全部被跳过，改用无脉替代症状: [Xiangqiang, Fare]
[SizhenFlow] OK Guizhixinjiatangzheng [Shentengfan+ShenTengtong|Chenchimai] 加=[] 去=[]
[SizhenFlow] OK Zhizihoupotangzheng [Fuman+Woqibuan+Xinfan|] 加=[] 去=[]
[SizhenFlow] OK Lizhongtangzheng [Buke+Fuman+Xiali|] 加=[Fuzi] 去=[Baizhu]
[SizhenFlow] OK Lizhongtangzheng [Buke+Fuman+Xiali+Qidongzhe|] 加=[Fuzi, Guizhi] 去=[Baizhu]
[SizhenFlow] OK Lizhongtangzheng [Buke+Fuman+Xiali+Outu+Tu|] 加=[Fuzi, Shengjiang] 去=[Baizhu]
[SizhenFlow] OK Lizhongtangzheng [Buke+Fuman+Xiali+Futong|] 加=[Fuzi] 去=[Baizhu]
[SizhenFlow] OK Lizhongtangzheng [Buke+Fuman+Xiali+Xinxiajidong|] 加=[Fuzi, Fuling] 去=[Baizhu]
[SizhenFlow] OK Lizhongtangzheng [Buke+Fuman+Xiali+WeiHan|] 加=[Fuzi] 去=[Baizhu]
[SizhenFlow] OK Guizhiquguijiafulingbaizhutangzheng [Xiaobianbuli+Xinxiaman|] 加=[] 去=[]
[SizhenFlow] OK Zhenwutangzheng [Futong+Sizhichenzhongtengtong+Xiali+Shenrundong+Touxuan+Xinxiajidong|] 加=[Ganjiang] 去=[Shaoyao]
[SizhenFlow] OK Zhenwutangzheng [Futong+Sizhichenzhongtengtong+Xiali+Shenrundong+Touxuan+Xinxiajidong+Ou|] 加=[Ganjiang] 去=[Fuzi, Shaoyao]
[SizhenFlow] OK Zhenwutangzheng [Futong+Sizhichenzhongtengtong+Xiali+Shenrundong+Touxuan+Xinxiajidong+Kesou|] 加=[Xixin, Wuweizi, Ganjiang] 去=[Shaoyao]
[SizhenFlow] OK Zhenwutangzheng [Futong+Sizhichenzhongtengtong+Xiali+Shenrundong+Touxuan+Xinxiajidong+Xiaobianbuli|] 加=[Ganjiang] 去=[Shaoyao]
[SizhenFlow] SKIP(药证兜底，非 rules.owl 范围) Baizhusanzheng [Dabiantang+Renshen_ZS|] 加=[Fuzi] 去=[Baizhu]
[SizhenFlow] OK Baizhusanzheng [Dabiantang+Renshen_ZS+Xinxiaodutong|] 加=[] 去=[]
[SizhenFlow] OK Baizhusanzheng [Dabiantang+Renshen_ZS+Xinfan+Tu+Bunengshiyin|] 加=[Banxia, Xixin] 去=[]
[SizhenFlow] OK Baizhusanzheng [Dabiantang+Renshen_ZS+Futong|] 加=[Shaoyao] 去=[]
[SizhenFlow] OK Chaihujialonggumulitangzheng [Fanzao+Xiaobianbuli+Xiongman+Zhanyu|] 加=[] 去=[]
?? 跳过与病例四诊互斥的六经锚点症状: Kouke（Yangmingbing）
[SizhenFlow] SKIP(药证兜底，非 rules.owl 范围) Yuebitangzheng [Buke+Fengshuiefeng+Yishenxizhong+Zihan|] 加=[Fuzi] 去=[]
?? 跳过与病例四诊互斥的六经锚点症状: Kouke（Yangmingbing）
[SizhenFlow] OK Yuebitangzheng [Buke+Fengshuiefeng+Yishenxizhong+Zihan+Efeng|] 加=[Fuzi] 去=[]
[SizhenFlow] SKIP(药证兜底，非 rules.owl 范围) Houpoqiwutangzheng [Fare+Fuman|Fushumai] 加=[Fuzi, Renshen, Gualougen, Baizhu] 去=[]
[SizhenFlow] OK Houpoqiwutangzheng [Fare+Fuman+Ou|Fushumai] 加=[Banxia] 去=[]
[SizhenFlow] OK Houpoqiwutangzheng [Fare+Fuman+WeiHan|Fushumai] 加=[] 去=[]
[SizhenFlow] OK Houpoqiwutangzheng [Fare+Fuman+Xiali|Fushumai] 加=[] 去=[Dahuang]
?? 病例自身四诊已能自证 Shaoyangbing，跳过该经锚点注入（避免凭空补鉴别点）
[SizhenFlow] OK Xiaochaihutangzheng [Muxuan+Kouku+Yangan+Xinfan+Xiou+Buyushi+Momo+Wanglaihanre+Xiongxiekuman|] 加=[] 去=[]
?? 病例自身四诊已能自证 Shaoyangbing，跳过该经锚点注入（避免凭空补鉴别点）
[SizhenFlow] OK Xiaochaihutangzheng [Muxuan+Kouku+Yangan+Xinfan+Xiou+Buyushi+Momo+Wanglaihanre+Xiongxiekuman+Kouke|] 加=[Gualougen] 去=[Banxia]
?? 病例自身四诊已能自证 Shaoyangbing，跳过该经锚点注入（避免凭空补鉴别点）
[SizhenFlow] OK Xiaochaihutangzheng [Muxuan+Kouku+Yangan+Xinfan+Xiou+Buyushi+Momo+Wanglaihanre+Xiongxiekuman+Buke+Weire|] 加=[Guizhi] 去=[Renshen]
?? 病例自身四诊已能自证 Shaoyangbing，跳过该经锚点注入（避免凭空补鉴别点）
[SizhenFlow] OK Xiaochaihutangzheng [Muxuan+Kouku+Yangan+Xinfan+Xiou+Buyushi+Momo+Wanglaihanre+Xiongxiekuman+Kesou|] 加=[Wuweizi, Ganjiang] 去=[Dazao, Shengjiang, Renshen]
?? 病例自身四诊已能自证 Shaoyangbing，跳过该经锚点注入（避免凭空补鉴别点）
[SizhenFlow] OK Xiaochaihutangzheng [Muxuan+Kouku+Yangan+Xinfan+Xiou+Buyushi+Momo+Wanglaihanre+Xiongxiekuman+Xiexiapiying|] 加=[Muli] 去=[Dazao]
?? 病例自身四诊已能自证 Shaoyangbing，跳过该经锚点注入（避免凭空补鉴别点）
[SizhenFlow] OK Xiaochaihutangzheng [Muxuan+Kouku+Yangan+Xinfan+Xiou+Buyushi+Momo+Wanglaihanre+Xiongxiekuman+Xinxiajidong+Xiaobianbuli|] 加=[Fuling] 去=[Huangqin]
?? 病例自身四诊已能自证 Shaoyangbing，跳过该经锚点注入（避免凭空补鉴别点）
[SizhenFlow] OK Xiaochaihutangzheng [Muxuan+Kouku+Yangan+Xinfan+Xiou+Buyushi+Momo+Wanglaihanre+Xiongxiekuman+Futong|] 加=[Shaoyao] 去=[Huangqin]
[SizhenFlow] SKIP(药证兜底，非 rules.owl 范围) Zhizigancaochitangzheng [Shaoqi+Xufan|] 加=[Renshen, Gualougen, Baizhu] 去=[]
[SizhenFlow] OK Zhiziganjiangtangzheng [Shenrebuqu+Weifan|] 加=[] 去=[]
[SizhenFlow] SKIP(药证兜底，非 rules.owl 范围) Xiaojianzhongtangzheng [Fuzhongjiaotong+Xinji|] 加=[Fuzi] 去=[]
[SizhenFlow] OK Xiaojianzhongtangzheng [Fuzhongjiaotong+Xinji+Fuzhongjitong|] 加=[] 去=[]
[SizhenFlow] SKIP(药证兜底，非 rules.owl 范围) Huangqijianzhongtangzheng [Liji+Xulao|] 加=[Fuzi] 去=[]
[SizhenFlow] OK Huangqijianzhongtangzheng [Liji+Xulao+Zhubuzu|] 加=[] 去=[]
[SizhenFlow] OK Guizhigancaolonggumulitangzheng [Fanzao|] 加=[] 去=[]
[SizhenFlow] SKIP(药证兜底，非 rules.owl 范围) Dangguishengjiangyangroutangzheng [Hanshanfutong+Liji+Xietong|] 加=[Fuzi] 去=[]
[SizhenFlow] OK Dangguishengjiangyangroutangzheng [Hanshanfutong+Liji+Xietong+Futong+Ou|] 加=[Chenpi, Baizhu] 去=[]
[SizhenFlow] OK Dangguishengjiangyangroutangzheng [Hanshanfutong+Liji+Xietong+WeiHan|] 加=[] 去=[]
[SizhenFlow] OK Guizhijiagegentangzheng [Efeng+Hanchu+Xiangbeiqiangjiji|] 加=[] 去=[]
[SizhenFlow] OK Daqinglongtangzheng [Ehan+Fanzao+Fare+Shentong+Wuhan|Fujinmai] 加=[] 去=[]
[SizhenFlow] OK Guizhijiahoupoxingzitangzheng [Chuan+Efeng+Hanchu|] 加=[Xingren, Houpo] 去=[]
[SizhenFlow] OK Tongmaisinitangzheng [Buehan+Mianchi+Shouzuleng+Xialiqinggu|Weiximai] 加=[Congbai] 去=[]
[SizhenFlow] OK Tongmaisinitangzheng [Buehan+Mianchi+Shouzuleng+Xialiqinggu+Futong|Weiximai] 加=[Shaoyao, Congbai] 去=[]
[SizhenFlow] OK Tongmaisinitangzheng [Buehan+Mianchi+Shouzuleng+Xialiqinggu+Yantong|Weiximai] 加=[Congbai, Jiegeng] 去=[]
[SizhenFlow] OK Tongmaisinitangzheng [Buehan+Mianchi+Shouzuleng+Xialiqinggu+Lizhi+Maibuchuzhe|Weiximai] 加=[Congbai, Renshen] 去=[]
[SizhenFlow] OK Tongmaisinitangzheng [Buehan+Mianchi+Shouzuleng+Xialiqinggu+Outu|Weiximai] 加=[Shengjiang, Congbai] 去=[]
[SizhenFlow] OK Sinisanzheng [Shouzuleng|] 加=[] 去=[]
[SizhenFlow] OK Sinisanzheng [Shouzuleng+Kesou|] 加=[Wuweizi, Ganjiang] 去=[]
[SizhenFlow] OK Sinisanzheng [Shouzuleng+Xiaobianbuli|] 加=[Fuling] 去=[]
[SizhenFlow] OK Sinisanzheng [Shouzuleng+Futong|] 加=[Fuzi] 去=[]
[SizhenFlow] OK Sinisanzheng [Shouzuleng+Xiali+Xiazhong|] 加=[Xiebai] 去=[]
[SizhenFlow] OK Sinisanzheng [Shouzuleng+Xinxiajidong|] 加=[Guizhi] 去=[]
[SizhenFlow] OK Baitongjiazhudanzhitangzheng [Ganou+Jueni|] 加=[] 去=[]
[SizhenFlow] OK Guizhijiafuzitangzheng [Hanloubuzhi+Sizhiweiji+Xiaobiannan|] 加=[] 去=[]
[SizhenFlow] OK Guizhiqushaoyaojiashuqimulilonggujiunitangzheng [Jingkuang+Woqibuan|] 加=[] 去=[]
[SizhenFlow] OK Guizhijiaguitangzheng [Qicongshaofushangchongxin|] 加=[] 去=[]
[SizhenFlow] SKIP(药证兜底，非 rules.owl 范围) Guizhirenshentangzheng [Xialibuzhi+Xinxiapiying|] 加=[Fuzi] 去=[Baizhu]
[SizhenFlow] OK Guizhirenshentangzheng [Xialibuzhi+Xinxiapiying+Fare+Ehan|] 加=[] 去=[]
[SizhenFlow] OK Fulingsinitangzheng [Fanzao|] 加=[] 去=[]
[SizhenFlow] OK Guizhijiashaoyaotangzheng [Fuman+Shitong|] 加=[] 去=[]
[SizhenFlow] OK Guizhijiashaoyaotangzheng [Fuman+Shitong+Futong|] 加=[] 去=[]
[SizhenFlow] OK Guizhijiadahuangtangzheng [Futong+Juan|] 加=[] 去=[]
[SizhenFlow] OK Shaoyaogancaofuzitangzheng [Ehan+Jiaoluanji|Weimai] 加=[] 去=[]
[SizhenFlow] OK Xiaoqinglongjiashigaotangzheng [Chuan+Fanzao+Kesou|Fumai] 加=[] 去=[]
[SizhenFlow] OK Guizhiqushaoyaojiafuzitangzheng [Ehan+Xiongman|] 加=[] 去=[]
[SizhenFlow] OK Guizhiqushaoyaojiafuzitangzheng [Ehan+Xiongman+Weihan|] 加=[] 去=[]
[SizhenFlow] OK Baitongtangzheng [Mianchi+Xiali|Weimai] 加=[] 去=[]
[SizhenFlow] OK Chaihujiamangxiaotangzheng [Chaore+Ou+Xiongxiekuman+Ripuchaore|] 加=[] 去=[]
[SizhenFlow] OK Guizhijiahuangqitangzheng [Huanghan+Liangjingzileng|] 加=[] 去=[]
[SizhenFlow] SKIP(药证兜底，非 rules.owl 范围) Guizhijialonggumulitangzheng [Shaofuxianji+Shijingjia|] 加=[Fuzi] 去=[]
[SizhenFlow] OK Guizhijialonggumulitangzheng [Shaofuxianji+Shijingjia+Muxuan+Faluo|] 加=[] 去=[]
[SizhenFlow] OK Yinchenwulingsanzheng [Huangdan+Xiaobianbuli|] 加=[] 去=[]
[SizhenFlow] SKIP(药证兜底，非 rules.owl 范围) Zhishizhizichitangzheng [Dabingchaihou+Laofu|] 加=[Renshen, Gualougen, Baizhu] 去=[]
[SizhenFlow] OK Zhishizhizichitangzheng [Dabingchaihou+Laofu+Sushi|] 加=[Dahuang] 去=[]
[SizhenFlow] SKIP(药证兜底，非 rules.owl 范围) Xiaobanxiajiafulingtangzheng [Gejianyoushui+Outu+Xinxiapi|] 加=[Fuzi] 去=[]
[SizhenFlow] OK Xiaobanxiajiafulingtangzheng [Gejianyoushui+Outu+Xinxiapi+Xuanji|] 加=[] 去=[]
[SizhenFlow] SKIP(药证兜底，非 rules.owl 范围) Zhuyetangzheng [Chuan+Fare+Mianchi+Toutong|] 加=[Xingren, Mahuang, Houpo, Congbai, Gualougen, Baizhu] 去=[Mahuang]
[SizhenFlow] OK Zhuyetangzheng [Chuan+Fare+Mianchi+Toutong+Ou|] 加=[Banxia] 去=[]
[SizhenFlow] OK Zhizishengjiangchitangzheng [Ou+Xufan|] 加=[] 去=[]
?? 病例自身四诊已能自证 Taiyangbing，跳过该经锚点注入（避免凭空补鉴别点）
[SizhenFlow] OK Guizhiqushaoyaotangzheng [Xiongman|Cumai] 加=[] 去=[]
[INFO] Tests run: 98, Failures: 0, Errors: 0, Skipped: 0, Time elapsed: 118.6 s -- in com.ocean.ontologyframework.tcm.SizhenToHerbModificationFlowTest
[INFO] Running com.ocean.ontologyframework.tcm.JingfangBpmnStructureTest
[INFO] Tests run: 12, Failures: 0, Errors: 0, Skipped: 0, Time elapsed: 0.041 s -- in com.ocean.ontologyframework.tcm.JingfangBpmnStructureTest
[INFO] Running com.ocean.ontologyframework.tcm.JingfangDiagnosisFlowTest
23:17:29.802 [main] INFO io.camunda.zeebe.process.test.engine.EngineFactory -- Obtained free port for Zeebe in-memory engine from ephemeral range: 55658
23:17:30.159 [zb-actors-7] INFO io.camunda.zeebe.logstreams -- Recovered state of partition 1 from snapshot at position -1
23:17:30.916 [zb-actors-7] INFO io.camunda.zeebe.processor -- Processor starts replay of events. [snapshot-position: -1, replay-mode: PROCESSING]
23:17:30.916 [zb-actors-7] INFO io.camunda.zeebe.processor -- Processor finished replay, with [lastProcessedPosition: -1, lastWrittenPosition: -1]
23:17:30.941 [main] INFO com.ocean.ontologyframework.tcm.app.SymptomCatalog -- [SymptomCatalog] 症状 ← 598 个实例个体
23:17:30.941 [main] INFO com.ocean.ontologyframework.tcm.app.SymptomCatalog -- [SymptomCatalog] 脉象 ← 69 个实例个体
23:17:30.942 [main] INFO com.ocean.ontologyframework.tcm.app.SymptomCatalog -- [SymptomCatalog] 舌象 ← 76 个实例个体
23:17:30.942 [main] INFO com.ocean.ontologyframework.tcm.app.SymptomCatalog -- [SymptomCatalog] 腹证 ← 4 个实例个体
23:17:30.957 [main] INFO com.ocean.ontologyframework.tcm.app.SymptomCatalog -- [SymptomCatalog] 同义词全部来自 SKOS 词表（tcm-zhengzhuang_skos.ttl）：1231 条
23:17:30.958 [main] INFO com.ocean.ontologyframework.tcm.app.SymptomCatalog -- [SymptomCatalog] 目录加载完成：747 个实例个体，1231 条口语同义词
23:17:32.189 [main] INFO io.camunda.zeebe.process.test.engine.EngineFactory -- Obtained free port for Zeebe in-memory engine from ephemeral range: 55660
23:17:32.197 [zb-actors-3] INFO io.camunda.zeebe.logstreams -- Recovered state of partition 1 from snapshot at position -1
23:17:32.222 [zb-actors-3] INFO io.camunda.zeebe.processor -- Processor starts replay of events. [snapshot-position: -1, replay-mode: PROCESSING]
23:17:32.222 [zb-actors-3] INFO io.camunda.zeebe.processor -- Processor finished replay, with [lastProcessedPosition: -1, lastWrittenPosition: -1]
23:17:32.563 [main] INFO io.camunda.zeebe.process.test.engine.EngineFactory -- Obtained free port for Zeebe in-memory engine from ephemeral range: 55662
23:17:32.568 [zb-actors-12] INFO io.camunda.zeebe.logstreams -- Recovered state of partition 1 from snapshot at position -1
23:17:32.601 [zb-actors-12] INFO io.camunda.zeebe.processor -- Processor starts replay of events. [snapshot-position: -1, replay-mode: PROCESSING]
23:17:32.601 [zb-actors-12] INFO io.camunda.zeebe.processor -- Processor finished replay, with [lastProcessedPosition: -1, lastWrittenPosition: -1]
23:17:33.350 [main] INFO io.camunda.zeebe.process.test.engine.EngineFactory -- Obtained free port for Zeebe in-memory engine from ephemeral range: 55664
23:17:33.358 [zb-actors-6] INFO io.camunda.zeebe.logstreams -- Recovered state of partition 1 from snapshot at position -1
23:17:33.379 [zb-actors-6] INFO io.camunda.zeebe.processor -- Processor starts replay of events. [snapshot-position: -1, replay-mode: PROCESSING]
23:17:33.379 [zb-actors-6] INFO io.camunda.zeebe.processor -- Processor finished replay, with [lastProcessedPosition: -1, lastWrittenPosition: -1]
[INFO] Tests run: 4, Failures: 0, Errors: 0, Skipped: 0, Time elapsed: 4.229 s -- in com.ocean.ontologyframework.tcm.JingfangDiagnosisFlowTest
[INFO] Running com.ocean.ontologyframework.tcm.TaiyinbingDefinitionTest
[TaiyinDef] 已注册 1 个 TTL 本体映射（供离线解析 owl:imports）
[TaiyinDef] 精简 TBox：剔除方证等价类定义 264 条（方证类 264 个）；剩余公理 18521 条
[INFO] Tests run: 5, Failures: 0, Errors: 0, Skipped: 0, Time elapsed: 5.043 s -- in com.ocean.ontologyframework.tcm.TaiyinbingDefinitionTest
[INFO] Tests run: 0, Failures: 0, Errors: 0, Skipped: 0, Time elapsed: 343.2 s -- in com.ocean.ontologyframework.tcm.AllFangzhengSuiteTest
[INFO] 
[INFO] Results:
[INFO] 
[INFO] Tests run: 398, Failures: 0, Errors: 0, Skipped: 0
[INFO] 
[INFO] ------------------------------------------------------------------------
[INFO] BUILD SUCCESS
[INFO] ------------------------------------------------------------------------
[INFO] Total time:  05:48 min
[INFO] Finished at: 2026-09-30T23:17:39+08:00
[INFO] ------------------------------------------------------------------------
